ts,close_price,asset
2026-09-02 09:30:00-04:00,327.4460144042969,AAPL
2026-09-02 09:31:00-04:00,326.0050048828125,AAPL
2026-09-02 09:32:00-04:00,326.45770263671875,AAPL
2026-09-02 09:33:00-04:00,326.5299072265625,AAPL
2026-09-02 09:34:00-04:00,325.6300048828125,AAPL
2026-09-02 09:35:00-04:00,325.2099914550781,AAPL
2026-09-02 09:36:00-04:00,324.2749938964844,AAPL
2026-09-02 09:37:00-04:00,324.3900146484375,AAPL
2026-09-02 09:38:00-04:00,324.260009765625,AAPL
2026-09-02 09:39:00-04:00,325.010009765625,AAPL
2026-09-02 09:40:00-04:00,324.8599853515625,AAPL
2026-09-02 09:41:00-04:00,325.0899963378906,AAPL
2026-09-02 09:42:00-04:00,324.8699951171875,AAPL
2026-09-02 09:43:00-04:00,324.8699951171875,AAPL
2026-09-02 09:44:00-04:00,325.45001220703125,AAPL
2026-09-02 09:45:00-04:00,325.05999755859375,AAPL
2026-09-02 09:46:00-04:00,325.25,AAPL
2026-09-02 09:47:00-04:00,325.239990234375,AAPL
2026-09-02 09:48:00-04:00,324.79998779296875,AAPL
2026-09-02 09:49:00-04:00,324.5450134277344,AAPL
2026-09-02 09:50:00-04:00,324.9200134277344,AAPL
2026-09-02 09:51:00-04:00,324.65008544921875,AAPL
2026-09-02 09:52:00-04:00,325.1199951171875,AAPL
2026-09-02 09:53:00-04:00,325.3299865722656,AAPL
2026-09-02 09:54:00-04:00,325.0050048828125,AAPL
2026-09-02 09:55:00-04:00,324.70001220703125,AAPL
2026-09-02 09:56:00-04:00,325.05999755859375,AAPL
2026-09-02 09:57:00-04:00,325.3999938964844,AAPL
2026-09-02 09:58:00-04:00,325.364990234375,AAPL
2026-09-02 09:59:00-04:00,325.19000244140625,AAPL
2026-09-02 10:00:00-04:00,324.80999755859375,AAPL
2026-09-02 10:01:00-04:00,324.8999938964844,AAPL
2026-09-02 10:02:00-04:00,324.7900085449219,AAPL
2026-09-02 10:03:00-04:00,324.17999267578125,AAPL
2026-09-02 10:04:00-04:00,323.9649963378906,AAPL
2026-09-02 10:05:00-04:00,323.6099853515625,AAPL
2026-09-02 10:06:00-04:00,324.03509521484375,AAPL
2026-09-02 10:07:00-04:00,324.0799865722656,AAPL
2026-09-02 10:08:00-04:00,324.4299011230469,AAPL
2026-09-02 10:09:00-04:00,324.20001220703125,AAPL
2026-09-02 10:10:00-04:00,323.6600036621094,AAPL
2026-09-02 10:11:00-04:00,323.8026123046875,AAPL
2026-09-02 10:12:00-04:00,323.75,AAPL
2026-09-02 10:13:00-04:00,323.8900146484375,AAPL
2026-09-02 10:14:00-04:00,323.989990234375,AAPL
2026-09-02 10:15:00-04:00,324.0299987792969,AAPL
2026-09-02 10:16:00-04:00,324.159912109375,AAPL
2026-09-02 10:17:00-04:00,324.0249938964844,AAPL
2026-09-02 10:18:00-04:00,323.93499755859375,AAPL
2026-09-02 10:19:00-04:00,323.7847900390625,AAPL
2026-09-02 10:20:00-04:00,324.08599853515625,AAPL
2026-09-02 10:21:00-04:00,324.0736083984375,AAPL
2026-09-02 10:22:00-04:00,324.0400085449219,AAPL
2026-09-02 10:23:00-04:00,324.1099853515625,AAPL
2026-09-02 10:24:00-04:00,324.07501220703125,AAPL
2026-09-02 10:25:00-04:00,324.1600036621094,AAPL
2026-09-02 10:26:00-04:00,324.5299987792969,AAPL
2026-09-02 10:27:00-04:00,324.57501220703125,AAPL
2026-09-02 10:28:00-04:00,324.8182067871094,AAPL
2026-09-02 10:29:00-04:00,324.57000732421875,AAPL
2026-09-02 10:30:00-04:00,324.1099853515625,AAPL
2026-09-02 10:31:00-04:00,324.67498779296875,AAPL
2026-09-02 10:32:00-04:00,324.3599853515625,AAPL
2026-09-02 10:33:00-04:00,324.2099914550781,AAPL
2026-09-02 10:34:00-04:00,324.07000732421875,AAPL
2026-09-02 10:35:00-04:00,324.1600036621094,AAPL
2026-09-02 10:36:00-04:00,324.07501220703125,AAPL
2026-09-02 10:37:00-04:00,324.4700012207031,AAPL
2026-09-02 10:38:00-04:00,324.5400085449219,AAPL
2026-09-02 10:39:00-04:00,324.55999755859375,AAPL
2026-09-02 10:40:00-04:00,324.70001220703125,AAPL
2026-09-02 10:41:00-04:00,324.6650085449219,AAPL
2026-09-02 10:42:00-04:00,324.6299133300781,AAPL
2026-09-02 10:43:00-04:00,324.57000732421875,AAPL
2026-09-02 10:44:00-04:00,324.7250061035156,AAPL
2026-09-02 10:45:00-04:00,324.5799865722656,AAPL
2026-09-02 10:46:00-04:00,324.8500061035156,AAPL
2026-09-02 10:47:00-04:00,325.0799865722656,AAPL
2026-09-02 10:48:00-04:00,324.9119873046875,AAPL
2026-09-02 10:49:00-04:00,324.75,AAPL
2026-09-02 10:50:00-04:00,324.6199951171875,AAPL
2026-09-02 10:51:00-04:00,324.6099853515625,AAPL
2026-09-02 10:52:00-04:00,324.6199951171875,AAPL
2026-09-02 10:53:00-04:00,324.44000244140625,AAPL
2026-09-02 10:54:00-04:00,324.2049865722656,AAPL
2026-09-02 10:55:00-04:00,324.4800109863281,AAPL
2026-09-02 10:56:00-04:00,324.4700012207031,AAPL
2026-09-02 10:57:00-04:00,324.6351013183594,AAPL
2026-09-02 10:58:00-04:00,324.5899963378906,AAPL
2026-09-02 10:59:00-04:00,324.6191101074219,AAPL
2026-09-02 11:00:00-04:00,324.6700134277344,AAPL
2026-09-02 11:01:00-04:00,324.7200012207031,AAPL
2026-09-02 11:02:00-04:00,324.8599853515625,AAPL
2026-09-02 11:03:00-04:00,324.8800964355469,AAPL
2026-09-02 11:04:00-04:00,324.40240478515625,AAPL
2026-09-02 11:05:00-04:00,324.3699951171875,AAPL
2026-09-02 11:06:00-04:00,324.5950012207031,AAPL
2026-09-02 11:07:00-04:00,324.5849914550781,AAPL
2026-09-02 11:08:00-04:00,324.6700134277344,AAPL
2026-09-02 11:09:00-04:00,324.3900146484375,AAPL
2026-09-02 11:10:00-04:00,324.2200012207031,AAPL
2026-09-02 11:11:00-04:00,324.5400085449219,AAPL
2026-09-02 11:12:00-04:00,324.4800109863281,AAPL
2026-09-02 11:13:00-04:00,324.32501220703125,AAPL
2026-09-02 11:14:00-04:00,324.4599914550781,AAPL
2026-09-02 11:15:00-04:00,324.7200012207031,AAPL
2026-09-02 11:16:00-04:00,324.79998779296875,AAPL
2026-09-02 11:17:00-04:00,324.6611022949219,AAPL
2026-09-02 11:18:00-04:00,324.8900146484375,AAPL
2026-09-02 11:19:00-04:00,325.2099914550781,AAPL
2026-09-02 11:20:00-04:00,325.05499267578125,AAPL
2026-09-02 11:21:00-04:00,325.17498779296875,AAPL
2026-09-02 11:22:00-04:00,325.19000244140625,AAPL
2026-09-02 11:23:00-04:00,325.2477111816406,AAPL
2026-09-02 11:24:00-04:00,325.4800109863281,AAPL
2026-09-02 11:25:00-04:00,325.8599853515625,AAPL
2026-09-02 11:26:00-04:00,325.9100036621094,AAPL
2026-09-02 11:27:00-04:00,325.6700134277344,AAPL
2026-09-02 11:28:00-04:00,325.7900085449219,AAPL
2026-09-02 11:29:00-04:00,326.54998779296875,AAPL
2026-09-02 11:30:00-04:00,326.66009521484375,AAPL
2026-09-02 11:31:00-04:00,326.95989990234375,AAPL
2026-09-02 11:32:00-04:00,326.9849853515625,AAPL
2026-09-02 11:33:00-04:00,326.9100036621094,AAPL
2026-09-02 11:34:00-04:00,326.71258544921875,AAPL
2026-09-02 11:35:00-04:00,326.2749938964844,AAPL
2026-09-02 11:36:00-04:00,326.7349853515625,AAPL
2026-09-02 11:37:00-04:00,326.8310852050781,AAPL
2026-09-02 11:38:00-04:00,326.8550109863281,AAPL
2026-09-02 11:39:00-04:00,326.70001220703125,AAPL
2026-09-02 11:40:00-04:00,326.2900085449219,AAPL
2026-09-02 11:41:00-04:00,325.6600036621094,AAPL
2026-09-02 11:42:00-04:00,325.6000061035156,AAPL
2026-09-02 11:43:00-04:00,325.29998779296875,AAPL
2026-09-02 11:44:00-04:00,325.114990234375,AAPL
2026-09-02 11:45:00-04:00,325.07830810546875,AAPL
2026-09-02 11:46:00-04:00,325.3900146484375,AAPL
2026-09-02 11:47:00-04:00,324.82501220703125,AAPL
2026-09-02 11:48:00-04:00,324.45001220703125,AAPL
2026-09-02 11:49:00-04:00,324.1400146484375,AAPL
2026-09-02 11:50:00-04:00,323.9800109863281,AAPL
2026-09-02 11:51:00-04:00,324.125,AAPL
2026-09-02 11:52:00-04:00,324.42999267578125,AAPL
2026-09-02 11:53:00-04:00,324.489990234375,AAPL
2026-09-02 11:54:00-04:00,324.54998779296875,AAPL
2026-09-02 11:55:00-04:00,324.3900146484375,AAPL
2026-09-02 11:56:00-04:00,324.3949890136719,AAPL
2026-09-02 11:57:00-04:00,324.4700012207031,AAPL
2026-09-02 11:58:00-04:00,325.1300048828125,AAPL
2026-09-02 11:59:00-04:00,325.010009765625,AAPL
2026-09-02 12:00:00-04:00,325.3399963378906,AAPL
2026-09-02 12:01:00-04:00,325.29998779296875,AAPL
2026-09-02 12:02:00-04:00,325.6449890136719,AAPL
2026-09-02 12:03:00-04:00,325.6388854980469,AAPL
2026-09-02 12:04:00-04:00,325.8550109863281,AAPL
2026-09-02 12:05:00-04:00,325.7300109863281,AAPL
2026-09-02 12:06:00-04:00,325.94000244140625,AAPL
2026-09-02 12:07:00-04:00,326.04998779296875,AAPL
2026-09-02 12:08:00-04:00,325.7001037597656,AAPL
2026-09-02 12:09:00-04:00,325.760009765625,AAPL
2026-09-02 12:10:00-04:00,325.6885070800781,AAPL
2026-09-02 12:11:00-04:00,325.739990234375,AAPL
2026-09-02 12:12:00-04:00,325.82501220703125,AAPL
2026-09-02 12:13:00-04:00,325.82000732421875,AAPL
2026-09-02 12:14:00-04:00,325.29998779296875,AAPL
2026-09-02 12:15:00-04:00,325.1199951171875,AAPL
2026-09-02 12:16:00-04:00,325.2101135253906,AAPL
2026-09-02 12:17:00-04:00,325.010009765625,AAPL
2026-09-02 12:18:00-04:00,324.7099914550781,AAPL
2026-09-02 12:19:00-04:00,324.8399963378906,AAPL
2026-09-02 12:20:00-04:00,325.0899963378906,AAPL
2026-09-02 12:21:00-04:00,325.04998779296875,AAPL
2026-09-02 12:22:00-04:00,324.8800048828125,AAPL
2026-09-02 12:23:00-04:00,324.5299987792969,AAPL
2026-09-02 12:24:00-04:00,324.5851135253906,AAPL
2026-09-02 12:25:00-04:00,324.6700134277344,AAPL
2026-09-02 12:26:00-04:00,324.7200012207031,AAPL
2026-09-02 12:27:00-04:00,324.69000244140625,AAPL
2026-09-02 12:28:00-04:00,324.6400146484375,AAPL
2026-09-02 12:29:00-04:00,324.6698913574219,AAPL
2026-09-02 12:30:00-04:00,324.9750061035156,AAPL
2026-09-02 12:31:00-04:00,325.3500061035156,AAPL
2026-09-02 12:32:00-04:00,325.44000244140625,AAPL
2026-09-02 12:33:00-04:00,325.3320007324219,AAPL
2026-09-02 12:34:00-04:00,325.4599914550781,AAPL
2026-09-02 12:35:00-04:00,325.4200134277344,AAPL
2026-09-02 12:36:00-04:00,325.32501220703125,AAPL
2026-09-02 12:37:00-04:00,325.6145935058594,AAPL
2026-09-02 12:38:00-04:00,325.3800048828125,AAPL
2026-09-02 12:39:00-04:00,325.42999267578125,AAPL
2026-09-02 12:40:00-04:00,325.3299865722656,AAPL
2026-09-02 12:41:00-04:00,325.3450012207031,AAPL
2026-09-02 12:42:00-04:00,325.4800109863281,AAPL
2026-09-02 12:43:00-04:00,325.42999267578125,AAPL
2026-09-02 12:44:00-04:00,325.385009765625,AAPL
2026-09-02 12:45:00-04:00,325.3900146484375,AAPL
2026-09-02 12:46:00-04:00,325.4599914550781,AAPL
2026-09-02 12:47:00-04:00,325.4700012207031,AAPL
2026-09-02 12:48:00-04:00,325.45001220703125,AAPL
2026-09-02 12:49:00-04:00,325.5050048828125,AAPL
2026-09-02 12:50:00-04:00,325.5899963378906,AAPL
2026-09-02 12:51:00-04:00,325.7049865722656,AAPL
2026-09-02 12:52:00-04:00,325.92498779296875,AAPL
2026-09-02 12:53:00-04:00,325.79998779296875,AAPL
2026-09-02 12:54:00-04:00,326.0,AAPL
2026-09-02 12:55:00-04:00,326.21990966796875,AAPL
2026-09-02 12:56:00-04:00,326.114990234375,AAPL
2026-09-02 12:57:00-04:00,326.0000915527344,AAPL
2026-09-02 12:58:00-04:00,326.0050048828125,AAPL
2026-09-02 12:59:00-04:00,326.1199951171875,AAPL
2026-09-02 13:00:00-04:00,326.239990234375,AAPL
2026-09-02 13:01:00-04:00,326.29010009765625,AAPL
2026-09-02 13:02:00-04:00,326.3500061035156,AAPL
2026-09-02 13:03:00-04:00,326.385498046875,AAPL
2026-09-02 13:04:00-04:00,326.2749938964844,AAPL
2026-09-02 13:05:00-04:00,326.1650085449219,AAPL
2026-09-02 13:06:00-04:00,326.19000244140625,AAPL
2026-09-02 13:07:00-04:00,326.2349853515625,AAPL
2026-09-02 13:08:00-04:00,326.1000061035156,AAPL
2026-09-02 13:09:00-04:00,325.75,AAPL
2026-09-02 13:10:00-04:00,325.5679931640625,AAPL
2026-09-02 13:11:00-04:00,325.7149963378906,AAPL
2026-09-02 13:12:00-04:00,325.69000244140625,AAPL
2026-09-02 13:13:00-04:00,325.7124938964844,AAPL
2026-09-02 13:14:00-04:00,325.5599060058594,AAPL
2026-09-02 13:15:00-04:00,325.68499755859375,AAPL
2026-09-02 13:16:00-04:00,325.80010986328125,AAPL
2026-09-02 13:17:00-04:00,325.69000244140625,AAPL
2026-09-02 13:18:00-04:00,325.5498046875,AAPL
2026-09-02 13:19:00-04:00,325.67010498046875,AAPL
2026-09-02 13:20:00-04:00,325.715087890625,AAPL
2026-09-02 13:21:00-04:00,325.6700134277344,AAPL
2026-09-02 13:22:00-04:00,325.67999267578125,AAPL
2026-09-02 13:23:00-04:00,325.6697082519531,AAPL
2026-09-02 13:24:00-04:00,325.6099853515625,AAPL
2026-09-02 13:25:00-04:00,325.5299987792969,AAPL
2026-09-02 13:26:00-04:00,325.2449035644531,AAPL
2026-09-02 13:27:00-04:00,325.2401123046875,AAPL
2026-09-02 13:28:00-04:00,325.2828063964844,AAPL
2026-09-02 13:29:00-04:00,325.07501220703125,AAPL
2026-09-02 13:30:00-04:00,325.135009765625,AAPL
2026-09-02 13:31:00-04:00,324.94000244140625,AAPL
2026-09-02 13:32:00-04:00,324.94189453125,AAPL
2026-09-02 13:33:00-04:00,324.760009765625,AAPL
2026-09-02 13:34:00-04:00,324.8699951171875,AAPL
2026-09-02 13:35:00-04:00,324.8999938964844,AAPL
2026-09-02 13:36:00-04:00,325.06500244140625,AAPL
2026-09-02 13:37:00-04:00,325.05999755859375,AAPL
2026-09-02 13:38:00-04:00,325.114990234375,AAPL
2026-09-02 13:39:00-04:00,325.0199890136719,AAPL
2026-09-02 13:40:00-04:00,324.8900146484375,AAPL
2026-09-02 13:41:00-04:00,324.9794921875,AAPL
2026-09-02 13:42:00-04:00,325.3450012207031,AAPL
2026-09-02 13:43:00-04:00,325.3399963378906,AAPL
2026-09-02 13:44:00-04:00,325.3301086425781,AAPL
2026-09-02 13:45:00-04:00,325.375,AAPL
2026-09-02 13:46:00-04:00,325.4700012207031,AAPL
2026-09-02 13:47:00-04:00,325.6000061035156,AAPL
2026-09-02 13:48:00-04:00,325.6650085449219,AAPL
2026-09-02 13:49:00-04:00,325.5,AAPL
2026-09-02 13:50:00-04:00,325.4949951171875,AAPL
2026-09-02 13:51:00-04:00,325.4949951171875,AAPL
2026-09-02 13:52:00-04:00,325.5950012207031,AAPL
2026-09-02 13:53:00-04:00,325.6098937988281,AAPL
2026-09-02 13:54:00-04:00,325.8299865722656,AAPL
2026-09-02 13:55:00-04:00,325.9049987792969,AAPL
2026-09-02 13:56:00-04:00,325.989990234375,AAPL
2026-09-02 13:57:00-04:00,326.1199951171875,AAPL
2026-09-02 13:58:00-04:00,325.9849853515625,AAPL
2026-09-02 13:59:00-04:00,325.9549865722656,AAPL
2026-09-02 14:00:00-04:00,325.7900085449219,AAPL
2026-09-02 14:01:00-04:00,326.0299987792969,AAPL
2026-09-02 14:02:00-04:00,326.1099853515625,AAPL
2026-09-02 14:03:00-04:00,326.2950134277344,AAPL
2026-09-02 14:04:00-04:00,326.30010986328125,AAPL
2026-09-02 14:05:00-04:00,326.2099914550781,AAPL
2026-09-02 14:06:00-04:00,326.1299133300781,AAPL
2026-09-02 14:07:00-04:00,326.04998779296875,AAPL
2026-09-02 14:08:00-04:00,325.9549865722656,AAPL
2026-09-02 14:09:00-04:00,325.9700012207031,AAPL
2026-09-02 14:10:00-04:00,326.0150146484375,AAPL
2026-09-02 14:11:00-04:00,325.92498779296875,AAPL
2026-09-02 14:12:00-04:00,325.94000244140625,AAPL
2026-09-02 14:13:00-04:00,325.8999938964844,AAPL
2026-09-02 14:14:00-04:00,326.0,AAPL
2026-09-02 14:15:00-04:00,326.04998779296875,AAPL
2026-09-02 14:16:00-04:00,326.07000732421875,AAPL
2026-09-02 14:17:00-04:00,326.1000061035156,AAPL
2026-09-02 14:18:00-04:00,326.2200012207031,AAPL
2026-09-02 14:19:00-04:00,326.19000244140625,AAPL
2026-09-02 14:20:00-04:00,326.2449951171875,AAPL
2026-09-02 14:21:00-04:00,326.3599853515625,AAPL
2026-09-02 14:22:00-04:00,326.19000244140625,AAPL
2026-09-02 14:23:00-04:00,326.1650085449219,AAPL
2026-09-02 14:24:00-04:00,326.17999267578125,AAPL
2026-09-02 14:25:00-04:00,326.18499755859375,AAPL
2026-09-02 14:26:00-04:00,326.4599914550781,AAPL
2026-09-02 14:27:00-04:00,326.30499267578125,AAPL
2026-09-02 14:28:00-04:00,326.3800048828125,AAPL
2026-09-02 14:29:00-04:00,326.2955017089844,AAPL
2026-09-02 14:30:00-04:00,326.4200134277344,AAPL
2026-09-02 14:31:00-04:00,326.3399963378906,AAPL
2026-09-02 14:32:00-04:00,326.2449951171875,AAPL
2026-09-02 14:33:00-04:00,326.0899963378906,AAPL
2026-09-02 14:34:00-04:00,325.94500732421875,AAPL
2026-09-02 14:35:00-04:00,326.0400085449219,AAPL
2026-09-02 14:36:00-04:00,325.989990234375,AAPL
2026-09-02 14:37:00-04:00,325.8500061035156,AAPL
2026-09-02 14:38:00-04:00,325.875,AAPL
2026-09-02 14:39:00-04:00,325.80010986328125,AAPL
2026-09-02 14:40:00-04:00,325.5950012207031,AAPL
2026-09-02 14:41:00-04:00,325.5199890136719,AAPL
2026-09-02 14:42:00-04:00,325.57598876953125,AAPL
2026-09-02 14:43:00-04:00,325.29998779296875,AAPL
2026-09-02 14:44:00-04:00,325.3399963378906,AAPL
2026-09-02 14:45:00-04:00,325.2449951171875,AAPL
2026-09-02 14:46:00-04:00,325.125,AAPL
2026-09-02 14:47:00-04:00,325.2200927734375,AAPL
2026-09-02 14:48:00-04:00,325.260009765625,AAPL
2026-09-02 14:49:00-04:00,325.29998779296875,AAPL
2026-09-02 14:50:00-04:00,325.3399963378906,AAPL
2026-09-02 14:51:00-04:00,325.25,AAPL
2026-09-02 14:52:00-04:00,325.0,AAPL
2026-09-02 14:53:00-04:00,325.1700134277344,AAPL
2026-09-02 14:54:00-04:00,325.17498779296875,AAPL
2026-09-02 14:55:00-04:00,325.1499938964844,AAPL
2026-09-02 14:56:00-04:00,325.139892578125,AAPL
2026-09-02 14:57:00-04:00,324.95001220703125,AAPL
2026-09-02 14:58:00-04:00,324.9549865722656,AAPL
2026-09-02 14:59:00-04:00,325.0,AAPL
2026-09-02 15:00:00-04:00,324.6499938964844,AAPL
2026-09-02 15:01:00-04:00,324.7460021972656,AAPL
2026-09-02 15:02:00-04:00,324.82000732421875,AAPL
2026-09-02 15:03:00-04:00,324.9100036621094,AAPL
2026-09-02 15:04:00-04:00,324.97979736328125,AAPL
2026-09-02 15:05:00-04:00,325.1300048828125,AAPL
2026-09-02 15:06:00-04:00,325.26239013671875,AAPL
2026-09-02 15:07:00-04:00,325.1700134277344,AAPL
2026-09-02 15:08:00-04:00,325.25030517578125,AAPL
2026-09-02 15:09:00-04:00,325.4750061035156,AAPL
2026-09-02 15:10:00-04:00,325.42059326171875,AAPL
2026-09-02 15:11:00-04:00,325.6300048828125,AAPL
2026-09-02 15:12:00-04:00,325.6778869628906,AAPL
2026-09-02 15:13:00-04:00,325.7149963378906,AAPL
2026-09-02 15:14:00-04:00,325.5299987792969,AAPL
2026-09-02 15:15:00-04:00,325.4800109863281,AAPL
2026-09-02 15:16:00-04:00,325.6700134277344,AAPL
2026-09-02 15:17:00-04:00,325.5799865722656,AAPL
2026-09-02 15:18:00-04:00,325.489990234375,AAPL
2026-09-02 15:19:00-04:00,325.6050109863281,AAPL
2026-09-02 15:20:00-04:00,325.4949951171875,AAPL
2026-09-02 15:21:00-04:00,325.55999755859375,AAPL
2026-09-02 15:22:00-04:00,325.5199890136719,AAPL
2026-09-02 15:23:00-04:00,325.57501220703125,AAPL
2026-09-02 15:24:00-04:00,325.4800109863281,AAPL
2026-09-02 15:25:00-04:00,325.5,AAPL
2026-09-02 15:26:00-04:00,325.57000732421875,AAPL
2026-09-02 15:27:00-04:00,325.625,AAPL
2026-09-02 15:28:00-04:00,325.56500244140625,AAPL
2026-09-02 15:29:00-04:00,325.6400146484375,AAPL
2026-09-02 15:30:00-04:00,325.5799865722656,AAPL
2026-09-02 15:31:00-04:00,325.5199890136719,AAPL
2026-09-02 15:32:00-04:00,325.6046142578125,AAPL
2026-09-02 15:33:00-04:00,325.67498779296875,AAPL
2026-09-02 15:34:00-04:00,325.9200134277344,AAPL
2026-09-02 15:35:00-04:00,325.7900085449219,AAPL
2026-09-02 15:36:00-04:00,325.6000061035156,AAPL
2026-09-02 15:37:00-04:00,325.3550109863281,AAPL
2026-09-02 15:38:00-04:00,325.20001220703125,AAPL
2026-09-02 15:39:00-04:00,325.1099853515625,AAPL
2026-09-02 15:40:00-04:00,325.20001220703125,AAPL
2026-09-02 15:41:00-04:00,325.1000061035156,AAPL
2026-09-02 15:42:00-04:00,324.989990234375,AAPL
2026-09-02 15:43:00-04:00,325.260009765625,AAPL
2026-09-02 15:44:00-04:00,325.20001220703125,AAPL
2026-09-02 15:45:00-04:00,325.1700134277344,AAPL
2026-09-02 15:46:00-04:00,325.2550048828125,AAPL
2026-09-02 15:47:00-04:00,325.3299865722656,AAPL
2026-09-02 15:48:00-04:00,325.4200134277344,AAPL
2026-09-02 15:49:00-04:00,325.2699890136719,AAPL
2026-09-02 15:50:00-04:00,325.1600036621094,AAPL
2026-09-02 15:51:00-04:00,325.0545959472656,AAPL
2026-09-02 15:52:00-04:00,325.0799865722656,AAPL
2026-09-02 15:53:00-04:00,325.0299987792969,AAPL
2026-09-02 15:54:00-04:00,325.2699890136719,AAPL
2026-09-02 15:55:00-04:00,324.8550109863281,AAPL
2026-09-02 15:56:00-04:00,324.9800109863281,AAPL
2026-09-02 15:57:00-04:00,324.8699951171875,AAPL
2026-09-02 15:58:00-04:00,324.8699951171875,AAPL
2026-09-02 15:59:00-04:00,324.989990234375,AAPL
2026-09-03 09:30:00-04:00,324.764404296875,AAPL
2026-09-03 09:31:00-04:00,325.3800048828125,AAPL
2026-09-03 09:32:00-04:00,327.3900146484375,AAPL
2026-09-03 09:33:00-04:00,326.0766906738281,AAPL
2026-09-03 09:34:00-04:00,325.6199951171875,AAPL
2026-09-03 09:35:00-04:00,324.364990234375,AAPL
2026-09-03 09:36:00-04:00,324.82000732421875,AAPL
2026-09-03 09:37:00-04:00,325.2799987792969,AAPL
2026-09-03 09:38:00-04:00,325.7950134277344,AAPL
2026-09-03 09:39:00-04:00,326.45001220703125,AAPL
2026-09-03 09:40:00-04:00,325.5799865722656,AAPL
2026-09-03 09:41:00-04:00,325.9200134277344,AAPL
2026-09-03 09:42:00-04:00,325.9150085449219,AAPL
2026-09-03 09:43:00-04:00,326.0299987792969,AAPL
2026-09-03 09:44:00-04:00,326.4849853515625,AAPL
2026-09-03 09:45:00-04:00,326.45001220703125,AAPL
2026-09-03 09:46:00-04:00,326.3900146484375,AAPL
2026-09-03 09:47:00-04:00,326.6000061035156,AAPL
2026-09-03 09:48:00-04:00,326.4800109863281,AAPL
2026-09-03 09:49:00-04:00,326.5899963378906,AAPL
2026-09-03 09:50:00-04:00,326.3999938964844,AAPL
2026-09-03 09:51:00-04:00,326.4739990234375,AAPL
2026-09-03 09:52:00-04:00,326.260009765625,AAPL
2026-09-03 09:53:00-04:00,326.31500244140625,AAPL
2026-09-03 09:54:00-04:00,326.2699890136719,AAPL
2026-09-03 09:55:00-04:00,326.2099914550781,AAPL
2026-09-03 09:56:00-04:00,325.9949951171875,AAPL
2026-09-03 09:57:00-04:00,325.8399963378906,AAPL
2026-09-03 09:58:00-04:00,325.69000244140625,AAPL
2026-09-03 09:59:00-04:00,326.7200012207031,AAPL
2026-09-03 10:00:00-04:00,326.1400146484375,AAPL
2026-09-03 10:01:00-04:00,326.3900146484375,AAPL
2026-09-03 10:02:00-04:00,326.3599853515625,AAPL
2026-09-03 10:03:00-04:00,326.6700134277344,AAPL
2026-09-03 10:04:00-04:00,326.0400085449219,AAPL
2026-09-03 10:05:00-04:00,326.3900146484375,AAPL
2026-09-03 10:06:00-04:00,326.69000244140625,AAPL
2026-09-03 10:07:00-04:00,326.7099914550781,AAPL
2026-09-03 10:08:00-04:00,327.0256042480469,AAPL
2026-09-03 10:09:00-04:00,327.06878662109375,AAPL
2026-09-03 10:10:00-04:00,326.8299865722656,AAPL
2026-09-03 10:11:00-04:00,327.0400085449219,AAPL
2026-09-03 10:12:00-04:00,327.32501220703125,AAPL
2026-09-03 10:13:00-04:00,327.5199890136719,AAPL
2026-09-03 10:14:00-04:00,328.1300048828125,AAPL
2026-09-03 10:15:00-04:00,328.2254943847656,AAPL
2026-09-03 10:16:00-04:00,328.2755126953125,AAPL
2026-09-03 10:17:00-04:00,328.260009765625,AAPL
2026-09-03 10:18:00-04:00,328.3077087402344,AAPL
2026-09-03 10:19:00-04:00,328.70001220703125,AAPL
2026-09-03 10:20:00-04:00,328.6449890136719,AAPL
2026-09-03 10:21:00-04:00,328.82000732421875,AAPL
2026-09-03 10:22:00-04:00,329.0398864746094,AAPL
2026-09-03 10:23:00-04:00,329.2401123046875,AAPL
2026-09-03 10:24:00-04:00,329.1654052734375,AAPL
2026-09-03 10:25:00-04:00,329.2099914550781,AAPL
2026-09-03 10:26:00-04:00,329.9049987792969,AAPL
2026-09-03 10:27:00-04:00,330.1300048828125,AAPL
2026-09-03 10:28:00-04:00,329.9750061035156,AAPL
2026-09-03 10:29:00-04:00,329.7149963378906,AAPL
2026-09-03 10:30:00-04:00,330.30999755859375,AAPL
2026-09-03 10:31:00-04:00,330.45001220703125,AAPL
2026-09-03 10:32:00-04:00,330.3349914550781,AAPL
2026-09-03 10:33:00-04:00,329.9400939941406,AAPL
2026-09-03 10:34:00-04:00,329.4200134277344,AAPL
2026-09-03 10:35:00-04:00,329.56500244140625,AAPL
2026-09-03 10:36:00-04:00,329.44500732421875,AAPL
2026-09-03 10:37:00-04:00,329.07000732421875,AAPL
2026-09-03 10:38:00-04:00,328.7049865722656,AAPL
2026-09-03 10:39:00-04:00,328.375,AAPL
2026-09-03 10:40:00-04:00,328.1700134277344,AAPL
2026-09-03 10:41:00-04:00,328.17999267578125,AAPL
2026-09-03 10:42:00-04:00,328.4100036621094,AAPL
2026-09-03 10:43:00-04:00,328.25,AAPL
2026-09-03 10:44:00-04:00,328.31500244140625,AAPL
2026-09-03 10:45:00-04:00,328.3399963378906,AAPL
2026-09-03 10:46:00-04:00,328.5400085449219,AAPL
2026-09-03 10:47:00-04:00,328.56500244140625,AAPL
2026-09-03 10:48:00-04:00,328.67999267578125,AAPL
2026-09-03 10:49:00-04:00,328.860107421875,AAPL
2026-09-03 10:50:00-04:00,328.80499267578125,AAPL
2026-09-03 10:51:00-04:00,328.53070068359375,AAPL
2026-09-03 10:52:00-04:00,328.1400146484375,AAPL
2026-09-03 10:53:00-04:00,327.7099914550781,AAPL
2026-09-03 10:54:00-04:00,328.1300048828125,AAPL
2026-09-03 10:55:00-04:00,328.3299865722656,AAPL
2026-09-03 10:56:00-04:00,328.17999267578125,AAPL
2026-09-03 10:57:00-04:00,328.135009765625,AAPL
2026-09-03 10:58:00-04:00,328.1499938964844,AAPL
2026-09-03 10:59:00-04:00,327.9849853515625,AAPL
2026-09-03 11:00:00-04:00,328.989990234375,AAPL
2026-09-03 11:01:00-04:00,328.875,AAPL
2026-09-03 11:02:00-04:00,328.6199951171875,AAPL
2026-09-03 11:03:00-04:00,328.9200134277344,AAPL
2026-09-03 11:04:00-04:00,329.20001220703125,AAPL
2026-09-03 11:05:00-04:00,329.4100036621094,AAPL
2026-09-03 11:06:00-04:00,329.5799865722656,AAPL
2026-09-03 11:07:00-04:00,329.67999267578125,AAPL
2026-09-03 11:08:00-04:00,329.7950134277344,AAPL
2026-09-03 11:09:00-04:00,330.0450134277344,AAPL
2026-09-03 11:10:00-04:00,330.5299987792969,AAPL
2026-09-03 11:11:00-04:00,330.5885009765625,AAPL
2026-09-03 11:12:00-04:00,330.67999267578125,AAPL
2026-09-03 11:13:00-04:00,330.614990234375,AAPL
2026-09-03 11:14:00-04:00,330.4649963378906,AAPL
2026-09-03 11:15:00-04:00,330.6050109863281,AAPL
2026-09-03 11:16:00-04:00,330.57000732421875,AAPL
2026-09-03 11:17:00-04:00,330.360107421875,AAPL
2026-09-03 11:18:00-04:00,330.1600036621094,AAPL
2026-09-03 11:19:00-04:00,330.05999755859375,AAPL
2026-09-03 11:20:00-04:00,330.05999755859375,AAPL
2026-09-03 11:21:00-04:00,330.2699890136719,AAPL
2026-09-03 11:22:00-04:00,329.9400939941406,AAPL
2026-09-03 11:23:00-04:00,329.82000732421875,AAPL
2026-09-03 11:24:00-04:00,329.5299072265625,AAPL
2026-09-03 11:25:00-04:00,329.7550048828125,AAPL
2026-09-03 11:26:00-04:00,330.2300109863281,AAPL
2026-09-03 11:27:00-04:00,330.19000244140625,AAPL
2026-09-03 11:28:00-04:00,329.7900085449219,AAPL
2026-09-03 11:29:00-04:00,329.8299865722656,AAPL
2026-09-03 11:30:00-04:00,329.9100036621094,AAPL
2026-09-03 11:31:00-04:00,329.9280090332031,AAPL
2026-09-03 11:32:00-04:00,329.8800048828125,AAPL
2026-09-03 11:33:00-04:00,330.0474853515625,AAPL
2026-09-03 11:34:00-04:00,330.110107421875,AAPL
2026-09-03 11:35:00-04:00,330.19000244140625,AAPL
2026-09-03 11:36:00-04:00,330.010009765625,AAPL
2026-09-03 11:37:00-04:00,330.1199951171875,AAPL
2026-09-03 11:38:00-04:00,330.0199890136719,AAPL
2026-09-03 11:39:00-04:00,329.8399963378906,AAPL
2026-09-03 11:40:00-04:00,329.68499755859375,AAPL
2026-09-03 11:41:00-04:00,329.4200134277344,AAPL
2026-09-03 11:42:00-04:00,329.4750061035156,AAPL
2026-09-03 11:43:00-04:00,329.6199951171875,AAPL
2026-09-03 11:44:00-04:00,329.67999267578125,AAPL
2026-09-03 11:45:00-04:00,329.7149963378906,AAPL
2026-09-03 11:46:00-04:00,329.6180114746094,AAPL
2026-09-03 11:47:00-04:00,329.5205078125,AAPL
2026-09-03 11:48:00-04:00,329.7200012207031,AAPL
2026-09-03 11:49:00-04:00,329.7300109863281,AAPL
2026-09-03 11:50:00-04:00,329.4100036621094,AAPL
2026-09-03 11:51:00-04:00,329.45001220703125,AAPL
2026-09-03 11:52:00-04:00,329.3399963378906,AAPL
2026-09-03 11:53:00-04:00,329.4446105957031,AAPL
2026-09-03 11:54:00-04:00,329.5403137207031,AAPL
2026-09-03 11:55:00-04:00,329.375,AAPL
2026-09-03 11:56:00-04:00,329.3710021972656,AAPL
2026-09-03 11:57:00-04:00,329.5849914550781,AAPL
2026-09-03 11:58:00-04:00,329.614990234375,AAPL
2026-09-03 11:59:00-04:00,329.7699890136719,AAPL
2026-09-03 12:00:00-04:00,329.7349853515625,AAPL
2026-09-03 12:01:00-04:00,329.8550109863281,AAPL
2026-09-03 12:02:00-04:00,329.94000244140625,AAPL
2026-09-03 12:03:00-04:00,329.92498779296875,AAPL
2026-09-03 12:04:00-04:00,329.9200134277344,AAPL
2026-09-03 12:05:00-04:00,329.6700134277344,AAPL
2026-09-03 12:06:00-04:00,329.6401062011719,AAPL
2026-09-03 12:07:00-04:00,329.5950012207031,AAPL
2026-09-03 12:08:00-04:00,329.7049865722656,AAPL
2026-09-03 12:09:00-04:00,329.57000732421875,AAPL
2026-09-03 12:10:00-04:00,329.7300109863281,AAPL
2026-09-03 12:11:00-04:00,329.4504089355469,AAPL
2026-09-03 12:12:00-04:00,329.635009765625,AAPL
2026-09-03 12:13:00-04:00,329.7850036621094,AAPL
2026-09-03 12:14:00-04:00,330.02020263671875,AAPL
2026-09-03 12:15:00-04:00,330.010009765625,AAPL
2026-09-03 12:16:00-04:00,329.8800048828125,AAPL
2026-09-03 12:17:00-04:00,329.82000732421875,AAPL
2026-09-03 12:18:00-04:00,329.7699890136719,AAPL
2026-09-03 12:19:00-04:00,329.6400146484375,AAPL
2026-09-03 12:20:00-04:00,329.70001220703125,AAPL
2026-09-03 12:21:00-04:00,329.8399963378906,AAPL
2026-09-03 12:22:00-04:00,330.1200866699219,AAPL
2026-09-03 12:23:00-04:00,330.5299987792969,AAPL
2026-09-03 12:24:00-04:00,330.385009765625,AAPL
2026-09-03 12:25:00-04:00,330.0400085449219,AAPL
2026-09-03 12:26:00-04:00,329.9549865722656,AAPL
2026-09-03 12:27:00-04:00,330.1650085449219,AAPL
2026-09-03 12:28:00-04:00,330.1199951171875,AAPL
2026-09-03 12:29:00-04:00,330.06988525390625,AAPL
2026-09-03 12:30:00-04:00,330.0249938964844,AAPL
2026-09-03 12:31:00-04:00,329.9849853515625,AAPL
2026-09-03 12:32:00-04:00,330.0199890136719,AAPL
2026-09-03 12:33:00-04:00,330.05499267578125,AAPL
2026-09-03 12:34:00-04:00,330.1099853515625,AAPL
2026-09-03 12:35:00-04:00,329.7749938964844,AAPL
2026-09-03 12:36:00-04:00,329.79998779296875,AAPL
2026-09-03 12:37:00-04:00,329.8999938964844,AAPL
2026-09-03 12:38:00-04:00,329.9649963378906,AAPL
2026-09-03 12:39:00-04:00,329.8999938964844,AAPL
2026-09-03 12:40:00-04:00,329.8550109863281,AAPL
2026-09-03 12:41:00-04:00,329.95001220703125,AAPL
2026-09-03 12:42:00-04:00,329.8800048828125,AAPL
2026-09-03 12:43:00-04:00,329.8599853515625,AAPL
2026-09-03 12:44:00-04:00,329.8299865722656,AAPL
2026-09-03 12:45:00-04:00,329.6400146484375,AAPL
2026-09-03 12:46:00-04:00,329.6145935058594,AAPL
2026-09-03 12:47:00-04:00,329.6199951171875,AAPL
2026-09-03 12:48:00-04:00,329.42999267578125,AAPL
2026-09-03 12:49:00-04:00,329.4200134277344,AAPL
2026-09-03 12:50:00-04:00,329.5151062011719,AAPL
2026-09-03 12:51:00-04:00,329.364990234375,AAPL
2026-09-03 12:52:00-04:00,329.4949951171875,AAPL
2026-09-03 12:53:00-04:00,329.25,AAPL
2026-09-03 12:54:00-04:00,329.31500244140625,AAPL
2026-09-03 12:55:00-04:00,329.1549987792969,AAPL
2026-09-03 12:56:00-04:00,329.010009765625,AAPL
2026-09-03 12:57:00-04:00,329.1400146484375,AAPL
2026-09-03 12:58:00-04:00,329.0199890136719,AAPL
2026-09-03 12:59:00-04:00,328.9400939941406,AAPL
2026-09-03 13:00:00-04:00,328.9849853515625,AAPL
2026-09-03 13:01:00-04:00,328.8320007324219,AAPL
2026-09-03 13:02:00-04:00,328.48028564453125,AAPL
2026-09-03 13:03:00-04:00,328.614990234375,AAPL
2026-09-03 13:04:00-04:00,328.69000244140625,AAPL
2026-09-03 13:05:00-04:00,328.7099914550781,AAPL
2026-09-03 13:06:00-04:00,328.6300048828125,AAPL
2026-09-03 13:07:00-04:00,328.6000061035156,AAPL
2026-09-03 13:08:00-04:00,328.6050109863281,AAPL
2026-09-03 13:09:00-04:00,328.510009765625,AAPL
2026-09-03 13:10:00-04:00,328.3399963378906,AAPL
2026-09-03 13:11:00-04:00,328.1000061035156,AAPL
2026-09-03 13:12:00-04:00,328.19500732421875,AAPL
2026-09-03 13:13:00-04:00,328.17999267578125,AAPL
2026-09-03 13:14:00-04:00,328.114990234375,AAPL
2026-09-03 13:15:00-04:00,328.2699890136719,AAPL
2026-09-03 13:16:00-04:00,328.1300048828125,AAPL
2026-09-03 13:17:00-04:00,328.1453857421875,AAPL
2026-09-03 13:18:00-04:00,328.1400146484375,AAPL
2026-09-03 13:19:00-04:00,327.9700012207031,AAPL
2026-09-03 13:20:00-04:00,327.75,AAPL
2026-09-03 13:21:00-04:00,327.6000061035156,AAPL
2026-09-03 13:22:00-04:00,327.625,AAPL
2026-09-03 13:23:00-04:00,327.7225036621094,AAPL
2026-09-03 13:24:00-04:00,327.6600036621094,AAPL
2026-09-03 13:25:00-04:00,327.7300109863281,AAPL
2026-09-03 13:26:00-04:00,327.6600036621094,AAPL
2026-09-03 13:27:00-04:00,327.5899963378906,AAPL
2026-09-03 13:28:00-04:00,327.510009765625,AAPL
2026-09-03 13:29:00-04:00,327.7300109863281,AAPL
2026-09-03 13:30:00-04:00,327.7699890136719,AAPL
2026-09-03 13:31:00-04:00,327.67999267578125,AAPL
2026-09-03 13:32:00-04:00,327.6600036621094,AAPL
2026-09-03 13:33:00-04:00,327.8299865722656,AAPL
2026-09-03 13:34:00-04:00,327.75,AAPL
2026-09-03 13:35:00-04:00,327.67608642578125,AAPL
2026-09-03 13:36:00-04:00,327.5799865722656,AAPL
2026-09-03 13:37:00-04:00,327.5400085449219,AAPL
2026-09-03 13:38:00-04:00,327.2703857421875,AAPL
2026-09-03 13:39:00-04:00,327.2149963378906,AAPL
2026-09-03 13:40:00-04:00,326.7900085449219,AAPL
2026-09-03 13:41:00-04:00,326.8900146484375,AAPL
2026-09-03 13:42:00-04:00,326.9949951171875,AAPL
2026-09-03 13:43:00-04:00,326.8299865722656,AAPL
2026-09-03 13:44:00-04:00,326.9200134277344,AAPL
2026-09-03 13:45:00-04:00,326.8800048828125,AAPL
2026-09-03 13:46:00-04:00,326.7699890136719,AAPL
2026-09-03 13:47:00-04:00,327.1400146484375,AAPL
2026-09-03 13:48:00-04:00,327.1955871582031,AAPL
2026-09-03 13:49:00-04:00,327.2054138183594,AAPL
2026-09-03 13:50:00-04:00,327.0899963378906,AAPL
2026-09-03 13:51:00-04:00,327.1400146484375,AAPL
2026-09-03 13:52:00-04:00,327.0400085449219,AAPL
2026-09-03 13:53:00-04:00,327.0799865722656,AAPL
2026-09-03 13:54:00-04:00,327.1300048828125,AAPL
2026-09-03 13:55:00-04:00,327.1152038574219,AAPL
2026-09-03 13:56:00-04:00,327.1050109863281,AAPL
2026-09-03 13:57:00-04:00,327.19000244140625,AAPL
2026-09-03 13:58:00-04:00,327.010009765625,AAPL
2026-09-03 13:59:00-04:00,326.8999938964844,AAPL
2026-09-03 14:00:00-04:00,327.1499938964844,AAPL
2026-09-03 14:01:00-04:00,327.1600036621094,AAPL
2026-09-03 14:02:00-04:00,327.2349853515625,AAPL
2026-09-03 14:03:00-04:00,327.2203063964844,AAPL
2026-09-03 14:04:00-04:00,327.135009765625,AAPL
2026-09-03 14:05:00-04:00,327.2650146484375,AAPL
2026-09-03 14:06:00-04:00,327.1700134277344,AAPL
2026-09-03 14:07:00-04:00,327.1091003417969,AAPL
2026-09-03 14:08:00-04:00,327.1296081542969,AAPL
2026-09-03 14:10:00-04:00,327.19500732421875,AAPL
2026-09-03 14:11:00-04:00,327.2900085449219,AAPL
2026-09-03 14:12:00-04:00,327.364990234375,AAPL
2026-09-03 14:13:00-04:00,327.3599853515625,AAPL
2026-09-03 14:14:00-04:00,327.3299865722656,AAPL
2026-09-03 14:15:00-04:00,327.5199890136719,AAPL
2026-09-03 14:16:00-04:00,327.3500061035156,AAPL
2026-09-03 14:17:00-04:00,327.44000244140625,AAPL
2026-09-03 14:18:00-04:00,327.3800048828125,AAPL
2026-09-03 14:19:00-04:00,327.2174072265625,AAPL
2026-09-03 14:20:00-04:00,327.1549987792969,AAPL
2026-09-03 14:21:00-04:00,327.2099914550781,AAPL
2026-09-03 14:22:00-04:00,327.17120361328125,AAPL
2026-09-03 14:23:00-04:00,326.9599914550781,AAPL
2026-09-03 14:24:00-04:00,326.9501953125,AAPL
2026-09-03 14:25:00-04:00,327.1401062011719,AAPL
2026-09-03 14:26:00-04:00,327.04998779296875,AAPL
2026-09-03 14:27:00-04:00,327.0299987792969,AAPL
2026-09-03 14:28:00-04:00,327.05499267578125,AAPL
2026-09-03 14:29:00-04:00,327.1199951171875,AAPL
2026-09-03 14:30:00-04:00,327.010009765625,AAPL
2026-09-03 14:31:00-04:00,327.1050109863281,AAPL
2026-09-03 14:32:00-04:00,327.1400146484375,AAPL
2026-09-03 14:33:00-04:00,327.20001220703125,AAPL
2026-09-03 14:34:00-04:00,327.239990234375,AAPL
2026-09-03 14:35:00-04:00,327.1499938964844,AAPL
2026-09-03 14:36:00-04:00,327.1589050292969,AAPL
2026-09-03 14:37:00-04:00,327.0299987792969,AAPL
2026-09-03 14:38:00-04:00,327.05499267578125,AAPL
2026-09-03 14:39:00-04:00,327.1600036621094,AAPL
2026-09-03 14:40:00-04:00,327.0199890136719,AAPL
2026-09-03 14:41:00-04:00,326.989990234375,AAPL
2026-09-03 14:42:00-04:00,326.95001220703125,AAPL
2026-09-03 14:43:00-04:00,327.1099853515625,AAPL
2026-09-03 14:44:00-04:00,326.8951110839844,AAPL
2026-09-03 14:45:00-04:00,326.8699951171875,AAPL
2026-09-03 14:46:00-04:00,326.67999267578125,AAPL
2026-09-03 14:47:00-04:00,326.7820129394531,AAPL
2026-09-03 14:48:00-04:00,326.8699951171875,AAPL
2026-09-03 14:49:00-04:00,326.7900085449219,AAPL
2026-09-03 14:50:00-04:00,326.69500732421875,AAPL
2026-09-03 14:51:00-04:00,326.5950012207031,AAPL
2026-09-03 14:52:00-04:00,326.7300109863281,AAPL
2026-09-03 14:53:00-04:00,326.9849853515625,AAPL
2026-09-03 14:54:00-04:00,326.94500732421875,AAPL
2026-09-03 14:55:00-04:00,326.760009765625,AAPL
2026-09-03 14:56:00-04:00,326.9093933105469,AAPL
2026-09-03 14:57:00-04:00,326.8800048828125,AAPL
2026-09-03 14:58:00-04:00,326.95001220703125,AAPL
2026-09-03 14:59:00-04:00,327.19000244140625,AAPL
2026-09-03 15:00:00-04:00,327.16009521484375,AAPL
2026-09-03 15:01:00-04:00,327.25,AAPL
2026-09-03 15:02:00-04:00,327.2449951171875,AAPL
2026-09-03 15:03:00-04:00,327.3399963378906,AAPL
2026-09-03 15:04:00-04:00,327.2699890136719,AAPL
2026-09-03 15:05:00-04:00,327.239990234375,AAPL
2026-09-03 15:06:00-04:00,327.4100036621094,AAPL
2026-09-03 15:07:00-04:00,327.4700012207031,AAPL
2026-09-03 15:08:00-04:00,327.5205078125,AAPL
2026-09-03 15:09:00-04:00,327.4800109863281,AAPL
2026-09-03 15:10:00-04:00,327.4200134277344,AAPL
2026-09-03 15:11:00-04:00,327.510009765625,AAPL
2026-09-03 15:12:00-04:00,327.56500244140625,AAPL
2026-09-03 15:13:00-04:00,327.4473876953125,AAPL
2026-09-03 15:14:00-04:00,327.3500061035156,AAPL
2026-09-03 15:15:00-04:00,327.3399963378906,AAPL
2026-09-03 15:16:00-04:00,327.5260009765625,AAPL
2026-09-03 15:17:00-04:00,327.489990234375,AAPL
2026-09-03 15:18:00-04:00,327.5199890136719,AAPL
2026-09-03 15:19:00-04:00,327.5299987792969,AAPL
2026-09-03 15:20:00-04:00,327.5050048828125,AAPL
2026-09-03 15:21:00-04:00,327.55499267578125,AAPL
2026-09-03 15:22:00-04:00,327.5574951171875,AAPL
2026-09-03 15:23:00-04:00,327.54998779296875,AAPL
2026-09-03 15:24:00-04:00,327.510009765625,AAPL
2026-09-03 15:25:00-04:00,327.57550048828125,AAPL
2026-09-03 15:26:00-04:00,327.7300109863281,AAPL
2026-09-03 15:27:00-04:00,327.7699890136719,AAPL
2026-09-03 15:28:00-04:00,327.7749938964844,AAPL
2026-09-03 15:29:00-04:00,327.7950134277344,AAPL
2026-09-03 15:30:00-04:00,327.57501220703125,AAPL
2026-09-03 15:31:00-04:00,327.6000061035156,AAPL
2026-09-03 15:32:00-04:00,327.55999755859375,AAPL
2026-09-03 15:33:00-04:00,327.44500732421875,AAPL
2026-09-03 15:34:00-04:00,327.5679931640625,AAPL
2026-09-03 15:35:00-04:00,327.6582946777344,AAPL
2026-09-03 15:36:00-04:00,327.57501220703125,AAPL
2026-09-03 15:37:00-04:00,327.70001220703125,AAPL
2026-09-03 15:38:00-04:00,327.635009765625,AAPL
2026-09-03 15:39:00-04:00,327.510009765625,AAPL
2026-09-03 15:40:00-04:00,327.489990234375,AAPL
2026-09-03 15:41:00-04:00,327.5350036621094,AAPL
2026-09-03 15:42:00-04:00,327.6700134277344,AAPL
2026-09-03 15:43:00-04:00,327.7850036621094,AAPL
2026-09-03 15:44:00-04:00,327.7835998535156,AAPL
2026-09-03 15:45:00-04:00,327.8699951171875,AAPL
2026-09-03 15:46:00-04:00,328.1499938964844,AAPL
2026-09-03 15:47:00-04:00,328.05999755859375,AAPL
2026-09-03 15:48:00-04:00,328.1449890136719,AAPL
2026-09-03 15:49:00-04:00,328.0144958496094,AAPL
2026-09-03 15:50:00-04:00,327.7850036621094,AAPL
2026-09-03 15:51:00-04:00,327.8877868652344,AAPL
2026-09-03 15:52:00-04:00,328.1549987792969,AAPL
2026-09-03 15:53:00-04:00,328.18499755859375,AAPL
2026-09-03 15:54:00-04:00,328.6199951171875,AAPL
2026-09-03 15:55:00-04:00,328.4700012207031,AAPL
2026-09-03 15:56:00-04:00,328.0299987792969,AAPL
2026-09-03 15:57:00-04:00,328.1099853515625,AAPL
2026-09-03 15:58:00-04:00,328.0799865722656,AAPL
2026-09-03 15:59:00-04:00,328.2099914550781,AAPL
2026-09-04 09:30:00-04:00,328.0199890136719,AAPL
2026-09-04 09:31:00-04:00,327.135009765625,AAPL
2026-09-04 09:32:00-04:00,328.3399963378906,AAPL
2026-09-04 09:33:00-04:00,327.2900085449219,AAPL
2026-09-04 09:34:00-04:00,327.17999267578125,AAPL
2026-09-04 09:35:00-04:00,326.5450134277344,AAPL
2026-09-04 09:36:00-04:00,325.7699890136719,AAPL
2026-09-04 09:37:00-04:00,325.6650085449219,AAPL
2026-09-04 09:38:00-04:00,326.8699951171875,AAPL
2026-09-04 09:39:00-04:00,326.29998779296875,AAPL
2026-09-04 09:40:00-04:00,325.81500244140625,AAPL
2026-09-04 09:41:00-04:00,325.739990234375,AAPL
2026-09-04 09:42:00-04:00,324.5400085449219,AAPL
2026-09-04 09:43:00-04:00,324.760009765625,AAPL
2026-09-04 09:44:00-04:00,324.82000732421875,AAPL
2026-09-04 09:45:00-04:00,324.2200012207031,AAPL
2026-09-04 09:46:00-04:00,324.2799987792969,AAPL
2026-09-04 09:47:00-04:00,323.635009765625,AAPL
2026-09-04 09:48:00-04:00,324.0199890136719,AAPL
2026-09-04 09:49:00-04:00,323.93499755859375,AAPL
2026-09-04 09:50:00-04:00,323.8399963378906,AAPL
2026-09-04 09:51:00-04:00,323.4200134277344,AAPL
2026-09-04 09:52:00-04:00,323.635009765625,AAPL
2026-09-04 09:53:00-04:00,323.5950012207031,AAPL
2026-09-04 09:54:00-04:00,324.20989990234375,AAPL
2026-09-04 09:55:00-04:00,323.42999267578125,AAPL
2026-09-04 09:56:00-04:00,323.5950012207031,AAPL
2026-09-04 09:57:00-04:00,323.7799987792969,AAPL
2026-09-04 09:58:00-04:00,323.57000732421875,AAPL
2026-09-04 09:59:00-04:00,323.69500732421875,AAPL
2026-09-04 10:00:00-04:00,322.989990234375,AAPL
2026-09-04 10:01:00-04:00,322.7099914550781,AAPL
2026-09-04 10:02:00-04:00,322.9999084472656,AAPL
2026-09-04 10:03:00-04:00,322.92498779296875,AAPL
2026-09-04 10:04:00-04:00,323.07000732421875,AAPL
2026-09-04 10:05:00-04:00,322.7359924316406,AAPL
2026-09-04 10:06:00-04:00,322.885009765625,AAPL
2026-09-04 10:07:00-04:00,322.70001220703125,AAPL
2026-09-04 10:08:00-04:00,322.80499267578125,AAPL
2026-09-04 10:09:00-04:00,322.7008972167969,AAPL
2026-09-04 10:10:00-04:00,321.69500732421875,AAPL
2026-09-04 10:11:00-04:00,321.5799865722656,AAPL
2026-09-04 10:12:00-04:00,321.8420104980469,AAPL
2026-09-04 10:13:00-04:00,321.44000244140625,AAPL
2026-09-04 10:14:00-04:00,321.2099914550781,AAPL
2026-09-04 10:15:00-04:00,321.760009765625,AAPL
2026-09-04 10:16:00-04:00,321.7099914550781,AAPL
2026-09-04 10:17:00-04:00,321.55999755859375,AAPL
2026-09-04 10:18:00-04:00,321.590087890625,AAPL
2026-09-04 10:19:00-04:00,321.5899963378906,AAPL
2026-09-04 10:20:00-04:00,321.3599853515625,AAPL
2026-09-04 10:21:00-04:00,321.4100036621094,AAPL
2026-09-04 10:22:00-04:00,321.45001220703125,AAPL
2026-09-04 10:23:00-04:00,321.4800109863281,AAPL
2026-09-04 10:24:00-04:00,321.239990234375,AAPL
2026-09-04 10:25:00-04:00,321.17999267578125,AAPL
2026-09-04 10:26:00-04:00,320.93499755859375,AAPL
2026-09-04 10:27:00-04:00,320.6700134277344,AAPL
2026-09-04 10:28:00-04:00,320.70001220703125,AAPL
2026-09-04 10:29:00-04:00,320.7099914550781,AAPL
2026-09-04 10:30:00-04:00,320.9800109863281,AAPL
2026-09-04 10:31:00-04:00,321.0,AAPL
2026-09-04 10:32:00-04:00,320.79998779296875,AAPL
2026-09-04 10:33:00-04:00,320.8699951171875,AAPL
2026-09-04 10:34:00-04:00,320.8800048828125,AAPL
2026-09-04 10:35:00-04:00,321.02178955078125,AAPL
2026-09-04 10:36:00-04:00,320.9006042480469,AAPL
2026-09-04 10:37:00-04:00,321.0249938964844,AAPL
2026-09-04 10:38:00-04:00,320.8800048828125,AAPL
2026-09-04 10:39:00-04:00,320.67999267578125,AAPL
2026-09-04 10:40:00-04:00,320.489990234375,AAPL
2026-09-04 10:41:00-04:00,320.5199890136719,AAPL
2026-09-04 10:42:00-04:00,320.2650146484375,AAPL
2026-09-04 10:43:00-04:00,320.0899963378906,AAPL
2026-09-04 10:44:00-04:00,320.0299987792969,AAPL
2026-09-04 10:45:00-04:00,320.0899963378906,AAPL
2026-09-04 10:46:00-04:00,320.07000732421875,AAPL
2026-09-04 10:47:00-04:00,320.04998779296875,AAPL
2026-09-04 10:48:00-04:00,320.1099853515625,AAPL
2026-09-04 10:49:00-04:00,320.0950012207031,AAPL
2026-09-04 10:50:00-04:00,319.875,AAPL
2026-09-04 10:51:00-04:00,319.5,AAPL
2026-09-04 10:52:00-04:00,319.6400146484375,AAPL
2026-09-04 10:53:00-04:00,319.3800048828125,AAPL
2026-09-04 10:54:00-04:00,318.9800109863281,AAPL
2026-09-04 10:55:00-04:00,318.9254150390625,AAPL
2026-09-04 10:56:00-04:00,318.739990234375,AAPL
2026-09-04 10:57:00-04:00,318.80499267578125,AAPL
2026-09-04 10:58:00-04:00,318.6600036621094,AAPL
2026-09-04 10:59:00-04:00,318.44000244140625,AAPL
2026-09-04 11:00:00-04:00,318.260009765625,AAPL
2026-09-04 11:01:00-04:00,318.2699890136719,AAPL
2026-09-04 11:02:00-04:00,317.94000244140625,AAPL
2026-09-04 11:03:00-04:00,318.1549987792969,AAPL
2026-09-04 11:04:00-04:00,318.5899963378906,AAPL
2026-09-04 11:05:00-04:00,318.8800048828125,AAPL
2026-09-04 11:06:00-04:00,318.82501220703125,AAPL
2026-09-04 11:07:00-04:00,318.6809997558594,AAPL
2026-09-04 11:08:00-04:00,318.79949951171875,AAPL
2026-09-04 11:09:00-04:00,318.94000244140625,AAPL
2026-09-04 11:10:00-04:00,318.8349914550781,AAPL
2026-09-04 11:11:00-04:00,318.9100036621094,AAPL
2026-09-04 11:12:00-04:00,319.1700134277344,AAPL
2026-09-04 11:13:00-04:00,319.3399963378906,AAPL
2026-09-04 11:14:00-04:00,319.2850036621094,AAPL
2026-09-04 11:15:00-04:00,319.17498779296875,AAPL
2026-09-04 11:16:00-04:00,319.2099914550781,AAPL
2026-09-04 11:17:00-04:00,319.0050048828125,AAPL
2026-09-04 11:18:00-04:00,318.9150085449219,AAPL
2026-09-04 11:19:00-04:00,318.79998779296875,AAPL
2026-09-04 11:20:00-04:00,318.739990234375,AAPL
2026-09-04 11:21:00-04:00,318.8016052246094,AAPL
2026-09-04 11:22:00-04:00,319.0,AAPL
2026-09-04 11:23:00-04:00,319.0,AAPL
2026-09-04 11:24:00-04:00,319.1400146484375,AAPL
2026-09-04 11:25:00-04:00,319.0199890136719,AAPL
2026-09-04 11:26:00-04:00,319.0199890136719,AAPL
2026-09-04 11:27:00-04:00,319.1449890136719,AAPL
2026-09-04 11:28:00-04:00,319.25201416015625,AAPL
2026-09-04 11:29:00-04:00,319.4700012207031,AAPL
2026-09-04 11:30:00-04:00,319.2900085449219,AAPL
2026-09-04 11:31:00-04:00,319.260009765625,AAPL
2026-09-04 11:32:00-04:00,319.4700012207031,AAPL
2026-09-04 11:33:00-04:00,319.6199951171875,AAPL
2026-09-04 11:34:00-04:00,319.6300048828125,AAPL
2026-09-04 11:35:00-04:00,319.70001220703125,AAPL
2026-09-04 11:36:00-04:00,319.8800048828125,AAPL
2026-09-04 11:37:00-04:00,319.9901123046875,AAPL
2026-09-04 11:38:00-04:00,320.0799865722656,AAPL
2026-09-04 11:39:00-04:00,319.92498779296875,AAPL
2026-09-04 11:40:00-04:00,320.0450134277344,AAPL
2026-09-04 11:41:00-04:00,320.2099914550781,AAPL
2026-09-04 11:42:00-04:00,320.42498779296875,AAPL
2026-09-04 11:43:00-04:00,320.56640625,AAPL
2026-09-04 11:44:00-04:00,320.3399963378906,AAPL
2026-09-04 11:45:00-04:00,320.375,AAPL
2026-09-04 11:46:00-04:00,320.4200134277344,AAPL
2026-09-04 11:47:00-04:00,320.385009765625,AAPL
2026-09-04 11:48:00-04:00,320.40130615234375,AAPL
2026-09-04 11:49:00-04:00,320.43499755859375,AAPL
2026-09-04 11:50:00-04:00,320.7200012207031,AAPL
2026-09-04 11:51:00-04:00,320.8949890136719,AAPL
2026-09-04 11:52:00-04:00,321.0199890136719,AAPL
2026-09-04 11:53:00-04:00,321.19000244140625,AAPL
2026-09-04 11:54:00-04:00,321.0,AAPL
2026-09-04 11:55:00-04:00,321.0899963378906,AAPL
2026-09-04 11:56:00-04:00,320.9800109863281,AAPL
2026-09-04 11:57:00-04:00,321.1449890136719,AAPL
2026-09-04 11:58:00-04:00,321.0799865722656,AAPL
2026-09-04 11:59:00-04:00,321.010009765625,AAPL
2026-09-04 12:00:00-04:00,320.93109130859375,AAPL
2026-09-04 12:01:00-04:00,320.8599853515625,AAPL
2026-09-04 12:02:00-04:00,320.9800109863281,AAPL
2026-09-04 12:03:00-04:00,320.989990234375,AAPL
2026-09-04 12:04:00-04:00,321.0,AAPL
2026-09-04 12:05:00-04:00,320.92999267578125,AAPL
2026-09-04 12:06:00-04:00,320.7149963378906,AAPL
2026-09-04 12:07:00-04:00,320.9100036621094,AAPL
2026-09-04 12:08:00-04:00,321.05999755859375,AAPL
2026-09-04 12:09:00-04:00,321.0299072265625,AAPL
2026-09-04 12:10:00-04:00,321.06500244140625,AAPL
2026-09-04 12:11:00-04:00,321.1199035644531,AAPL
2026-09-04 12:12:00-04:00,321.1065979003906,AAPL
2026-09-04 12:13:00-04:00,321.20001220703125,AAPL
2026-09-04 12:14:00-04:00,321.0498962402344,AAPL
2026-09-04 12:15:00-04:00,321.05499267578125,AAPL
2026-09-04 12:16:00-04:00,320.9053039550781,AAPL
2026-09-04 12:17:00-04:00,321.0899963378906,AAPL
2026-09-04 12:18:00-04:00,321.18499755859375,AAPL
2026-09-04 12:19:00-04:00,321.2699890136719,AAPL
2026-09-04 12:20:00-04:00,320.9599914550781,AAPL
2026-09-04 12:21:00-04:00,320.8800048828125,AAPL
2026-09-04 12:22:00-04:00,321.0199890136719,AAPL
2026-09-04 12:23:00-04:00,321.2099914550781,AAPL
2026-09-04 12:24:00-04:00,320.9700012207031,AAPL
2026-09-04 12:25:00-04:00,320.8399963378906,AAPL
2026-09-04 12:26:00-04:00,320.9700012207031,AAPL
2026-09-04 12:27:00-04:00,320.8699951171875,AAPL
2026-09-04 12:28:00-04:00,320.6199951171875,AAPL
2026-09-04 12:29:00-04:00,320.5,AAPL
2026-09-04 12:30:00-04:00,320.7099914550781,AAPL
2026-09-04 12:31:00-04:00,320.7900085449219,AAPL
2026-09-04 12:32:00-04:00,320.989990234375,AAPL
2026-09-04 12:33:00-04:00,321.04998779296875,AAPL
2026-09-04 12:34:00-04:00,321.10009765625,AAPL
2026-09-04 12:35:00-04:00,321.08551025390625,AAPL
2026-09-04 12:36:00-04:00,320.9200134277344,AAPL
2026-09-04 12:37:00-04:00,320.9049987792969,AAPL
2026-09-04 12:38:00-04:00,320.79998779296875,AAPL
2026-09-04 12:39:00-04:00,320.8949890136719,AAPL
2026-09-04 12:40:00-04:00,321.04998779296875,AAPL
2026-09-04 12:41:00-04:00,320.7699890136719,AAPL
2026-09-04 12:42:00-04:00,320.7850036621094,AAPL
2026-09-04 12:43:00-04:00,320.7799987792969,AAPL
2026-09-04 12:44:00-04:00,320.8399963378906,AAPL
2026-09-04 12:45:00-04:00,320.8699951171875,AAPL
2026-09-04 12:46:00-04:00,320.8450012207031,AAPL
2026-09-04 12:47:00-04:00,321.0450134277344,AAPL
2026-09-04 12:48:00-04:00,321.0,AAPL
2026-09-04 12:49:00-04:00,320.9800109863281,AAPL
2026-09-04 12:50:00-04:00,320.92498779296875,AAPL
2026-09-04 12:51:00-04:00,321.010009765625,AAPL
2026-09-04 12:52:00-04:00,321.05499267578125,AAPL
2026-09-04 12:53:00-04:00,321.1050109863281,AAPL
2026-09-04 12:54:00-04:00,321.07501220703125,AAPL
2026-09-04 12:55:00-04:00,321.177490234375,AAPL
2026-09-04 12:56:00-04:00,321.10699462890625,AAPL
2026-09-04 12:57:00-04:00,321.0799865722656,AAPL
2026-09-04 12:58:00-04:00,321.1499938964844,AAPL
2026-09-04 12:59:00-04:00,321.0299987792969,AAPL
2026-09-04 13:00:00-04:00,321.1700134277344,AAPL
2026-09-04 13:01:00-04:00,321.17999267578125,AAPL
2026-09-04 13:02:00-04:00,321.04998779296875,AAPL
2026-09-04 13:03:00-04:00,321.05499267578125,AAPL
2026-09-04 13:04:00-04:00,320.9601135253906,AAPL
2026-09-04 13:05:00-04:00,320.9849853515625,AAPL
2026-09-04 13:06:00-04:00,321.0050048828125,AAPL
2026-09-04 13:07:00-04:00,321.2789001464844,AAPL
2026-09-04 13:08:00-04:00,321.360107421875,AAPL
2026-09-04 13:09:00-04:00,321.3799133300781,AAPL
2026-09-04 13:10:00-04:00,321.4197998046875,AAPL
2026-09-04 13:11:00-04:00,321.3599853515625,AAPL
2026-09-04 13:12:00-04:00,321.54998779296875,AAPL
2026-09-04 13:13:00-04:00,321.4849853515625,AAPL
2026-09-04 13:14:00-04:00,321.2091979980469,AAPL
2026-09-04 13:15:00-04:00,321.2998962402344,AAPL
2026-09-04 13:16:00-04:00,321.44500732421875,AAPL
2026-09-04 13:17:00-04:00,321.6000061035156,AAPL
2026-09-04 13:18:00-04:00,321.6099853515625,AAPL
2026-09-04 13:19:00-04:00,321.5679931640625,AAPL
2026-09-04 13:20:00-04:00,321.8800964355469,AAPL
2026-09-04 13:21:00-04:00,321.739990234375,AAPL
2026-09-04 13:22:00-04:00,321.8450012207031,AAPL
2026-09-04 13:23:00-04:00,321.8949890136719,AAPL
2026-09-04 13:24:00-04:00,321.7699890136719,AAPL
2026-09-04 13:25:00-04:00,321.6499938964844,AAPL
2026-09-04 13:26:00-04:00,321.6700134277344,AAPL
2026-09-04 13:27:00-04:00,321.7200012207031,AAPL
2026-09-04 13:28:00-04:00,321.739990234375,AAPL
2026-09-04 13:29:00-04:00,321.68499755859375,AAPL
2026-09-04 13:30:00-04:00,321.4490051269531,AAPL
2026-09-04 13:31:00-04:00,321.3500061035156,AAPL
2026-09-04 13:32:00-04:00,321.34100341796875,AAPL
2026-09-04 13:33:00-04:00,321.2088928222656,AAPL
2026-09-04 13:34:00-04:00,321.1499938964844,AAPL
2026-09-04 13:35:00-04:00,321.2699890136719,AAPL
2026-09-04 13:36:00-04:00,321.1700134277344,AAPL
2026-09-04 13:37:00-04:00,321.1000061035156,AAPL
2026-09-04 13:38:00-04:00,320.92498779296875,AAPL
2026-09-04 13:39:00-04:00,320.989990234375,AAPL
2026-09-04 13:40:00-04:00,320.95001220703125,AAPL
2026-09-04 13:41:00-04:00,320.8349914550781,AAPL
2026-09-04 13:42:00-04:00,320.8399963378906,AAPL
2026-09-04 13:43:00-04:00,320.90460205078125,AAPL
2026-09-04 13:44:00-04:00,320.9649963378906,AAPL
2026-09-04 13:45:00-04:00,321.0899963378906,AAPL
2026-09-04 13:46:00-04:00,321.2300109863281,AAPL
2026-09-04 13:47:00-04:00,321.125,AAPL
2026-09-04 13:48:00-04:00,321.0899963378906,AAPL
2026-09-04 13:49:00-04:00,321.07000732421875,AAPL
2026-09-04 13:50:00-04:00,321.07000732421875,AAPL
2026-09-04 13:51:00-04:00,320.9800109863281,AAPL
2026-09-04 13:52:00-04:00,321.0450134277344,AAPL
2026-09-04 13:53:00-04:00,321.0350036621094,AAPL
2026-09-04 13:54:00-04:00,320.9649963378906,AAPL
2026-09-04 13:55:00-04:00,321.0299987792969,AAPL
2026-09-04 13:56:00-04:00,320.97821044921875,AAPL
2026-09-04 13:57:00-04:00,320.95001220703125,AAPL
2026-09-04 13:58:00-04:00,321.0400085449219,AAPL
2026-09-04 13:59:00-04:00,321.0150146484375,AAPL
2026-09-04 14:00:00-04:00,321.1698913574219,AAPL
2026-09-04 14:01:00-04:00,321.0199890136719,AAPL
2026-09-04 14:02:00-04:00,321.07501220703125,AAPL
2026-09-04 14:03:00-04:00,321.1700134277344,AAPL
2026-09-04 14:04:00-04:00,321.1549987792969,AAPL
2026-09-04 14:05:00-04:00,321.0775146484375,AAPL
2026-09-04 14:06:00-04:00,321.1000061035156,AAPL
2026-09-04 14:07:00-04:00,321.1400146484375,AAPL
2026-09-04 14:08:00-04:00,321.18499755859375,AAPL
2026-09-04 14:09:00-04:00,321.1423034667969,AAPL
2026-09-04 14:10:00-04:00,321.2200927734375,AAPL
2026-09-04 14:11:00-04:00,321.2149963378906,AAPL
2026-09-04 14:12:00-04:00,321.25,AAPL
2026-09-04 14:13:00-04:00,321.260009765625,AAPL
2026-09-04 14:14:00-04:00,321.2699890136719,AAPL
2026-09-04 14:15:00-04:00,321.10009765625,AAPL
2026-09-04 14:16:00-04:00,321.0,AAPL
2026-09-04 14:17:00-04:00,321.0299987792969,AAPL
2026-09-04 14:18:00-04:00,320.9789123535156,AAPL
2026-09-04 14:19:00-04:00,320.9700012207031,AAPL
2026-09-04 14:20:00-04:00,321.0299987792969,AAPL
2026-09-04 14:21:00-04:00,321.0450134277344,AAPL
2026-09-04 14:22:00-04:00,321.17498779296875,AAPL
2026-09-04 14:23:00-04:00,321.19000244140625,AAPL
2026-09-04 14:24:00-04:00,321.2049865722656,AAPL
2026-09-04 14:25:00-04:00,321.19500732421875,AAPL
2026-09-04 14:26:00-04:00,321.1299133300781,AAPL
2026-09-04 14:27:00-04:00,321.0199890136719,AAPL
2026-09-04 14:28:00-04:00,320.9700012207031,AAPL
2026-09-04 14:29:00-04:00,320.8800048828125,AAPL
2026-09-04 14:30:00-04:00,320.989990234375,AAPL
2026-09-04 14:31:00-04:00,321.05010986328125,AAPL
2026-09-04 14:32:00-04:00,321.0849914550781,AAPL
2026-09-04 14:33:00-04:00,321.1499938964844,AAPL
2026-09-04 14:34:00-04:00,321.06500244140625,AAPL
2026-09-04 14:35:00-04:00,321.0299987792969,AAPL
2026-09-04 14:36:00-04:00,321.05999755859375,AAPL
2026-09-04 14:37:00-04:00,321.1000061035156,AAPL
2026-09-04 14:38:00-04:00,321.114990234375,AAPL
2026-09-04 14:39:00-04:00,321.2250061035156,AAPL
2026-09-04 14:40:00-04:00,321.28509521484375,AAPL
2026-09-04 14:41:00-04:00,321.2049865722656,AAPL
2026-09-04 14:42:00-04:00,321.30999755859375,AAPL
2026-09-04 14:43:00-04:00,321.30999755859375,AAPL
2026-09-04 14:44:00-04:00,321.3500061035156,AAPL
2026-09-04 14:45:00-04:00,321.4346923828125,AAPL
2026-09-04 14:46:00-04:00,321.4549865722656,AAPL
2026-09-04 14:47:00-04:00,321.54998779296875,AAPL
2026-09-04 14:48:00-04:00,321.67999267578125,AAPL
2026-09-04 14:49:00-04:00,321.6579895019531,AAPL
2026-09-04 14:50:00-04:00,321.4750061035156,AAPL
2026-09-04 14:51:00-04:00,321.5350036621094,AAPL
2026-09-04 14:52:00-04:00,321.55010986328125,AAPL
2026-09-04 14:53:00-04:00,321.614990234375,AAPL
2026-09-04 14:54:00-04:00,321.6449890136719,AAPL
2026-09-04 14:55:00-04:00,321.7850036621094,AAPL
2026-09-04 14:56:00-04:00,321.6700134277344,AAPL
2026-09-04 14:57:00-04:00,321.6600036621094,AAPL
2026-09-04 14:58:00-04:00,321.614990234375,AAPL
2026-09-04 14:59:00-04:00,321.6650085449219,AAPL
2026-09-04 15:00:00-04:00,321.6698913574219,AAPL
2026-09-04 15:01:00-04:00,321.6650085449219,AAPL
2026-09-04 15:02:00-04:00,321.6050109863281,AAPL
2026-09-04 15:03:00-04:00,321.4049987792969,AAPL
2026-09-04 15:04:00-04:00,321.5,AAPL
2026-09-04 15:05:00-04:00,321.69000244140625,AAPL
2026-09-04 15:06:00-04:00,321.6400146484375,AAPL
2026-09-04 15:07:00-04:00,321.6199951171875,AAPL
2026-09-04 15:08:00-04:00,321.8399963378906,AAPL
2026-09-04 15:09:00-04:00,321.8800048828125,AAPL
2026-09-04 15:10:00-04:00,321.8434143066406,AAPL
2026-09-04 15:11:00-04:00,321.79998779296875,AAPL
2026-09-04 15:12:00-04:00,322.0450134277344,AAPL
2026-09-04 15:13:00-04:00,322.0400085449219,AAPL
2026-09-04 15:14:00-04:00,321.989990234375,AAPL
2026-09-04 15:15:00-04:00,321.8999938964844,AAPL
2026-09-04 15:16:00-04:00,321.8103942871094,AAPL
2026-09-04 15:17:00-04:00,321.80999755859375,AAPL
2026-09-04 15:18:00-04:00,321.76800537109375,AAPL
2026-09-04 15:19:00-04:00,321.7550048828125,AAPL
2026-09-04 15:20:00-04:00,321.9150085449219,AAPL
2026-09-04 15:21:00-04:00,321.8599853515625,AAPL
2026-09-04 15:22:00-04:00,321.9200134277344,AAPL
2026-09-04 15:23:00-04:00,321.94000244140625,AAPL
2026-09-04 15:24:00-04:00,321.8800048828125,AAPL
2026-09-04 15:25:00-04:00,321.9200134277344,AAPL
2026-09-04 15:26:00-04:00,321.864990234375,AAPL
2026-09-04 15:27:00-04:00,321.82000732421875,AAPL
2026-09-04 15:28:00-04:00,321.8100891113281,AAPL
2026-09-04 15:29:00-04:00,321.7850036621094,AAPL
2026-09-04 15:30:00-04:00,321.55499267578125,AAPL
2026-09-04 15:31:00-04:00,321.68499755859375,AAPL
2026-09-04 15:32:00-04:00,321.6400146484375,AAPL
2026-09-04 15:33:00-04:00,321.7049865722656,AAPL
2026-09-04 15:34:00-04:00,321.6400146484375,AAPL
2026-09-04 15:35:00-04:00,321.6401062011719,AAPL
2026-09-04 15:36:00-04:00,321.67999267578125,AAPL
2026-09-04 15:37:00-04:00,321.3900146484375,AAPL
2026-09-04 15:38:00-04:00,321.2499084472656,AAPL
2026-09-04 15:39:00-04:00,321.010009765625,AAPL
2026-09-04 15:40:00-04:00,320.9999084472656,AAPL
2026-09-04 15:41:00-04:00,321.0,AAPL
2026-09-04 15:42:00-04:00,320.8450012207031,AAPL
2026-09-04 15:43:00-04:00,320.6766052246094,AAPL
2026-09-04 15:44:00-04:00,320.67999267578125,AAPL
2026-09-04 15:45:00-04:00,320.6199951171875,AAPL
2026-09-04 15:46:00-04:00,320.6199951171875,AAPL
2026-09-04 15:47:00-04:00,320.69000244140625,AAPL
2026-09-04 15:48:00-04:00,320.4949951171875,AAPL
2026-09-04 15:49:00-04:00,320.5,AAPL
2026-09-04 15:50:00-04:00,320.3500061035156,AAPL
2026-09-04 15:51:00-04:00,320.3999938964844,AAPL
2026-09-04 15:52:00-04:00,320.57000732421875,AAPL
2026-09-04 15:53:00-04:00,320.5506896972656,AAPL
2026-09-04 15:54:00-04:00,320.7200012207031,AAPL
2026-09-04 15:55:00-04:00,320.6000061035156,AAPL
2026-09-04 15:56:00-04:00,320.3301086425781,AAPL
2026-09-04 15:57:00-04:00,320.2699890136719,AAPL
2026-09-04 15:58:00-04:00,319.8299865722656,AAPL
2026-09-04 15:59:00-04:00,319.989990234375,AAPL
2026-09-08 09:30:00-04:00,319.4700012207031,AAPL
2026-09-08 09:31:00-04:00,319.82000732421875,AAPL
2026-09-08 09:32:00-04:00,318.4551086425781,AAPL
2026-09-08 09:33:00-04:00,317.44500732421875,AAPL
2026-09-08 09:34:00-04:00,317.2698974609375,AAPL
2026-09-08 09:35:00-04:00,316.7950134277344,AAPL
2026-09-08 09:36:00-04:00,315.8399963378906,AAPL
2026-09-08 09:37:00-04:00,315.80499267578125,AAPL
2026-09-08 09:38:00-04:00,316.7550048828125,AAPL
2026-09-08 09:39:00-04:00,317.3500061035156,AAPL
2026-09-08 09:40:00-04:00,317.7099914550781,AAPL
2026-09-08 09:41:00-04:00,317.42999267578125,AAPL
2026-09-08 09:42:00-04:00,317.5950012207031,AAPL
2026-09-08 09:43:00-04:00,317.85260009765625,AAPL
2026-09-08 09:44:00-04:00,317.518310546875,AAPL
2026-09-08 09:45:00-04:00,316.94000244140625,AAPL
2026-09-08 09:46:00-04:00,317.0400085449219,AAPL
2026-09-08 09:47:00-04:00,316.3599853515625,AAPL
2026-09-08 09:48:00-04:00,316.6300048828125,AAPL
2026-09-08 09:49:00-04:00,316.2200012207031,AAPL
2026-09-08 09:50:00-04:00,316.0299987792969,AAPL
2026-09-08 09:51:00-04:00,316.07000732421875,AAPL
2026-09-08 09:52:00-04:00,316.1600036621094,AAPL
2026-09-08 09:53:00-04:00,316.5793151855469,AAPL
2026-09-08 09:54:00-04:00,316.4599914550781,AAPL
2026-09-08 09:55:00-04:00,317.20111083984375,AAPL
2026-09-08 09:56:00-04:00,317.19500732421875,AAPL
2026-09-08 09:57:00-04:00,317.5799865722656,AAPL
2026-09-08 09:58:00-04:00,317.25,AAPL
2026-09-08 09:59:00-04:00,316.8999938964844,AAPL
2026-09-08 10:00:00-04:00,317.2300109863281,AAPL
2026-09-08 10:01:00-04:00,316.7290954589844,AAPL
2026-09-08 10:02:00-04:00,316.6199951171875,AAPL
2026-09-08 10:03:00-04:00,316.5199890136719,AAPL
2026-09-08 10:04:00-04:00,316.85791015625,AAPL
2026-09-08 10:05:00-04:00,316.6000061035156,AAPL
2026-09-08 10:06:00-04:00,316.1400146484375,AAPL
2026-09-08 10:07:00-04:00,316.2099914550781,AAPL
2026-09-08 10:08:00-04:00,316.20001220703125,AAPL
2026-09-08 10:09:00-04:00,315.9549865722656,AAPL
2026-09-08 10:10:00-04:00,315.8399963378906,AAPL
2026-09-08 10:11:00-04:00,315.7799987792969,AAPL
2026-09-08 10:12:00-04:00,315.95001220703125,AAPL
2026-09-08 10:13:00-04:00,315.8800048828125,AAPL
2026-09-08 10:14:00-04:00,315.885009765625,AAPL
2026-09-08 10:15:00-04:00,315.6900939941406,AAPL
2026-09-08 10:16:00-04:00,315.6099853515625,AAPL
2026-09-08 10:17:00-04:00,315.6400146484375,AAPL
2026-09-08 10:18:00-04:00,315.8450012207031,AAPL
2026-09-08 10:19:00-04:00,315.9588928222656,AAPL
2026-09-08 10:20:00-04:00,315.8800048828125,AAPL
2026-09-08 10:21:00-04:00,315.7550048828125,AAPL
2026-09-08 10:22:00-04:00,315.6650085449219,AAPL
2026-09-08 10:23:00-04:00,315.6499938964844,AAPL
2026-09-08 10:24:00-04:00,315.739990234375,AAPL
2026-09-08 10:25:00-04:00,315.8550109863281,AAPL
2026-09-08 10:26:00-04:00,315.6426086425781,AAPL
2026-09-08 10:27:00-04:00,315.3299865722656,AAPL
2026-09-08 10:28:00-04:00,315.3699951171875,AAPL
2026-09-08 10:29:00-04:00,315.6700134277344,AAPL
2026-09-08 10:30:00-04:00,315.5060119628906,AAPL
2026-09-08 10:31:00-04:00,315.42498779296875,AAPL
2026-09-08 10:32:00-04:00,315.3599853515625,AAPL
2026-09-08 10:33:00-04:00,315.5199890136719,AAPL
2026-09-08 10:34:00-04:00,315.6549987792969,AAPL
2026-09-08 10:35:00-04:00,315.5199890136719,AAPL
2026-09-08 10:36:00-04:00,315.6050109863281,AAPL
2026-09-08 10:37:00-04:00,315.739990234375,AAPL
2026-09-08 10:38:00-04:00,315.8299865722656,AAPL
2026-09-08 10:39:00-04:00,315.9200134277344,AAPL
2026-09-08 10:40:00-04:00,315.7799987792969,AAPL
2026-09-08 10:41:00-04:00,316.05499267578125,AAPL
2026-09-08 10:42:00-04:00,316.1400146484375,AAPL
2026-09-08 10:43:00-04:00,316.0199890136719,AAPL
2026-09-08 10:44:00-04:00,316.0899963378906,AAPL
2026-09-08 10:45:00-04:00,315.95001220703125,AAPL
2026-09-08 10:46:00-04:00,316.0150146484375,AAPL
2026-09-08 10:47:00-04:00,315.9800109863281,AAPL
2026-09-08 10:48:00-04:00,315.989990234375,AAPL
2026-09-08 10:49:00-04:00,316.1650085449219,AAPL
2026-09-08 10:50:00-04:00,316.2699890136719,AAPL
2026-09-08 10:51:00-04:00,316.0299987792969,AAPL
2026-09-08 10:52:00-04:00,316.0799865722656,AAPL
2026-09-08 10:53:00-04:00,316.2250061035156,AAPL
2026-09-08 10:54:00-04:00,316.2799987792969,AAPL
2026-09-08 10:55:00-04:00,316.3251037597656,AAPL
2026-09-08 10:56:00-04:00,316.114990234375,AAPL
2026-09-08 10:57:00-04:00,315.7550048828125,AAPL
2026-09-08 10:58:00-04:00,315.7200012207031,AAPL
2026-09-08 10:59:00-04:00,315.974609375,AAPL
2026-09-08 11:00:00-04:00,316.010009765625,AAPL
2026-09-08 11:01:00-04:00,316.0299987792969,AAPL
2026-09-08 11:02:00-04:00,316.0350036621094,AAPL
2026-09-08 11:03:00-04:00,316.4049987792969,AAPL
2026-09-08 11:04:00-04:00,316.42498779296875,AAPL
2026-09-08 11:05:00-04:00,316.3699951171875,AAPL
2026-09-08 11:06:00-04:00,316.0400085449219,AAPL
2026-09-08 11:07:00-04:00,315.9999084472656,AAPL
2026-09-08 11:08:00-04:00,315.9700012207031,AAPL
2026-09-08 11:09:00-04:00,315.7900085449219,AAPL
2026-09-08 11:10:00-04:00,316.3999938964844,AAPL
2026-09-08 11:11:00-04:00,316.3399963378906,AAPL
2026-09-08 11:12:00-04:00,316.31500244140625,AAPL
2026-09-08 11:13:00-04:00,316.42999267578125,AAPL
2026-09-08 11:14:00-04:00,316.20001220703125,AAPL
2026-09-08 11:15:00-04:00,316.3900146484375,AAPL
2026-09-08 11:16:00-04:00,316.31781005859375,AAPL
2026-09-08 11:17:00-04:00,316.1300048828125,AAPL
2026-09-08 11:18:00-04:00,316.0299987792969,AAPL
2026-09-08 11:19:00-04:00,315.8949890136719,AAPL
2026-09-08 11:20:00-04:00,315.95001220703125,AAPL
2026-09-08 11:21:00-04:00,315.8299865722656,AAPL
2026-09-08 11:22:00-04:00,315.7950134277344,AAPL
2026-09-08 11:23:00-04:00,315.9800109863281,AAPL
2026-09-08 11:24:00-04:00,316.375,AAPL
2026-09-08 11:25:00-04:00,316.5115966796875,AAPL
2026-09-08 11:26:00-04:00,316.5199890136719,AAPL
2026-09-08 11:27:00-04:00,316.30999755859375,AAPL
2026-09-08 11:28:00-04:00,316.4200134277344,AAPL
2026-09-08 11:29:00-04:00,316.2491149902344,AAPL
2026-09-08 11:30:00-04:00,316.32000732421875,AAPL
2026-09-08 11:31:00-04:00,316.25,AAPL
2026-09-08 11:32:00-04:00,316.1499938964844,AAPL
2026-09-08 11:33:00-04:00,316.2349853515625,AAPL
2026-09-08 11:34:00-04:00,316.260009765625,AAPL
2026-09-08 11:35:00-04:00,316.2850036621094,AAPL
2026-09-08 11:36:00-04:00,316.2799987792969,AAPL
2026-09-08 11:37:00-04:00,316.3299865722656,AAPL
2026-09-08 11:38:00-04:00,316.260009765625,AAPL
2026-09-08 11:39:00-04:00,316.2950134277344,AAPL
2026-09-08 11:40:00-04:00,316.30499267578125,AAPL
2026-09-08 11:41:00-04:00,316.4649963378906,AAPL
2026-09-08 11:42:00-04:00,316.69000244140625,AAPL
2026-09-08 11:43:00-04:00,316.6199951171875,AAPL
2026-09-08 11:44:00-04:00,316.4150085449219,AAPL
2026-09-08 11:45:00-04:00,316.55999755859375,AAPL
2026-09-08 11:46:00-04:00,316.2950134277344,AAPL
2026-09-08 11:47:00-04:00,316.1400146484375,AAPL
2026-09-08 11:48:00-04:00,316.2650146484375,AAPL
2026-09-08 11:49:00-04:00,316.19500732421875,AAPL
2026-09-08 11:50:00-04:00,316.2749938964844,AAPL
2026-09-08 11:51:00-04:00,316.42999267578125,AAPL
2026-09-08 11:52:00-04:00,316.4049987792969,AAPL
2026-09-08 11:53:00-04:00,316.32000732421875,AAPL
2026-09-08 11:54:00-04:00,316.1600036621094,AAPL
2026-09-08 11:55:00-04:00,316.0899963378906,AAPL
2026-09-08 11:56:00-04:00,316.1600036621094,AAPL
2026-09-08 11:57:00-04:00,316.1600036621094,AAPL
2026-09-08 11:58:00-04:00,316.1400146484375,AAPL
2026-09-08 11:59:00-04:00,316.07989501953125,AAPL
2026-09-08 12:00:00-04:00,315.9100036621094,AAPL
2026-09-08 12:01:00-04:00,315.875,AAPL
2026-09-08 12:02:00-04:00,315.989990234375,AAPL
2026-09-08 12:03:00-04:00,316.0199890136719,AAPL
2026-09-08 12:04:00-04:00,316.0299987792969,AAPL
2026-09-08 12:05:00-04:00,316.2361145019531,AAPL
2026-09-08 12:06:00-04:00,316.1416015625,AAPL
2026-09-08 12:07:00-04:00,315.875,AAPL
2026-09-08 12:08:00-04:00,315.7898864746094,AAPL
2026-09-08 12:09:00-04:00,315.7300109863281,AAPL
2026-09-08 12:10:00-04:00,315.67999267578125,AAPL
2026-09-08 12:11:00-04:00,315.6400146484375,AAPL
2026-09-08 12:12:00-04:00,315.625,AAPL
2026-09-08 12:13:00-04:00,315.6499938964844,AAPL
2026-09-08 12:14:00-04:00,315.5950012207031,AAPL
2026-09-08 12:15:00-04:00,315.739990234375,AAPL
2026-09-08 12:16:00-04:00,315.54998779296875,AAPL
2026-09-08 12:17:00-04:00,315.5199890136719,AAPL
2026-09-08 12:18:00-04:00,315.489990234375,AAPL
2026-09-08 12:19:00-04:00,315.489990234375,AAPL
2026-09-08 12:20:00-04:00,315.8599853515625,AAPL
2026-09-08 12:21:00-04:00,315.8900146484375,AAPL
2026-09-08 12:22:00-04:00,315.8395080566406,AAPL
2026-09-08 12:23:00-04:00,315.7799987792969,AAPL
2026-09-08 12:24:00-04:00,315.7900085449219,AAPL
2026-09-08 12:25:00-04:00,315.94000244140625,AAPL
2026-09-08 12:26:00-04:00,315.8900146484375,AAPL
2026-09-08 12:27:00-04:00,315.9100036621094,AAPL
2026-09-08 12:28:00-04:00,316.05999755859375,AAPL
2026-09-08 12:29:00-04:00,316.0849914550781,AAPL
2026-09-08 12:30:00-04:00,316.0050048828125,AAPL
2026-09-08 12:31:00-04:00,316.0249938964844,AAPL
2026-09-08 12:32:00-04:00,316.0,AAPL
2026-09-08 12:33:00-04:00,316.0199890136719,AAPL
2026-09-08 12:34:00-04:00,315.95001220703125,AAPL
2026-09-08 12:35:00-04:00,316.0299987792969,AAPL
2026-09-08 12:36:00-04:00,315.92999267578125,AAPL
2026-09-08 12:37:00-04:00,315.9200134277344,AAPL
2026-09-08 12:38:00-04:00,315.9891052246094,AAPL
2026-09-08 12:39:00-04:00,316.0199890136719,AAPL
2026-09-08 12:40:00-04:00,316.0,AAPL
2026-09-08 12:41:00-04:00,316.1099853515625,AAPL
2026-09-08 12:42:00-04:00,316.0599060058594,AAPL
2026-09-08 12:43:00-04:00,316.0799865722656,AAPL
2026-09-08 12:44:00-04:00,316.0899963378906,AAPL
2026-09-08 12:45:00-04:00,316.1000061035156,AAPL
2026-09-08 12:46:00-04:00,316.159912109375,AAPL
2026-09-08 12:47:00-04:00,316.01129150390625,AAPL
2026-09-08 12:48:00-04:00,316.07000732421875,AAPL
2026-09-08 12:49:00-04:00,316.1050109863281,AAPL
2026-09-08 12:50:00-04:00,316.0299987792969,AAPL
2026-09-08 12:51:00-04:00,316.1000061035156,AAPL
2026-09-08 12:52:00-04:00,316.0199890136719,AAPL
2026-09-08 12:53:00-04:00,316.125,AAPL
2026-09-08 12:54:00-04:00,316.0799865722656,AAPL
2026-09-08 12:55:00-04:00,316.0299987792969,AAPL
2026-09-08 12:56:00-04:00,315.8999938964844,AAPL
2026-09-08 12:57:00-04:00,315.8999938964844,AAPL
2026-09-08 12:58:00-04:00,315.8999938964844,AAPL
2026-09-08 12:59:00-04:00,315.989990234375,AAPL
2026-09-08 13:00:00-04:00,316.1499938964844,AAPL
2026-09-08 13:01:00-04:00,316.3500061035156,AAPL
2026-09-08 13:02:00-04:00,316.385009765625,AAPL
2026-09-08 13:03:00-04:00,316.3349914550781,AAPL
2026-09-08 13:04:00-04:00,316.4200134277344,AAPL
2026-09-08 13:05:00-04:00,316.4649963378906,AAPL
2026-09-08 13:06:00-04:00,316.5400085449219,AAPL
2026-09-08 13:07:00-04:00,316.4599914550781,AAPL
2026-09-08 13:08:00-04:00,316.260009765625,AAPL
2026-09-08 13:09:00-04:00,316.18499755859375,AAPL
2026-09-08 13:10:00-04:00,316.2250061035156,AAPL
2026-09-08 13:11:00-04:00,316.1650085449219,AAPL
2026-09-08 13:12:00-04:00,316.09991455078125,AAPL
2026-09-08 13:13:00-04:00,316.1400146484375,AAPL
2026-09-08 13:14:00-04:00,316.18499755859375,AAPL
2026-09-08 13:15:00-04:00,316.0899963378906,AAPL
2026-09-08 13:16:00-04:00,316.05999755859375,AAPL
2026-09-08 13:17:00-04:00,316.1300048828125,AAPL
2026-09-08 13:18:00-04:00,316.1600036621094,AAPL
2026-09-08 13:19:00-04:00,316.07000732421875,AAPL
2026-09-08 13:20:00-04:00,315.9100036621094,AAPL
2026-09-08 13:21:00-04:00,315.9200134277344,AAPL
2026-09-08 13:22:00-04:00,315.9800109863281,AAPL
2026-09-08 13:23:00-04:00,316.11700439453125,AAPL
2026-09-08 13:24:00-04:00,316.1000061035156,AAPL
2026-09-08 13:25:00-04:00,316.0,AAPL
2026-09-08 13:26:00-04:00,316.04998779296875,AAPL
2026-09-08 13:27:00-04:00,316.0799865722656,AAPL
2026-09-08 13:28:00-04:00,316.2200012207031,AAPL
2026-09-08 13:29:00-04:00,316.2699890136719,AAPL
2026-09-08 13:30:00-04:00,316.2099914550781,AAPL
2026-09-08 13:31:00-04:00,316.17498779296875,AAPL
2026-09-08 13:32:00-04:00,316.2300109863281,AAPL
2026-09-08 13:33:00-04:00,316.2699890136719,AAPL
2026-09-08 13:34:00-04:00,316.20001220703125,AAPL
2026-09-08 13:35:00-04:00,316.17999267578125,AAPL
2026-09-08 13:36:00-04:00,316.1650085449219,AAPL
2026-09-08 13:37:00-04:00,316.17999267578125,AAPL
2026-09-08 13:38:00-04:00,316.17999267578125,AAPL
2026-09-08 13:39:00-04:00,316.04998779296875,AAPL
2026-09-08 13:40:00-04:00,316.1099853515625,AAPL
2026-09-08 13:41:00-04:00,316.1400146484375,AAPL
2026-09-08 13:42:00-04:00,316.19000244140625,AAPL
2026-09-08 13:43:00-04:00,316.2099914550781,AAPL
2026-09-08 13:44:00-04:00,316.260009765625,AAPL
2026-09-08 13:45:00-04:00,316.2099914550781,AAPL
2026-09-08 13:46:00-04:00,316.1449890136719,AAPL
2026-09-08 13:47:00-04:00,316.11358642578125,AAPL
2026-09-08 13:48:00-04:00,316.1300048828125,AAPL
2026-09-08 13:49:00-04:00,316.1600036621094,AAPL
2026-09-08 13:50:00-04:00,316.0849914550781,AAPL
2026-09-08 13:51:00-04:00,316.04998779296875,AAPL
2026-09-08 13:52:00-04:00,316.07501220703125,AAPL
2026-09-08 13:53:00-04:00,316.0201110839844,AAPL
2026-09-08 13:54:00-04:00,316.0150146484375,AAPL
2026-09-08 13:55:00-04:00,316.0450134277344,AAPL
2026-09-08 13:56:00-04:00,315.9849853515625,AAPL
2026-09-08 13:57:00-04:00,316.0400085449219,AAPL
2026-09-08 13:58:00-04:00,316.0,AAPL
2026-09-08 13:59:00-04:00,316.0299987792969,AAPL
2026-09-08 14:00:00-04:00,316.114990234375,AAPL
2026-09-08 14:01:00-04:00,316.20001220703125,AAPL
2026-09-08 14:02:00-04:00,316.20001220703125,AAPL
2026-09-08 14:03:00-04:00,316.1698913574219,AAPL
2026-09-08 14:04:00-04:00,316.1225891113281,AAPL
2026-09-08 14:05:00-04:00,316.2340087890625,AAPL
2026-09-08 14:06:00-04:00,316.1600036621094,AAPL
2026-09-08 14:07:00-04:00,316.0899963378906,AAPL
2026-09-08 14:08:00-04:00,316.1400146484375,AAPL
2026-09-08 14:09:00-04:00,316.07000732421875,AAPL
2026-09-08 14:10:00-04:00,316.09259033203125,AAPL
2026-09-08 14:11:00-04:00,316.07000732421875,AAPL
2026-09-08 14:12:00-04:00,316.3299865722656,AAPL
2026-09-08 14:13:00-04:00,316.3399963378906,AAPL
2026-09-08 14:14:00-04:00,316.32501220703125,AAPL
2026-09-08 14:15:00-04:00,316.364990234375,AAPL
2026-09-08 14:16:00-04:00,316.2898864746094,AAPL
2026-09-08 14:17:00-04:00,316.2900085449219,AAPL
2026-09-08 14:18:00-04:00,316.23541259765625,AAPL
2026-09-08 14:19:00-04:00,316.2799987792969,AAPL
2026-09-08 14:20:00-04:00,316.2900085449219,AAPL
2026-09-08 14:21:00-04:00,316.1400146484375,AAPL
2026-09-08 14:22:00-04:00,316.1050109863281,AAPL
2026-09-08 14:23:00-04:00,316.010009765625,AAPL
2026-09-08 14:24:00-04:00,315.9939880371094,AAPL
2026-09-08 14:25:00-04:00,316.19891357421875,AAPL
2026-09-08 14:26:00-04:00,316.2749938964844,AAPL
2026-09-08 14:27:00-04:00,316.6400146484375,AAPL
2026-09-08 14:28:00-04:00,316.55999755859375,AAPL
2026-09-08 14:29:00-04:00,316.3900146484375,AAPL
2026-09-08 14:30:00-04:00,316.3800048828125,AAPL
2026-09-08 14:31:00-04:00,316.2499084472656,AAPL
2026-09-08 14:32:00-04:00,316.1449890136719,AAPL
2026-09-08 14:33:00-04:00,315.9400939941406,AAPL
2026-09-08 14:34:00-04:00,315.8900146484375,AAPL
2026-09-08 14:35:00-04:00,315.9100036621094,AAPL
2026-09-08 14:36:00-04:00,316.0150146484375,AAPL
2026-09-08 14:37:00-04:00,315.889892578125,AAPL
2026-09-08 14:38:00-04:00,315.7799987792969,AAPL
2026-09-08 14:39:00-04:00,315.8550109863281,AAPL
2026-09-08 14:40:00-04:00,315.7300109863281,AAPL
2026-09-08 14:41:00-04:00,315.5400085449219,AAPL
2026-09-08 14:42:00-04:00,315.4700012207031,AAPL
2026-09-08 14:43:00-04:00,315.489990234375,AAPL
2026-09-08 14:44:00-04:00,315.4700012207031,AAPL
2026-09-08 14:45:00-04:00,315.489990234375,AAPL
2026-09-08 14:46:00-04:00,315.6000061035156,AAPL
2026-09-08 14:47:00-04:00,315.35888671875,AAPL
2026-09-08 14:48:00-04:00,315.0249938964844,AAPL
2026-09-08 14:49:00-04:00,315.17999267578125,AAPL
2026-09-08 14:50:00-04:00,315.4549865722656,AAPL
2026-09-08 14:51:00-04:00,315.5299987792969,AAPL
2026-09-08 14:52:00-04:00,315.5899963378906,AAPL
2026-09-08 14:53:00-04:00,315.739990234375,AAPL
2026-09-08 14:54:00-04:00,315.8599853515625,AAPL
2026-09-08 14:55:00-04:00,315.94000244140625,AAPL
2026-09-08 14:56:00-04:00,315.8500061035156,AAPL
2026-09-08 14:57:00-04:00,315.7300109863281,AAPL
2026-09-08 14:58:00-04:00,315.54998779296875,AAPL
2026-09-08 14:59:00-04:00,315.5299987792969,AAPL
2026-09-08 15:00:00-04:00,315.510009765625,AAPL
2026-09-08 15:01:00-04:00,315.4800109863281,AAPL
2026-09-08 15:02:00-04:00,315.4100036621094,AAPL
2026-09-08 15:03:00-04:00,315.44000244140625,AAPL
2026-09-08 15:04:00-04:00,315.5400085449219,AAPL
2026-09-08 15:05:00-04:00,315.625,AAPL
2026-09-08 15:06:00-04:00,315.69500732421875,AAPL
2026-09-08 15:07:00-04:00,316.05499267578125,AAPL
2026-09-08 15:08:00-04:00,316.1199951171875,AAPL
2026-09-08 15:09:00-04:00,316.2699890136719,AAPL
2026-09-08 15:10:00-04:00,316.4501037597656,AAPL
2026-09-08 15:11:00-04:00,316.32000732421875,AAPL
2026-09-08 15:12:00-04:00,316.2349853515625,AAPL
2026-09-08 15:13:00-04:00,316.04998779296875,AAPL
2026-09-08 15:14:00-04:00,316.0899963378906,AAPL
2026-09-08 15:15:00-04:00,315.9800109863281,AAPL
2026-09-08 15:16:00-04:00,315.9700012207031,AAPL
2026-09-08 15:17:00-04:00,315.8349914550781,AAPL
2026-09-08 15:18:00-04:00,315.7300109863281,AAPL
2026-09-08 15:19:00-04:00,315.7900085449219,AAPL
2026-09-08 15:20:00-04:00,315.89569091796875,AAPL
2026-09-08 15:21:00-04:00,315.94000244140625,AAPL
2026-09-08 15:22:00-04:00,315.8900146484375,AAPL
2026-09-08 15:23:00-04:00,315.885009765625,AAPL
2026-09-08 15:24:00-04:00,315.9049987792969,AAPL
2026-09-08 15:25:00-04:00,315.94000244140625,AAPL
2026-09-08 15:26:00-04:00,315.7749938964844,AAPL
2026-09-08 15:27:00-04:00,315.6700134277344,AAPL
2026-09-08 15:28:00-04:00,315.67608642578125,AAPL
2026-09-08 15:29:00-04:00,315.79998779296875,AAPL
2026-09-08 15:30:00-04:00,315.614990234375,AAPL
2026-09-08 15:31:00-04:00,315.8349914550781,AAPL
2026-09-08 15:32:00-04:00,316.07000732421875,AAPL
2026-09-08 15:33:00-04:00,316.0899963378906,AAPL
2026-09-08 15:34:00-04:00,316.04998779296875,AAPL
2026-09-08 15:35:00-04:00,316.04010009765625,AAPL
2026-09-08 15:36:00-04:00,316.0150146484375,AAPL
2026-09-08 15:37:00-04:00,316.1400146484375,AAPL
2026-09-08 15:38:00-04:00,316.1499938964844,AAPL
2026-09-08 15:39:00-04:00,316.29998779296875,AAPL
2026-09-08 15:40:00-04:00,316.2799987792969,AAPL
2026-09-08 15:41:00-04:00,316.2200012207031,AAPL
2026-09-08 15:42:00-04:00,316.1134033203125,AAPL
2026-09-08 15:43:00-04:00,316.1300048828125,AAPL
2026-09-08 15:44:00-04:00,316.17999267578125,AAPL
2026-09-08 15:45:00-04:00,316.1000061035156,AAPL
2026-09-08 15:46:00-04:00,316.04998779296875,AAPL
2026-09-08 15:47:00-04:00,316.1199951171875,AAPL
2026-09-08 15:48:00-04:00,316.1700134277344,AAPL
2026-09-08 15:49:00-04:00,316.25,AAPL
2026-09-08 15:50:00-04:00,316.0199890136719,AAPL
2026-09-08 15:51:00-04:00,316.0799865722656,AAPL
2026-09-08 15:52:00-04:00,316.2099914550781,AAPL
2026-09-08 15:53:00-04:00,316.07501220703125,AAPL
2026-09-08 15:54:00-04:00,316.42999267578125,AAPL
2026-09-08 15:55:00-04:00,316.17999267578125,AAPL
2026-09-08 15:56:00-04:00,315.9599914550781,AAPL
2026-09-08 15:57:00-04:00,315.8599853515625,AAPL
2026-09-08 15:58:00-04:00,315.9501037597656,AAPL
2026-09-08 15:59:00-04:00,316.3500061035156,AAPL
2026-09-09 09:30:00-04:00,315.93011474609375,AAPL
2026-09-09 09:31:00-04:00,315.7200012207031,AAPL
2026-09-09 09:32:00-04:00,315.8699951171875,AAPL
2026-09-09 09:33:00-04:00,315.3299865722656,AAPL
2026-09-09 09:34:00-04:00,315.5198974609375,AAPL
2026-09-09 09:35:00-04:00,315.8550109863281,AAPL
2026-09-09 09:36:00-04:00,315.8500061035156,AAPL
2026-09-09 09:37:00-04:00,315.8299865722656,AAPL
2026-09-09 09:38:00-04:00,315.82000732421875,AAPL
2026-09-09 09:39:00-04:00,315.95001220703125,AAPL
2026-09-09 09:40:00-04:00,315.80999755859375,AAPL
2026-09-09 09:41:00-04:00,316.1499938964844,AAPL
2026-09-09 09:42:00-04:00,316.1099853515625,AAPL
2026-09-09 09:43:00-04:00,315.95001220703125,AAPL
2026-09-09 09:44:00-04:00,315.85009765625,AAPL
2026-09-09 09:45:00-04:00,315.8800048828125,AAPL
2026-09-09 09:46:00-04:00,315.739990234375,AAPL
2026-09-09 09:47:00-04:00,316.0249938964844,AAPL
2026-09-09 09:48:00-04:00,316.1099853515625,AAPL
2026-09-09 09:49:00-04:00,316.0899963378906,AAPL
2026-09-09 09:50:00-04:00,316.25439453125,AAPL
2026-09-09 09:51:00-04:00,316.1499938964844,AAPL
2026-09-09 09:52:00-04:00,316.29998779296875,AAPL
2026-09-09 09:53:00-04:00,316.4400939941406,AAPL
2026-09-09 09:54:00-04:00,316.30999755859375,AAPL
2026-09-09 09:55:00-04:00,316.60009765625,AAPL
2026-09-09 09:56:00-04:00,316.6499938964844,AAPL
2026-09-09 09:57:00-04:00,317.0101013183594,AAPL
2026-09-09 09:58:00-04:00,317.506103515625,AAPL
2026-09-09 09:59:00-04:00,317.8749084472656,AAPL
2026-09-09 10:00:00-04:00,317.4700012207031,AAPL
2026-09-09 10:01:00-04:00,317.4549865722656,AAPL
2026-09-09 10:02:00-04:00,317.8900146484375,AAPL
2026-09-09 10:03:00-04:00,317.55499267578125,AAPL
2026-09-09 10:04:00-04:00,317.3699951171875,AAPL
2026-09-09 10:05:00-04:00,317.7099914550781,AAPL
2026-09-09 10:06:00-04:00,318.0523986816406,AAPL
2026-09-09 10:07:00-04:00,318.0350036621094,AAPL
2026-09-09 10:08:00-04:00,317.9700012207031,AAPL
2026-09-09 10:09:00-04:00,317.8916931152344,AAPL
2026-09-09 10:10:00-04:00,317.2004089355469,AAPL
2026-09-09 10:11:00-04:00,316.5068054199219,AAPL
2026-09-09 10:12:00-04:00,316.1050109863281,AAPL
2026-09-09 10:13:00-04:00,316.0950012207031,AAPL
2026-09-09 10:14:00-04:00,315.5350036621094,AAPL
2026-09-09 10:15:00-04:00,315.2749938964844,AAPL
2026-09-09 10:16:00-04:00,315.06500244140625,AAPL
2026-09-09 10:17:00-04:00,314.8550109863281,AAPL
2026-09-09 10:18:00-04:00,314.6449890136719,AAPL
2026-09-09 10:19:00-04:00,314.67010498046875,AAPL
2026-09-09 10:20:00-04:00,315.1600036621094,AAPL
2026-09-09 10:21:00-04:00,315.2300109863281,AAPL
2026-09-09 10:22:00-04:00,315.1600036621094,AAPL
2026-09-09 10:23:00-04:00,314.67999267578125,AAPL
2026-09-09 10:24:00-04:00,314.54998779296875,AAPL
2026-09-09 10:25:00-04:00,314.760009765625,AAPL
2026-09-09 10:26:00-04:00,314.6099853515625,AAPL
2026-09-09 10:27:00-04:00,314.6300048828125,AAPL
2026-09-09 10:28:00-04:00,314.6300048828125,AAPL
2026-09-09 10:29:00-04:00,314.75,AAPL
2026-09-09 10:30:00-04:00,314.6000061035156,AAPL
2026-09-09 10:31:00-04:00,314.20001220703125,AAPL
2026-09-09 10:32:00-04:00,313.7349853515625,AAPL
2026-09-09 10:33:00-04:00,313.6400146484375,AAPL
2026-09-09 10:34:00-04:00,313.89990234375,AAPL
2026-09-09 10:35:00-04:00,313.8399963378906,AAPL
2026-09-09 10:36:00-04:00,313.625,AAPL
2026-09-09 10:37:00-04:00,313.3500061035156,AAPL
2026-09-09 10:38:00-04:00,313.3999938964844,AAPL
2026-09-09 10:39:00-04:00,313.0400085449219,AAPL
2026-09-09 10:40:00-04:00,313.125,AAPL
2026-09-09 10:41:00-04:00,313.20001220703125,AAPL
2026-09-09 10:42:00-04:00,313.25,AAPL
2026-09-09 10:43:00-04:00,313.2099914550781,AAPL
2026-09-09 10:44:00-04:00,313.239990234375,AAPL
2026-09-09 10:45:00-04:00,313.5,AAPL
2026-09-09 10:46:00-04:00,313.4800109863281,AAPL
2026-09-09 10:47:00-04:00,313.3999938964844,AAPL
2026-09-09 10:48:00-04:00,313.1700134277344,AAPL
2026-09-09 10:49:00-04:00,313.44000244140625,AAPL
2026-09-09 10:50:00-04:00,313.2699890136719,AAPL
2026-09-09 10:51:00-04:00,313.4800109863281,AAPL
2026-09-09 10:52:00-04:00,313.3999938964844,AAPL
2026-09-09 10:53:00-04:00,313.6099853515625,AAPL
2026-09-09 10:54:00-04:00,313.54998779296875,AAPL
2026-09-09 10:55:00-04:00,313.30499267578125,AAPL
2026-09-09 10:56:00-04:00,313.2900085449219,AAPL
2026-09-09 10:57:00-04:00,313.37799072265625,AAPL
2026-09-09 10:58:00-04:00,313.2650146484375,AAPL
2026-09-09 10:59:00-04:00,313.375,AAPL
2026-09-09 11:00:00-04:00,313.0199890136719,AAPL
2026-09-09 11:01:00-04:00,312.7799987792969,AAPL
2026-09-09 11:02:00-04:00,312.5199890136719,AAPL
2026-09-09 11:03:00-04:00,312.7699890136719,AAPL
2026-09-09 11:04:00-04:00,312.55499267578125,AAPL
2026-09-09 11:05:00-04:00,312.55499267578125,AAPL
2026-09-09 11:06:00-04:00,312.739990234375,AAPL
2026-09-09 11:07:00-04:00,312.9360046386719,AAPL
2026-09-09 11:08:00-04:00,312.8699951171875,AAPL
2026-09-09 11:09:00-04:00,312.4744873046875,AAPL
2026-09-09 11:10:00-04:00,312.5450134277344,AAPL
2026-09-09 11:11:00-04:00,312.32000732421875,AAPL
2026-09-09 11:12:00-04:00,312.3900146484375,AAPL
2026-09-09 11:13:00-04:00,312.3399963378906,AAPL
2026-09-09 11:14:00-04:00,312.2200012207031,AAPL
2026-09-09 11:15:00-04:00,312.385009765625,AAPL
2026-09-09 11:16:00-04:00,312.3699951171875,AAPL
2026-09-09 11:17:00-04:00,312.4100036621094,AAPL
2026-09-09 11:18:00-04:00,312.489990234375,AAPL
2026-09-09 11:19:00-04:00,312.7099914550781,AAPL
2026-09-09 11:20:00-04:00,312.6400146484375,AAPL
2026-09-09 11:21:00-04:00,312.4898986816406,AAPL
2026-09-09 11:22:00-04:00,312.17498779296875,AAPL
2026-09-09 11:23:00-04:00,312.2069091796875,AAPL
2026-09-09 11:24:00-04:00,312.2749938964844,AAPL
2026-09-09 11:25:00-04:00,312.2900085449219,AAPL
2026-09-09 11:26:00-04:00,312.2799987792969,AAPL
2026-09-09 11:27:00-04:00,312.5199890136719,AAPL
2026-09-09 11:28:00-04:00,312.4649963378906,AAPL
2026-09-09 11:29:00-04:00,312.5025939941406,AAPL
2026-09-09 11:30:00-04:00,312.3699951171875,AAPL
2026-09-09 11:31:00-04:00,312.3299865722656,AAPL
2026-09-09 11:32:00-04:00,312.7300109863281,AAPL
2026-09-09 11:33:00-04:00,313.0450134277344,AAPL
2026-09-09 11:34:00-04:00,313.2149963378906,AAPL
2026-09-09 11:35:00-04:00,313.364990234375,AAPL
2026-09-09 11:36:00-04:00,313.4100036621094,AAPL
2026-09-09 11:37:00-04:00,313.2699890136719,AAPL
2026-09-09 11:38:00-04:00,313.2200012207031,AAPL
2026-09-09 11:39:00-04:00,313.4100036621094,AAPL
2026-09-09 11:40:00-04:00,313.3999938964844,AAPL
2026-09-09 11:41:00-04:00,313.0950012207031,AAPL
2026-09-09 11:42:00-04:00,313.0799865722656,AAPL
2026-09-09 11:43:00-04:00,313.3450012207031,AAPL
2026-09-09 11:44:00-04:00,313.2900085449219,AAPL
2026-09-09 11:45:00-04:00,313.20001220703125,AAPL
2026-09-09 11:46:00-04:00,313.2850036621094,AAPL
2026-09-09 11:47:00-04:00,313.22259521484375,AAPL
2026-09-09 11:48:00-04:00,313.32000732421875,AAPL
2026-09-09 11:49:00-04:00,313.43499755859375,AAPL
2026-09-09 11:50:00-04:00,313.42498779296875,AAPL
2026-09-09 11:51:00-04:00,313.30010986328125,AAPL
2026-09-09 11:52:00-04:00,313.4150085449219,AAPL
2026-09-09 11:53:00-04:00,313.42999267578125,AAPL
2026-09-09 11:54:00-04:00,313.4100036621094,AAPL
2026-09-09 11:55:00-04:00,313.29998779296875,AAPL
2026-09-09 11:56:00-04:00,313.1700134277344,AAPL
2026-09-09 11:57:00-04:00,313.1400146484375,AAPL
2026-09-09 11:58:00-04:00,313.1000061035156,AAPL
2026-09-09 11:59:00-04:00,313.17498779296875,AAPL
2026-09-09 12:00:00-04:00,312.94000244140625,AAPL
2026-09-09 12:01:00-04:00,313.06500244140625,AAPL
2026-09-09 12:02:00-04:00,313.19500732421875,AAPL
2026-09-09 12:03:00-04:00,313.19000244140625,AAPL
2026-09-09 12:04:00-04:00,313.20001220703125,AAPL
2026-09-09 12:05:00-04:00,313.2300109863281,AAPL
2026-09-09 12:06:00-04:00,313.2900085449219,AAPL
2026-09-09 12:07:00-04:00,313.2120056152344,AAPL
2026-09-09 12:08:00-04:00,313.2300109863281,AAPL
2026-09-09 12:09:00-04:00,313.1700134277344,AAPL
2026-09-09 12:10:00-04:00,313.3599853515625,AAPL
2026-09-09 12:11:00-04:00,313.42498779296875,AAPL
2026-09-09 12:12:00-04:00,313.36248779296875,AAPL
2026-09-09 12:13:00-04:00,313.43499755859375,AAPL
2026-09-09 12:14:00-04:00,313.385009765625,AAPL
2026-09-09 12:15:00-04:00,313.32000732421875,AAPL
2026-09-09 12:16:00-04:00,313.5,AAPL
2026-09-09 12:17:00-04:00,313.55999755859375,AAPL
2026-09-09 12:18:00-04:00,313.6650085449219,AAPL
2026-09-09 12:19:00-04:00,313.6000061035156,AAPL
2026-09-09 12:20:00-04:00,313.5400085449219,AAPL
2026-09-09 12:21:00-04:00,313.6199951171875,AAPL
2026-09-09 12:22:00-04:00,313.55810546875,AAPL
2026-09-09 12:23:00-04:00,313.5199890136719,AAPL
2026-09-09 12:24:00-04:00,313.42498779296875,AAPL
2026-09-09 12:25:00-04:00,313.4800109863281,AAPL
2026-09-09 12:26:00-04:00,313.4800109863281,AAPL
2026-09-09 12:27:00-04:00,313.5299987792969,AAPL
2026-09-09 12:28:00-04:00,313.54998779296875,AAPL
2026-09-09 12:29:00-04:00,313.6650085449219,AAPL
2026-09-09 12:30:00-04:00,313.5799865722656,AAPL
2026-09-09 12:31:00-04:00,313.7049865722656,AAPL
2026-09-09 12:32:00-04:00,313.7300109863281,AAPL
2026-09-09 12:33:00-04:00,313.70001220703125,AAPL
2026-09-09 12:34:00-04:00,313.5799865722656,AAPL
2026-09-09 12:35:00-04:00,313.54949951171875,AAPL
2026-09-09 12:36:00-04:00,313.5450134277344,AAPL
2026-09-09 12:37:00-04:00,313.5450134277344,AAPL
2026-09-09 12:38:00-04:00,313.6499938964844,AAPL
2026-09-09 12:39:00-04:00,313.6400146484375,AAPL
2026-09-09 12:40:00-04:00,313.7499084472656,AAPL
2026-09-09 12:41:00-04:00,313.8900146484375,AAPL
2026-09-09 12:42:00-04:00,313.8800048828125,AAPL
2026-09-09 12:43:00-04:00,314.0,AAPL
2026-09-09 12:44:00-04:00,314.3399963378906,AAPL
2026-09-09 12:45:00-04:00,314.0899963378906,AAPL
2026-09-09 12:46:00-04:00,313.7701110839844,AAPL
2026-09-09 12:47:00-04:00,313.739990234375,AAPL
2026-09-09 12:48:00-04:00,313.7659912109375,AAPL
2026-09-09 12:49:00-04:00,313.6400146484375,AAPL
2026-09-09 12:50:00-04:00,313.8599853515625,AAPL
2026-09-09 12:51:00-04:00,313.9200134277344,AAPL
2026-09-09 12:52:00-04:00,313.73388671875,AAPL
2026-09-09 12:53:00-04:00,313.9200134277344,AAPL
2026-09-09 12:54:00-04:00,313.885009765625,AAPL
2026-09-09 12:55:00-04:00,313.7550048828125,AAPL
2026-09-09 12:56:00-04:00,313.7900085449219,AAPL
2026-09-09 12:57:00-04:00,313.8299865722656,AAPL
2026-09-09 12:58:00-04:00,314.03009033203125,AAPL
2026-09-09 12:59:00-04:00,314.010009765625,AAPL
2026-09-09 13:00:00-04:00,314.3949890136719,AAPL
2026-09-09 13:01:00-04:00,314.92999267578125,AAPL
2026-09-09 13:02:00-04:00,314.1099853515625,AAPL
2026-09-09 13:03:00-04:00,313.4599914550781,AAPL
2026-09-09 13:04:00-04:00,313.0332946777344,AAPL
2026-09-09 13:05:00-04:00,312.864990234375,AAPL
2026-09-09 13:06:00-04:00,312.7699890136719,AAPL
2026-09-09 13:07:00-04:00,312.6000061035156,AAPL
2026-09-09 13:08:00-04:00,312.7250061035156,AAPL
2026-09-09 13:09:00-04:00,313.6000061035156,AAPL
2026-09-09 13:10:00-04:00,313.17999267578125,AAPL
2026-09-09 13:11:00-04:00,313.0,AAPL
2026-09-09 13:12:00-04:00,313.05999755859375,AAPL
2026-09-09 13:13:00-04:00,312.5350036621094,AAPL
2026-09-09 13:14:00-04:00,312.8599853515625,AAPL
2026-09-09 13:15:00-04:00,312.88519287109375,AAPL
2026-09-09 13:16:00-04:00,312.1199951171875,AAPL
2026-09-09 13:17:00-04:00,311.6600036621094,AAPL
2026-09-09 13:18:00-04:00,311.28009033203125,AAPL
2026-09-09 13:19:00-04:00,311.4599914550781,AAPL
2026-09-09 13:20:00-04:00,311.5199890136719,AAPL
2026-09-09 13:21:00-04:00,311.7049865722656,AAPL
2026-09-09 13:22:00-04:00,312.2726135253906,AAPL
2026-09-09 13:23:00-04:00,311.94000244140625,AAPL
2026-09-09 13:24:00-04:00,312.8800048828125,AAPL
2026-09-09 13:25:00-04:00,312.768310546875,AAPL
2026-09-09 13:26:00-04:00,312.510009765625,AAPL
2026-09-09 13:27:00-04:00,312.5350036621094,AAPL
2026-09-09 13:28:00-04:00,312.2200012207031,AAPL
2026-09-09 13:29:00-04:00,311.7049865722656,AAPL
2026-09-09 13:30:00-04:00,312.3800048828125,AAPL
2026-09-09 13:31:00-04:00,312.08990478515625,AAPL
2026-09-09 13:32:00-04:00,311.91009521484375,AAPL
2026-09-09 13:33:00-04:00,312.0809020996094,AAPL
2026-09-09 13:34:00-04:00,311.30999755859375,AAPL
2026-09-09 13:35:00-04:00,311.5299987792969,AAPL
2026-09-09 13:36:00-04:00,311.68499755859375,AAPL
2026-09-09 13:37:00-04:00,311.55499267578125,AAPL
2026-09-09 13:38:00-04:00,311.46099853515625,AAPL
2026-09-09 13:39:00-04:00,311.400390625,AAPL
2026-09-09 13:40:00-04:00,311.7900085449219,AAPL
2026-09-09 13:41:00-04:00,311.7749938964844,AAPL
2026-09-09 13:42:00-04:00,312.0299987792969,AAPL
2026-09-09 13:43:00-04:00,312.239990234375,AAPL
2026-09-09 13:44:00-04:00,312.5176086425781,AAPL
2026-09-09 13:45:00-04:00,312.5799865722656,AAPL
2026-09-09 13:46:00-04:00,312.55999755859375,AAPL
2026-09-09 13:47:00-04:00,312.5450134277344,AAPL
2026-09-09 13:48:00-04:00,312.2900085449219,AAPL
2026-09-09 13:49:00-04:00,312.5400085449219,AAPL
2026-09-09 13:50:00-04:00,312.3800048828125,AAPL
2026-09-09 13:51:00-04:00,312.45001220703125,AAPL
2026-09-09 13:52:00-04:00,312.5899963378906,AAPL
2026-09-09 13:53:00-04:00,313.0199890136719,AAPL
2026-09-09 13:54:00-04:00,312.94500732421875,AAPL
2026-09-09 13:55:00-04:00,314.1549987792969,AAPL
2026-09-09 13:56:00-04:00,314.1199951171875,AAPL
2026-09-09 13:57:00-04:00,314.0350036621094,AAPL
2026-09-09 13:58:00-04:00,313.4898986816406,AAPL
2026-09-09 13:59:00-04:00,313.2550048828125,AAPL
2026-09-09 14:00:00-04:00,312.7799987792969,AAPL
2026-09-09 14:01:00-04:00,312.96539306640625,AAPL
2026-09-09 14:02:00-04:00,313.4800109863281,AAPL
2026-09-09 14:03:00-04:00,313.67999267578125,AAPL
2026-09-09 14:04:00-04:00,312.8550109863281,AAPL
2026-09-09 14:05:00-04:00,312.4100036621094,AAPL
2026-09-09 14:06:00-04:00,312.4100036621094,AAPL
2026-09-09 14:07:00-04:00,312.45001220703125,AAPL
2026-09-09 14:08:00-04:00,311.9849853515625,AAPL
2026-09-09 14:09:00-04:00,311.885009765625,AAPL
2026-09-09 14:10:00-04:00,311.8500061035156,AAPL
2026-09-09 14:11:00-04:00,311.9150085449219,AAPL
2026-09-09 14:12:00-04:00,311.3500061035156,AAPL
2026-09-09 14:13:00-04:00,311.2049865722656,AAPL
2026-09-09 14:14:00-04:00,310.0799865722656,AAPL
2026-09-09 14:15:00-04:00,311.1400146484375,AAPL
2026-09-09 14:16:00-04:00,310.44000244140625,AAPL
2026-09-09 14:17:00-04:00,310.6889953613281,AAPL
2026-09-09 14:18:00-04:00,310.30999755859375,AAPL
2026-09-09 14:19:00-04:00,310.989990234375,AAPL
2026-09-09 14:20:00-04:00,312.07501220703125,AAPL
2026-09-09 14:21:00-04:00,312.4613037109375,AAPL
2026-09-09 14:22:00-04:00,312.7550048828125,AAPL
2026-09-09 14:23:00-04:00,313.03009033203125,AAPL
2026-09-09 14:24:00-04:00,313.1050109863281,AAPL
2026-09-09 14:25:00-04:00,312.31500244140625,AAPL
2026-09-09 14:26:00-04:00,312.6650085449219,AAPL
2026-09-09 14:27:00-04:00,312.3200988769531,AAPL
2026-09-09 14:28:00-04:00,312.4100036621094,AAPL
2026-09-09 14:29:00-04:00,312.1300048828125,AAPL
2026-09-09 14:30:00-04:00,312.1400146484375,AAPL
2026-09-09 14:31:00-04:00,312.2799072265625,AAPL
2026-09-09 14:32:00-04:00,312.1499938964844,AAPL
2026-09-09 14:33:00-04:00,312.5799865722656,AAPL
2026-09-09 14:34:00-04:00,312.57501220703125,AAPL
2026-09-09 14:35:00-04:00,312.67999267578125,AAPL
2026-09-09 14:36:00-04:00,312.8299865722656,AAPL
2026-09-09 14:37:00-04:00,312.70001220703125,AAPL
2026-09-09 14:38:00-04:00,312.8500061035156,AAPL
2026-09-09 14:39:00-04:00,312.7349853515625,AAPL
2026-09-09 14:40:00-04:00,312.880615234375,AAPL
2026-09-09 14:41:00-04:00,313.7850036621094,AAPL
2026-09-09 14:42:00-04:00,313.82000732421875,AAPL
2026-09-09 14:43:00-04:00,313.5950012207031,AAPL
2026-09-09 14:44:00-04:00,314.1199951171875,AAPL
2026-09-09 14:45:00-04:00,314.389892578125,AAPL
2026-09-09 14:46:00-04:00,315.17999267578125,AAPL
2026-09-09 14:47:00-04:00,315.50390625,AAPL
2026-09-09 14:48:00-04:00,315.885009765625,AAPL
2026-09-09 14:49:00-04:00,316.6600036621094,AAPL
2026-09-09 14:50:00-04:00,317.260009765625,AAPL
2026-09-09 14:51:00-04:00,318.0874938964844,AAPL
2026-09-09 14:52:00-04:00,318.2650146484375,AAPL
2026-09-09 14:53:00-04:00,318.3280029296875,AAPL
2026-09-09 14:54:00-04:00,318.5199890136719,AAPL
2026-09-09 14:55:00-04:00,318.6700134277344,AAPL
2026-09-09 14:56:00-04:00,317.9259948730469,AAPL
2026-09-09 14:57:00-04:00,317.8699951171875,AAPL
2026-09-09 14:58:00-04:00,316.92999267578125,AAPL
2026-09-09 14:59:00-04:00,316.6600036621094,AAPL
2026-09-09 15:00:00-04:00,317.1549987792969,AAPL
2026-09-09 15:01:00-04:00,316.1200866699219,AAPL
2026-09-09 15:02:00-04:00,315.6182861328125,AAPL
2026-09-09 15:03:00-04:00,316.1383056640625,AAPL
2026-09-09 15:04:00-04:00,316.1400146484375,AAPL
2026-09-09 15:05:00-04:00,316.6199951171875,AAPL
2026-09-09 15:06:00-04:00,315.8399963378906,AAPL
2026-09-09 15:07:00-04:00,315.8700866699219,AAPL
2026-09-09 15:08:00-04:00,315.68499755859375,AAPL
2026-09-09 15:09:00-04:00,315.69500732421875,AAPL
2026-09-09 15:10:00-04:00,315.239990234375,AAPL
2026-09-09 15:11:00-04:00,315.92999267578125,AAPL
2026-09-09 15:12:00-04:00,316.0849914550781,AAPL
2026-09-09 15:13:00-04:00,316.19000244140625,AAPL
2026-09-09 15:14:00-04:00,315.860107421875,AAPL
2026-09-09 15:15:00-04:00,316.3299865722656,AAPL
2026-09-09 15:16:00-04:00,315.9045104980469,AAPL
2026-09-09 15:17:00-04:00,315.8599853515625,AAPL
2026-09-09 15:18:00-04:00,316.04998779296875,AAPL
2026-09-09 15:19:00-04:00,315.8599853515625,AAPL
2026-09-09 15:20:00-04:00,315.6499938964844,AAPL
2026-09-09 15:21:00-04:00,315.6300048828125,AAPL
2026-09-09 15:22:00-04:00,315.42999267578125,AAPL
2026-09-09 15:23:00-04:00,315.6499938964844,AAPL
2026-09-09 15:24:00-04:00,315.55999755859375,AAPL
2026-09-09 15:25:00-04:00,315.6650085449219,AAPL
2026-09-09 15:26:00-04:00,315.6995849609375,AAPL
2026-09-09 15:27:00-04:00,315.5400085449219,AAPL
2026-09-09 15:28:00-04:00,315.5199890136719,AAPL
2026-09-09 15:29:00-04:00,315.57000732421875,AAPL
2026-09-09 15:30:00-04:00,315.4700012207031,AAPL
2026-09-09 15:31:00-04:00,315.5400085449219,AAPL
2026-09-09 15:32:00-04:00,315.18499755859375,AAPL
2026-09-09 15:33:00-04:00,314.9200134277344,AAPL
2026-09-09 15:34:00-04:00,315.1524963378906,AAPL
2026-09-09 15:35:00-04:00,315.17999267578125,AAPL
2026-09-09 15:36:00-04:00,315.1300048828125,AAPL
2026-09-09 15:37:00-04:00,315.04998779296875,AAPL
2026-09-09 15:38:00-04:00,315.17498779296875,AAPL
2026-09-09 15:39:00-04:00,315.05499267578125,AAPL
2026-09-09 15:40:00-04:00,315.2799987792969,AAPL
2026-09-09 15:41:00-04:00,315.4800109863281,AAPL
2026-09-09 15:42:00-04:00,315.5414123535156,AAPL
2026-09-09 15:43:00-04:00,315.6723937988281,AAPL
2026-09-09 15:44:00-04:00,315.7699890136719,AAPL
2026-09-09 15:45:00-04:00,315.6400146484375,AAPL
2026-09-09 15:46:00-04:00,315.6499938964844,AAPL
2026-09-09 15:47:00-04:00,315.6400146484375,AAPL
2026-09-09 15:48:00-04:00,315.7699890136719,AAPL
2026-09-09 15:49:00-04:00,315.7149963378906,AAPL
2026-09-09 15:50:00-04:00,315.3500061035156,AAPL
2026-09-09 15:51:00-04:00,315.3699951171875,AAPL
2026-09-09 15:52:00-04:00,315.4700012207031,AAPL
2026-09-09 15:53:00-04:00,315.45001220703125,AAPL
2026-09-09 15:54:00-04:00,315.4200134277344,AAPL
2026-09-09 15:55:00-04:00,315.4549865722656,AAPL
2026-09-09 15:56:00-04:00,315.5799865722656,AAPL
2026-09-09 15:57:00-04:00,315.2799987792969,AAPL
2026-09-09 15:58:00-04:00,315.25,AAPL
2026-09-09 15:59:00-04:00,315.4100036621094,AAPL
2026-09-10 09:30:00-04:00,319.8599853515625,AAPL
2026-09-10 09:31:00-04:00,318.9599914550781,AAPL
2026-09-10 09:32:00-04:00,318.385009765625,AAPL
2026-09-10 09:33:00-04:00,319.730712890625,AAPL
2026-09-10 09:34:00-04:00,319.3999938964844,AAPL
2026-09-10 09:35:00-04:00,319.8349914550781,AAPL
2026-09-10 09:36:00-04:00,321.3299865722656,AAPL
2026-09-10 09:37:00-04:00,321.8800048828125,AAPL
2026-09-10 09:38:00-04:00,322.6199951171875,AAPL
2026-09-10 09:39:00-04:00,320.70001220703125,AAPL
2026-09-10 09:40:00-04:00,320.7349853515625,AAPL
2026-09-10 09:41:00-04:00,318.4299011230469,AAPL
2026-09-10 09:42:00-04:00,317.6499938964844,AAPL
2026-09-10 09:43:00-04:00,319.6700134277344,AAPL
2026-09-10 09:44:00-04:00,319.92999267578125,AAPL
2026-09-10 09:45:00-04:00,319.9549865722656,AAPL
2026-09-10 09:46:00-04:00,320.6199951171875,AAPL
2026-09-10 09:47:00-04:00,320.7300109863281,AAPL
2026-09-10 09:48:00-04:00,320.385009765625,AAPL
2026-09-10 09:49:00-04:00,320.139892578125,AAPL
2026-09-10 09:50:00-04:00,320.0899963378906,AAPL
2026-09-10 09:51:00-04:00,319.3901062011719,AAPL
2026-09-10 09:52:00-04:00,319.3699951171875,AAPL
2026-09-10 09:53:00-04:00,319.489990234375,AAPL
2026-09-10 09:54:00-04:00,319.1000061035156,AAPL
2026-09-10 09:55:00-04:00,318.42010498046875,AAPL
2026-09-10 09:56:00-04:00,318.7049865722656,AAPL
2026-09-10 09:57:00-04:00,318.4200134277344,AAPL
2026-09-10 09:58:00-04:00,318.6199951171875,AAPL
2026-09-10 09:59:00-04:00,318.9289855957031,AAPL
2026-09-10 10:00:00-04:00,318.909912109375,AAPL
2026-09-10 10:01:00-04:00,318.7250061035156,AAPL
2026-09-10 10:02:00-04:00,318.95001220703125,AAPL
2026-09-10 10:03:00-04:00,319.33990478515625,AAPL
2026-09-10 10:04:00-04:00,319.1199951171875,AAPL
2026-09-10 10:05:00-04:00,319.5799865722656,AAPL
2026-09-10 10:06:00-04:00,319.7099914550781,AAPL
2026-09-10 10:07:00-04:00,319.5150146484375,AAPL
2026-09-10 10:08:00-04:00,319.2799072265625,AAPL
2026-09-10 10:09:00-04:00,318.739990234375,AAPL
2026-09-10 10:10:00-04:00,318.84490966796875,AAPL
2026-09-10 10:11:00-04:00,318.6000061035156,AAPL
2026-09-10 10:12:00-04:00,318.9599914550781,AAPL
2026-09-10 10:13:00-04:00,319.2650146484375,AAPL
2026-09-10 10:14:00-04:00,319.3399963378906,AAPL
2026-09-10 10:15:00-04:00,319.2550048828125,AAPL
2026-09-10 10:16:00-04:00,319.0799865722656,AAPL
2026-09-10 10:17:00-04:00,318.9939880371094,AAPL
2026-09-10 10:18:00-04:00,319.2900085449219,AAPL
2026-09-10 10:19:00-04:00,319.8500061035156,AAPL
2026-09-10 10:20:00-04:00,319.70001220703125,AAPL
2026-09-10 10:21:00-04:00,319.3800048828125,AAPL
2026-09-10 10:22:00-04:00,319.7349853515625,AAPL
2026-09-10 10:23:00-04:00,319.5599060058594,AAPL
2026-09-10 10:24:00-04:00,319.6700134277344,AAPL
2026-09-10 10:25:00-04:00,319.43499755859375,AAPL
2026-09-10 10:26:00-04:00,319.1400146484375,AAPL
2026-09-10 10:27:00-04:00,318.94500732421875,AAPL
2026-09-10 10:28:00-04:00,319.010009765625,AAPL
2026-09-10 10:29:00-04:00,318.9549865722656,AAPL
2026-09-10 10:30:00-04:00,319.739990234375,AAPL
2026-09-10 10:31:00-04:00,319.6559143066406,AAPL
2026-09-10 10:32:00-04:00,319.4200134277344,AAPL
2026-09-10 10:33:00-04:00,319.2099914550781,AAPL
2026-09-10 10:34:00-04:00,319.1000061035156,AAPL
2026-09-10 10:35:00-04:00,319.17498779296875,AAPL
2026-09-10 10:36:00-04:00,318.95001220703125,AAPL
2026-09-10 10:37:00-04:00,319.05499267578125,AAPL
2026-09-10 10:38:00-04:00,319.090087890625,AAPL
2026-09-10 10:39:00-04:00,319.8493957519531,AAPL
2026-09-10 10:40:00-04:00,320.0799865722656,AAPL
2026-09-10 10:41:00-04:00,320.5450134277344,AAPL
2026-09-10 10:42:00-04:00,320.5899963378906,AAPL
2026-09-10 10:43:00-04:00,319.9939880371094,AAPL
2026-09-10 10:44:00-04:00,320.06500244140625,AAPL
2026-09-10 10:45:00-04:00,320.3399963378906,AAPL
2026-09-10 10:46:00-04:00,320.4800109863281,AAPL
2026-09-10 10:47:00-04:00,320.4700012207031,AAPL
2026-09-10 10:48:00-04:00,320.635009765625,AAPL
2026-09-10 10:49:00-04:00,320.647705078125,AAPL
2026-09-10 10:50:00-04:00,320.3901062011719,AAPL
2026-09-10 10:51:00-04:00,321.2550048828125,AAPL
2026-09-10 10:52:00-04:00,321.3349914550781,AAPL
2026-09-10 10:53:00-04:00,321.43829345703125,AAPL
2026-09-10 10:54:00-04:00,321.8900146484375,AAPL
2026-09-10 10:55:00-04:00,322.1050109863281,AAPL
2026-09-10 10:56:00-04:00,322.44000244140625,AAPL
2026-09-10 10:57:00-04:00,322.82000732421875,AAPL
2026-09-10 10:58:00-04:00,322.85540771484375,AAPL
2026-09-10 10:59:00-04:00,323.0101013183594,AAPL
2026-09-10 11:00:00-04:00,322.8900146484375,AAPL
2026-09-10 11:01:00-04:00,322.3800048828125,AAPL
2026-09-10 11:02:00-04:00,322.6000061035156,AAPL
2026-09-10 11:03:00-04:00,322.68499755859375,AAPL
2026-09-10 11:04:00-04:00,323.03009033203125,AAPL
2026-09-10 11:05:00-04:00,322.760009765625,AAPL
2026-09-10 11:06:00-04:00,323.29998779296875,AAPL
2026-09-10 11:07:00-04:00,323.07000732421875,AAPL
2026-09-10 11:08:00-04:00,323.0,AAPL
2026-09-10 11:09:00-04:00,322.5,AAPL
2026-09-10 11:10:00-04:00,322.75,AAPL
2026-09-10 11:11:00-04:00,322.5299987792969,AAPL
2026-09-10 11:12:00-04:00,322.2799987792969,AAPL
2026-09-10 11:13:00-04:00,322.2099914550781,AAPL
2026-09-10 11:14:00-04:00,321.94000244140625,AAPL
2026-09-10 11:15:00-04:00,321.80999755859375,AAPL
2026-09-10 11:16:00-04:00,321.7900085449219,AAPL
2026-09-10 11:17:00-04:00,322.2200012207031,AAPL
2026-09-10 11:18:00-04:00,322.0899963378906,AAPL
2026-09-10 11:19:00-04:00,321.7300109863281,AAPL
2026-09-10 11:20:00-04:00,322.07000732421875,AAPL
2026-09-10 11:21:00-04:00,321.8982849121094,AAPL
2026-09-10 11:22:00-04:00,322.5577087402344,AAPL
2026-09-10 11:23:00-04:00,322.4800109863281,AAPL
2026-09-10 11:24:00-04:00,322.9599914550781,AAPL
2026-09-10 11:25:00-04:00,322.80499267578125,AAPL
2026-09-10 11:26:00-04:00,323.3299865722656,AAPL
2026-09-10 11:27:00-04:00,323.3619079589844,AAPL
2026-09-10 11:28:00-04:00,323.5101013183594,AAPL
2026-09-10 11:29:00-04:00,323.7099914550781,AAPL
2026-09-10 11:30:00-04:00,323.8200988769531,AAPL
2026-09-10 11:31:00-04:00,323.8599853515625,AAPL
2026-09-10 11:32:00-04:00,323.5660095214844,AAPL
2026-09-10 11:33:00-04:00,323.5150146484375,AAPL
2026-09-10 11:34:00-04:00,323.8959045410156,AAPL
2026-09-10 11:35:00-04:00,323.9599914550781,AAPL
2026-09-10 11:36:00-04:00,324.0899963378906,AAPL
2026-09-10 11:37:00-04:00,324.2799987792969,AAPL
2026-09-10 11:38:00-04:00,323.6600036621094,AAPL
2026-09-10 11:39:00-04:00,323.75,AAPL
2026-09-10 11:40:00-04:00,323.7349853515625,AAPL
2026-09-10 11:41:00-04:00,323.1199035644531,AAPL
2026-09-10 11:42:00-04:00,322.90899658203125,AAPL
2026-09-10 11:43:00-04:00,322.9800109863281,AAPL
2026-09-10 11:44:00-04:00,322.489990234375,AAPL
2026-09-10 11:45:00-04:00,322.04998779296875,AAPL
2026-09-10 11:46:00-04:00,321.7699890136719,AAPL
2026-09-10 11:47:00-04:00,321.0,AAPL
2026-09-10 11:48:00-04:00,320.32000732421875,AAPL
2026-09-10 11:49:00-04:00,320.05999755859375,AAPL
2026-09-10 11:50:00-04:00,320.260009765625,AAPL
2026-09-10 11:51:00-04:00,319.7950134277344,AAPL
2026-09-10 11:52:00-04:00,319.79840087890625,AAPL
2026-09-10 11:53:00-04:00,319.5141906738281,AAPL
2026-09-10 11:54:00-04:00,319.8550109863281,AAPL
2026-09-10 11:55:00-04:00,319.9750061035156,AAPL
2026-09-10 11:56:00-04:00,319.510009765625,AAPL
2026-09-10 11:57:00-04:00,319.260009765625,AAPL
2026-09-10 11:58:00-04:00,319.760009765625,AAPL
2026-09-10 11:59:00-04:00,319.57000732421875,AAPL
2026-09-10 12:00:00-04:00,319.44000244140625,AAPL
2026-09-10 12:01:00-04:00,319.79449462890625,AAPL
2026-09-10 12:02:00-04:00,319.68499755859375,AAPL
2026-09-10 12:03:00-04:00,319.3550109863281,AAPL
2026-09-10 12:04:00-04:00,319.6199951171875,AAPL
2026-09-10 12:05:00-04:00,319.57000732421875,AAPL
2026-09-10 12:06:00-04:00,319.5450134277344,AAPL
2026-09-10 12:07:00-04:00,319.7380065917969,AAPL
2026-09-10 12:08:00-04:00,319.92999267578125,AAPL
2026-09-10 12:09:00-04:00,320.1000061035156,AAPL
2026-09-10 12:10:00-04:00,319.79998779296875,AAPL
2026-09-10 12:11:00-04:00,320.07000732421875,AAPL
2026-09-10 12:12:00-04:00,320.4200134277344,AAPL
2026-09-10 12:13:00-04:00,320.3500061035156,AAPL
2026-09-10 12:14:00-04:00,320.135009765625,AAPL
2026-09-10 12:15:00-04:00,320.2528076171875,AAPL
2026-09-10 12:16:00-04:00,320.19000244140625,AAPL
2026-09-10 12:17:00-04:00,320.28009033203125,AAPL
2026-09-10 12:18:00-04:00,320.3479919433594,AAPL
2026-09-10 12:19:00-04:00,320.360107421875,AAPL
2026-09-10 12:20:00-04:00,320.2099914550781,AAPL
2026-09-10 12:21:00-04:00,320.32000732421875,AAPL
2026-09-10 12:22:00-04:00,320.1700134277344,AAPL
2026-09-10 12:23:00-04:00,320.3299865722656,AAPL
2026-09-10 12:24:00-04:00,320.4898986816406,AAPL
2026-09-10 12:25:00-04:00,320.6650085449219,AAPL
2026-09-10 12:26:00-04:00,321.25,AAPL
2026-09-10 12:27:00-04:00,321.4518127441406,AAPL
2026-09-10 12:28:00-04:00,321.43939208984375,AAPL
2026-09-10 12:29:00-04:00,321.9049987792969,AAPL
2026-09-10 12:30:00-04:00,321.7799987792969,AAPL
2026-09-10 12:31:00-04:00,321.30999755859375,AAPL
2026-09-10 12:32:00-04:00,321.614990234375,AAPL
2026-09-10 12:33:00-04:00,321.760009765625,AAPL
2026-09-10 12:34:00-04:00,321.6400146484375,AAPL
2026-09-10 12:35:00-04:00,322.0530090332031,AAPL
2026-09-10 12:36:00-04:00,322.7401123046875,AAPL
2026-09-10 12:37:00-04:00,323.1700134277344,AAPL
2026-09-10 12:38:00-04:00,323.1300048828125,AAPL
2026-09-10 12:39:00-04:00,323.0400085449219,AAPL
2026-09-10 12:40:00-04:00,323.625,AAPL
2026-09-10 12:41:00-04:00,323.489990234375,AAPL
2026-09-10 12:42:00-04:00,323.5249938964844,AAPL
2026-09-10 12:43:00-04:00,324.1650085449219,AAPL
2026-09-10 12:44:00-04:00,324.4898986816406,AAPL
2026-09-10 12:45:00-04:00,324.2598876953125,AAPL
2026-09-10 12:46:00-04:00,324.3699951171875,AAPL
2026-09-10 12:47:00-04:00,324.1199951171875,AAPL
2026-09-10 12:48:00-04:00,323.9010925292969,AAPL
2026-09-10 12:49:00-04:00,323.45001220703125,AAPL
2026-09-10 12:50:00-04:00,323.94000244140625,AAPL
2026-09-10 12:51:00-04:00,323.6300048828125,AAPL
2026-09-10 12:52:00-04:00,323.4200134277344,AAPL
2026-09-10 12:53:00-04:00,323.6099853515625,AAPL
2026-09-10 12:54:00-04:00,323.55499267578125,AAPL
2026-09-10 12:55:00-04:00,323.5,AAPL
2026-09-10 12:56:00-04:00,323.7550048828125,AAPL
2026-09-10 12:57:00-04:00,323.6700134277344,AAPL
2026-09-10 12:58:00-04:00,323.5249938964844,AAPL
2026-09-10 12:59:00-04:00,323.3500061035156,AAPL
2026-09-10 13:00:00-04:00,323.19989013671875,AAPL
2026-09-10 13:01:00-04:00,322.9150085449219,AAPL
2026-09-10 13:02:00-04:00,323.1401062011719,AAPL
2026-09-10 13:03:00-04:00,323.2349853515625,AAPL
2026-09-10 13:04:00-04:00,323.13238525390625,AAPL
2026-09-10 13:05:00-04:00,323.57000732421875,AAPL
2026-09-10 13:06:00-04:00,323.42999267578125,AAPL
2026-09-10 13:07:00-04:00,323.1600036621094,AAPL
2026-09-10 13:08:00-04:00,323.3599853515625,AAPL
2026-09-10 13:09:00-04:00,323.42999267578125,AAPL
2026-09-10 13:10:00-04:00,323.6000061035156,AAPL
2026-09-10 13:11:00-04:00,323.760009765625,AAPL
2026-09-10 13:12:00-04:00,323.92498779296875,AAPL
2026-09-10 13:13:00-04:00,323.6050109863281,AAPL
2026-09-10 13:14:00-04:00,323.54998779296875,AAPL
2026-09-10 13:15:00-04:00,323.5101013183594,AAPL
2026-09-10 13:16:00-04:00,323.5799865722656,AAPL
2026-09-10 13:17:00-04:00,323.6785888671875,AAPL
2026-09-10 13:18:00-04:00,323.69000244140625,AAPL
2026-09-10 13:19:00-04:00,323.8349914550781,AAPL
2026-09-10 13:20:00-04:00,323.8599853515625,AAPL
2026-09-10 13:21:00-04:00,323.67999267578125,AAPL
2026-09-10 13:22:00-04:00,323.9700012207031,AAPL
2026-09-10 13:23:00-04:00,323.8500061035156,AAPL
2026-09-10 13:24:00-04:00,323.9599914550781,AAPL
2026-09-10 13:25:00-04:00,324.07000732421875,AAPL
2026-09-10 13:26:00-04:00,324.239990234375,AAPL
2026-09-10 13:27:00-04:00,324.0799865722656,AAPL
2026-09-10 13:28:00-04:00,324.55999755859375,AAPL
2026-09-10 13:29:00-04:00,324.8219909667969,AAPL
2026-09-10 13:30:00-04:00,324.56500244140625,AAPL
2026-09-10 13:31:00-04:00,324.8399963378906,AAPL
2026-09-10 13:32:00-04:00,325.1549987792969,AAPL
2026-09-10 13:33:00-04:00,325.3699951171875,AAPL
2026-09-10 13:34:00-04:00,325.32501220703125,AAPL
2026-09-10 13:35:00-04:00,325.34991455078125,AAPL
2026-09-10 13:36:00-04:00,325.2449951171875,AAPL
2026-09-10 13:37:00-04:00,324.9200134277344,AAPL
2026-09-10 13:38:00-04:00,325.0899963378906,AAPL
2026-09-10 13:39:00-04:00,325.1000061035156,AAPL
2026-09-10 13:40:00-04:00,325.1861877441406,AAPL
2026-09-10 13:41:00-04:00,325.32501220703125,AAPL
2026-09-10 13:42:00-04:00,325.2799987792969,AAPL
2026-09-10 13:43:00-04:00,325.4200134277344,AAPL
2026-09-10 13:44:00-04:00,325.44000244140625,AAPL
2026-09-10 13:45:00-04:00,325.2149963378906,AAPL
2026-09-10 13:46:00-04:00,325.1099853515625,AAPL
2026-09-10 13:47:00-04:00,325.0799865722656,AAPL
2026-09-10 13:48:00-04:00,325.46270751953125,AAPL
2026-09-10 13:49:00-04:00,325.3900146484375,AAPL
2026-09-10 13:50:00-04:00,325.20001220703125,AAPL
2026-09-10 13:51:00-04:00,325.2850036621094,AAPL
2026-09-10 13:52:00-04:00,325.260009765625,AAPL
2026-09-10 13:53:00-04:00,325.2359924316406,AAPL
2026-09-10 13:54:00-04:00,325.0,AAPL
2026-09-10 13:55:00-04:00,325.2149963378906,AAPL
2026-09-10 13:56:00-04:00,325.2300109863281,AAPL
2026-09-10 13:57:00-04:00,325.4750061035156,AAPL
2026-09-10 13:58:00-04:00,325.44000244140625,AAPL
2026-09-10 13:59:00-04:00,325.010009765625,AAPL
2026-09-10 14:00:00-04:00,325.06500244140625,AAPL
2026-09-10 14:01:00-04:00,324.6000061035156,AAPL
2026-09-10 14:02:00-04:00,324.2850036621094,AAPL
2026-09-10 14:03:00-04:00,324.1310119628906,AAPL
2026-09-10 14:04:00-04:00,324.0249938964844,AAPL
2026-09-10 14:05:00-04:00,323.635009765625,AAPL
2026-09-10 14:06:00-04:00,323.8699951171875,AAPL
2026-09-10 14:07:00-04:00,323.8299865722656,AAPL
2026-09-10 14:08:00-04:00,323.6346130371094,AAPL
2026-09-10 14:09:00-04:00,323.6000061035156,AAPL
2026-09-10 14:10:00-04:00,323.6000061035156,AAPL
2026-09-10 14:11:00-04:00,323.760009765625,AAPL
2026-09-10 14:12:00-04:00,323.82501220703125,AAPL
2026-09-10 14:13:00-04:00,323.9200134277344,AAPL
2026-09-10 14:14:00-04:00,323.6499938964844,AAPL
2026-09-10 14:15:00-04:00,323.4800109863281,AAPL
2026-09-10 14:16:00-04:00,323.590087890625,AAPL
2026-09-10 14:17:00-04:00,323.5473937988281,AAPL
2026-09-10 14:18:00-04:00,323.69989013671875,AAPL
2026-09-10 14:19:00-04:00,323.7950134277344,AAPL
2026-09-10 14:20:00-04:00,323.94000244140625,AAPL
2026-09-10 14:21:00-04:00,324.09991455078125,AAPL
2026-09-10 14:22:00-04:00,324.1499938964844,AAPL
2026-09-10 14:23:00-04:00,324.3800048828125,AAPL
2026-09-10 14:24:00-04:00,324.15008544921875,AAPL
2026-09-10 14:25:00-04:00,324.2799987792969,AAPL
2026-09-10 14:26:00-04:00,324.4100036621094,AAPL
2026-09-10 14:27:00-04:00,324.32000732421875,AAPL
2026-09-10 14:28:00-04:00,324.4100036621094,AAPL
2026-09-10 14:29:00-04:00,324.1199951171875,AAPL
2026-09-10 14:30:00-04:00,324.114990234375,AAPL
2026-09-10 14:31:00-04:00,324.1600036621094,AAPL
2026-09-10 14:32:00-04:00,323.9270935058594,AAPL
2026-09-10 14:33:00-04:00,323.67999267578125,AAPL
2026-09-10 14:34:00-04:00,323.8710021972656,AAPL
2026-09-10 14:35:00-04:00,324.1499938964844,AAPL
2026-09-10 14:36:00-04:00,324.2250061035156,AAPL
2026-09-10 14:37:00-04:00,323.989990234375,AAPL
2026-09-10 14:38:00-04:00,324.1449890136719,AAPL
2026-09-10 14:39:00-04:00,324.25,AAPL
2026-09-10 14:40:00-04:00,324.17999267578125,AAPL
2026-09-10 14:41:00-04:00,324.33990478515625,AAPL
2026-09-10 14:42:00-04:00,324.3299865722656,AAPL
2026-09-10 14:43:00-04:00,324.3399963378906,AAPL
2026-09-10 14:44:00-04:00,324.3999938964844,AAPL
2026-09-10 14:45:00-04:00,324.3599853515625,AAPL
2026-09-10 14:46:00-04:00,324.614990234375,AAPL
2026-09-10 14:47:00-04:00,324.5950012207031,AAPL
2026-09-10 14:48:00-04:00,324.590087890625,AAPL
2026-09-10 14:49:00-04:00,324.8399963378906,AAPL
2026-09-10 14:50:00-04:00,325.0199890136719,AAPL
2026-09-10 14:51:00-04:00,325.1099853515625,AAPL
2026-09-10 14:52:00-04:00,325.4100036621094,AAPL
2026-09-10 14:53:00-04:00,325.3999938964844,AAPL
2026-09-10 14:54:00-04:00,325.364990234375,AAPL
2026-09-10 14:55:00-04:00,325.2749938964844,AAPL
2026-09-10 14:56:00-04:00,325.29998779296875,AAPL
2026-09-10 14:57:00-04:00,325.28021240234375,AAPL
2026-09-10 14:58:00-04:00,325.2950134277344,AAPL
2026-09-10 14:59:00-04:00,325.3800048828125,AAPL
2026-09-10 15:00:00-04:00,325.3800964355469,AAPL
2026-09-10 15:01:00-04:00,325.1199951171875,AAPL
2026-09-10 15:02:00-04:00,325.07000732421875,AAPL
2026-09-10 15:03:00-04:00,325.1199951171875,AAPL
2026-09-10 15:04:00-04:00,325.0400085449219,AAPL
2026-09-10 15:05:00-04:00,324.989990234375,AAPL
2026-09-10 15:06:00-04:00,325.260009765625,AAPL
2026-09-10 15:07:00-04:00,325.1700134277344,AAPL
2026-09-10 15:08:00-04:00,325.2049865722656,AAPL
2026-09-10 15:09:00-04:00,325.45001220703125,AAPL
2026-09-10 15:10:00-04:00,325.3999938964844,AAPL
2026-09-10 15:11:00-04:00,325.385009765625,AAPL
2026-09-10 15:12:00-04:00,325.55999755859375,AAPL
2026-09-10 15:13:00-04:00,325.614990234375,AAPL
2026-09-10 15:14:00-04:00,325.79998779296875,AAPL
2026-09-10 15:15:00-04:00,325.80010986328125,AAPL
2026-09-10 15:16:00-04:00,325.7699890136719,AAPL
2026-09-10 15:17:00-04:00,325.7099914550781,AAPL
2026-09-10 15:18:00-04:00,325.7076110839844,AAPL
2026-09-10 15:19:00-04:00,325.7080078125,AAPL
2026-09-10 15:20:00-04:00,325.5506896972656,AAPL
2026-09-10 15:21:00-04:00,325.5299987792969,AAPL
2026-09-10 15:22:00-04:00,325.3949890136719,AAPL
2026-09-10 15:23:00-04:00,325.239990234375,AAPL
2026-09-10 15:24:00-04:00,325.6000061035156,AAPL
2026-09-10 15:25:00-04:00,325.43499755859375,AAPL
2026-09-10 15:26:00-04:00,325.318603515625,AAPL
2026-09-10 15:27:00-04:00,325.3800048828125,AAPL
2026-09-10 15:28:00-04:00,325.3301086425781,AAPL
2026-09-10 15:29:00-04:00,325.2850036621094,AAPL
2026-09-10 15:30:00-04:00,325.25909423828125,AAPL
2026-09-10 15:31:00-04:00,325.3999938964844,AAPL
2026-09-10 15:32:00-04:00,325.2632141113281,AAPL
2026-09-10 15:33:00-04:00,325.44500732421875,AAPL
2026-09-10 15:34:00-04:00,325.5360107421875,AAPL
2026-09-10 15:35:00-04:00,325.28009033203125,AAPL
2026-09-10 15:36:00-04:00,325.42999267578125,AAPL
2026-09-10 15:37:00-04:00,325.5150146484375,AAPL
2026-09-10 15:38:00-04:00,325.739990234375,AAPL
2026-09-10 15:39:00-04:00,325.7349853515625,AAPL
2026-09-10 15:40:00-04:00,325.5849914550781,AAPL
2026-09-10 15:41:00-04:00,325.3900146484375,AAPL
2026-09-10 15:42:00-04:00,325.55999755859375,AAPL
2026-09-10 15:43:00-04:00,325.5,AAPL
2026-09-10 15:44:00-04:00,325.39990234375,AAPL
2026-09-10 15:45:00-04:00,325.3999938964844,AAPL
2026-09-10 15:46:00-04:00,325.21600341796875,AAPL
2026-09-10 15:47:00-04:00,325.3500061035156,AAPL
2026-09-10 15:48:00-04:00,325.5899963378906,AAPL
2026-09-10 15:49:00-04:00,325.8550109863281,AAPL
2026-09-10 15:50:00-04:00,325.7799987792969,AAPL
2026-09-10 15:51:00-04:00,325.7099914550781,AAPL
2026-09-10 15:52:00-04:00,325.7099914550781,AAPL
2026-09-10 15:53:00-04:00,325.94000244140625,AAPL
2026-09-10 15:54:00-04:00,325.614990234375,AAPL
2026-09-10 15:55:00-04:00,326.07000732421875,AAPL
2026-09-10 15:56:00-04:00,326.42999267578125,AAPL
2026-09-10 15:57:00-04:00,326.3399963378906,AAPL
2026-09-10 15:58:00-04:00,326.4599914550781,AAPL
2026-09-10 15:59:00-04:00,326.5950012207031,AAPL
2026-09-11 09:30:00-04:00,327.6401062011719,AAPL
2026-09-11 09:31:00-04:00,328.5199890136719,AAPL
2026-09-11 09:32:00-04:00,328.8702087402344,AAPL
2026-09-11 09:33:00-04:00,330.76568603515625,AAPL
2026-09-11 09:34:00-04:00,331.9800109863281,AAPL
2026-09-11 09:35:00-04:00,332.5299987792969,AAPL
2026-09-11 09:36:00-04:00,333.2200012207031,AAPL
2026-09-11 09:37:00-04:00,333.17999267578125,AAPL
2026-09-11 09:38:00-04:00,332.89990234375,AAPL
2026-09-11 09:39:00-04:00,334.1199951171875,AAPL
2026-09-11 09:40:00-04:00,333.19500732421875,AAPL
2026-09-11 09:41:00-04:00,332.9599914550781,AAPL
2026-09-11 09:42:00-04:00,333.8900146484375,AAPL
2026-09-11 09:43:00-04:00,333.55010986328125,AAPL
2026-09-11 09:44:00-04:00,333.3500061035156,AAPL
2026-09-11 09:45:00-04:00,333.0,AAPL
2026-09-11 09:46:00-04:00,332.44000244140625,AAPL
2026-09-11 09:47:00-04:00,332.010009765625,AAPL
2026-09-11 09:48:00-04:00,331.2149963378906,AAPL
2026-09-11 09:49:00-04:00,331.70770263671875,AAPL
2026-09-11 09:50:00-04:00,332.37579345703125,AAPL
2026-09-11 09:51:00-04:00,332.57598876953125,AAPL
2026-09-11 09:52:00-04:00,331.44000244140625,AAPL
2026-09-11 09:53:00-04:00,331.92999267578125,AAPL
2026-09-11 09:54:00-04:00,331.80499267578125,AAPL
2026-09-11 09:55:00-04:00,331.8349914550781,AAPL
2026-09-11 09:56:00-04:00,332.2349853515625,AAPL
2026-09-11 09:57:00-04:00,332.7449951171875,AAPL
2026-09-11 09:58:00-04:00,332.70001220703125,AAPL
2026-09-11 09:59:00-04:00,332.4700012207031,AAPL
2026-09-11 10:00:00-04:00,332.30499267578125,AAPL
2026-09-11 10:01:00-04:00,332.0166931152344,AAPL
2026-09-11 10:02:00-04:00,332.2699890136719,AAPL
2026-09-11 10:03:00-04:00,332.6400146484375,AAPL
2026-09-11 10:04:00-04:00,332.7650146484375,AAPL
2026-09-11 10:05:00-04:00,332.3550109863281,AAPL
2026-09-11 10:06:00-04:00,332.6199035644531,AAPL
2026-09-11 10:07:00-04:00,332.54998779296875,AAPL
2026-09-11 10:08:00-04:00,332.5299987792969,AAPL
2026-09-11 10:09:00-04:00,332.4949951171875,AAPL
2026-09-11 10:10:00-04:00,332.69000244140625,AAPL
2026-09-11 10:11:00-04:00,332.739990234375,AAPL
2026-09-11 10:12:00-04:00,332.2799987792969,AAPL
2026-09-11 10:13:00-04:00,332.29998779296875,AAPL
2026-09-11 10:14:00-04:00,331.70001220703125,AAPL
2026-09-11 10:15:00-04:00,332.0299987792969,AAPL
2026-09-11 10:16:00-04:00,332.1000061035156,AAPL
2026-09-11 10:17:00-04:00,332.102294921875,AAPL
2026-09-11 10:18:00-04:00,332.1859130859375,AAPL
2026-09-11 10:19:00-04:00,332.17999267578125,AAPL
2026-09-11 10:20:00-04:00,332.40399169921875,AAPL
2026-09-11 10:21:00-04:00,332.7699890136719,AAPL
2026-09-11 10:22:00-04:00,333.1820068359375,AAPL
2026-09-11 10:23:00-04:00,333.45001220703125,AAPL
2026-09-11 10:24:00-04:00,333.5950012207031,AAPL
2026-09-11 10:25:00-04:00,333.54998779296875,AAPL
2026-09-11 10:26:00-04:00,334.04998779296875,AAPL
2026-09-11 10:27:00-04:00,334.226806640625,AAPL
2026-09-11 10:28:00-04:00,334.3500061035156,AAPL
2026-09-11 10:29:00-04:00,334.0851135253906,AAPL
2026-09-11 10:30:00-04:00,333.4800109863281,AAPL
2026-09-11 10:31:00-04:00,333.1099853515625,AAPL
2026-09-11 10:32:00-04:00,334.1000061035156,AAPL
2026-09-11 10:33:00-04:00,334.2101135253906,AAPL
2026-09-11 10:34:00-04:00,333.7229919433594,AAPL
2026-09-11 10:35:00-04:00,334.1099853515625,AAPL
2026-09-11 10:36:00-04:00,333.92010498046875,AAPL
2026-09-11 10:37:00-04:00,334.17999267578125,AAPL
2026-09-11 10:38:00-04:00,334.1708068847656,AAPL
2026-09-11 10:39:00-04:00,334.1549987792969,AAPL
2026-09-11 10:40:00-04:00,334.7200012207031,AAPL
2026-09-11 10:41:00-04:00,334.5899963378906,AAPL
2026-09-11 10:42:00-04:00,334.80999755859375,AAPL
2026-09-11 10:43:00-04:00,334.6400146484375,AAPL
2026-09-11 10:44:00-04:00,334.70001220703125,AAPL
2026-09-11 10:45:00-04:00,334.7699890136719,AAPL
2026-09-11 10:46:00-04:00,334.3450927734375,AAPL
2026-09-11 10:47:00-04:00,334.44000244140625,AAPL
2026-09-11 10:48:00-04:00,334.52508544921875,AAPL
2026-09-11 10:49:00-04:00,334.69000244140625,AAPL
2026-09-11 10:50:00-04:00,334.85009765625,AAPL
2026-09-11 10:51:00-04:00,335.1549987792969,AAPL
2026-09-11 10:52:00-04:00,335.04998779296875,AAPL
2026-09-11 10:53:00-04:00,335.1000061035156,AAPL
2026-09-11 10:54:00-04:00,335.3599853515625,AAPL
2026-09-11 10:55:00-04:00,334.9800109863281,AAPL
2026-09-11 10:56:00-04:00,334.94000244140625,AAPL
2026-09-11 10:57:00-04:00,335.1401062011719,AAPL
2026-09-11 10:58:00-04:00,335.1451110839844,AAPL
2026-09-11 10:59:00-04:00,334.9599914550781,AAPL
2026-09-11 11:00:00-04:00,335.44000244140625,AAPL
2026-09-11 11:01:00-04:00,335.3699951171875,AAPL
2026-09-11 11:02:00-04:00,335.2300109863281,AAPL
2026-09-11 11:03:00-04:00,335.4150085449219,AAPL
2026-09-11 11:04:00-04:00,335.6000061035156,AAPL
2026-09-11 11:05:00-04:00,335.5799865722656,AAPL
2026-09-11 11:06:00-04:00,335.43560791015625,AAPL
2026-09-11 11:07:00-04:00,335.54998779296875,AAPL
2026-09-11 11:08:00-04:00,335.4150085449219,AAPL
2026-09-11 11:09:00-04:00,335.625,AAPL
2026-09-11 11:10:00-04:00,335.5398864746094,AAPL
2026-09-11 11:11:00-04:00,335.614990234375,AAPL
2026-09-11 11:12:00-04:00,336.1099853515625,AAPL
2026-09-11 11:13:00-04:00,335.760009765625,AAPL
2026-09-11 11:14:00-04:00,335.5400085449219,AAPL
2026-09-11 11:15:00-04:00,335.875,AAPL
2026-09-11 11:16:00-04:00,335.8999938964844,AAPL
2026-09-11 11:17:00-04:00,335.82000732421875,AAPL
2026-09-11 11:18:00-04:00,335.7850036621094,AAPL
2026-09-11 11:19:00-04:00,335.61669921875,AAPL
2026-09-11 11:20:00-04:00,335.19000244140625,AAPL
2026-09-11 11:21:00-04:00,335.57000732421875,AAPL
2026-09-11 11:22:00-04:00,335.1499938964844,AAPL
2026-09-11 11:23:00-04:00,335.67999267578125,AAPL
2026-09-11 11:24:00-04:00,335.489990234375,AAPL
2026-09-11 11:25:00-04:00,335.1299133300781,AAPL
2026-09-11 11:26:00-04:00,335.3349914550781,AAPL
2026-09-11 11:27:00-04:00,335.54998779296875,AAPL
2026-09-11 11:28:00-04:00,335.32000732421875,AAPL
2026-09-11 11:29:00-04:00,335.57000732421875,AAPL
2026-09-11 11:30:00-04:00,335.30999755859375,AAPL
2026-09-11 11:31:00-04:00,335.1700134277344,AAPL
2026-09-11 11:32:00-04:00,335.114990234375,AAPL
2026-09-11 11:33:00-04:00,335.30999755859375,AAPL
2026-09-11 11:34:00-04:00,335.1400146484375,AAPL
2026-09-11 11:35:00-04:00,334.9150085449219,AAPL
2026-09-11 11:36:00-04:00,335.0450134277344,AAPL
2026-09-11 11:37:00-04:00,334.82000732421875,AAPL
2026-09-11 11:38:00-04:00,334.7200012207031,AAPL
2026-09-11 11:39:00-04:00,334.94000244140625,AAPL
2026-09-11 11:40:00-04:00,334.82000732421875,AAPL
2026-09-11 11:41:00-04:00,335.04998779296875,AAPL
2026-09-11 11:42:00-04:00,334.8734130859375,AAPL
2026-09-11 11:43:00-04:00,334.8900146484375,AAPL
2026-09-11 11:44:00-04:00,334.7799987792969,AAPL
2026-09-11 11:45:00-04:00,334.7900085449219,AAPL
2026-09-11 11:46:00-04:00,334.5199890136719,AAPL
2026-09-11 11:47:00-04:00,334.5400085449219,AAPL
2026-09-11 11:48:00-04:00,334.6199951171875,AAPL
2026-09-11 11:49:00-04:00,334.510009765625,AAPL
2026-09-11 11:50:00-04:00,334.57501220703125,AAPL
2026-09-11 11:51:00-04:00,334.60089111328125,AAPL
2026-09-11 11:52:00-04:00,334.5199890136719,AAPL
2026-09-11 11:53:00-04:00,334.3550109863281,AAPL
2026-09-11 11:54:00-04:00,334.27679443359375,AAPL
2026-09-11 11:55:00-04:00,334.0799865722656,AAPL
2026-09-11 11:56:00-04:00,333.7900085449219,AAPL
2026-09-11 11:57:00-04:00,333.8800048828125,AAPL
2026-09-11 11:58:00-04:00,333.82000732421875,AAPL
2026-09-11 11:59:00-04:00,333.9175109863281,AAPL
2026-09-11 12:00:00-04:00,333.8800048828125,AAPL
2026-09-11 12:01:00-04:00,333.9100036621094,AAPL
2026-09-11 12:02:00-04:00,333.8251037597656,AAPL
2026-09-11 12:03:00-04:00,333.7449951171875,AAPL
2026-09-11 12:04:00-04:00,333.8565979003906,AAPL
2026-09-11 12:05:00-04:00,333.760009765625,AAPL
2026-09-11 12:06:00-04:00,333.7099914550781,AAPL
2026-09-11 12:07:00-04:00,333.7799987792969,AAPL
2026-09-11 12:08:00-04:00,334.04998779296875,AAPL
2026-09-11 12:09:00-04:00,334.4989929199219,AAPL
2026-09-11 12:10:00-04:00,334.4100036621094,AAPL
2026-09-11 12:11:00-04:00,334.4700012207031,AAPL
2026-09-11 12:12:00-04:00,334.43011474609375,AAPL
2026-09-11 12:13:00-04:00,334.6700134277344,AAPL
2026-09-11 12:14:00-04:00,334.7099914550781,AAPL
2026-09-11 12:15:00-04:00,334.7799987792969,AAPL
2026-09-11 12:16:00-04:00,334.67498779296875,AAPL
2026-09-11 12:17:00-04:00,334.43499755859375,AAPL
2026-09-11 12:18:00-04:00,334.5249938964844,AAPL
2026-09-11 12:19:00-04:00,334.3999938964844,AAPL
2026-09-11 12:20:00-04:00,334.2300109863281,AAPL
2026-09-11 12:21:00-04:00,334.30499267578125,AAPL
2026-09-11 12:22:00-04:00,334.0899963378906,AAPL
2026-09-11 12:23:00-04:00,334.17999267578125,AAPL
2026-09-11 12:24:00-04:00,334.1700134277344,AAPL
2026-09-11 12:25:00-04:00,334.2749938964844,AAPL
2026-09-11 12:26:00-04:00,334.489990234375,AAPL
2026-09-11 12:27:00-04:00,334.2799987792969,AAPL
2026-09-11 12:28:00-04:00,334.375,AAPL
2026-09-11 12:29:00-04:00,334.1700134277344,AAPL
2026-09-11 12:30:00-04:00,334.25,AAPL
2026-09-11 12:31:00-04:00,334.1700134277344,AAPL
2026-09-11 12:32:00-04:00,334.2950134277344,AAPL
2026-09-11 12:33:00-04:00,334.3999938964844,AAPL
2026-09-11 12:34:00-04:00,334.2749938964844,AAPL
2026-09-11 12:35:00-04:00,334.2200012207031,AAPL
2026-09-11 12:36:00-04:00,334.2699890136719,AAPL
2026-09-11 12:37:00-04:00,334.0622863769531,AAPL
2026-09-11 12:38:00-04:00,334.19000244140625,AAPL
2026-09-11 12:39:00-04:00,334.20001220703125,AAPL
2026-09-11 12:40:00-04:00,334.30999755859375,AAPL
2026-09-11 12:41:00-04:00,334.152587890625,AAPL
2026-09-11 12:42:00-04:00,334.0199890136719,AAPL
2026-09-11 12:43:00-04:00,334.1300048828125,AAPL
2026-09-11 12:44:00-04:00,334.1300048828125,AAPL
2026-09-11 12:45:00-04:00,334.07000732421875,AAPL
2026-09-11 12:46:00-04:00,334.29998779296875,AAPL
2026-09-11 12:47:00-04:00,334.20001220703125,AAPL
2026-09-11 12:48:00-04:00,334.260009765625,AAPL
2026-09-11 12:49:00-04:00,334.4100036621094,AAPL
2026-09-11 12:50:00-04:00,334.44000244140625,AAPL
2026-09-11 12:51:00-04:00,334.3550109863281,AAPL
2026-09-11 12:52:00-04:00,334.3900146484375,AAPL
2026-09-11 12:53:00-04:00,334.4800109863281,AAPL
2026-09-11 12:54:00-04:00,334.44000244140625,AAPL
2026-09-11 12:55:00-04:00,334.364990234375,AAPL
2026-09-11 12:56:00-04:00,334.44000244140625,AAPL
2026-09-11 12:57:00-04:00,334.42999267578125,AAPL
2026-09-11 12:58:00-04:00,334.7099914550781,AAPL
2026-09-11 12:59:00-04:00,334.7449951171875,AAPL
2026-09-11 13:00:00-04:00,334.68499755859375,AAPL
2026-09-11 13:01:00-04:00,334.29998779296875,AAPL
2026-09-11 13:02:00-04:00,334.4800109863281,AAPL
2026-09-11 13:03:00-04:00,334.4750061035156,AAPL
2026-09-11 13:04:00-04:00,334.30999755859375,AAPL
2026-09-11 13:05:00-04:00,334.3699951171875,AAPL
2026-09-11 13:06:00-04:00,334.3550109863281,AAPL
2026-09-11 13:07:00-04:00,334.364013671875,AAPL
2026-09-11 13:08:00-04:00,334.364990234375,AAPL
2026-09-11 13:09:00-04:00,334.3900146484375,AAPL
2026-09-11 13:10:00-04:00,334.2200012207031,AAPL
2026-09-11 13:11:00-04:00,334.215087890625,AAPL
2026-09-11 13:12:00-04:00,334.3450012207031,AAPL
2026-09-11 13:13:00-04:00,334.30999755859375,AAPL
2026-09-11 13:14:00-04:00,334.3399963378906,AAPL
2026-09-11 13:15:00-04:00,334.3699951171875,AAPL
2026-09-11 13:16:00-04:00,334.45001220703125,AAPL
2026-09-11 13:17:00-04:00,334.260009765625,AAPL
2026-09-11 13:18:00-04:00,334.04998779296875,AAPL
2026-09-11 13:19:00-04:00,333.94000244140625,AAPL
2026-09-11 13:20:00-04:00,334.0400085449219,AAPL
2026-09-11 13:21:00-04:00,333.9150085449219,AAPL
2026-09-11 13:22:00-04:00,334.1400146484375,AAPL
2026-09-11 13:23:00-04:00,334.1449890136719,AAPL
2026-09-11 13:24:00-04:00,334.19000244140625,AAPL
2026-09-11 13:25:00-04:00,334.25,AAPL
2026-09-11 13:26:00-04:00,334.2300109863281,AAPL
2026-09-11 13:27:00-04:00,334.1499938964844,AAPL
2026-09-11 13:28:00-04:00,333.9400939941406,AAPL
2026-09-11 13:29:00-04:00,333.95001220703125,AAPL
2026-09-11 13:30:00-04:00,333.8882141113281,AAPL
2026-09-11 13:31:00-04:00,334.0050048828125,AAPL
2026-09-11 13:32:00-04:00,334.2449951171875,AAPL
2026-09-11 13:33:00-04:00,334.1499938964844,AAPL
2026-09-11 13:34:00-04:00,333.82000732421875,AAPL
2026-09-11 13:35:00-04:00,333.5400085449219,AAPL
2026-09-11 13:36:00-04:00,333.5799865722656,AAPL
2026-09-11 13:37:00-04:00,333.5,AAPL
2026-09-11 13:38:00-04:00,333.5299987792969,AAPL
2026-09-11 13:39:00-04:00,333.4800109863281,AAPL
2026-09-11 13:40:00-04:00,333.3966064453125,AAPL
2026-09-11 13:41:00-04:00,333.1600036621094,AAPL
2026-09-11 13:42:00-04:00,333.3500061035156,AAPL
2026-09-11 13:43:00-04:00,333.20050048828125,AAPL
2026-09-11 13:44:00-04:00,333.2195129394531,AAPL
2026-09-11 13:45:00-04:00,333.2950134277344,AAPL
2026-09-11 13:46:00-04:00,333.18011474609375,AAPL
2026-09-11 13:47:00-04:00,333.2629089355469,AAPL
2026-09-11 13:48:00-04:00,333.07940673828125,AAPL
2026-09-11 13:49:00-04:00,333.1000061035156,AAPL
2026-09-11 13:50:00-04:00,332.893310546875,AAPL
2026-09-11 13:51:00-04:00,332.8500061035156,AAPL
2026-09-11 13:52:00-04:00,332.82000732421875,AAPL
2026-09-11 13:53:00-04:00,332.9049987792969,AAPL
2026-09-11 13:54:00-04:00,332.9800109863281,AAPL
2026-09-11 13:55:00-04:00,333.0080871582031,AAPL
2026-09-11 13:56:00-04:00,333.19000244140625,AAPL
2026-09-11 13:57:00-04:00,333.239990234375,AAPL
2026-09-11 13:58:00-04:00,333.4150085449219,AAPL
2026-09-11 13:59:00-04:00,333.3800048828125,AAPL
2026-09-11 14:00:00-04:00,333.5199890136719,AAPL
2026-09-11 14:01:00-04:00,333.5400085449219,AAPL
2026-09-11 14:02:00-04:00,333.6499938964844,AAPL
2026-09-11 14:03:00-04:00,333.6499938964844,AAPL
2026-09-11 14:04:00-04:00,333.3450012207031,AAPL
2026-09-11 14:05:00-04:00,332.9200134277344,AAPL
2026-09-11 14:06:00-04:00,332.8031005859375,AAPL
2026-09-11 14:07:00-04:00,332.80999755859375,AAPL
2026-09-11 14:08:00-04:00,332.6000061035156,AAPL
2026-09-11 14:09:00-04:00,332.66009521484375,AAPL
2026-09-11 14:10:00-04:00,332.6499938964844,AAPL
2026-09-11 14:11:00-04:00,332.7101135253906,AAPL
2026-09-11 14:12:00-04:00,332.6648864746094,AAPL
2026-09-11 14:13:00-04:00,332.80999755859375,AAPL
2026-09-11 14:14:00-04:00,332.7950134277344,AAPL
2026-09-11 14:15:00-04:00,332.7650146484375,AAPL
2026-09-11 14:16:00-04:00,332.760009765625,AAPL
2026-09-11 14:17:00-04:00,332.7799987792969,AAPL
2026-09-11 14:18:00-04:00,332.80999755859375,AAPL
2026-09-11 14:19:00-04:00,332.7799987792969,AAPL
2026-09-11 14:20:00-04:00,332.6600036621094,AAPL
2026-09-11 14:21:00-04:00,332.7449951171875,AAPL
2026-09-11 14:22:00-04:00,332.9150085449219,AAPL
2026-09-11 14:23:00-04:00,332.9898986816406,AAPL
2026-09-11 14:24:00-04:00,332.82501220703125,AAPL
2026-09-11 14:25:00-04:00,332.7449951171875,AAPL
2026-09-11 14:26:00-04:00,332.7799987792969,AAPL
2026-09-11 14:27:00-04:00,332.7099914550781,AAPL
2026-09-11 14:28:00-04:00,332.8434143066406,AAPL
2026-09-11 14:29:00-04:00,332.8550109863281,AAPL
2026-09-11 14:30:00-04:00,332.9150085449219,AAPL
2026-09-11 14:31:00-04:00,332.9100036621094,AAPL
2026-09-11 14:32:00-04:00,332.92999267578125,AAPL
2026-09-11 14:33:00-04:00,332.8349914550781,AAPL
2026-09-11 14:34:00-04:00,332.81500244140625,AAPL
2026-09-11 14:35:00-04:00,332.8949890136719,AAPL
2026-09-11 14:36:00-04:00,332.95770263671875,AAPL
2026-09-11 14:37:00-04:00,332.95001220703125,AAPL
2026-09-11 14:38:00-04:00,333.0249938964844,AAPL
2026-09-11 14:39:00-04:00,333.0,AAPL
2026-09-11 14:40:00-04:00,333.0199890136719,AAPL
2026-09-11 14:41:00-04:00,332.8599853515625,AAPL
2026-09-11 14:42:00-04:00,332.94000244140625,AAPL
2026-09-11 14:43:00-04:00,332.8299865722656,AAPL
2026-09-11 14:44:00-04:00,332.9049987792969,AAPL
2026-09-11 14:45:00-04:00,332.79998779296875,AAPL
2026-09-11 14:46:00-04:00,332.5799865722656,AAPL
2026-09-11 14:47:00-04:00,332.70001220703125,AAPL
2026-09-11 14:48:00-04:00,332.3999938964844,AAPL
2026-09-11 14:49:00-04:00,332.55999755859375,AAPL
2026-09-11 14:50:00-04:00,332.7650146484375,AAPL
2026-09-11 14:51:00-04:00,332.80499267578125,AAPL
2026-09-11 14:52:00-04:00,332.9100036621094,AAPL
2026-09-11 14:53:00-04:00,332.9700927734375,AAPL
2026-09-11 14:54:00-04:00,332.8900146484375,AAPL
2026-09-11 14:55:00-04:00,332.989990234375,AAPL
2026-09-11 14:56:00-04:00,332.8500061035156,AAPL
2026-09-11 14:57:00-04:00,332.6606140136719,AAPL
2026-09-11 14:58:00-04:00,332.7049865722656,AAPL
2026-09-11 14:59:00-04:00,332.5199890136719,AAPL
2026-09-11 15:00:00-04:00,332.5899963378906,AAPL
2026-09-11 15:01:00-04:00,332.57000732421875,AAPL
2026-09-11 15:02:00-04:00,332.6199951171875,AAPL
2026-09-11 15:03:00-04:00,332.67999267578125,AAPL
2026-09-11 15:04:00-04:00,332.8999938964844,AAPL
2026-09-11 15:05:00-04:00,332.90399169921875,AAPL
2026-09-11 15:06:00-04:00,332.6650085449219,AAPL
2026-09-11 15:07:00-04:00,332.67498779296875,AAPL
2026-09-11 15:08:00-04:00,332.5899963378906,AAPL
2026-09-11 15:09:00-04:00,332.6300048828125,AAPL
2026-09-11 15:10:00-04:00,332.6199951171875,AAPL
2026-09-11 15:11:00-04:00,332.5,AAPL
2026-09-11 15:12:00-04:00,332.5150146484375,AAPL
2026-09-11 15:13:00-04:00,332.5299987792969,AAPL
2026-09-11 15:14:00-04:00,332.55999755859375,AAPL
2026-09-11 15:15:00-04:00,332.67999267578125,AAPL
2026-09-11 15:16:00-04:00,332.6449890136719,AAPL
2026-09-11 15:17:00-04:00,332.70001220703125,AAPL
2026-09-11 15:18:00-04:00,332.79998779296875,AAPL
2026-09-11 15:19:00-04:00,332.82000732421875,AAPL
2026-09-11 15:20:00-04:00,332.70001220703125,AAPL
2026-09-11 15:21:00-04:00,332.625,AAPL
2026-09-11 15:22:00-04:00,332.7099914550781,AAPL
2026-09-11 15:23:00-04:00,332.5744934082031,AAPL
2026-09-11 15:24:00-04:00,332.5602111816406,AAPL
2026-09-11 15:25:00-04:00,332.5799865722656,AAPL
2026-09-11 15:26:00-04:00,332.5299987792969,AAPL
2026-09-11 15:27:00-04:00,332.7300109863281,AAPL
2026-09-11 15:28:00-04:00,332.6300048828125,AAPL
2026-09-11 15:29:00-04:00,332.6401062011719,AAPL
2026-09-11 15:30:00-04:00,332.760009765625,AAPL
2026-09-11 15:31:00-04:00,332.635009765625,AAPL
2026-09-11 15:32:00-04:00,332.7250061035156,AAPL
2026-09-11 15:33:00-04:00,332.79998779296875,AAPL
2026-09-11 15:34:00-04:00,332.94000244140625,AAPL
2026-09-11 15:35:00-04:00,332.8138122558594,AAPL
2026-09-11 15:36:00-04:00,332.6099853515625,AAPL
2026-09-11 15:37:00-04:00,332.80999755859375,AAPL
2026-09-11 15:38:00-04:00,332.6000061035156,AAPL
2026-09-11 15:39:00-04:00,332.614990234375,AAPL
2026-09-11 15:40:00-04:00,332.6300048828125,AAPL
2026-09-11 15:41:00-04:00,332.614990234375,AAPL
2026-09-11 15:42:00-04:00,332.6400146484375,AAPL
2026-09-11 15:43:00-04:00,332.53509521484375,AAPL
2026-09-11 15:44:00-04:00,332.6099853515625,AAPL
2026-09-11 15:45:00-04:00,332.5299987792969,AAPL
2026-09-11 15:46:00-04:00,332.510009765625,AAPL
2026-09-11 15:47:00-04:00,332.6449890136719,AAPL
2026-09-11 15:48:00-04:00,332.70001220703125,AAPL
2026-09-11 15:49:00-04:00,332.7099914550781,AAPL
2026-09-11 15:50:00-04:00,332.3399963378906,AAPL
2026-09-11 15:51:00-04:00,332.3399963378906,AAPL
2026-09-11 15:52:00-04:00,332.3627014160156,AAPL
2026-09-11 15:53:00-04:00,332.4200134277344,AAPL
2026-09-11 15:54:00-04:00,332.42498779296875,AAPL
2026-09-11 15:55:00-04:00,332.7760009765625,AAPL
2026-09-11 15:56:00-04:00,332.5299987792969,AAPL
2026-09-11 15:57:00-04:00,332.5799865722656,AAPL
2026-09-11 15:58:00-04:00,332.5400085449219,AAPL
2026-09-11 15:59:00-04:00,332.2300109863281,AAPL
