ts,close_price,asset
2026-09-02 09:30:00-04:00,458.510009765625,AMD
2026-09-02 09:31:00-04:00,458.69000244140625,AMD
2026-09-02 09:32:00-04:00,459.8500061035156,AMD
2026-09-02 09:33:00-04:00,458.989990234375,AMD
2026-09-02 09:34:00-04:00,458.2712097167969,AMD
2026-09-02 09:35:00-04:00,457.4100036621094,AMD
2026-09-02 09:36:00-04:00,457.8299865722656,AMD
2026-09-02 09:37:00-04:00,458.1199951171875,AMD
2026-09-02 09:38:00-04:00,458.5799865722656,AMD
2026-09-02 09:39:00-04:00,459.989990234375,AMD
2026-09-02 09:40:00-04:00,459.7300109863281,AMD
2026-09-02 09:41:00-04:00,461.293701171875,AMD
2026-09-02 09:42:00-04:00,461.2149963378906,AMD
2026-09-02 09:43:00-04:00,458.6000061035156,AMD
2026-09-02 09:44:00-04:00,458.635009765625,AMD
2026-09-02 09:45:00-04:00,458.7200012207031,AMD
2026-09-02 09:46:00-04:00,457.54998779296875,AMD
2026-09-02 09:47:00-04:00,458.42999267578125,AMD
2026-09-02 09:48:00-04:00,457.6199951171875,AMD
2026-09-02 09:49:00-04:00,457.0899963378906,AMD
2026-09-02 09:50:00-04:00,457.3399963378906,AMD
2026-09-02 09:51:00-04:00,456.0198974609375,AMD
2026-09-02 09:52:00-04:00,455.1099853515625,AMD
2026-09-02 09:53:00-04:00,454.1499938964844,AMD
2026-09-02 09:54:00-04:00,453.34368896484375,AMD
2026-09-02 09:55:00-04:00,453.32501220703125,AMD
2026-09-02 09:56:00-04:00,453.9599914550781,AMD
2026-09-02 09:57:00-04:00,452.8500061035156,AMD
2026-09-02 09:58:00-04:00,452.989990234375,AMD
2026-09-02 09:59:00-04:00,453.19000244140625,AMD
2026-09-02 10:00:00-04:00,453.2300109863281,AMD
2026-09-02 10:01:00-04:00,453.2539978027344,AMD
2026-09-02 10:02:00-04:00,453.5299987792969,AMD
2026-09-02 10:03:00-04:00,452.8999938964844,AMD
2026-09-02 10:04:00-04:00,453.7950134277344,AMD
2026-09-02 10:05:00-04:00,454.4100036621094,AMD
2026-09-02 10:06:00-04:00,454.7123107910156,AMD
2026-09-02 10:07:00-04:00,455.6449890136719,AMD
2026-09-02 10:08:00-04:00,455.5,AMD
2026-09-02 10:09:00-04:00,456.42498779296875,AMD
2026-09-02 10:10:00-04:00,457.1300048828125,AMD
2026-09-02 10:11:00-04:00,456.7449951171875,AMD
2026-09-02 10:12:00-04:00,456.489990234375,AMD
2026-09-02 10:13:00-04:00,456.1299133300781,AMD
2026-09-02 10:14:00-04:00,457.0309143066406,AMD
2026-09-02 10:15:00-04:00,457.25,AMD
2026-09-02 10:16:00-04:00,457.4700012207031,AMD
2026-09-02 10:17:00-04:00,458.7250061035156,AMD
2026-09-02 10:18:00-04:00,459.0,AMD
2026-09-02 10:19:00-04:00,459.5199890136719,AMD
2026-09-02 10:20:00-04:00,459.4599914550781,AMD
2026-09-02 10:21:00-04:00,459.9150085449219,AMD
2026-09-02 10:22:00-04:00,460.3399963378906,AMD
2026-09-02 10:23:00-04:00,460.5950012207031,AMD
2026-09-02 10:24:00-04:00,459.6700134277344,AMD
2026-09-02 10:25:00-04:00,460.1820068359375,AMD
2026-09-02 10:26:00-04:00,461.05499267578125,AMD
2026-09-02 10:27:00-04:00,460.5585021972656,AMD
2026-09-02 10:28:00-04:00,460.8399963378906,AMD
2026-09-02 10:29:00-04:00,460.9700012207031,AMD
2026-09-02 10:30:00-04:00,460.17999267578125,AMD
2026-09-02 10:31:00-04:00,461.17999267578125,AMD
2026-09-02 10:32:00-04:00,461.43499755859375,AMD
2026-09-02 10:33:00-04:00,461.6499938964844,AMD
2026-09-02 10:34:00-04:00,462.1600036621094,AMD
2026-09-02 10:35:00-04:00,461.3349914550781,AMD
2026-09-02 10:36:00-04:00,460.614990234375,AMD
2026-09-02 10:37:00-04:00,459.79998779296875,AMD
2026-09-02 10:38:00-04:00,458.9200134277344,AMD
2026-09-02 10:39:00-04:00,459.2762145996094,AMD
2026-09-02 10:40:00-04:00,459.75,AMD
2026-09-02 10:41:00-04:00,458.9136047363281,AMD
2026-09-02 10:42:00-04:00,458.8699951171875,AMD
2026-09-02 10:43:00-04:00,459.4624938964844,AMD
2026-09-02 10:44:00-04:00,459.1499938964844,AMD
2026-09-02 10:45:00-04:00,458.8800048828125,AMD
2026-09-02 10:46:00-04:00,458.17999267578125,AMD
2026-09-02 10:47:00-04:00,458.0299987792969,AMD
2026-09-02 10:48:00-04:00,457.1499938964844,AMD
2026-09-02 10:49:00-04:00,456.5718078613281,AMD
2026-09-02 10:50:00-04:00,456.5364990234375,AMD
2026-09-02 10:51:00-04:00,456.8599853515625,AMD
2026-09-02 10:52:00-04:00,456.989990234375,AMD
2026-09-02 10:53:00-04:00,456.44500732421875,AMD
2026-09-02 10:54:00-04:00,456.4148864746094,AMD
2026-09-02 10:55:00-04:00,456.2900085449219,AMD
2026-09-02 10:56:00-04:00,456.497802734375,AMD
2026-09-02 10:57:00-04:00,457.4549865722656,AMD
2026-09-02 10:58:00-04:00,457.07000732421875,AMD
2026-09-02 10:59:00-04:00,456.4649963378906,AMD
2026-09-02 11:00:00-04:00,456.1777038574219,AMD
2026-09-02 11:01:00-04:00,455.25,AMD
2026-09-02 11:02:00-04:00,455.3399963378906,AMD
2026-09-02 11:03:00-04:00,455.7200012207031,AMD
2026-09-02 11:04:00-04:00,455.5350036621094,AMD
2026-09-02 11:05:00-04:00,455.5050048828125,AMD
2026-09-02 11:06:00-04:00,456.1600036621094,AMD
2026-09-02 11:07:00-04:00,455.9649963378906,AMD
2026-09-02 11:08:00-04:00,456.30499267578125,AMD
2026-09-02 11:09:00-04:00,456.8800048828125,AMD
2026-09-02 11:10:00-04:00,456.9100036621094,AMD
2026-09-02 11:11:00-04:00,457.0400085449219,AMD
2026-09-02 11:12:00-04:00,456.4565124511719,AMD
2026-09-02 11:13:00-04:00,456.5,AMD
2026-09-02 11:14:00-04:00,456.489990234375,AMD
2026-09-02 11:15:00-04:00,457.19989013671875,AMD
2026-09-02 11:16:00-04:00,457.69000244140625,AMD
2026-09-02 11:17:00-04:00,458.1098937988281,AMD
2026-09-02 11:18:00-04:00,457.8949890136719,AMD
2026-09-02 11:19:00-04:00,458.18499755859375,AMD
2026-09-02 11:20:00-04:00,458.25,AMD
2026-09-02 11:21:00-04:00,457.6700134277344,AMD
2026-09-02 11:22:00-04:00,458.0,AMD
2026-09-02 11:23:00-04:00,457.3800048828125,AMD
2026-09-02 11:24:00-04:00,457.9223937988281,AMD
2026-09-02 11:25:00-04:00,458.1499938964844,AMD
2026-09-02 11:26:00-04:00,458.0950012207031,AMD
2026-09-02 11:27:00-04:00,458.1600036621094,AMD
2026-09-02 11:28:00-04:00,458.79998779296875,AMD
2026-09-02 11:29:00-04:00,459.1382141113281,AMD
2026-09-02 11:30:00-04:00,459.20001220703125,AMD
2026-09-02 11:31:00-04:00,459.239990234375,AMD
2026-09-02 11:32:00-04:00,459.160400390625,AMD
2026-09-02 11:33:00-04:00,459.2799987792969,AMD
2026-09-02 11:34:00-04:00,459.0799865722656,AMD
2026-09-02 11:35:00-04:00,459.1700134277344,AMD
2026-09-02 11:36:00-04:00,459.4100036621094,AMD
2026-09-02 11:37:00-04:00,459.0899963378906,AMD
2026-09-02 11:38:00-04:00,458.4800109863281,AMD
2026-09-02 11:39:00-04:00,458.0899963378906,AMD
2026-09-02 11:40:00-04:00,458.4599914550781,AMD
2026-09-02 11:41:00-04:00,458.57000732421875,AMD
2026-09-02 11:42:00-04:00,458.3399963378906,AMD
2026-09-02 11:43:00-04:00,458.4750061035156,AMD
2026-09-02 11:44:00-04:00,458.6700134277344,AMD
2026-09-02 11:45:00-04:00,457.9200134277344,AMD
2026-09-02 11:46:00-04:00,458.1000061035156,AMD
2026-09-02 11:47:00-04:00,458.1000061035156,AMD
2026-09-02 11:48:00-04:00,458.09320068359375,AMD
2026-09-02 11:49:00-04:00,457.7149963378906,AMD
2026-09-02 11:50:00-04:00,457.5,AMD
2026-09-02 11:51:00-04:00,458.20001220703125,AMD
2026-09-02 11:52:00-04:00,458.5,AMD
2026-09-02 11:53:00-04:00,458.1600036621094,AMD
2026-09-02 11:54:00-04:00,458.1499938964844,AMD
2026-09-02 11:55:00-04:00,458.0,AMD
2026-09-02 11:56:00-04:00,458.0150146484375,AMD
2026-09-02 11:57:00-04:00,457.8999938964844,AMD
2026-09-02 11:58:00-04:00,458.5799865722656,AMD
2026-09-02 11:59:00-04:00,459.0299987792969,AMD
2026-09-02 12:00:00-04:00,458.7799987792969,AMD
2026-09-02 12:01:00-04:00,458.6199951171875,AMD
2026-09-02 12:02:00-04:00,458.07000732421875,AMD
2026-09-02 12:03:00-04:00,458.6000061035156,AMD
2026-09-02 12:04:00-04:00,458.8320007324219,AMD
2026-09-02 12:05:00-04:00,458.7699890136719,AMD
2026-09-02 12:06:00-04:00,458.80999755859375,AMD
2026-09-02 12:07:00-04:00,458.5,AMD
2026-09-02 12:08:00-04:00,458.5299987792969,AMD
2026-09-02 12:09:00-04:00,458.5249938964844,AMD
2026-09-02 12:10:00-04:00,459.1449890136719,AMD
2026-09-02 12:11:00-04:00,458.79998779296875,AMD
2026-09-02 12:12:00-04:00,459.0400085449219,AMD
2026-09-02 12:13:00-04:00,458.8599853515625,AMD
2026-09-02 12:14:00-04:00,459.260009765625,AMD
2026-09-02 12:15:00-04:00,459.17999267578125,AMD
2026-09-02 12:16:00-04:00,459.07000732421875,AMD
2026-09-02 12:17:00-04:00,458.6449890136719,AMD
2026-09-02 12:18:00-04:00,458.5799865722656,AMD
2026-09-02 12:19:00-04:00,458.7099914550781,AMD
2026-09-02 12:20:00-04:00,458.489990234375,AMD
2026-09-02 12:21:00-04:00,458.47698974609375,AMD
2026-09-02 12:22:00-04:00,458.1600036621094,AMD
2026-09-02 12:23:00-04:00,458.3349914550781,AMD
2026-09-02 12:24:00-04:00,458.2099914550781,AMD
2026-09-02 12:25:00-04:00,458.135009765625,AMD
2026-09-02 12:26:00-04:00,457.79998779296875,AMD
2026-09-02 12:27:00-04:00,457.375,AMD
2026-09-02 12:28:00-04:00,457.60980224609375,AMD
2026-09-02 12:29:00-04:00,457.43499755859375,AMD
2026-09-02 12:30:00-04:00,457.4005126953125,AMD
2026-09-02 12:31:00-04:00,457.5799865722656,AMD
2026-09-02 12:32:00-04:00,457.6400146484375,AMD
2026-09-02 12:33:00-04:00,457.42498779296875,AMD
2026-09-02 12:34:00-04:00,457.54998779296875,AMD
2026-09-02 12:35:00-04:00,457.3999938964844,AMD
2026-09-02 12:36:00-04:00,457.239990234375,AMD
2026-09-02 12:37:00-04:00,457.20001220703125,AMD
2026-09-02 12:38:00-04:00,456.8913879394531,AMD
2026-09-02 12:39:00-04:00,456.6300048828125,AMD
2026-09-02 12:40:00-04:00,457.1700134277344,AMD
2026-09-02 12:41:00-04:00,456.864990234375,AMD
2026-09-02 12:42:00-04:00,456.5799865722656,AMD
2026-09-02 12:43:00-04:00,456.6499938964844,AMD
2026-09-02 12:44:00-04:00,456.67498779296875,AMD
2026-09-02 12:45:00-04:00,456.9100036621094,AMD
2026-09-02 12:46:00-04:00,457.0899963378906,AMD
2026-09-02 12:47:00-04:00,456.82000732421875,AMD
2026-09-02 12:48:00-04:00,456.7300109863281,AMD
2026-09-02 12:49:00-04:00,456.7099914550781,AMD
2026-09-02 12:50:00-04:00,456.5249938964844,AMD
2026-09-02 12:51:00-04:00,456.6499938964844,AMD
2026-09-02 12:52:00-04:00,456.5249938964844,AMD
2026-09-02 12:53:00-04:00,456.92999267578125,AMD
2026-09-02 12:54:00-04:00,457.0199890136719,AMD
2026-09-02 12:55:00-04:00,456.8450012207031,AMD
2026-09-02 12:56:00-04:00,457.0350036621094,AMD
2026-09-02 12:57:00-04:00,456.70001220703125,AMD
2026-09-02 12:58:00-04:00,456.77398681640625,AMD
2026-09-02 12:59:00-04:00,456.9100036621094,AMD
2026-09-02 13:00:00-04:00,457.19000244140625,AMD
2026-09-02 13:01:00-04:00,458.2123107910156,AMD
2026-09-02 13:02:00-04:00,458.0450134277344,AMD
2026-09-02 13:03:00-04:00,457.8204040527344,AMD
2026-09-02 13:04:00-04:00,457.8699951171875,AMD
2026-09-02 13:05:00-04:00,458.0849914550781,AMD
2026-09-02 13:06:00-04:00,458.0299987792969,AMD
2026-09-02 13:07:00-04:00,456.8599853515625,AMD
2026-09-02 13:08:00-04:00,456.57000732421875,AMD
2026-09-02 13:09:00-04:00,456.54998779296875,AMD
2026-09-02 13:10:00-04:00,456.635009765625,AMD
2026-09-02 13:11:00-04:00,456.5199890136719,AMD
2026-09-02 13:12:00-04:00,456.79998779296875,AMD
2026-09-02 13:13:00-04:00,456.8949890136719,AMD
2026-09-02 13:14:00-04:00,457.30999755859375,AMD
2026-09-02 13:15:00-04:00,457.0010986328125,AMD
2026-09-02 13:16:00-04:00,456.85009765625,AMD
2026-09-02 13:17:00-04:00,456.79998779296875,AMD
2026-09-02 13:18:00-04:00,456.7950134277344,AMD
2026-09-02 13:19:00-04:00,456.9150085449219,AMD
2026-09-02 13:20:00-04:00,456.93499755859375,AMD
2026-09-02 13:21:00-04:00,457.04998779296875,AMD
2026-09-02 13:22:00-04:00,456.8699951171875,AMD
2026-09-02 13:23:00-04:00,456.95001220703125,AMD
2026-09-02 13:24:00-04:00,456.8699951171875,AMD
2026-09-02 13:25:00-04:00,456.54998779296875,AMD
2026-09-02 13:26:00-04:00,456.70001220703125,AMD
2026-09-02 13:27:00-04:00,456.7650146484375,AMD
2026-09-02 13:28:00-04:00,457.4299011230469,AMD
2026-09-02 13:29:00-04:00,457.3100891113281,AMD
2026-09-02 13:30:00-04:00,457.5,AMD
2026-09-02 13:31:00-04:00,457.3699951171875,AMD
2026-09-02 13:32:00-04:00,457.1080017089844,AMD
2026-09-02 13:33:00-04:00,457.125,AMD
2026-09-02 13:34:00-04:00,457.17999267578125,AMD
2026-09-02 13:35:00-04:00,457.2099914550781,AMD
2026-09-02 13:36:00-04:00,457.0400085449219,AMD
2026-09-02 13:37:00-04:00,457.0899963378906,AMD
2026-09-02 13:38:00-04:00,457.0299987792969,AMD
2026-09-02 13:39:00-04:00,457.0,AMD
2026-09-02 13:40:00-04:00,457.17999267578125,AMD
2026-09-02 13:41:00-04:00,456.739990234375,AMD
2026-09-02 13:42:00-04:00,456.8399963378906,AMD
2026-09-02 13:43:00-04:00,457.1499938964844,AMD
2026-09-02 13:44:00-04:00,457.20001220703125,AMD
2026-09-02 13:45:00-04:00,457.625,AMD
2026-09-02 13:46:00-04:00,457.57501220703125,AMD
2026-09-02 13:47:00-04:00,457.6300048828125,AMD
2026-09-02 13:48:00-04:00,457.5,AMD
2026-09-02 13:49:00-04:00,457.4750061035156,AMD
2026-09-02 13:50:00-04:00,457.2250061035156,AMD
2026-09-02 13:51:00-04:00,457.1600036621094,AMD
2026-09-02 13:52:00-04:00,457.20001220703125,AMD
2026-09-02 13:53:00-04:00,457.1700134277344,AMD
2026-09-02 13:54:00-04:00,457.2200012207031,AMD
2026-09-02 13:55:00-04:00,456.8550109863281,AMD
2026-09-02 13:56:00-04:00,457.114990234375,AMD
2026-09-02 13:57:00-04:00,456.8949890136719,AMD
2026-09-02 13:58:00-04:00,456.8900146484375,AMD
2026-09-02 13:59:00-04:00,456.8999938964844,AMD
2026-09-02 14:00:00-04:00,456.7300109863281,AMD
2026-09-02 14:01:00-04:00,456.5,AMD
2026-09-02 14:02:00-04:00,456.68499755859375,AMD
2026-09-02 14:03:00-04:00,456.7099914550781,AMD
2026-09-02 14:04:00-04:00,456.55499267578125,AMD
2026-09-02 14:05:00-04:00,456.97601318359375,AMD
2026-09-02 14:06:00-04:00,456.95001220703125,AMD
2026-09-02 14:07:00-04:00,455.80499267578125,AMD
2026-09-02 14:08:00-04:00,455.6600036621094,AMD
2026-09-02 14:09:00-04:00,456.0400085449219,AMD
2026-09-02 14:10:00-04:00,455.70001220703125,AMD
2026-09-02 14:11:00-04:00,455.5,AMD
2026-09-02 14:12:00-04:00,455.6400146484375,AMD
2026-09-02 14:13:00-04:00,455.8900146484375,AMD
2026-09-02 14:14:00-04:00,455.82000732421875,AMD
2026-09-02 14:15:00-04:00,455.7300109863281,AMD
2026-09-02 14:16:00-04:00,455.8500061035156,AMD
2026-09-02 14:17:00-04:00,455.8843078613281,AMD
2026-09-02 14:18:00-04:00,456.3450012207031,AMD
2026-09-02 14:19:00-04:00,456.2300109863281,AMD
2026-09-02 14:20:00-04:00,456.2749938964844,AMD
2026-09-02 14:21:00-04:00,456.2900085449219,AMD
2026-09-02 14:22:00-04:00,456.3999938964844,AMD
2026-09-02 14:23:00-04:00,456.3999938964844,AMD
2026-09-02 14:24:00-04:00,456.70001220703125,AMD
2026-09-02 14:25:00-04:00,456.760009765625,AMD
2026-09-02 14:26:00-04:00,456.45001220703125,AMD
2026-09-02 14:27:00-04:00,456.4800109863281,AMD
2026-09-02 14:28:00-04:00,456.44500732421875,AMD
2026-09-02 14:29:00-04:00,456.32000732421875,AMD
2026-09-02 14:30:00-04:00,456.8550109863281,AMD
2026-09-02 14:31:00-04:00,456.7099914550781,AMD
2026-09-02 14:32:00-04:00,456.7149963378906,AMD
2026-09-02 14:33:00-04:00,456.8349914550781,AMD
2026-09-02 14:34:00-04:00,456.5,AMD
2026-09-02 14:35:00-04:00,456.56500244140625,AMD
2026-09-02 14:36:00-04:00,456.5,AMD
2026-09-02 14:37:00-04:00,456.55999755859375,AMD
2026-09-02 14:38:00-04:00,456.42498779296875,AMD
2026-09-02 14:39:00-04:00,456.2699890136719,AMD
2026-09-02 14:40:00-04:00,456.3349914550781,AMD
2026-09-02 14:41:00-04:00,456.07220458984375,AMD
2026-09-02 14:42:00-04:00,456.1600036621094,AMD
2026-09-02 14:43:00-04:00,456.2799987792969,AMD
2026-09-02 14:44:00-04:00,456.2550048828125,AMD
2026-09-02 14:45:00-04:00,456.3349914550781,AMD
2026-09-02 14:46:00-04:00,456.1600036621094,AMD
2026-09-02 14:47:00-04:00,456.07000732421875,AMD
2026-09-02 14:48:00-04:00,456.5400085449219,AMD
2026-09-02 14:49:00-04:00,456.7099914550781,AMD
2026-09-02 14:50:00-04:00,456.3900146484375,AMD
2026-09-02 14:51:00-04:00,456.3399963378906,AMD
2026-09-02 14:52:00-04:00,456.1499938964844,AMD
2026-09-02 14:53:00-04:00,456.3500061035156,AMD
2026-09-02 14:54:00-04:00,456.17999267578125,AMD
2026-09-02 14:55:00-04:00,456.3550109863281,AMD
2026-09-02 14:56:00-04:00,456.4849853515625,AMD
2026-09-02 14:57:00-04:00,456.69000244140625,AMD
2026-09-02 14:58:00-04:00,456.864990234375,AMD
2026-09-02 14:59:00-04:00,456.8699951171875,AMD
2026-09-02 15:00:00-04:00,456.6499938964844,AMD
2026-09-02 15:01:00-04:00,456.45001220703125,AMD
2026-09-02 15:02:00-04:00,456.4200134277344,AMD
2026-09-02 15:03:00-04:00,456.3999938964844,AMD
2026-09-02 15:04:00-04:00,456.510009765625,AMD
2026-09-02 15:05:00-04:00,456.9800109863281,AMD
2026-09-02 15:06:00-04:00,456.99798583984375,AMD
2026-09-02 15:07:00-04:00,456.7799987792969,AMD
2026-09-02 15:08:00-04:00,457.0249938964844,AMD
2026-09-02 15:09:00-04:00,457.1650085449219,AMD
2026-09-02 15:10:00-04:00,457.19000244140625,AMD
2026-09-02 15:11:00-04:00,456.94000244140625,AMD
2026-09-02 15:12:00-04:00,457.260009765625,AMD
2026-09-02 15:13:00-04:00,457.12200927734375,AMD
2026-09-02 15:14:00-04:00,457.1600036621094,AMD
2026-09-02 15:15:00-04:00,457.2900085449219,AMD
2026-09-02 15:16:00-04:00,457.0899963378906,AMD
2026-09-02 15:17:00-04:00,456.8999938964844,AMD
2026-09-02 15:18:00-04:00,456.92999267578125,AMD
2026-09-02 15:19:00-04:00,457.1600036621094,AMD
2026-09-02 15:20:00-04:00,456.70001220703125,AMD
2026-09-02 15:21:00-04:00,456.9200134277344,AMD
2026-09-02 15:22:00-04:00,456.70001220703125,AMD
2026-09-02 15:23:00-04:00,456.875,AMD
2026-09-02 15:24:00-04:00,456.4800109863281,AMD
2026-09-02 15:25:00-04:00,456.1650085449219,AMD
2026-09-02 15:26:00-04:00,456.3800048828125,AMD
2026-09-02 15:27:00-04:00,456.4100036621094,AMD
2026-09-02 15:28:00-04:00,456.9200134277344,AMD
2026-09-02 15:29:00-04:00,456.7049865722656,AMD
2026-09-02 15:30:00-04:00,456.7250061035156,AMD
2026-09-02 15:31:00-04:00,456.8599853515625,AMD
2026-09-02 15:32:00-04:00,456.3800048828125,AMD
2026-09-02 15:33:00-04:00,456.4800109863281,AMD
2026-09-02 15:34:00-04:00,456.75,AMD
2026-09-02 15:35:00-04:00,456.4100036621094,AMD
2026-09-02 15:36:00-04:00,456.3999938964844,AMD
2026-09-02 15:37:00-04:00,456.5799865722656,AMD
2026-09-02 15:38:00-04:00,456.54998779296875,AMD
2026-09-02 15:39:00-04:00,456.5400085449219,AMD
2026-09-02 15:40:00-04:00,456.32000732421875,AMD
2026-09-02 15:41:00-04:00,456.1400146484375,AMD
2026-09-02 15:42:00-04:00,456.07000732421875,AMD
2026-09-02 15:43:00-04:00,456.0899963378906,AMD
2026-09-02 15:44:00-04:00,456.17999267578125,AMD
2026-09-02 15:45:00-04:00,456.239990234375,AMD
2026-09-02 15:46:00-04:00,456.364990234375,AMD
2026-09-02 15:47:00-04:00,456.32000732421875,AMD
2026-09-02 15:48:00-04:00,456.2799987792969,AMD
2026-09-02 15:49:00-04:00,456.1050109863281,AMD
2026-09-02 15:50:00-04:00,455.9800109863281,AMD
2026-09-02 15:51:00-04:00,456.18499755859375,AMD
2026-09-02 15:52:00-04:00,456.0899963378906,AMD
2026-09-02 15:53:00-04:00,456.29998779296875,AMD
2026-09-02 15:54:00-04:00,457.3323974609375,AMD
2026-09-02 15:55:00-04:00,456.7749938964844,AMD
2026-09-02 15:56:00-04:00,456.3800048828125,AMD
2026-09-02 15:57:00-04:00,456.57000732421875,AMD
2026-09-02 15:58:00-04:00,456.6400146484375,AMD
2026-09-02 15:59:00-04:00,456.29998779296875,AMD
2026-09-03 09:30:00-04:00,452.5050048828125,AMD
2026-09-03 09:31:00-04:00,447.8399963378906,AMD
2026-09-03 09:32:00-04:00,444.8900146484375,AMD
2026-09-03 09:33:00-04:00,445.4700012207031,AMD
2026-09-03 09:34:00-04:00,443.5451965332031,AMD
2026-09-03 09:35:00-04:00,443.56988525390625,AMD
2026-09-03 09:36:00-04:00,442.8599853515625,AMD
2026-09-03 09:37:00-04:00,445.6199951171875,AMD
2026-09-03 09:38:00-04:00,446.7699890136719,AMD
2026-09-03 09:39:00-04:00,446.7950134277344,AMD
2026-09-03 09:40:00-04:00,448.59161376953125,AMD
2026-09-03 09:41:00-04:00,448.7099914550781,AMD
2026-09-03 09:42:00-04:00,448.5762023925781,AMD
2026-09-03 09:43:00-04:00,447.80499267578125,AMD
2026-09-03 09:44:00-04:00,448.010009765625,AMD
2026-09-03 09:45:00-04:00,447.5899963378906,AMD
2026-09-03 09:46:00-04:00,447.95001220703125,AMD
2026-09-03 09:47:00-04:00,448.7650146484375,AMD
2026-09-03 09:48:00-04:00,448.0199890136719,AMD
2026-09-03 09:49:00-04:00,449.279296875,AMD
2026-09-03 09:50:00-04:00,449.3699951171875,AMD
2026-09-03 09:51:00-04:00,449.19500732421875,AMD
2026-09-03 09:52:00-04:00,447.8500061035156,AMD
2026-09-03 09:53:00-04:00,447.42498779296875,AMD
2026-09-03 09:54:00-04:00,448.0000915527344,AMD
2026-09-03 09:55:00-04:00,447.8349914550781,AMD
2026-09-03 09:56:00-04:00,447.1814880371094,AMD
2026-09-03 09:57:00-04:00,446.6000061035156,AMD
2026-09-03 09:58:00-04:00,447.70001220703125,AMD
2026-09-03 09:59:00-04:00,447.4800109863281,AMD
2026-09-03 10:00:00-04:00,446.1000061035156,AMD
2026-09-03 10:01:00-04:00,444.8550109863281,AMD
2026-09-03 10:02:00-04:00,446.0448913574219,AMD
2026-09-03 10:03:00-04:00,445.67999267578125,AMD
2026-09-03 10:04:00-04:00,445.7349853515625,AMD
2026-09-03 10:05:00-04:00,446.82000732421875,AMD
2026-09-03 10:06:00-04:00,446.29998779296875,AMD
2026-09-03 10:07:00-04:00,445.29998779296875,AMD
2026-09-03 10:08:00-04:00,445.1400146484375,AMD
2026-09-03 10:09:00-04:00,445.2200012207031,AMD
2026-09-03 10:10:00-04:00,445.5899963378906,AMD
2026-09-03 10:11:00-04:00,446.635009765625,AMD
2026-09-03 10:12:00-04:00,446.54998779296875,AMD
2026-09-03 10:13:00-04:00,446.3999938964844,AMD
2026-09-03 10:14:00-04:00,446.8550109863281,AMD
2026-09-03 10:15:00-04:00,448.0,AMD
2026-09-03 10:16:00-04:00,448.79998779296875,AMD
2026-09-03 10:17:00-04:00,449.5150146484375,AMD
2026-09-03 10:18:00-04:00,449.6700134277344,AMD
2026-09-03 10:19:00-04:00,451.0199890136719,AMD
2026-09-03 10:20:00-04:00,451.79998779296875,AMD
2026-09-03 10:21:00-04:00,451.45001220703125,AMD
2026-09-03 10:22:00-04:00,451.7749938964844,AMD
2026-09-03 10:23:00-04:00,452.32000732421875,AMD
2026-09-03 10:24:00-04:00,451.7049865722656,AMD
2026-09-03 10:25:00-04:00,451.6000061035156,AMD
2026-09-03 10:26:00-04:00,451.2099914550781,AMD
2026-09-03 10:27:00-04:00,451.6199951171875,AMD
2026-09-03 10:28:00-04:00,451.7850036621094,AMD
2026-09-03 10:29:00-04:00,451.6099853515625,AMD
2026-09-03 10:30:00-04:00,451.57501220703125,AMD
2026-09-03 10:31:00-04:00,450.8299865722656,AMD
2026-09-03 10:32:00-04:00,450.07000732421875,AMD
2026-09-03 10:33:00-04:00,450.5,AMD
2026-09-03 10:34:00-04:00,450.2900085449219,AMD
2026-09-03 10:35:00-04:00,451.3900146484375,AMD
2026-09-03 10:36:00-04:00,451.6199951171875,AMD
2026-09-03 10:37:00-04:00,450.6499938964844,AMD
2026-09-03 10:38:00-04:00,451.0299987792969,AMD
2026-09-03 10:39:00-04:00,451.05999755859375,AMD
2026-09-03 10:40:00-04:00,450.9100036621094,AMD
2026-09-03 10:41:00-04:00,451.3999938964844,AMD
2026-09-03 10:42:00-04:00,451.54998779296875,AMD
2026-09-03 10:43:00-04:00,451.54998779296875,AMD
2026-09-03 10:44:00-04:00,450.6400146484375,AMD
2026-09-03 10:45:00-04:00,450.56500244140625,AMD
2026-09-03 10:46:00-04:00,450.1300048828125,AMD
2026-09-03 10:47:00-04:00,450.2349853515625,AMD
2026-09-03 10:48:00-04:00,450.3900146484375,AMD
2026-09-03 10:49:00-04:00,449.79998779296875,AMD
2026-09-03 10:50:00-04:00,450.20001220703125,AMD
2026-09-03 10:51:00-04:00,450.875,AMD
2026-09-03 10:52:00-04:00,450.6199951171875,AMD
2026-09-03 10:53:00-04:00,451.7149963378906,AMD
2026-09-03 10:54:00-04:00,452.0799865722656,AMD
2026-09-03 10:55:00-04:00,451.68560791015625,AMD
2026-09-03 10:56:00-04:00,451.1499938964844,AMD
2026-09-03 10:57:00-04:00,451.3764953613281,AMD
2026-09-03 10:58:00-04:00,452.8599853515625,AMD
2026-09-03 10:59:00-04:00,454.010009765625,AMD
2026-09-03 11:00:00-04:00,455.17999267578125,AMD
2026-09-03 11:01:00-04:00,454.8299865722656,AMD
2026-09-03 11:02:00-04:00,455.5150146484375,AMD
2026-09-03 11:03:00-04:00,455.32000732421875,AMD
2026-09-03 11:04:00-04:00,455.79998779296875,AMD
2026-09-03 11:05:00-04:00,455.8599853515625,AMD
2026-09-03 11:06:00-04:00,455.43499755859375,AMD
2026-09-03 11:07:00-04:00,455.70001220703125,AMD
2026-09-03 11:08:00-04:00,455.6000061035156,AMD
2026-09-03 11:09:00-04:00,455.1200866699219,AMD
2026-09-03 11:10:00-04:00,455.18011474609375,AMD
2026-09-03 11:11:00-04:00,455.8800964355469,AMD
2026-09-03 11:12:00-04:00,455.70001220703125,AMD
2026-09-03 11:13:00-04:00,455.760009765625,AMD
2026-09-03 11:14:00-04:00,455.79998779296875,AMD
2026-09-03 11:15:00-04:00,455.8599853515625,AMD
2026-09-03 11:16:00-04:00,455.7449951171875,AMD
2026-09-03 11:17:00-04:00,455.80499267578125,AMD
2026-09-03 11:18:00-04:00,455.3699951171875,AMD
2026-09-03 11:19:00-04:00,455.1799011230469,AMD
2026-09-03 11:20:00-04:00,455.04998779296875,AMD
2026-09-03 11:21:00-04:00,455.0,AMD
2026-09-03 11:22:00-04:00,455.6499938964844,AMD
2026-09-03 11:23:00-04:00,455.6000061035156,AMD
2026-09-03 11:24:00-04:00,455.6737976074219,AMD
2026-09-03 11:25:00-04:00,456.3663024902344,AMD
2026-09-03 11:26:00-04:00,456.2950134277344,AMD
2026-09-03 11:27:00-04:00,456.8550109863281,AMD
2026-09-03 11:28:00-04:00,456.2900085449219,AMD
2026-09-03 11:29:00-04:00,456.8450012207031,AMD
2026-09-03 11:30:00-04:00,456.6000061035156,AMD
2026-09-03 11:31:00-04:00,456.7200012207031,AMD
2026-09-03 11:32:00-04:00,456.2550048828125,AMD
2026-09-03 11:33:00-04:00,456.1700134277344,AMD
2026-09-03 11:34:00-04:00,456.5599060058594,AMD
2026-09-03 11:35:00-04:00,456.5799865722656,AMD
2026-09-03 11:36:00-04:00,456.5350036621094,AMD
2026-09-03 11:37:00-04:00,456.04010009765625,AMD
2026-09-03 11:38:00-04:00,456.0899963378906,AMD
2026-09-03 11:39:00-04:00,456.3645935058594,AMD
2026-09-03 11:40:00-04:00,456.585205078125,AMD
2026-09-03 11:41:00-04:00,456.80999755859375,AMD
2026-09-03 11:42:00-04:00,456.70001220703125,AMD
2026-09-03 11:43:00-04:00,456.7799987792969,AMD
2026-09-03 11:44:00-04:00,456.10009765625,AMD
2026-09-03 11:45:00-04:00,456.7200012207031,AMD
2026-09-03 11:46:00-04:00,456.42999267578125,AMD
2026-09-03 11:47:00-04:00,455.8399963378906,AMD
2026-09-03 11:48:00-04:00,456.1549987792969,AMD
2026-09-03 11:49:00-04:00,456.0150146484375,AMD
2026-09-03 11:50:00-04:00,455.92498779296875,AMD
2026-09-03 11:51:00-04:00,456.17498779296875,AMD
2026-09-03 11:52:00-04:00,456.3399963378906,AMD
2026-09-03 11:53:00-04:00,456.06500244140625,AMD
2026-09-03 11:54:00-04:00,456.635009765625,AMD
2026-09-03 11:55:00-04:00,457.3399963378906,AMD
2026-09-03 11:56:00-04:00,457.30999755859375,AMD
2026-09-03 11:57:00-04:00,456.6050109863281,AMD
2026-09-03 11:58:00-04:00,456.92999267578125,AMD
2026-09-03 11:59:00-04:00,457.20001220703125,AMD
2026-09-03 12:00:00-04:00,457.0400085449219,AMD
2026-09-03 12:01:00-04:00,456.8299865722656,AMD
2026-09-03 12:02:00-04:00,456.8349914550781,AMD
2026-09-03 12:03:00-04:00,457.2799987792969,AMD
2026-09-03 12:04:00-04:00,456.69000244140625,AMD
2026-09-03 12:05:00-04:00,457.0799865722656,AMD
2026-09-03 12:06:00-04:00,456.92498779296875,AMD
2026-09-03 12:07:00-04:00,457.32000732421875,AMD
2026-09-03 12:08:00-04:00,457.5425109863281,AMD
2026-09-03 12:09:00-04:00,457.94000244140625,AMD
2026-09-03 12:10:00-04:00,458.1099853515625,AMD
2026-09-03 12:11:00-04:00,457.760009765625,AMD
2026-09-03 12:12:00-04:00,457.8349914550781,AMD
2026-09-03 12:13:00-04:00,457.7349853515625,AMD
2026-09-03 12:14:00-04:00,457.70001220703125,AMD
2026-09-03 12:15:00-04:00,457.9200134277344,AMD
2026-09-03 12:16:00-04:00,458.5799865722656,AMD
2026-09-03 12:17:00-04:00,458.94000244140625,AMD
2026-09-03 12:18:00-04:00,458.5801086425781,AMD
2026-09-03 12:19:00-04:00,459.7401123046875,AMD
2026-09-03 12:20:00-04:00,459.260009765625,AMD
2026-09-03 12:21:00-04:00,458.67999267578125,AMD
2026-09-03 12:22:00-04:00,458.468994140625,AMD
2026-09-03 12:23:00-04:00,458.5050048828125,AMD
2026-09-03 12:24:00-04:00,457.9800109863281,AMD
2026-09-03 12:25:00-04:00,458.57501220703125,AMD
2026-09-03 12:26:00-04:00,458.6000061035156,AMD
2026-09-03 12:27:00-04:00,458.54998779296875,AMD
2026-09-03 12:28:00-04:00,458.2250061035156,AMD
2026-09-03 12:29:00-04:00,458.1632080078125,AMD
2026-09-03 12:30:00-04:00,458.1199951171875,AMD
2026-09-03 12:31:00-04:00,457.7300109863281,AMD
2026-09-03 12:32:00-04:00,457.6600036621094,AMD
2026-09-03 12:33:00-04:00,457.5357971191406,AMD
2026-09-03 12:34:00-04:00,457.45001220703125,AMD
2026-09-03 12:35:00-04:00,457.1000061035156,AMD
2026-09-03 12:36:00-04:00,457.489990234375,AMD
2026-09-03 12:37:00-04:00,457.8699951171875,AMD
2026-09-03 12:38:00-04:00,458.0199890136719,AMD
2026-09-03 12:39:00-04:00,458.7300109863281,AMD
2026-09-03 12:40:00-04:00,458.9549865722656,AMD
2026-09-03 12:41:00-04:00,459.6099853515625,AMD
2026-09-03 12:42:00-04:00,459.135009765625,AMD
2026-09-03 12:43:00-04:00,459.1299133300781,AMD
2026-09-03 12:44:00-04:00,459.5400085449219,AMD
2026-09-03 12:45:00-04:00,459.29998779296875,AMD
2026-09-03 12:46:00-04:00,459.1400146484375,AMD
2026-09-03 12:47:00-04:00,459.0,AMD
2026-09-03 12:48:00-04:00,459.17999267578125,AMD
2026-09-03 12:49:00-04:00,458.7099914550781,AMD
2026-09-03 12:50:00-04:00,459.1000061035156,AMD
2026-09-03 12:51:00-04:00,459.1700134277344,AMD
2026-09-03 12:52:00-04:00,458.54998779296875,AMD
2026-09-03 12:53:00-04:00,458.6109924316406,AMD
2026-09-03 12:54:00-04:00,458.7250061035156,AMD
2026-09-03 12:55:00-04:00,458.7200012207031,AMD
2026-09-03 12:56:00-04:00,458.739990234375,AMD
2026-09-03 12:57:00-04:00,459.1499938964844,AMD
2026-09-03 12:58:00-04:00,458.6234130859375,AMD
2026-09-03 12:59:00-04:00,458.5,AMD
2026-09-03 13:00:00-04:00,458.43499755859375,AMD
2026-09-03 13:01:00-04:00,458.53179931640625,AMD
2026-09-03 13:02:00-04:00,457.5249938964844,AMD
2026-09-03 13:03:00-04:00,457.5899963378906,AMD
2026-09-03 13:04:00-04:00,457.6700134277344,AMD
2026-09-03 13:05:00-04:00,457.3800048828125,AMD
2026-09-03 13:06:00-04:00,457.1050109863281,AMD
2026-09-03 13:07:00-04:00,457.239990234375,AMD
2026-09-03 13:08:00-04:00,456.885009765625,AMD
2026-09-03 13:09:00-04:00,456.8900146484375,AMD
2026-09-03 13:10:00-04:00,457.32000732421875,AMD
2026-09-03 13:11:00-04:00,457.6499938964844,AMD
2026-09-03 13:12:00-04:00,457.6099853515625,AMD
2026-09-03 13:13:00-04:00,457.3699035644531,AMD
2026-09-03 13:14:00-04:00,457.2349853515625,AMD
2026-09-03 13:15:00-04:00,457.2449951171875,AMD
2026-09-03 13:16:00-04:00,457.9200134277344,AMD
2026-09-03 13:17:00-04:00,457.8299865722656,AMD
2026-09-03 13:18:00-04:00,457.7799987792969,AMD
2026-09-03 13:19:00-04:00,457.625,AMD
2026-09-03 13:20:00-04:00,457.489990234375,AMD
2026-09-03 13:21:00-04:00,457.57000732421875,AMD
2026-09-03 13:22:00-04:00,457.5400085449219,AMD
2026-09-03 13:23:00-04:00,457.54010009765625,AMD
2026-09-03 13:24:00-04:00,457.6199951171875,AMD
2026-09-03 13:25:00-04:00,458.1400146484375,AMD
2026-09-03 13:26:00-04:00,458.01251220703125,AMD
2026-09-03 13:27:00-04:00,457.9549865722656,AMD
2026-09-03 13:28:00-04:00,458.1449890136719,AMD
2026-09-03 13:29:00-04:00,458.07501220703125,AMD
2026-09-03 13:30:00-04:00,458.1451110839844,AMD
2026-09-03 13:31:00-04:00,458.1650085449219,AMD
2026-09-03 13:32:00-04:00,458.04998779296875,AMD
2026-09-03 13:33:00-04:00,458.1650085449219,AMD
2026-09-03 13:34:00-04:00,458.0260925292969,AMD
2026-09-03 13:35:00-04:00,457.71380615234375,AMD
2026-09-03 13:36:00-04:00,457.7049865722656,AMD
2026-09-03 13:37:00-04:00,457.4700012207031,AMD
2026-09-03 13:38:00-04:00,457.6099853515625,AMD
2026-09-03 13:39:00-04:00,457.6449890136719,AMD
2026-09-03 13:40:00-04:00,457.9245910644531,AMD
2026-09-03 13:41:00-04:00,457.8900146484375,AMD
2026-09-03 13:42:00-04:00,457.6400146484375,AMD
2026-09-03 13:43:00-04:00,457.6199951171875,AMD
2026-09-03 13:44:00-04:00,457.8981018066406,AMD
2026-09-03 13:45:00-04:00,457.82000732421875,AMD
2026-09-03 13:46:00-04:00,457.94500732421875,AMD
2026-09-03 13:47:00-04:00,457.9999084472656,AMD
2026-09-03 13:48:00-04:00,457.8299865722656,AMD
2026-09-03 13:49:00-04:00,457.92999267578125,AMD
2026-09-03 13:50:00-04:00,457.67498779296875,AMD
2026-09-03 13:51:00-04:00,457.82000732421875,AMD
2026-09-03 13:52:00-04:00,457.8399963378906,AMD
2026-09-03 13:53:00-04:00,457.79998779296875,AMD
2026-09-03 13:54:00-04:00,457.45001220703125,AMD
2026-09-03 13:55:00-04:00,457.4800109863281,AMD
2026-09-03 13:56:00-04:00,457.4599914550781,AMD
2026-09-03 13:57:00-04:00,457.6099853515625,AMD
2026-09-03 13:58:00-04:00,457.5950012207031,AMD
2026-09-03 13:59:00-04:00,457.70001220703125,AMD
2026-09-03 14:00:00-04:00,458.2799987792969,AMD
2026-09-03 14:01:00-04:00,458.760009765625,AMD
2026-09-03 14:02:00-04:00,458.6700134277344,AMD
2026-09-03 14:03:00-04:00,458.79998779296875,AMD
2026-09-03 14:04:00-04:00,458.7300109863281,AMD
2026-09-03 14:05:00-04:00,458.70001220703125,AMD
2026-09-03 14:06:00-04:00,458.5325012207031,AMD
2026-09-03 14:07:00-04:00,458.3299865722656,AMD
2026-09-03 14:10:00-04:00,458.19000244140625,AMD
2026-09-03 14:11:00-04:00,457.7799987792969,AMD
2026-09-03 14:12:00-04:00,457.6650085449219,AMD
2026-09-03 14:13:00-04:00,457.7146911621094,AMD
2026-09-03 14:14:00-04:00,457.5400085449219,AMD
2026-09-03 14:15:00-04:00,457.7593994140625,AMD
2026-09-03 14:16:00-04:00,457.3800048828125,AMD
2026-09-03 14:17:00-04:00,457.2799987792969,AMD
2026-09-03 14:18:00-04:00,457.1600036621094,AMD
2026-09-03 14:19:00-04:00,457.0,AMD
2026-09-03 14:20:00-04:00,457.25,AMD
2026-09-03 14:21:00-04:00,457.260009765625,AMD
2026-09-03 14:22:00-04:00,457.010009765625,AMD
2026-09-03 14:23:00-04:00,456.8450012207031,AMD
2026-09-03 14:24:00-04:00,457.25,AMD
2026-09-03 14:25:00-04:00,457.2746887207031,AMD
2026-09-03 14:26:00-04:00,456.9700012207031,AMD
2026-09-03 14:27:00-04:00,456.9549865722656,AMD
2026-09-03 14:28:00-04:00,457.1499938964844,AMD
2026-09-03 14:29:00-04:00,457.2049865722656,AMD
2026-09-03 14:30:00-04:00,457.364990234375,AMD
2026-09-03 14:31:00-04:00,457.2550048828125,AMD
2026-09-03 14:32:00-04:00,457.2650146484375,AMD
2026-09-03 14:33:00-04:00,457.8395080566406,AMD
2026-09-03 14:34:00-04:00,457.60009765625,AMD
2026-09-03 14:35:00-04:00,457.42999267578125,AMD
2026-09-03 14:36:00-04:00,457.2300109863281,AMD
2026-09-03 14:37:00-04:00,457.510009765625,AMD
2026-09-03 14:38:00-04:00,457.6449890136719,AMD
2026-09-03 14:39:00-04:00,457.4649963378906,AMD
2026-09-03 14:40:00-04:00,457.1099853515625,AMD
2026-09-03 14:41:00-04:00,456.57000732421875,AMD
2026-09-03 14:42:00-04:00,456.67498779296875,AMD
2026-09-03 14:43:00-04:00,456.4800109863281,AMD
2026-09-03 14:44:00-04:00,456.3800048828125,AMD
2026-09-03 14:45:00-04:00,456.79998779296875,AMD
2026-09-03 14:46:00-04:00,456.8900146484375,AMD
2026-09-03 14:47:00-04:00,457.04400634765625,AMD
2026-09-03 14:48:00-04:00,457.0799865722656,AMD
2026-09-03 14:49:00-04:00,457.6499938964844,AMD
2026-09-03 14:50:00-04:00,457.6600036621094,AMD
2026-09-03 14:51:00-04:00,457.5249938964844,AMD
2026-09-03 14:52:00-04:00,457.44000244140625,AMD
2026-09-03 14:53:00-04:00,457.3999938964844,AMD
2026-09-03 14:54:00-04:00,457.3999938964844,AMD
2026-09-03 14:55:00-04:00,457.3500061035156,AMD
2026-09-03 14:56:00-04:00,457.301513671875,AMD
2026-09-03 14:57:00-04:00,457.44000244140625,AMD
2026-09-03 14:58:00-04:00,457.29998779296875,AMD
2026-09-03 14:59:00-04:00,457.44500732421875,AMD
2026-09-03 15:00:00-04:00,456.989990234375,AMD
2026-09-03 15:01:00-04:00,457.3999938964844,AMD
2026-09-03 15:02:00-04:00,457.1099853515625,AMD
2026-09-03 15:03:00-04:00,457.1499938964844,AMD
2026-09-03 15:04:00-04:00,457.0150146484375,AMD
2026-09-03 15:05:00-04:00,457.3851013183594,AMD
2026-09-03 15:06:00-04:00,456.82000732421875,AMD
2026-09-03 15:07:00-04:00,456.9100036621094,AMD
2026-09-03 15:08:00-04:00,456.6000061035156,AMD
2026-09-03 15:09:00-04:00,456.33990478515625,AMD
2026-09-03 15:10:00-04:00,456.5950012207031,AMD
2026-09-03 15:11:00-04:00,456.2099914550781,AMD
2026-09-03 15:12:00-04:00,456.25,AMD
2026-09-03 15:13:00-04:00,456.06500244140625,AMD
2026-09-03 15:14:00-04:00,456.7900085449219,AMD
2026-09-03 15:15:00-04:00,456.8500061035156,AMD
2026-09-03 15:16:00-04:00,456.44000244140625,AMD
2026-09-03 15:17:00-04:00,456.6199951171875,AMD
2026-09-03 15:18:00-04:00,456.4750061035156,AMD
2026-09-03 15:19:00-04:00,456.4849853515625,AMD
2026-09-03 15:20:00-04:00,456.2799987792969,AMD
2026-09-03 15:21:00-04:00,456.4200134277344,AMD
2026-09-03 15:22:00-04:00,456.67498779296875,AMD
2026-09-03 15:23:00-04:00,456.70001220703125,AMD
2026-09-03 15:24:00-04:00,456.4743957519531,AMD
2026-09-03 15:25:00-04:00,456.7900085449219,AMD
2026-09-03 15:26:00-04:00,456.7799987792969,AMD
2026-09-03 15:27:00-04:00,456.9599914550781,AMD
2026-09-03 15:28:00-04:00,456.8450012207031,AMD
2026-09-03 15:29:00-04:00,456.8599853515625,AMD
2026-09-03 15:30:00-04:00,456.7099914550781,AMD
2026-09-03 15:31:00-04:00,456.70001220703125,AMD
2026-09-03 15:32:00-04:00,456.4599914550781,AMD
2026-09-03 15:33:00-04:00,456.5592956542969,AMD
2026-09-03 15:34:00-04:00,456.3800048828125,AMD
2026-09-03 15:35:00-04:00,456.3550109863281,AMD
2026-09-03 15:36:00-04:00,456.30999755859375,AMD
2026-09-03 15:37:00-04:00,456.1000061035156,AMD
2026-09-03 15:38:00-04:00,455.7699890136719,AMD
2026-09-03 15:39:00-04:00,455.7300109863281,AMD
2026-09-03 15:40:00-04:00,455.9800109863281,AMD
2026-09-03 15:41:00-04:00,455.8349914550781,AMD
2026-09-03 15:42:00-04:00,455.6449890136719,AMD
2026-09-03 15:43:00-04:00,455.6700134277344,AMD
2026-09-03 15:44:00-04:00,455.864990234375,AMD
2026-09-03 15:45:00-04:00,456.07000732421875,AMD
2026-09-03 15:46:00-04:00,455.8399963378906,AMD
2026-09-03 15:47:00-04:00,455.81500244140625,AMD
2026-09-03 15:48:00-04:00,455.9399108886719,AMD
2026-09-03 15:49:00-04:00,455.7630920410156,AMD
2026-09-03 15:50:00-04:00,455.7449951171875,AMD
2026-09-03 15:51:00-04:00,454.9150085449219,AMD
2026-09-03 15:52:00-04:00,454.5299987792969,AMD
2026-09-03 15:53:00-04:00,455.1099853515625,AMD
2026-09-03 15:54:00-04:00,456.0299072265625,AMD
2026-09-03 15:55:00-04:00,455.6650085449219,AMD
2026-09-03 15:56:00-04:00,455.7550048828125,AMD
2026-09-03 15:57:00-04:00,455.7349853515625,AMD
2026-09-03 15:58:00-04:00,455.9200134277344,AMD
2026-09-03 15:59:00-04:00,456.239990234375,AMD
2026-09-04 09:30:00-04:00,458.6050109863281,AMD
2026-09-04 09:31:00-04:00,465.03021240234375,AMD
2026-09-04 09:32:00-04:00,465.17999267578125,AMD
2026-09-04 09:33:00-04:00,466.7550048828125,AMD
2026-09-04 09:34:00-04:00,468.1700134277344,AMD
2026-09-04 09:35:00-04:00,467.8399963378906,AMD
2026-09-04 09:36:00-04:00,464.2699890136719,AMD
2026-09-04 09:37:00-04:00,466.1317138671875,AMD
2026-09-04 09:38:00-04:00,465.5299987792969,AMD
2026-09-04 09:39:00-04:00,465.7875061035156,AMD
2026-09-04 09:40:00-04:00,467.25,AMD
2026-09-04 09:41:00-04:00,466.4949951171875,AMD
2026-09-04 09:42:00-04:00,466.3699951171875,AMD
2026-09-04 09:43:00-04:00,466.92498779296875,AMD
2026-09-04 09:44:00-04:00,465.0329895019531,AMD
2026-09-04 09:45:00-04:00,465.4849853515625,AMD
2026-09-04 09:46:00-04:00,467.489990234375,AMD
2026-09-04 09:47:00-04:00,467.6449890136719,AMD
2026-09-04 09:48:00-04:00,467.8299865722656,AMD
2026-09-04 09:49:00-04:00,468.0090026855469,AMD
2026-09-04 09:50:00-04:00,468.6000061035156,AMD
2026-09-04 09:51:00-04:00,468.6650085449219,AMD
2026-09-04 09:52:00-04:00,468.6400146484375,AMD
2026-09-04 09:53:00-04:00,469.7499084472656,AMD
2026-09-04 09:54:00-04:00,468.7200012207031,AMD
2026-09-04 09:55:00-04:00,469.3901062011719,AMD
2026-09-04 09:56:00-04:00,469.7900085449219,AMD
2026-09-04 09:57:00-04:00,470.85198974609375,AMD
2026-09-04 09:58:00-04:00,470.55999755859375,AMD
2026-09-04 09:59:00-04:00,470.42999267578125,AMD
2026-09-04 10:00:00-04:00,470.5899963378906,AMD
2026-09-04 10:01:00-04:00,470.1549987792969,AMD
2026-09-04 10:02:00-04:00,470.4150085449219,AMD
2026-09-04 10:03:00-04:00,470.8299865722656,AMD
2026-09-04 10:04:00-04:00,470.6499938964844,AMD
2026-09-04 10:05:00-04:00,470.06500244140625,AMD
2026-09-04 10:06:00-04:00,470.54998779296875,AMD
2026-09-04 10:07:00-04:00,470.739990234375,AMD
2026-09-04 10:08:00-04:00,472.2650146484375,AMD
2026-09-04 10:09:00-04:00,472.105712890625,AMD
2026-09-04 10:10:00-04:00,471.6400146484375,AMD
2026-09-04 10:11:00-04:00,471.69500732421875,AMD
2026-09-04 10:12:00-04:00,471.5400085449219,AMD
2026-09-04 10:13:00-04:00,472.17498779296875,AMD
2026-09-04 10:14:00-04:00,473.7099914550781,AMD
2026-09-04 10:15:00-04:00,472.5899963378906,AMD
2026-09-04 10:16:00-04:00,471.45001220703125,AMD
2026-09-04 10:17:00-04:00,471.114990234375,AMD
2026-09-04 10:18:00-04:00,471.68011474609375,AMD
2026-09-04 10:19:00-04:00,470.3299865722656,AMD
2026-09-04 10:20:00-04:00,469.2300109863281,AMD
2026-09-04 10:21:00-04:00,469.5299987792969,AMD
2026-09-04 10:22:00-04:00,469.73779296875,AMD
2026-09-04 10:23:00-04:00,468.19000244140625,AMD
2026-09-04 10:24:00-04:00,468.2300109863281,AMD
2026-09-04 10:25:00-04:00,467.9599914550781,AMD
2026-09-04 10:26:00-04:00,467.25,AMD
2026-09-04 10:27:00-04:00,468.04998779296875,AMD
2026-09-04 10:28:00-04:00,468.5893859863281,AMD
2026-09-04 10:29:00-04:00,469.1400146484375,AMD
2026-09-04 10:30:00-04:00,469.0899963378906,AMD
2026-09-04 10:31:00-04:00,468.4949951171875,AMD
2026-09-04 10:32:00-04:00,468.7099914550781,AMD
2026-09-04 10:33:00-04:00,468.635009765625,AMD
2026-09-04 10:34:00-04:00,468.3450012207031,AMD
2026-09-04 10:35:00-04:00,468.6025085449219,AMD
2026-09-04 10:36:00-04:00,469.4649963378906,AMD
2026-09-04 10:37:00-04:00,470.1716003417969,AMD
2026-09-04 10:38:00-04:00,469.70001220703125,AMD
2026-09-04 10:39:00-04:00,470.2200012207031,AMD
2026-09-04 10:40:00-04:00,469.9999084472656,AMD
2026-09-04 10:41:00-04:00,469.4599914550781,AMD
2026-09-04 10:42:00-04:00,468.6841125488281,AMD
2026-09-04 10:43:00-04:00,468.864990234375,AMD
2026-09-04 10:44:00-04:00,468.3800964355469,AMD
2026-09-04 10:45:00-04:00,468.375,AMD
2026-09-04 10:46:00-04:00,469.319091796875,AMD
2026-09-04 10:47:00-04:00,468.5199890136719,AMD
2026-09-04 10:48:00-04:00,467.8299865722656,AMD
2026-09-04 10:49:00-04:00,467.2699890136719,AMD
2026-09-04 10:50:00-04:00,468.2950134277344,AMD
2026-09-04 10:51:00-04:00,469.6300048828125,AMD
2026-09-04 10:52:00-04:00,469.6300048828125,AMD
2026-09-04 10:53:00-04:00,470.5150146484375,AMD
2026-09-04 10:54:00-04:00,470.4100036621094,AMD
2026-09-04 10:55:00-04:00,471.1300048828125,AMD
2026-09-04 10:56:00-04:00,470.7099914550781,AMD
2026-09-04 10:57:00-04:00,472.19000244140625,AMD
2026-09-04 10:58:00-04:00,472.6400146484375,AMD
2026-09-04 10:59:00-04:00,472.8399963378906,AMD
2026-09-04 11:00:00-04:00,472.6400146484375,AMD
2026-09-04 11:01:00-04:00,472.6050109863281,AMD
2026-09-04 11:02:00-04:00,470.70001220703125,AMD
2026-09-04 11:03:00-04:00,470.93499755859375,AMD
2026-09-04 11:04:00-04:00,471.45001220703125,AMD
2026-09-04 11:05:00-04:00,471.0899963378906,AMD
2026-09-04 11:06:00-04:00,471.2698974609375,AMD
2026-09-04 11:07:00-04:00,471.1499938964844,AMD
2026-09-04 11:08:00-04:00,470.8026123046875,AMD
2026-09-04 11:09:00-04:00,471.1400146484375,AMD
2026-09-04 11:10:00-04:00,470.94000244140625,AMD
2026-09-04 11:11:00-04:00,470.9800109863281,AMD
2026-09-04 11:12:00-04:00,471.82501220703125,AMD
2026-09-04 11:13:00-04:00,471.5450134277344,AMD
2026-09-04 11:14:00-04:00,471.44000244140625,AMD
2026-09-04 11:15:00-04:00,471.29998779296875,AMD
2026-09-04 11:16:00-04:00,470.67999267578125,AMD
2026-09-04 11:17:00-04:00,470.5506896972656,AMD
2026-09-04 11:18:00-04:00,470.3399963378906,AMD
2026-09-04 11:19:00-04:00,470.385009765625,AMD
2026-09-04 11:20:00-04:00,470.25,AMD
2026-09-04 11:21:00-04:00,469.760009765625,AMD
2026-09-04 11:22:00-04:00,469.6300048828125,AMD
2026-09-04 11:23:00-04:00,469.75,AMD
2026-09-04 11:24:00-04:00,469.4346008300781,AMD
2026-09-04 11:25:00-04:00,469.44000244140625,AMD
2026-09-04 11:26:00-04:00,469.4150085449219,AMD
2026-09-04 11:27:00-04:00,469.8799133300781,AMD
2026-09-04 11:28:00-04:00,469.92999267578125,AMD
2026-09-04 11:29:00-04:00,469.75,AMD
2026-09-04 11:30:00-04:00,469.19500732421875,AMD
2026-09-04 11:31:00-04:00,469.2699890136719,AMD
2026-09-04 11:32:00-04:00,469.2825012207031,AMD
2026-09-04 11:33:00-04:00,469.1650085449219,AMD
2026-09-04 11:34:00-04:00,469.05999755859375,AMD
2026-09-04 11:35:00-04:00,469.385009765625,AMD
2026-09-04 11:36:00-04:00,469.7998962402344,AMD
2026-09-04 11:37:00-04:00,469.9800109863281,AMD
2026-09-04 11:38:00-04:00,470.29998779296875,AMD
2026-09-04 11:39:00-04:00,470.3800048828125,AMD
2026-09-04 11:40:00-04:00,470.2275085449219,AMD
2026-09-04 11:41:00-04:00,470.4949951171875,AMD
2026-09-04 11:42:00-04:00,471.05999755859375,AMD
2026-09-04 11:43:00-04:00,470.7200012207031,AMD
2026-09-04 11:44:00-04:00,470.7088928222656,AMD
2026-09-04 11:45:00-04:00,470.5,AMD
2026-09-04 11:46:00-04:00,470.0450134277344,AMD
2026-09-04 11:47:00-04:00,469.4100036621094,AMD
2026-09-04 11:48:00-04:00,469.44500732421875,AMD
2026-09-04 11:49:00-04:00,469.7650146484375,AMD
2026-09-04 11:50:00-04:00,469.6099853515625,AMD
2026-09-04 11:51:00-04:00,469.7049865722656,AMD
2026-09-04 11:52:00-04:00,469.8500061035156,AMD
2026-09-04 11:53:00-04:00,469.8399963378906,AMD
2026-09-04 11:54:00-04:00,470.0,AMD
2026-09-04 11:55:00-04:00,470.1050109863281,AMD
2026-09-04 11:56:00-04:00,470.56500244140625,AMD
2026-09-04 11:57:00-04:00,470.489990234375,AMD
2026-09-04 11:58:00-04:00,470.56451416015625,AMD
2026-09-04 11:59:00-04:00,470.70001220703125,AMD
2026-09-04 12:00:00-04:00,470.8299865722656,AMD
2026-09-04 12:01:00-04:00,470.7449951171875,AMD
2026-09-04 12:02:00-04:00,470.8840026855469,AMD
2026-09-04 12:03:00-04:00,470.6499938964844,AMD
2026-09-04 12:04:00-04:00,470.9049987792969,AMD
2026-09-04 12:05:00-04:00,471.4403991699219,AMD
2026-09-04 12:06:00-04:00,471.57000732421875,AMD
2026-09-04 12:07:00-04:00,472.19000244140625,AMD
2026-09-04 12:08:00-04:00,472.489990234375,AMD
2026-09-04 12:09:00-04:00,472.1579895019531,AMD
2026-09-04 12:10:00-04:00,473.8949890136719,AMD
2026-09-04 12:11:00-04:00,473.8299865722656,AMD
2026-09-04 12:12:00-04:00,473.69000244140625,AMD
2026-09-04 12:13:00-04:00,473.82000732421875,AMD
2026-09-04 12:14:00-04:00,474.0450134277344,AMD
2026-09-04 12:15:00-04:00,474.0199890136719,AMD
2026-09-04 12:16:00-04:00,473.6687927246094,AMD
2026-09-04 12:17:00-04:00,473.1700134277344,AMD
2026-09-04 12:18:00-04:00,472.2900085449219,AMD
2026-09-04 12:19:00-04:00,472.2200012207031,AMD
2026-09-04 12:20:00-04:00,472.8999938964844,AMD
2026-09-04 12:21:00-04:00,472.43499755859375,AMD
2026-09-04 12:22:00-04:00,471.8005065917969,AMD
2026-09-04 12:23:00-04:00,471.760009765625,AMD
2026-09-04 12:24:00-04:00,473.45001220703125,AMD
2026-09-04 12:25:00-04:00,473.0700988769531,AMD
2026-09-04 12:26:00-04:00,473.5,AMD
2026-09-04 12:27:00-04:00,473.2749938964844,AMD
2026-09-04 12:28:00-04:00,472.7900085449219,AMD
2026-09-04 12:29:00-04:00,472.7275085449219,AMD
2026-09-04 12:30:00-04:00,473.19000244140625,AMD
2026-09-04 12:31:00-04:00,473.56671142578125,AMD
2026-09-04 12:32:00-04:00,473.6400146484375,AMD
2026-09-04 12:33:00-04:00,473.6470947265625,AMD
2026-09-04 12:34:00-04:00,473.69000244140625,AMD
2026-09-04 12:35:00-04:00,473.7650146484375,AMD
2026-09-04 12:36:00-04:00,473.95001220703125,AMD
2026-09-04 12:37:00-04:00,473.7650146484375,AMD
2026-09-04 12:38:00-04:00,473.7099914550781,AMD
2026-09-04 12:39:00-04:00,473.7799987792969,AMD
2026-09-04 12:40:00-04:00,474.5950012207031,AMD
2026-09-04 12:41:00-04:00,474.67999267578125,AMD
2026-09-04 12:42:00-04:00,474.92999267578125,AMD
2026-09-04 12:43:00-04:00,474.92999267578125,AMD
2026-09-04 12:44:00-04:00,475.2414855957031,AMD
2026-09-04 12:45:00-04:00,475.32000732421875,AMD
2026-09-04 12:46:00-04:00,475.2040100097656,AMD
2026-09-04 12:47:00-04:00,475.4450988769531,AMD
2026-09-04 12:48:00-04:00,475.31500244140625,AMD
2026-09-04 12:49:00-04:00,476.1600036621094,AMD
2026-09-04 12:50:00-04:00,476.4599914550781,AMD
2026-09-04 12:51:00-04:00,476.05999755859375,AMD
2026-09-04 12:52:00-04:00,475.8699951171875,AMD
2026-09-04 12:53:00-04:00,476.1600036621094,AMD
2026-09-04 12:54:00-04:00,476.6167907714844,AMD
2026-09-04 12:55:00-04:00,476.5400085449219,AMD
2026-09-04 12:56:00-04:00,476.3100891113281,AMD
2026-09-04 12:57:00-04:00,476.57000732421875,AMD
2026-09-04 12:58:00-04:00,476.8999938964844,AMD
2026-09-04 12:59:00-04:00,476.9150085449219,AMD
2026-09-04 13:00:00-04:00,476.48809814453125,AMD
2026-09-04 13:01:00-04:00,476.42999267578125,AMD
2026-09-04 13:02:00-04:00,475.8999938964844,AMD
2026-09-04 13:03:00-04:00,475.60009765625,AMD
2026-09-04 13:04:00-04:00,475.6499938964844,AMD
2026-09-04 13:05:00-04:00,475.9036865234375,AMD
2026-09-04 13:06:00-04:00,475.8500061035156,AMD
2026-09-04 13:07:00-04:00,475.4049987792969,AMD
2026-09-04 13:08:00-04:00,474.79998779296875,AMD
2026-09-04 13:09:00-04:00,475.3409118652344,AMD
2026-09-04 13:10:00-04:00,475.2900085449219,AMD
2026-09-04 13:11:00-04:00,475.0,AMD
2026-09-04 13:12:00-04:00,474.9549865722656,AMD
2026-09-04 13:13:00-04:00,474.8999938964844,AMD
2026-09-04 13:14:00-04:00,474.9700012207031,AMD
2026-09-04 13:15:00-04:00,474.97369384765625,AMD
2026-09-04 13:16:00-04:00,475.0199890136719,AMD
2026-09-04 13:17:00-04:00,474.7900085449219,AMD
2026-09-04 13:18:00-04:00,474.489990234375,AMD
2026-09-04 13:19:00-04:00,474.2395935058594,AMD
2026-09-04 13:20:00-04:00,473.9949951171875,AMD
2026-09-04 13:21:00-04:00,473.4549865722656,AMD
2026-09-04 13:22:00-04:00,473.6499938964844,AMD
2026-09-04 13:23:00-04:00,474.010009765625,AMD
2026-09-04 13:24:00-04:00,473.760009765625,AMD
2026-09-04 13:25:00-04:00,474.1600036621094,AMD
2026-09-04 13:26:00-04:00,474.09600830078125,AMD
2026-09-04 13:27:00-04:00,474.1499938964844,AMD
2026-09-04 13:28:00-04:00,473.822509765625,AMD
2026-09-04 13:29:00-04:00,473.9599914550781,AMD
2026-09-04 13:30:00-04:00,473.7200012207031,AMD
2026-09-04 13:31:00-04:00,473.3699951171875,AMD
2026-09-04 13:32:00-04:00,473.30999755859375,AMD
2026-09-04 13:33:00-04:00,472.8399963378906,AMD
2026-09-04 13:34:00-04:00,472.70001220703125,AMD
2026-09-04 13:35:00-04:00,473.114990234375,AMD
2026-09-04 13:36:00-04:00,473.489990234375,AMD
2026-09-04 13:37:00-04:00,473.658203125,AMD
2026-09-04 13:38:00-04:00,473.1400146484375,AMD
2026-09-04 13:39:00-04:00,473.3349914550781,AMD
2026-09-04 13:40:00-04:00,473.1549987792969,AMD
2026-09-04 13:41:00-04:00,473.0199890136719,AMD
2026-09-04 13:42:00-04:00,472.510009765625,AMD
2026-09-04 13:43:00-04:00,472.8500061035156,AMD
2026-09-04 13:44:00-04:00,472.7749938964844,AMD
2026-09-04 13:45:00-04:00,472.4949951171875,AMD
2026-09-04 13:46:00-04:00,472.80499267578125,AMD
2026-09-04 13:47:00-04:00,473.0799865722656,AMD
2026-09-04 13:48:00-04:00,472.9501037597656,AMD
2026-09-04 13:49:00-04:00,472.8900146484375,AMD
2026-09-04 13:50:00-04:00,472.6700134277344,AMD
2026-09-04 13:51:00-04:00,472.92999267578125,AMD
2026-09-04 13:52:00-04:00,473.0,AMD
2026-09-04 13:53:00-04:00,472.6636047363281,AMD
2026-09-04 13:54:00-04:00,472.7298889160156,AMD
2026-09-04 13:55:00-04:00,472.6199951171875,AMD
2026-09-04 13:56:00-04:00,472.7250061035156,AMD
2026-09-04 13:57:00-04:00,472.760009765625,AMD
2026-09-04 13:58:00-04:00,473.20001220703125,AMD
2026-09-04 13:59:00-04:00,472.9200134277344,AMD
2026-09-04 14:00:00-04:00,472.9798889160156,AMD
2026-09-04 14:01:00-04:00,472.4700012207031,AMD
2026-09-04 14:02:00-04:00,472.2699890136719,AMD
2026-09-04 14:03:00-04:00,472.0700988769531,AMD
2026-09-04 14:04:00-04:00,472.0299987792969,AMD
2026-09-04 14:05:00-04:00,471.9750061035156,AMD
2026-09-04 14:06:00-04:00,471.8299865722656,AMD
2026-09-04 14:07:00-04:00,471.6672058105469,AMD
2026-09-04 14:08:00-04:00,471.989990234375,AMD
2026-09-04 14:09:00-04:00,472.32000732421875,AMD
2026-09-04 14:10:00-04:00,472.2250061035156,AMD
2026-09-04 14:11:00-04:00,472.29119873046875,AMD
2026-09-04 14:12:00-04:00,472.260009765625,AMD
2026-09-04 14:13:00-04:00,471.8900146484375,AMD
2026-09-04 14:14:00-04:00,471.7099914550781,AMD
2026-09-04 14:15:00-04:00,471.8399963378906,AMD
2026-09-04 14:16:00-04:00,471.5849914550781,AMD
2026-09-04 14:17:00-04:00,471.9800109863281,AMD
2026-09-04 14:18:00-04:00,472.1600036621094,AMD
2026-09-04 14:19:00-04:00,472.07000732421875,AMD
2026-09-04 14:20:00-04:00,472.0867919921875,AMD
2026-09-04 14:21:00-04:00,472.0,AMD
2026-09-04 14:22:00-04:00,471.9100036621094,AMD
2026-09-04 14:23:00-04:00,472.05999755859375,AMD
2026-09-04 14:24:00-04:00,471.82000732421875,AMD
2026-09-04 14:25:00-04:00,471.9100036621094,AMD
2026-09-04 14:26:00-04:00,471.7650146484375,AMD
2026-09-04 14:27:00-04:00,471.9800109863281,AMD
2026-09-04 14:28:00-04:00,471.909912109375,AMD
2026-09-04 14:29:00-04:00,472.1200866699219,AMD
2026-09-04 14:30:00-04:00,472.2900085449219,AMD
2026-09-04 14:31:00-04:00,472.489990234375,AMD
2026-09-04 14:32:00-04:00,472.6700134277344,AMD
2026-09-04 14:33:00-04:00,472.5393981933594,AMD
2026-09-04 14:34:00-04:00,472.614990234375,AMD
2026-09-04 14:35:00-04:00,472.3399963378906,AMD
2026-09-04 14:36:00-04:00,472.07000732421875,AMD
2026-09-04 14:37:00-04:00,471.95001220703125,AMD
2026-09-04 14:38:00-04:00,472.0799865722656,AMD
2026-09-04 14:39:00-04:00,472.0,AMD
2026-09-04 14:40:00-04:00,471.92498779296875,AMD
2026-09-04 14:41:00-04:00,471.80499267578125,AMD
2026-09-04 14:42:00-04:00,471.5804138183594,AMD
2026-09-04 14:43:00-04:00,471.8399963378906,AMD
2026-09-04 14:44:00-04:00,471.9200134277344,AMD
2026-09-04 14:45:00-04:00,471.9100036621094,AMD
2026-09-04 14:46:00-04:00,471.8500061035156,AMD
2026-09-04 14:47:00-04:00,471.7900085449219,AMD
2026-09-04 14:48:00-04:00,471.5899963378906,AMD
2026-09-04 14:49:00-04:00,471.85009765625,AMD
2026-09-04 14:50:00-04:00,471.79998779296875,AMD
2026-09-04 14:51:00-04:00,471.6520080566406,AMD
2026-09-04 14:52:00-04:00,471.82501220703125,AMD
2026-09-04 14:53:00-04:00,471.7349853515625,AMD
2026-09-04 14:54:00-04:00,472.010009765625,AMD
2026-09-04 14:55:00-04:00,472.19000244140625,AMD
2026-09-04 14:56:00-04:00,472.1549987792969,AMD
2026-09-04 14:57:00-04:00,472.3500061035156,AMD
2026-09-04 14:58:00-04:00,472.1099853515625,AMD
2026-09-04 14:59:00-04:00,472.0249938964844,AMD
2026-09-04 15:00:00-04:00,472.05999755859375,AMD
2026-09-04 15:01:00-04:00,472.25,AMD
2026-09-04 15:02:00-04:00,471.9150085449219,AMD
2026-09-04 15:03:00-04:00,472.07000732421875,AMD
2026-09-04 15:04:00-04:00,471.6600036621094,AMD
2026-09-04 15:05:00-04:00,472.17999267578125,AMD
2026-09-04 15:06:00-04:00,471.7200012207031,AMD
2026-09-04 15:07:00-04:00,471.6099853515625,AMD
2026-09-04 15:08:00-04:00,471.79998779296875,AMD
2026-09-04 15:09:00-04:00,471.6000061035156,AMD
2026-09-04 15:10:00-04:00,471.5105895996094,AMD
2026-09-04 15:11:00-04:00,471.6700134277344,AMD
2026-09-04 15:12:00-04:00,471.5,AMD
2026-09-04 15:13:00-04:00,471.4100036621094,AMD
2026-09-04 15:14:00-04:00,471.0950012207031,AMD
2026-09-04 15:15:00-04:00,471.6400146484375,AMD
2026-09-04 15:16:00-04:00,471.5,AMD
2026-09-04 15:17:00-04:00,471.614990234375,AMD
2026-09-04 15:18:00-04:00,471.6050109863281,AMD
2026-09-04 15:19:00-04:00,471.8900146484375,AMD
2026-09-04 15:20:00-04:00,471.80499267578125,AMD
2026-09-04 15:21:00-04:00,471.75,AMD
2026-09-04 15:22:00-04:00,471.75,AMD
2026-09-04 15:23:00-04:00,471.8500061035156,AMD
2026-09-04 15:24:00-04:00,471.92999267578125,AMD
2026-09-04 15:25:00-04:00,471.8500061035156,AMD
2026-09-04 15:26:00-04:00,471.70001220703125,AMD
2026-09-04 15:27:00-04:00,471.69000244140625,AMD
2026-09-04 15:28:00-04:00,471.5700988769531,AMD
2026-09-04 15:29:00-04:00,471.6499938964844,AMD
2026-09-04 15:30:00-04:00,472.25,AMD
2026-09-04 15:31:00-04:00,472.42999267578125,AMD
2026-09-04 15:32:00-04:00,472.45001220703125,AMD
2026-09-04 15:33:00-04:00,472.68499755859375,AMD
2026-09-04 15:34:00-04:00,472.9599914550781,AMD
2026-09-04 15:35:00-04:00,473.3500061035156,AMD
2026-09-04 15:36:00-04:00,473.1600036621094,AMD
2026-09-04 15:37:00-04:00,473.2300109863281,AMD
2026-09-04 15:38:00-04:00,472.92498779296875,AMD
2026-09-04 15:39:00-04:00,473.3500061035156,AMD
2026-09-04 15:40:00-04:00,473.6495056152344,AMD
2026-09-04 15:41:00-04:00,473.20001220703125,AMD
2026-09-04 15:42:00-04:00,473.6767883300781,AMD
2026-09-04 15:43:00-04:00,473.8800048828125,AMD
2026-09-04 15:44:00-04:00,474.0,AMD
2026-09-04 15:45:00-04:00,474.35400390625,AMD
2026-09-04 15:46:00-04:00,473.79998779296875,AMD
2026-09-04 15:47:00-04:00,473.80999755859375,AMD
2026-09-04 15:48:00-04:00,473.9800109863281,AMD
2026-09-04 15:49:00-04:00,474.2699890136719,AMD
2026-09-04 15:50:00-04:00,475.3544006347656,AMD
2026-09-04 15:51:00-04:00,475.95001220703125,AMD
2026-09-04 15:52:00-04:00,476.16009521484375,AMD
2026-09-04 15:53:00-04:00,475.8399963378906,AMD
2026-09-04 15:54:00-04:00,476.5299987792969,AMD
2026-09-04 15:55:00-04:00,477.69500732421875,AMD
2026-09-04 15:56:00-04:00,478.45001220703125,AMD
2026-09-04 15:57:00-04:00,478.1199951171875,AMD
2026-09-04 15:58:00-04:00,477.6000061035156,AMD
2026-09-04 15:59:00-04:00,477.45001220703125,AMD
2026-09-08 09:30:00-04:00,492.385009765625,AMD
2026-09-08 09:31:00-04:00,490.6549987792969,AMD
2026-09-08 09:32:00-04:00,491.9800109863281,AMD
2026-09-08 09:33:00-04:00,489.5285949707031,AMD
2026-09-08 09:34:00-04:00,494.489990234375,AMD
2026-09-08 09:35:00-04:00,494.31048583984375,AMD
2026-09-08 09:36:00-04:00,496.2200012207031,AMD
2026-09-08 09:37:00-04:00,496.1099853515625,AMD
2026-09-08 09:38:00-04:00,496.5899963378906,AMD
2026-09-08 09:39:00-04:00,495.5303955078125,AMD
2026-09-08 09:40:00-04:00,492.4327087402344,AMD
2026-09-08 09:41:00-04:00,492.43499755859375,AMD
2026-09-08 09:42:00-04:00,490.69500732421875,AMD
2026-09-08 09:43:00-04:00,491.3150939941406,AMD
2026-09-08 09:44:00-04:00,491.5,AMD
2026-09-08 09:45:00-04:00,493.7041015625,AMD
2026-09-08 09:46:00-04:00,488.7699890136719,AMD
2026-09-08 09:47:00-04:00,491.5400085449219,AMD
2026-09-08 09:48:00-04:00,492.0660095214844,AMD
2026-09-08 09:49:00-04:00,492.3192138671875,AMD
2026-09-08 09:50:00-04:00,493.0199890136719,AMD
2026-09-08 09:51:00-04:00,493.8870849609375,AMD
2026-09-08 09:52:00-04:00,493.56988525390625,AMD
2026-09-08 09:53:00-04:00,491.9599914550781,AMD
2026-09-08 09:54:00-04:00,493.3800048828125,AMD
2026-09-08 09:55:00-04:00,493.7550048828125,AMD
2026-09-08 09:56:00-04:00,493.3900146484375,AMD
2026-09-08 09:57:00-04:00,493.8800048828125,AMD
2026-09-08 09:58:00-04:00,493.3500061035156,AMD
2026-09-08 09:59:00-04:00,493.114990234375,AMD
2026-09-08 10:00:00-04:00,490.9700012207031,AMD
2026-09-08 10:01:00-04:00,490.2099914550781,AMD
2026-09-08 10:02:00-04:00,490.42498779296875,AMD
2026-09-08 10:03:00-04:00,491.7200012207031,AMD
2026-09-08 10:04:00-04:00,491.80999755859375,AMD
2026-09-08 10:05:00-04:00,491.7398986816406,AMD
2026-09-08 10:06:00-04:00,492.0150146484375,AMD
2026-09-08 10:07:00-04:00,492.2049865722656,AMD
2026-09-08 10:08:00-04:00,492.4100036621094,AMD
2026-09-08 10:09:00-04:00,492.5799865722656,AMD
2026-09-08 10:10:00-04:00,491.7149963378906,AMD
2026-09-08 10:11:00-04:00,491.2449951171875,AMD
2026-09-08 10:12:00-04:00,491.9800109863281,AMD
2026-09-08 10:13:00-04:00,493.375,AMD
2026-09-08 10:14:00-04:00,493.7049865722656,AMD
2026-09-08 10:15:00-04:00,493.8699951171875,AMD
2026-09-08 10:16:00-04:00,494.8299865722656,AMD
2026-09-08 10:17:00-04:00,494.75,AMD
2026-09-08 10:18:00-04:00,494.010009765625,AMD
2026-09-08 10:19:00-04:00,493.6498107910156,AMD
2026-09-08 10:20:00-04:00,494.3258972167969,AMD
2026-09-08 10:21:00-04:00,496.2099914550781,AMD
2026-09-08 10:22:00-04:00,496.875,AMD
2026-09-08 10:23:00-04:00,496.0199890136719,AMD
2026-09-08 10:24:00-04:00,497.1000061035156,AMD
2026-09-08 10:25:00-04:00,497.3349914550781,AMD
2026-09-08 10:26:00-04:00,497.8999938964844,AMD
2026-09-08 10:27:00-04:00,498.760009765625,AMD
2026-09-08 10:28:00-04:00,498.92010498046875,AMD
2026-09-08 10:29:00-04:00,500.0400085449219,AMD
2026-09-08 10:30:00-04:00,498.1700134277344,AMD
2026-09-08 10:31:00-04:00,497.7445983886719,AMD
2026-09-08 10:32:00-04:00,498.69989013671875,AMD
2026-09-08 10:33:00-04:00,497.44500732421875,AMD
2026-09-08 10:34:00-04:00,498.3599853515625,AMD
2026-09-08 10:35:00-04:00,497.3299865722656,AMD
2026-09-08 10:36:00-04:00,497.1700134277344,AMD
2026-09-08 10:37:00-04:00,496.54998779296875,AMD
2026-09-08 10:38:00-04:00,497.07000732421875,AMD
2026-09-08 10:39:00-04:00,497.05999755859375,AMD
2026-09-08 10:40:00-04:00,497.67498779296875,AMD
2026-09-08 10:41:00-04:00,498.2658996582031,AMD
2026-09-08 10:42:00-04:00,498.0899963378906,AMD
2026-09-08 10:43:00-04:00,497.92999267578125,AMD
2026-09-08 10:44:00-04:00,498.2149963378906,AMD
2026-09-08 10:45:00-04:00,497.7200012207031,AMD
2026-09-08 10:46:00-04:00,497.8999938964844,AMD
2026-09-08 10:47:00-04:00,497.80999755859375,AMD
2026-09-08 10:48:00-04:00,498.23480224609375,AMD
2026-09-08 10:49:00-04:00,498.8500061035156,AMD
2026-09-08 10:50:00-04:00,499.1199951171875,AMD
2026-09-08 10:51:00-04:00,498.8290100097656,AMD
2026-09-08 10:52:00-04:00,498.7099914550781,AMD
2026-09-08 10:53:00-04:00,499.05999755859375,AMD
2026-09-08 10:54:00-04:00,499.42999267578125,AMD
2026-09-08 10:55:00-04:00,499.69000244140625,AMD
2026-09-08 10:56:00-04:00,499.993408203125,AMD
2026-09-08 10:57:00-04:00,499.9800109863281,AMD
2026-09-08 10:58:00-04:00,501.1600036621094,AMD
2026-09-08 10:59:00-04:00,502.375,AMD
2026-09-08 11:00:00-04:00,501.8900146484375,AMD
2026-09-08 11:01:00-04:00,502.2900085449219,AMD
2026-09-08 11:02:00-04:00,502.7450866699219,AMD
2026-09-08 11:03:00-04:00,503.0899963378906,AMD
2026-09-08 11:04:00-04:00,503.3999938964844,AMD
2026-09-08 11:05:00-04:00,504.07000732421875,AMD
2026-09-08 11:06:00-04:00,503.7001037597656,AMD
2026-09-08 11:07:00-04:00,504.7699890136719,AMD
2026-09-08 11:08:00-04:00,505.2699890136719,AMD
2026-09-08 11:09:00-04:00,505.9100036621094,AMD
2026-09-08 11:10:00-04:00,505.94000244140625,AMD
2026-09-08 11:11:00-04:00,505.80999755859375,AMD
2026-09-08 11:12:00-04:00,506.6000061035156,AMD
2026-09-08 11:13:00-04:00,507.0899963378906,AMD
2026-09-08 11:14:00-04:00,507.3999938964844,AMD
2026-09-08 11:15:00-04:00,506.7099914550781,AMD
2026-09-08 11:16:00-04:00,507.25,AMD
2026-09-08 11:17:00-04:00,508.96038818359375,AMD
2026-09-08 11:18:00-04:00,508.9800109863281,AMD
2026-09-08 11:19:00-04:00,509.1499938964844,AMD
2026-09-08 11:20:00-04:00,508.30999755859375,AMD
2026-09-08 11:21:00-04:00,508.0199890136719,AMD
2026-09-08 11:22:00-04:00,508.2298889160156,AMD
2026-09-08 11:23:00-04:00,507.227294921875,AMD
2026-09-08 11:24:00-04:00,508.5840148925781,AMD
2026-09-08 11:25:00-04:00,508.38739013671875,AMD
2026-09-08 11:26:00-04:00,508.44500732421875,AMD
2026-09-08 11:27:00-04:00,508.8399963378906,AMD
2026-09-08 11:28:00-04:00,508.3100891113281,AMD
2026-09-08 11:29:00-04:00,508.1675109863281,AMD
2026-09-08 11:30:00-04:00,508.54998779296875,AMD
2026-09-08 11:31:00-04:00,508.0199890136719,AMD
2026-09-08 11:32:00-04:00,508.3988037109375,AMD
2026-09-08 11:33:00-04:00,507.9450988769531,AMD
2026-09-08 11:34:00-04:00,508.7850036621094,AMD
2026-09-08 11:35:00-04:00,508.7799987792969,AMD
2026-09-08 11:36:00-04:00,509.2349853515625,AMD
2026-09-08 11:37:00-04:00,509.29998779296875,AMD
2026-09-08 11:38:00-04:00,509.0899963378906,AMD
2026-09-08 11:39:00-04:00,509.1099853515625,AMD
2026-09-08 11:40:00-04:00,508.6700134277344,AMD
2026-09-08 11:41:00-04:00,509.74029541015625,AMD
2026-09-08 11:42:00-04:00,510.0,AMD
2026-09-08 11:43:00-04:00,509.78759765625,AMD
2026-09-08 11:44:00-04:00,509.989990234375,AMD
2026-09-08 11:45:00-04:00,509.364990234375,AMD
2026-09-08 11:46:00-04:00,509.4100036621094,AMD
2026-09-08 11:47:00-04:00,509.04998779296875,AMD
2026-09-08 11:48:00-04:00,509.0199890136719,AMD
2026-09-08 11:49:00-04:00,509.2049865722656,AMD
2026-09-08 11:50:00-04:00,509.4599914550781,AMD
2026-09-08 11:51:00-04:00,509.2149963378906,AMD
2026-09-08 11:52:00-04:00,508.9700012207031,AMD
2026-09-08 11:53:00-04:00,508.5,AMD
2026-09-08 11:54:00-04:00,508.8388977050781,AMD
2026-09-08 11:55:00-04:00,508.8299865722656,AMD
2026-09-08 11:56:00-04:00,508.8299865722656,AMD
2026-09-08 11:57:00-04:00,509.4800109863281,AMD
2026-09-08 11:58:00-04:00,509.2699890136719,AMD
2026-09-08 11:59:00-04:00,509.4949951171875,AMD
2026-09-08 12:00:00-04:00,510.0950012207031,AMD
2026-09-08 12:01:00-04:00,510.2300109863281,AMD
2026-09-08 12:02:00-04:00,509.4849853515625,AMD
2026-09-08 12:03:00-04:00,508.909912109375,AMD
2026-09-08 12:04:00-04:00,509.3699951171875,AMD
2026-09-08 12:05:00-04:00,508.989990234375,AMD
2026-09-08 12:06:00-04:00,509.1000061035156,AMD
2026-09-08 12:07:00-04:00,508.6099853515625,AMD
2026-09-08 12:08:00-04:00,509.1799011230469,AMD
2026-09-08 12:09:00-04:00,508.5,AMD
2026-09-08 12:10:00-04:00,508.2200012207031,AMD
2026-09-08 12:11:00-04:00,508.114990234375,AMD
2026-09-08 12:12:00-04:00,508.2300109863281,AMD
2026-09-08 12:13:00-04:00,509.0299987792969,AMD
2026-09-08 12:14:00-04:00,508.90380859375,AMD
2026-09-08 12:15:00-04:00,508.59259033203125,AMD
2026-09-08 12:16:00-04:00,508.3699951171875,AMD
2026-09-08 12:17:00-04:00,508.7799987792969,AMD
2026-09-08 12:18:00-04:00,508.6549987792969,AMD
2026-09-08 12:19:00-04:00,508.6300048828125,AMD
2026-09-08 12:20:00-04:00,509.0730895996094,AMD
2026-09-08 12:21:00-04:00,508.6000061035156,AMD
2026-09-08 12:22:00-04:00,508.69000244140625,AMD
2026-09-08 12:23:00-04:00,508.739990234375,AMD
2026-09-08 12:24:00-04:00,508.8399963378906,AMD
2026-09-08 12:25:00-04:00,508.8550109863281,AMD
2026-09-08 12:26:00-04:00,508.010009765625,AMD
2026-09-08 12:27:00-04:00,507.7699890136719,AMD
2026-09-08 12:28:00-04:00,507.3949890136719,AMD
2026-09-08 12:29:00-04:00,506.989990234375,AMD
2026-09-08 12:30:00-04:00,507.1838073730469,AMD
2026-09-08 12:31:00-04:00,507.2699890136719,AMD
2026-09-08 12:32:00-04:00,507.42999267578125,AMD
2026-09-08 12:33:00-04:00,507.7799987792969,AMD
2026-09-08 12:34:00-04:00,507.95001220703125,AMD
2026-09-08 12:35:00-04:00,508.1000061035156,AMD
2026-09-08 12:36:00-04:00,508.3450012207031,AMD
2026-09-08 12:37:00-04:00,508.3299865722656,AMD
2026-09-08 12:38:00-04:00,508.3399963378906,AMD
2026-09-08 12:39:00-04:00,508.3599853515625,AMD
2026-09-08 12:40:00-04:00,508.32000732421875,AMD
2026-09-08 12:41:00-04:00,507.8949890136719,AMD
2026-09-08 12:42:00-04:00,508.2200012207031,AMD
2026-09-08 12:43:00-04:00,508.29541015625,AMD
2026-09-08 12:44:00-04:00,508.010009765625,AMD
2026-09-08 12:45:00-04:00,508.0899963378906,AMD
2026-09-08 12:46:00-04:00,508.29998779296875,AMD
2026-09-08 12:47:00-04:00,508.9696044921875,AMD
2026-09-08 12:48:00-04:00,509.1449890136719,AMD
2026-09-08 12:49:00-04:00,509.30999755859375,AMD
2026-09-08 12:50:00-04:00,510.260009765625,AMD
2026-09-08 12:51:00-04:00,510.1575012207031,AMD
2026-09-08 12:52:00-04:00,509.760009765625,AMD
2026-09-08 12:53:00-04:00,509.712890625,AMD
2026-09-08 12:54:00-04:00,509.3599853515625,AMD
2026-09-08 12:55:00-04:00,509.0050048828125,AMD
2026-09-08 12:56:00-04:00,508.7900085449219,AMD
2026-09-08 12:57:00-04:00,509.18499755859375,AMD
2026-09-08 12:58:00-04:00,509.30499267578125,AMD
2026-09-08 12:59:00-04:00,509.125,AMD
2026-09-08 13:00:00-04:00,510.94268798828125,AMD
2026-09-08 13:01:00-04:00,510.9100036621094,AMD
2026-09-08 13:02:00-04:00,510.6199951171875,AMD
2026-09-08 13:03:00-04:00,510.1199951171875,AMD
2026-09-08 13:04:00-04:00,510.95001220703125,AMD
2026-09-08 13:05:00-04:00,510.30499267578125,AMD
2026-09-08 13:06:00-04:00,509.6000061035156,AMD
2026-09-08 13:07:00-04:00,509.19000244140625,AMD
2026-09-08 13:08:00-04:00,509.7200012207031,AMD
2026-09-08 13:09:00-04:00,509.55999755859375,AMD
2026-09-08 13:10:00-04:00,509.8299865722656,AMD
2026-09-08 13:11:00-04:00,509.9988098144531,AMD
2026-09-08 13:12:00-04:00,510.1199951171875,AMD
2026-09-08 13:13:00-04:00,511.0199890136719,AMD
2026-09-08 13:14:00-04:00,511.25,AMD
2026-09-08 13:15:00-04:00,511.42999267578125,AMD
2026-09-08 13:16:00-04:00,511.95001220703125,AMD
2026-09-08 13:17:00-04:00,511.5799865722656,AMD
2026-09-08 13:18:00-04:00,511.9949951171875,AMD
2026-09-08 13:19:00-04:00,511.80999755859375,AMD
2026-09-08 13:20:00-04:00,511.625,AMD
2026-09-08 13:21:00-04:00,511.19500732421875,AMD
2026-09-08 13:22:00-04:00,511.1050109863281,AMD
2026-09-08 13:23:00-04:00,511.67999267578125,AMD
2026-09-08 13:24:00-04:00,511.2001037597656,AMD
2026-09-08 13:25:00-04:00,511.114990234375,AMD
2026-09-08 13:26:00-04:00,511.04998779296875,AMD
2026-09-08 13:27:00-04:00,511.135009765625,AMD
2026-09-08 13:28:00-04:00,510.8999938964844,AMD
2026-09-08 13:29:00-04:00,510.8349914550781,AMD
2026-09-08 13:30:00-04:00,510.875,AMD
2026-09-08 13:31:00-04:00,511.0498962402344,AMD
2026-09-08 13:32:00-04:00,511.2950134277344,AMD
2026-09-08 13:33:00-04:00,511.485107421875,AMD
2026-09-08 13:34:00-04:00,511.6549987792969,AMD
2026-09-08 13:35:00-04:00,511.77850341796875,AMD
2026-09-08 13:36:00-04:00,511.5199890136719,AMD
2026-09-08 13:37:00-04:00,511.55999755859375,AMD
2026-09-08 13:38:00-04:00,511.3299865722656,AMD
2026-09-08 13:39:00-04:00,510.8349914550781,AMD
2026-09-08 13:40:00-04:00,510.2349853515625,AMD
2026-09-08 13:41:00-04:00,509.89910888671875,AMD
2026-09-08 13:42:00-04:00,509.70001220703125,AMD
2026-09-08 13:43:00-04:00,509.9100036621094,AMD
2026-09-08 13:44:00-04:00,509.4200134277344,AMD
2026-09-08 13:45:00-04:00,509.6474914550781,AMD
2026-09-08 13:46:00-04:00,509.45001220703125,AMD
2026-09-08 13:47:00-04:00,509.3900146484375,AMD
2026-09-08 13:48:00-04:00,508.70001220703125,AMD
2026-09-08 13:49:00-04:00,508.7793884277344,AMD
2026-09-08 13:50:00-04:00,508.54998779296875,AMD
2026-09-08 13:51:00-04:00,508.1549987792969,AMD
2026-09-08 13:52:00-04:00,507.70001220703125,AMD
2026-09-08 13:53:00-04:00,508.34991455078125,AMD
2026-09-08 13:54:00-04:00,508.17999267578125,AMD
2026-09-08 13:55:00-04:00,508.32720947265625,AMD
2026-09-08 13:56:00-04:00,508.3800048828125,AMD
2026-09-08 13:57:00-04:00,508.4100036621094,AMD
2026-09-08 13:58:00-04:00,508.3599853515625,AMD
2026-09-08 13:59:00-04:00,508.05999755859375,AMD
2026-09-08 14:00:00-04:00,507.7300109863281,AMD
2026-09-08 14:01:00-04:00,507.6404113769531,AMD
2026-09-08 14:02:00-04:00,507.75,AMD
2026-09-08 14:03:00-04:00,507.6000061035156,AMD
2026-09-08 14:04:00-04:00,507.56500244140625,AMD
2026-09-08 14:05:00-04:00,507.7799987792969,AMD
2026-09-08 14:06:00-04:00,507.92498779296875,AMD
2026-09-08 14:07:00-04:00,508.1600036621094,AMD
2026-09-08 14:08:00-04:00,508.4150085449219,AMD
2026-09-08 14:09:00-04:00,508.20001220703125,AMD
2026-09-08 14:10:00-04:00,508.2099914550781,AMD
2026-09-08 14:11:00-04:00,507.9150085449219,AMD
2026-09-08 14:12:00-04:00,508.18499755859375,AMD
2026-09-08 14:13:00-04:00,507.94000244140625,AMD
2026-09-08 14:14:00-04:00,507.9100036621094,AMD
2026-09-08 14:15:00-04:00,508.3900146484375,AMD
2026-09-08 14:16:00-04:00,508.54998779296875,AMD
2026-09-08 14:17:00-04:00,508.20001220703125,AMD
2026-09-08 14:18:00-04:00,508.25250244140625,AMD
2026-09-08 14:19:00-04:00,508.4198913574219,AMD
2026-09-08 14:20:00-04:00,508.0610046386719,AMD
2026-09-08 14:21:00-04:00,508.05999755859375,AMD
2026-09-08 14:22:00-04:00,508.30499267578125,AMD
2026-09-08 14:23:00-04:00,507.6600036621094,AMD
2026-09-08 14:24:00-04:00,507.3299865722656,AMD
2026-09-08 14:25:00-04:00,507.17999267578125,AMD
2026-09-08 14:26:00-04:00,507.4649963378906,AMD
2026-09-08 14:27:00-04:00,507.2900085449219,AMD
2026-09-08 14:28:00-04:00,507.44000244140625,AMD
2026-09-08 14:29:00-04:00,507.739013671875,AMD
2026-09-08 14:30:00-04:00,507.7149963378906,AMD
2026-09-08 14:31:00-04:00,507.7099914550781,AMD
2026-09-08 14:32:00-04:00,508.2200012207031,AMD
2026-09-08 14:33:00-04:00,508.25,AMD
2026-09-08 14:34:00-04:00,508.201904296875,AMD
2026-09-08 14:35:00-04:00,507.6549987792969,AMD
2026-09-08 14:36:00-04:00,507.7950134277344,AMD
2026-09-08 14:37:00-04:00,508.2300109863281,AMD
2026-09-08 14:38:00-04:00,508.2099914550781,AMD
2026-09-08 14:39:00-04:00,507.8299865722656,AMD
2026-09-08 14:40:00-04:00,507.9700012207031,AMD
2026-09-08 14:41:00-04:00,507.95001220703125,AMD
2026-09-08 14:42:00-04:00,507.9800109863281,AMD
2026-09-08 14:43:00-04:00,508.17498779296875,AMD
2026-09-08 14:44:00-04:00,507.9200134277344,AMD
2026-09-08 14:45:00-04:00,507.9599914550781,AMD
2026-09-08 14:46:00-04:00,508.1050109863281,AMD
2026-09-08 14:47:00-04:00,507.81500244140625,AMD
2026-09-08 14:48:00-04:00,506.0,AMD
2026-09-08 14:49:00-04:00,506.8599853515625,AMD
2026-09-08 14:50:00-04:00,507.6000061035156,AMD
2026-09-08 14:51:00-04:00,506.8299865722656,AMD
2026-09-08 14:52:00-04:00,505.7300109863281,AMD
2026-09-08 14:53:00-04:00,506.67999267578125,AMD
2026-09-08 14:54:00-04:00,506.614990234375,AMD
2026-09-08 14:55:00-04:00,506.5101013183594,AMD
2026-09-08 14:56:00-04:00,506.67999267578125,AMD
2026-09-08 14:57:00-04:00,506.6000061035156,AMD
2026-09-08 14:58:00-04:00,506.6449890136719,AMD
2026-09-08 14:59:00-04:00,506.57000732421875,AMD
2026-09-08 15:00:00-04:00,506.1700134277344,AMD
2026-09-08 15:01:00-04:00,506.2950134277344,AMD
2026-09-08 15:02:00-04:00,505.8399963378906,AMD
2026-09-08 15:03:00-04:00,505.7799987792969,AMD
2026-09-08 15:04:00-04:00,505.9599914550781,AMD
2026-09-08 15:05:00-04:00,506.31201171875,AMD
2026-09-08 15:06:00-04:00,506.760009765625,AMD
2026-09-08 15:07:00-04:00,506.6400146484375,AMD
2026-09-08 15:08:00-04:00,506.289306640625,AMD
2026-09-08 15:09:00-04:00,506.1099853515625,AMD
2026-09-08 15:10:00-04:00,506.7799987792969,AMD
2026-09-08 15:11:00-04:00,506.7699890136719,AMD
2026-09-08 15:12:00-04:00,506.1199951171875,AMD
2026-09-08 15:13:00-04:00,506.5950012207031,AMD
2026-09-08 15:14:00-04:00,506.5950012207031,AMD
2026-09-08 15:15:00-04:00,506.5849914550781,AMD
2026-09-08 15:16:00-04:00,506.45001220703125,AMD
2026-09-08 15:17:00-04:00,506.56500244140625,AMD
2026-09-08 15:18:00-04:00,506.0899963378906,AMD
2026-09-08 15:19:00-04:00,506.17999267578125,AMD
2026-09-08 15:20:00-04:00,506.0799865722656,AMD
2026-09-08 15:21:00-04:00,506.68499755859375,AMD
2026-09-08 15:22:00-04:00,506.510009765625,AMD
2026-09-08 15:23:00-04:00,506.25,AMD
2026-09-08 15:24:00-04:00,505.92999267578125,AMD
2026-09-08 15:25:00-04:00,505.5,AMD
2026-09-08 15:26:00-04:00,506.0199890136719,AMD
2026-09-08 15:27:00-04:00,506.19000244140625,AMD
2026-09-08 15:28:00-04:00,505.9100036621094,AMD
2026-09-08 15:29:00-04:00,505.9949951171875,AMD
2026-09-08 15:30:00-04:00,505.3949890136719,AMD
2026-09-08 15:31:00-04:00,506.0,AMD
2026-09-08 15:32:00-04:00,505.57000732421875,AMD
2026-09-08 15:33:00-04:00,505.5199890136719,AMD
2026-09-08 15:34:00-04:00,505.7200012207031,AMD
2026-09-08 15:35:00-04:00,505.45001220703125,AMD
2026-09-08 15:36:00-04:00,505.239990234375,AMD
2026-09-08 15:37:00-04:00,505.4800109863281,AMD
2026-09-08 15:38:00-04:00,505.0,AMD
2026-09-08 15:39:00-04:00,504.9700012207031,AMD
2026-09-08 15:40:00-04:00,504.94000244140625,AMD
2026-09-08 15:41:00-04:00,505.2950134277344,AMD
2026-09-08 15:42:00-04:00,504.9779968261719,AMD
2026-09-08 15:43:00-04:00,504.7300109863281,AMD
2026-09-08 15:44:00-04:00,504.205810546875,AMD
2026-09-08 15:45:00-04:00,504.5899963378906,AMD
2026-09-08 15:46:00-04:00,504.4700012207031,AMD
2026-09-08 15:47:00-04:00,504.3500061035156,AMD
2026-09-08 15:48:00-04:00,504.67999267578125,AMD
2026-09-08 15:49:00-04:00,504.7349853515625,AMD
2026-09-08 15:50:00-04:00,505.5299987792969,AMD
2026-09-08 15:51:00-04:00,505.4599914550781,AMD
2026-09-08 15:52:00-04:00,505.07000732421875,AMD
2026-09-08 15:53:00-04:00,504.69000244140625,AMD
2026-09-08 15:54:00-04:00,503.70001220703125,AMD
2026-09-08 15:55:00-04:00,503.989990234375,AMD
2026-09-08 15:56:00-04:00,504.8599853515625,AMD
2026-09-08 15:57:00-04:00,504.7149963378906,AMD
2026-09-08 15:58:00-04:00,504.760009765625,AMD
2026-09-08 15:59:00-04:00,505.5299987792969,AMD
2026-09-09 09:30:00-04:00,509.18499755859375,AMD
2026-09-09 09:31:00-04:00,512.0076293945312,AMD
2026-09-09 09:32:00-04:00,511.9309997558594,AMD
2026-09-09 09:33:00-04:00,512.4400024414062,AMD
2026-09-09 09:34:00-04:00,514.135009765625,AMD
2026-09-09 09:35:00-04:00,514.8150024414062,AMD
2026-09-09 09:36:00-04:00,514.6298828125,AMD
2026-09-09 09:37:00-04:00,514.4149780273438,AMD
2026-09-09 09:38:00-04:00,515.3062744140625,AMD
2026-09-09 09:39:00-04:00,515.3674926757812,AMD
2026-09-09 09:40:00-04:00,515.2150268554688,AMD
2026-09-09 09:41:00-04:00,516.8026733398438,AMD
2026-09-09 09:42:00-04:00,515.4299926757812,AMD
2026-09-09 09:43:00-04:00,513.9400024414062,AMD
2026-09-09 09:44:00-04:00,515.60498046875,AMD
2026-09-09 09:45:00-04:00,515.27001953125,AMD
2026-09-09 09:46:00-04:00,516.760009765625,AMD
2026-09-09 09:47:00-04:00,517.111083984375,AMD
2026-09-09 09:48:00-04:00,519.0399780273438,AMD
2026-09-09 09:49:00-04:00,519.5900268554688,AMD
2026-09-09 09:50:00-04:00,522.3400268554688,AMD
2026-09-09 09:51:00-04:00,523.344970703125,AMD
2026-09-09 09:52:00-04:00,522.969970703125,AMD
2026-09-09 09:53:00-04:00,522.9600219726562,AMD
2026-09-09 09:54:00-04:00,523.19677734375,AMD
2026-09-09 09:55:00-04:00,522.6500244140625,AMD
2026-09-09 09:56:00-04:00,523.0075073242188,AMD
2026-09-09 09:57:00-04:00,523.6600952148438,AMD
2026-09-09 09:58:00-04:00,524.280029296875,AMD
2026-09-09 09:59:00-04:00,524.0850219726562,AMD
2026-09-09 10:00:00-04:00,524.0,AMD
2026-09-09 10:01:00-04:00,522.8800048828125,AMD
2026-09-09 10:02:00-04:00,523.5451049804688,AMD
2026-09-09 10:03:00-04:00,524.0,AMD
2026-09-09 10:04:00-04:00,524.719970703125,AMD
2026-09-09 10:05:00-04:00,525.6849975585938,AMD
2026-09-09 10:06:00-04:00,524.135009765625,AMD
2026-09-09 10:07:00-04:00,523.5900268554688,AMD
2026-09-09 10:08:00-04:00,523.280029296875,AMD
2026-09-09 10:09:00-04:00,522.780029296875,AMD
2026-09-09 10:10:00-04:00,523.219970703125,AMD
2026-09-09 10:11:00-04:00,521.739990234375,AMD
2026-09-09 10:12:00-04:00,520.9199829101562,AMD
2026-09-09 10:13:00-04:00,521.4099731445312,AMD
2026-09-09 10:14:00-04:00,521.3599853515625,AMD
2026-09-09 10:15:00-04:00,520.8200073242188,AMD
2026-09-09 10:16:00-04:00,519.677978515625,AMD
2026-09-09 10:17:00-04:00,521.409912109375,AMD
2026-09-09 10:18:00-04:00,520.5195922851562,AMD
2026-09-09 10:19:00-04:00,519.4949951171875,AMD
2026-09-09 10:20:00-04:00,519.77001953125,AMD
2026-09-09 10:21:00-04:00,519.2050170898438,AMD
2026-09-09 10:22:00-04:00,518.8350219726562,AMD
2026-09-09 10:23:00-04:00,519.4149780273438,AMD
2026-09-09 10:24:00-04:00,520.0,AMD
2026-09-09 10:25:00-04:00,520.7418212890625,AMD
2026-09-09 10:26:00-04:00,520.1950073242188,AMD
2026-09-09 10:27:00-04:00,520.7750244140625,AMD
2026-09-09 10:28:00-04:00,521.3289794921875,AMD
2026-09-09 10:29:00-04:00,521.1699829101562,AMD
2026-09-09 10:30:00-04:00,521.3198852539062,AMD
2026-09-09 10:31:00-04:00,521.3099975585938,AMD
2026-09-09 10:32:00-04:00,521.47998046875,AMD
2026-09-09 10:33:00-04:00,521.47998046875,AMD
2026-09-09 10:34:00-04:00,521.5900268554688,AMD
2026-09-09 10:35:00-04:00,521.4600219726562,AMD
2026-09-09 10:36:00-04:00,520.9199829101562,AMD
2026-09-09 10:37:00-04:00,520.287109375,AMD
2026-09-09 10:38:00-04:00,520.3900146484375,AMD
2026-09-09 10:39:00-04:00,521.3599853515625,AMD
2026-09-09 10:40:00-04:00,521.3099975585938,AMD
2026-09-09 10:41:00-04:00,521.280029296875,AMD
2026-09-09 10:42:00-04:00,520.9600219726562,AMD
2026-09-09 10:43:00-04:00,521.1799926757812,AMD
2026-09-09 10:44:00-04:00,521.6798706054688,AMD
2026-09-09 10:45:00-04:00,520.9749755859375,AMD
2026-09-09 10:46:00-04:00,521.1649780273438,AMD
2026-09-09 10:47:00-04:00,521.2520141601562,AMD
2026-09-09 10:48:00-04:00,521.3125,AMD
2026-09-09 10:49:00-04:00,521.614990234375,AMD
2026-09-09 10:50:00-04:00,521.60498046875,AMD
2026-09-09 10:51:00-04:00,521.2650146484375,AMD
2026-09-09 10:52:00-04:00,520.8300170898438,AMD
2026-09-09 10:53:00-04:00,520.030029296875,AMD
2026-09-09 10:54:00-04:00,520.1500244140625,AMD
2026-09-09 10:55:00-04:00,521.1400146484375,AMD
2026-09-09 10:56:00-04:00,522.02001953125,AMD
2026-09-09 10:57:00-04:00,521.9299926757812,AMD
2026-09-09 10:58:00-04:00,523.090576171875,AMD
2026-09-09 10:59:00-04:00,522.5999755859375,AMD
2026-09-09 11:00:00-04:00,524.0,AMD
2026-09-09 11:01:00-04:00,523.375,AMD
2026-09-09 11:02:00-04:00,523.4400024414062,AMD
2026-09-09 11:03:00-04:00,523.114990234375,AMD
2026-09-09 11:04:00-04:00,523.010009765625,AMD
2026-09-09 11:05:00-04:00,522.5601196289062,AMD
2026-09-09 11:06:00-04:00,521.7000122070312,AMD
2026-09-09 11:07:00-04:00,521.135009765625,AMD
2026-09-09 11:08:00-04:00,520.6799926757812,AMD
2026-09-09 11:09:00-04:00,520.0,AMD
2026-09-09 11:10:00-04:00,519.9500122070312,AMD
2026-09-09 11:11:00-04:00,518.8150024414062,AMD
2026-09-09 11:12:00-04:00,518.9299926757812,AMD
2026-09-09 11:13:00-04:00,518.7100219726562,AMD
2026-09-09 11:14:00-04:00,519.37890625,AMD
2026-09-09 11:15:00-04:00,518.7249755859375,AMD
2026-09-09 11:16:00-04:00,520.2100219726562,AMD
2026-09-09 11:17:00-04:00,519.9349975585938,AMD
2026-09-09 11:18:00-04:00,520.280029296875,AMD
2026-09-09 11:19:00-04:00,520.7000122070312,AMD
2026-09-09 11:20:00-04:00,520.6298828125,AMD
2026-09-09 11:21:00-04:00,519.9099731445312,AMD
2026-09-09 11:22:00-04:00,518.9600219726562,AMD
2026-09-09 11:23:00-04:00,518.4580078125,AMD
2026-09-09 11:24:00-04:00,517.8599853515625,AMD
2026-09-09 11:25:00-04:00,518.27001953125,AMD
2026-09-09 11:26:00-04:00,518.4600219726562,AMD
2026-09-09 11:27:00-04:00,518.3699951171875,AMD
2026-09-09 11:28:00-04:00,518.6799926757812,AMD
2026-09-09 11:29:00-04:00,519.114990234375,AMD
2026-09-09 11:30:00-04:00,520.2100219726562,AMD
2026-09-09 11:31:00-04:00,519.7550048828125,AMD
2026-09-09 11:32:00-04:00,520.0499877929688,AMD
2026-09-09 11:33:00-04:00,520.3400268554688,AMD
2026-09-09 11:34:00-04:00,520.6174926757812,AMD
2026-09-09 11:35:00-04:00,520.2999877929688,AMD
2026-09-09 11:36:00-04:00,520.8300170898438,AMD
2026-09-09 11:37:00-04:00,520.060302734375,AMD
2026-09-09 11:38:00-04:00,519.5599975585938,AMD
2026-09-09 11:39:00-04:00,522.030029296875,AMD
2026-09-09 11:40:00-04:00,521.3800048828125,AMD
2026-09-09 11:41:00-04:00,520.8200073242188,AMD
2026-09-09 11:42:00-04:00,521.530029296875,AMD
2026-09-09 11:43:00-04:00,521.8699951171875,AMD
2026-09-09 11:44:00-04:00,522.0399780273438,AMD
2026-09-09 11:45:00-04:00,522.4500122070312,AMD
2026-09-09 11:46:00-04:00,522.3400268554688,AMD
2026-09-09 11:47:00-04:00,522.9199829101562,AMD
2026-09-09 11:48:00-04:00,523.1199951171875,AMD
2026-09-09 11:49:00-04:00,523.5800170898438,AMD
2026-09-09 11:50:00-04:00,524.4099731445312,AMD
2026-09-09 11:51:00-04:00,524.0650024414062,AMD
2026-09-09 11:52:00-04:00,524.2503051757812,AMD
2026-09-09 11:53:00-04:00,524.64501953125,AMD
2026-09-09 11:54:00-04:00,525.5999755859375,AMD
2026-09-09 11:55:00-04:00,525.1500244140625,AMD
2026-09-09 11:56:00-04:00,525.3800048828125,AMD
2026-09-09 11:57:00-04:00,525.4299926757812,AMD
2026-09-09 11:58:00-04:00,525.7349853515625,AMD
2026-09-09 11:59:00-04:00,525.5399780273438,AMD
2026-09-09 12:00:00-04:00,524.7999877929688,AMD
2026-09-09 12:01:00-04:00,524.614990234375,AMD
2026-09-09 12:02:00-04:00,524.2999877929688,AMD
2026-09-09 12:03:00-04:00,523.9000244140625,AMD
2026-09-09 12:04:00-04:00,523.6201171875,AMD
2026-09-09 12:05:00-04:00,524.1400146484375,AMD
2026-09-09 12:06:00-04:00,523.60009765625,AMD
2026-09-09 12:07:00-04:00,523.155029296875,AMD
2026-09-09 12:08:00-04:00,523.1900024414062,AMD
2026-09-09 12:09:00-04:00,522.989990234375,AMD
2026-09-09 12:10:00-04:00,523.1799926757812,AMD
2026-09-09 12:11:00-04:00,522.6799926757812,AMD
2026-09-09 12:12:00-04:00,523.0900268554688,AMD
2026-09-09 12:13:00-04:00,523.3599853515625,AMD
2026-09-09 12:14:00-04:00,522.8099975585938,AMD
2026-09-09 12:15:00-04:00,522.219970703125,AMD
2026-09-09 12:16:00-04:00,522.0599975585938,AMD
2026-09-09 12:17:00-04:00,522.3900146484375,AMD
2026-09-09 12:18:00-04:00,522.2050170898438,AMD
2026-09-09 12:19:00-04:00,522.375,AMD
2026-09-09 12:20:00-04:00,521.75,AMD
2026-09-09 12:21:00-04:00,522.1099853515625,AMD
2026-09-09 12:22:00-04:00,522.3560180664062,AMD
2026-09-09 12:23:00-04:00,522.3099975585938,AMD
2026-09-09 12:24:00-04:00,523.1500244140625,AMD
2026-09-09 12:25:00-04:00,522.5827026367188,AMD
2026-09-09 12:26:00-04:00,521.594970703125,AMD
2026-09-09 12:27:00-04:00,521.8150024414062,AMD
2026-09-09 12:28:00-04:00,521.3400268554688,AMD
2026-09-09 12:29:00-04:00,521.2249755859375,AMD
2026-09-09 12:30:00-04:00,522.3770141601562,AMD
2026-09-09 12:31:00-04:00,522.2650146484375,AMD
2026-09-09 12:32:00-04:00,522.2150268554688,AMD
2026-09-09 12:33:00-04:00,522.2750244140625,AMD
2026-09-09 12:34:00-04:00,522.9099731445312,AMD
2026-09-09 12:35:00-04:00,523.0449829101562,AMD
2026-09-09 12:36:00-04:00,523.0,AMD
2026-09-09 12:37:00-04:00,523.1199951171875,AMD
2026-09-09 12:38:00-04:00,523.469970703125,AMD
2026-09-09 12:39:00-04:00,523.8599853515625,AMD
2026-09-09 12:40:00-04:00,523.4749755859375,AMD
2026-09-09 12:41:00-04:00,523.7650146484375,AMD
2026-09-09 12:42:00-04:00,523.3900146484375,AMD
2026-09-09 12:43:00-04:00,523.5700073242188,AMD
2026-09-09 12:44:00-04:00,523.6400756835938,AMD
2026-09-09 12:45:00-04:00,522.9749755859375,AMD
2026-09-09 12:46:00-04:00,523.2050170898438,AMD
2026-09-09 12:47:00-04:00,523.4000244140625,AMD
2026-09-09 12:48:00-04:00,523.7000122070312,AMD
2026-09-09 12:49:00-04:00,523.5499877929688,AMD
2026-09-09 12:50:00-04:00,524.0449829101562,AMD
2026-09-09 12:51:00-04:00,524.0687866210938,AMD
2026-09-09 12:52:00-04:00,524.0150146484375,AMD
2026-09-09 12:53:00-04:00,523.64501953125,AMD
2026-09-09 12:54:00-04:00,523.6799926757812,AMD
2026-09-09 12:55:00-04:00,523.719970703125,AMD
2026-09-09 12:56:00-04:00,523.6900024414062,AMD
2026-09-09 12:57:00-04:00,523.7899780273438,AMD
2026-09-09 12:58:00-04:00,523.6599731445312,AMD
2026-09-09 12:59:00-04:00,523.8300170898438,AMD
2026-09-09 13:00:00-04:00,523.1849975585938,AMD
2026-09-09 13:01:00-04:00,523.0399780273438,AMD
2026-09-09 13:02:00-04:00,523.8300170898438,AMD
2026-09-09 13:03:00-04:00,523.4099731445312,AMD
2026-09-09 13:04:00-04:00,522.8699951171875,AMD
2026-09-09 13:05:00-04:00,523.7100219726562,AMD
2026-09-09 13:06:00-04:00,523.719970703125,AMD
2026-09-09 13:07:00-04:00,523.9099731445312,AMD
2026-09-09 13:08:00-04:00,523.625,AMD
2026-09-09 13:09:00-04:00,523.25,AMD
2026-09-09 13:10:00-04:00,523.1099853515625,AMD
2026-09-09 13:11:00-04:00,523.5050048828125,AMD
2026-09-09 13:12:00-04:00,523.6849975585938,AMD
2026-09-09 13:13:00-04:00,523.8856201171875,AMD
2026-09-09 13:14:00-04:00,524.3198852539062,AMD
2026-09-09 13:15:00-04:00,524.1950073242188,AMD
2026-09-09 13:16:00-04:00,524.030029296875,AMD
2026-09-09 13:17:00-04:00,524.2197265625,AMD
2026-09-09 13:18:00-04:00,524.094970703125,AMD
2026-09-09 13:19:00-04:00,523.7249755859375,AMD
2026-09-09 13:20:00-04:00,523.7000122070312,AMD
2026-09-09 13:21:00-04:00,523.6599731445312,AMD
2026-09-09 13:22:00-04:00,523.510009765625,AMD
2026-09-09 13:23:00-04:00,523.5999755859375,AMD
2026-09-09 13:24:00-04:00,523.6099243164062,AMD
2026-09-09 13:25:00-04:00,523.10498046875,AMD
2026-09-09 13:26:00-04:00,523.0,AMD
2026-09-09 13:27:00-04:00,522.8150024414062,AMD
2026-09-09 13:28:00-04:00,522.4849853515625,AMD
2026-09-09 13:29:00-04:00,522.0401000976562,AMD
2026-09-09 13:30:00-04:00,522.2550048828125,AMD
2026-09-09 13:31:00-04:00,521.7650146484375,AMD
2026-09-09 13:32:00-04:00,521.760009765625,AMD
2026-09-09 13:33:00-04:00,522.22998046875,AMD
2026-09-09 13:34:00-04:00,522.3939819335938,AMD
2026-09-09 13:35:00-04:00,522.3200073242188,AMD
2026-09-09 13:36:00-04:00,522.0999755859375,AMD
2026-09-09 13:37:00-04:00,521.7949829101562,AMD
2026-09-09 13:38:00-04:00,521.8599853515625,AMD
2026-09-09 13:39:00-04:00,521.625,AMD
2026-09-09 13:40:00-04:00,521.89501953125,AMD
2026-09-09 13:41:00-04:00,522.1849975585938,AMD
2026-09-09 13:42:00-04:00,522.6099853515625,AMD
2026-09-09 13:43:00-04:00,522.4600219726562,AMD
2026-09-09 13:44:00-04:00,522.64990234375,AMD
2026-09-09 13:45:00-04:00,522.8209838867188,AMD
2026-09-09 13:46:00-04:00,523.364990234375,AMD
2026-09-09 13:47:00-04:00,523.0177001953125,AMD
2026-09-09 13:48:00-04:00,523.1199951171875,AMD
2026-09-09 13:49:00-04:00,523.4749755859375,AMD
2026-09-09 13:50:00-04:00,523.3499755859375,AMD
2026-09-09 13:51:00-04:00,523.1701049804688,AMD
2026-09-09 13:52:00-04:00,523.3499755859375,AMD
2026-09-09 13:53:00-04:00,523.4199829101562,AMD
2026-09-09 13:54:00-04:00,524.8201293945312,AMD
2026-09-09 13:55:00-04:00,524.14501953125,AMD
2026-09-09 13:56:00-04:00,523.5994262695312,AMD
2026-09-09 13:57:00-04:00,523.5399780273438,AMD
2026-09-09 13:58:00-04:00,523.6599731445312,AMD
2026-09-09 13:59:00-04:00,523.5499877929688,AMD
2026-09-09 14:00:00-04:00,523.3099975585938,AMD
2026-09-09 14:01:00-04:00,523.7050170898438,AMD
2026-09-09 14:02:00-04:00,523.0499877929688,AMD
2026-09-09 14:03:00-04:00,523.510009765625,AMD
2026-09-09 14:04:00-04:00,523.97998046875,AMD
2026-09-09 14:05:00-04:00,523.9099731445312,AMD
2026-09-09 14:06:00-04:00,523.780029296875,AMD
2026-09-09 14:07:00-04:00,523.4099731445312,AMD
2026-09-09 14:08:00-04:00,523.364990234375,AMD
2026-09-09 14:09:00-04:00,523.2949829101562,AMD
2026-09-09 14:10:00-04:00,523.5050048828125,AMD
2026-09-09 14:11:00-04:00,523.2999877929688,AMD
2026-09-09 14:12:00-04:00,523.6900024414062,AMD
2026-09-09 14:13:00-04:00,523.9500122070312,AMD
2026-09-09 14:14:00-04:00,524.1950073242188,AMD
2026-09-09 14:15:00-04:00,523.9849853515625,AMD
2026-09-09 14:16:00-04:00,523.7100219726562,AMD
2026-09-09 14:17:00-04:00,523.7000122070312,AMD
2026-09-09 14:18:00-04:00,523.9249877929688,AMD
2026-09-09 14:19:00-04:00,523.72998046875,AMD
2026-09-09 14:20:00-04:00,523.5150146484375,AMD
2026-09-09 14:21:00-04:00,523.1400146484375,AMD
2026-09-09 14:22:00-04:00,523.2750244140625,AMD
2026-09-09 14:23:00-04:00,523.22119140625,AMD
2026-09-09 14:24:00-04:00,523.3150024414062,AMD
2026-09-09 14:25:00-04:00,523.4000244140625,AMD
2026-09-09 14:26:00-04:00,523.3499755859375,AMD
2026-09-09 14:27:00-04:00,523.2249755859375,AMD
2026-09-09 14:28:00-04:00,522.9199829101562,AMD
2026-09-09 14:29:00-04:00,523.2949829101562,AMD
2026-09-09 14:30:00-04:00,523.3800048828125,AMD
2026-09-09 14:31:00-04:00,523.4099731445312,AMD
2026-09-09 14:32:00-04:00,523.47998046875,AMD
2026-09-09 14:33:00-04:00,523.6204223632812,AMD
2026-09-09 14:34:00-04:00,523.3699951171875,AMD
2026-09-09 14:35:00-04:00,523.47998046875,AMD
2026-09-09 14:36:00-04:00,523.4749755859375,AMD
2026-09-09 14:37:00-04:00,523.135009765625,AMD
2026-09-09 14:38:00-04:00,523.22998046875,AMD
2026-09-09 14:39:00-04:00,523.1500244140625,AMD
2026-09-09 14:40:00-04:00,523.0,AMD
2026-09-09 14:41:00-04:00,522.6898803710938,AMD
2026-09-09 14:42:00-04:00,522.4393920898438,AMD
2026-09-09 14:43:00-04:00,522.6749877929688,AMD
2026-09-09 14:44:00-04:00,522.4600219726562,AMD
2026-09-09 14:45:00-04:00,522.7000122070312,AMD
2026-09-09 14:46:00-04:00,522.6300048828125,AMD
2026-09-09 14:47:00-04:00,522.5701293945312,AMD
2026-09-09 14:48:00-04:00,522.3499755859375,AMD
2026-09-09 14:49:00-04:00,522.2849731445312,AMD
2026-09-09 14:50:00-04:00,522.1900024414062,AMD
2026-09-09 14:51:00-04:00,521.6699829101562,AMD
2026-09-09 14:52:00-04:00,521.7849731445312,AMD
2026-09-09 14:53:00-04:00,521.9400024414062,AMD
2026-09-09 14:54:00-04:00,521.9450073242188,AMD
2026-09-09 14:55:00-04:00,521.52001953125,AMD
2026-09-09 14:56:00-04:00,521.405029296875,AMD
2026-09-09 14:57:00-04:00,521.0499877929688,AMD
2026-09-09 14:58:00-04:00,521.1749877929688,AMD
2026-09-09 14:59:00-04:00,521.0599975585938,AMD
2026-09-09 15:00:00-04:00,521.6799926757812,AMD
2026-09-09 15:01:00-04:00,521.3499755859375,AMD
2026-09-09 15:02:00-04:00,521.2050170898438,AMD
2026-09-09 15:03:00-04:00,521.2999877929688,AMD
2026-09-09 15:04:00-04:00,521.2349853515625,AMD
2026-09-09 15:05:00-04:00,521.47998046875,AMD
2026-09-09 15:06:00-04:00,521.3800048828125,AMD
2026-09-09 15:07:00-04:00,521.4099731445312,AMD
2026-09-09 15:08:00-04:00,520.9949951171875,AMD
2026-09-09 15:09:00-04:00,521.5549926757812,AMD
2026-09-09 15:10:00-04:00,521.2650146484375,AMD
2026-09-09 15:11:00-04:00,521.2999877929688,AMD
2026-09-09 15:12:00-04:00,521.0250244140625,AMD
2026-09-09 15:13:00-04:00,520.9000244140625,AMD
2026-09-09 15:14:00-04:00,521.0698852539062,AMD
2026-09-09 15:15:00-04:00,521.530029296875,AMD
2026-09-09 15:16:00-04:00,521.344970703125,AMD
2026-09-09 15:17:00-04:00,521.10498046875,AMD
2026-09-09 15:18:00-04:00,521.489990234375,AMD
2026-09-09 15:19:00-04:00,521.364990234375,AMD
2026-09-09 15:20:00-04:00,521.4650268554688,AMD
2026-09-09 15:21:00-04:00,521.3400268554688,AMD
2026-09-09 15:22:00-04:00,520.8099975585938,AMD
2026-09-09 15:23:00-04:00,521.3203735351562,AMD
2026-09-09 15:24:00-04:00,521.2000122070312,AMD
2026-09-09 15:25:00-04:00,520.7050170898438,AMD
2026-09-09 15:26:00-04:00,520.5001220703125,AMD
2026-09-09 15:27:00-04:00,519.8200073242188,AMD
2026-09-09 15:28:00-04:00,519.6201171875,AMD
2026-09-09 15:29:00-04:00,518.8099975585938,AMD
2026-09-09 15:30:00-04:00,519.2999877929688,AMD
2026-09-09 15:31:00-04:00,519.4500122070312,AMD
2026-09-09 15:32:00-04:00,519.5,AMD
2026-09-09 15:33:00-04:00,519.72998046875,AMD
2026-09-09 15:34:00-04:00,519.39501953125,AMD
2026-09-09 15:35:00-04:00,519.3049926757812,AMD
2026-09-09 15:36:00-04:00,519.3699951171875,AMD
2026-09-09 15:37:00-04:00,519.3150024414062,AMD
2026-09-09 15:38:00-04:00,519.3200073242188,AMD
2026-09-09 15:39:00-04:00,519.52001953125,AMD
2026-09-09 15:40:00-04:00,519.614990234375,AMD
2026-09-09 15:41:00-04:00,519.489990234375,AMD
2026-09-09 15:42:00-04:00,519.4550170898438,AMD
2026-09-09 15:43:00-04:00,519.6799926757812,AMD
2026-09-09 15:44:00-04:00,519.7000122070312,AMD
2026-09-09 15:45:00-04:00,519.8699951171875,AMD
2026-09-09 15:46:00-04:00,520.1500244140625,AMD
2026-09-09 15:47:00-04:00,519.9199829101562,AMD
2026-09-09 15:48:00-04:00,520.4149780273438,AMD
2026-09-09 15:49:00-04:00,520.260009765625,AMD
2026-09-09 15:50:00-04:00,520.0700073242188,AMD
2026-09-09 15:51:00-04:00,520.239990234375,AMD
2026-09-09 15:52:00-04:00,520.2000732421875,AMD
2026-09-09 15:53:00-04:00,520.27001953125,AMD
2026-09-09 15:54:00-04:00,520.5349731445312,AMD
2026-09-09 15:55:00-04:00,519.6599731445312,AMD
2026-09-09 15:56:00-04:00,519.8099975585938,AMD
2026-09-09 15:57:00-04:00,519.8049926757812,AMD
2026-09-09 15:58:00-04:00,520.2999877929688,AMD
2026-09-09 15:59:00-04:00,521.0800170898438,AMD
2026-09-10 09:30:00-04:00,512.2899780273438,AMD
2026-09-10 09:31:00-04:00,514.8193969726562,AMD
2026-09-10 09:32:00-04:00,510.260009765625,AMD
2026-09-10 09:33:00-04:00,509.1499938964844,AMD
2026-09-10 09:34:00-04:00,508.889892578125,AMD
2026-09-10 09:35:00-04:00,509.57501220703125,AMD
2026-09-10 09:36:00-04:00,509.3599853515625,AMD
2026-09-10 09:37:00-04:00,509.135009765625,AMD
2026-09-10 09:38:00-04:00,510.05499267578125,AMD
2026-09-10 09:39:00-04:00,511.1050109863281,AMD
2026-09-10 09:40:00-04:00,511.1499938964844,AMD
2026-09-10 09:41:00-04:00,510.05999755859375,AMD
2026-09-10 09:42:00-04:00,511.16180419921875,AMD
2026-09-10 09:43:00-04:00,509.7300109863281,AMD
2026-09-10 09:44:00-04:00,509.3800048828125,AMD
2026-09-10 09:45:00-04:00,509.4800109863281,AMD
2026-09-10 09:46:00-04:00,510.364990234375,AMD
2026-09-10 09:47:00-04:00,510.25,AMD
2026-09-10 09:48:00-04:00,509.0,AMD
2026-09-10 09:49:00-04:00,510.2550048828125,AMD
2026-09-10 09:50:00-04:00,507.80999755859375,AMD
2026-09-10 09:51:00-04:00,506.67999267578125,AMD
2026-09-10 09:52:00-04:00,507.1000061035156,AMD
2026-09-10 09:53:00-04:00,506.55999755859375,AMD
2026-09-10 09:54:00-04:00,506.3550109863281,AMD
2026-09-10 09:55:00-04:00,506.352294921875,AMD
2026-09-10 09:56:00-04:00,505.9100036621094,AMD
2026-09-10 09:57:00-04:00,505.32501220703125,AMD
2026-09-10 09:58:00-04:00,504.2699890136719,AMD
2026-09-10 09:59:00-04:00,504.42999267578125,AMD
2026-09-10 10:00:00-04:00,505.6700134277344,AMD
2026-09-10 10:01:00-04:00,507.51580810546875,AMD
2026-09-10 10:02:00-04:00,508.41009521484375,AMD
2026-09-10 10:03:00-04:00,508.77880859375,AMD
2026-09-10 10:04:00-04:00,507.17999267578125,AMD
2026-09-10 10:05:00-04:00,506.67498779296875,AMD
2026-09-10 10:06:00-04:00,506.739990234375,AMD
2026-09-10 10:07:00-04:00,505.8699951171875,AMD
2026-09-10 10:08:00-04:00,506.45001220703125,AMD
2026-09-10 10:09:00-04:00,507.79998779296875,AMD
2026-09-10 10:10:00-04:00,507.4750061035156,AMD
2026-09-10 10:11:00-04:00,506.8699951171875,AMD
2026-09-10 10:12:00-04:00,506.4849853515625,AMD
2026-09-10 10:13:00-04:00,507.010009765625,AMD
2026-09-10 10:14:00-04:00,506.30950927734375,AMD
2026-09-10 10:15:00-04:00,506.39581298828125,AMD
2026-09-10 10:16:00-04:00,504.79998779296875,AMD
2026-09-10 10:17:00-04:00,504.9100036621094,AMD
2026-09-10 10:18:00-04:00,506.1700134277344,AMD
2026-09-10 10:19:00-04:00,505.9700012207031,AMD
2026-09-10 10:20:00-04:00,506.7012023925781,AMD
2026-09-10 10:21:00-04:00,506.45001220703125,AMD
2026-09-10 10:22:00-04:00,506.9549865722656,AMD
2026-09-10 10:23:00-04:00,507.739990234375,AMD
2026-09-10 10:24:00-04:00,508.80499267578125,AMD
2026-09-10 10:25:00-04:00,508.385009765625,AMD
2026-09-10 10:26:00-04:00,507.13641357421875,AMD
2026-09-10 10:27:00-04:00,506.8399963378906,AMD
2026-09-10 10:28:00-04:00,507.5450134277344,AMD
2026-09-10 10:29:00-04:00,507.3500061035156,AMD
2026-09-10 10:30:00-04:00,508.5249938964844,AMD
2026-09-10 10:31:00-04:00,509.489990234375,AMD
2026-09-10 10:32:00-04:00,508.5,AMD
2026-09-10 10:33:00-04:00,508.1099853515625,AMD
2026-09-10 10:34:00-04:00,508.4800109863281,AMD
2026-09-10 10:35:00-04:00,509.3599853515625,AMD
2026-09-10 10:36:00-04:00,509.7300109863281,AMD
2026-09-10 10:37:00-04:00,509.92999267578125,AMD
2026-09-10 10:38:00-04:00,510.4100036621094,AMD
2026-09-10 10:39:00-04:00,509.7250061035156,AMD
2026-09-10 10:40:00-04:00,509.6769104003906,AMD
2026-09-10 10:41:00-04:00,509.07000732421875,AMD
2026-09-10 10:42:00-04:00,508.8699951171875,AMD
2026-09-10 10:43:00-04:00,509.3699951171875,AMD
2026-09-10 10:44:00-04:00,509.0350036621094,AMD
2026-09-10 10:45:00-04:00,509.30999755859375,AMD
2026-09-10 10:46:00-04:00,510.2200012207031,AMD
2026-09-10 10:47:00-04:00,509.247314453125,AMD
2026-09-10 10:48:00-04:00,509.5700988769531,AMD
2026-09-10 10:49:00-04:00,509.55999755859375,AMD
2026-09-10 10:50:00-04:00,509.0,AMD
2026-09-10 10:51:00-04:00,509.0799865722656,AMD
2026-09-10 10:52:00-04:00,509.2286071777344,AMD
2026-09-10 10:53:00-04:00,509.0849914550781,AMD
2026-09-10 10:54:00-04:00,509.6300048828125,AMD
2026-09-10 10:55:00-04:00,509.5058898925781,AMD
2026-09-10 10:56:00-04:00,509.4100036621094,AMD
2026-09-10 10:57:00-04:00,509.760009765625,AMD
2026-09-10 10:58:00-04:00,509.7149963378906,AMD
2026-09-10 10:59:00-04:00,510.0299987792969,AMD
2026-09-10 11:00:00-04:00,509.6499938964844,AMD
2026-09-10 11:01:00-04:00,508.9901123046875,AMD
2026-09-10 11:02:00-04:00,508.8699951171875,AMD
2026-09-10 11:03:00-04:00,509.29998779296875,AMD
2026-09-10 11:04:00-04:00,509.1000061035156,AMD
2026-09-10 11:05:00-04:00,509.70001220703125,AMD
2026-09-10 11:06:00-04:00,509.2900085449219,AMD
2026-09-10 11:07:00-04:00,509.4989013671875,AMD
2026-09-10 11:08:00-04:00,509.19000244140625,AMD
2026-09-10 11:09:00-04:00,508.54998779296875,AMD
2026-09-10 11:10:00-04:00,509.5249938964844,AMD
2026-09-10 11:11:00-04:00,509.6499938964844,AMD
2026-09-10 11:12:00-04:00,509.9435119628906,AMD
2026-09-10 11:13:00-04:00,509.94000244140625,AMD
2026-09-10 11:14:00-04:00,509.8349914550781,AMD
2026-09-10 11:15:00-04:00,509.25,AMD
2026-09-10 11:16:00-04:00,509.0799865722656,AMD
2026-09-10 11:17:00-04:00,508.8399963378906,AMD
2026-09-10 11:18:00-04:00,507.7289123535156,AMD
2026-09-10 11:19:00-04:00,507.8999938964844,AMD
2026-09-10 11:20:00-04:00,508.0,AMD
2026-09-10 11:21:00-04:00,507.99749755859375,AMD
2026-09-10 11:22:00-04:00,507.989990234375,AMD
2026-09-10 11:23:00-04:00,507.68499755859375,AMD
2026-09-10 11:24:00-04:00,508.0899963378906,AMD
2026-09-10 11:25:00-04:00,508.2998962402344,AMD
2026-09-10 11:26:00-04:00,507.8550109863281,AMD
2026-09-10 11:27:00-04:00,508.6335144042969,AMD
2026-09-10 11:28:00-04:00,508.0899963378906,AMD
2026-09-10 11:29:00-04:00,507.7300109863281,AMD
2026-09-10 11:30:00-04:00,507.2139892578125,AMD
2026-09-10 11:31:00-04:00,507.43499755859375,AMD
2026-09-10 11:32:00-04:00,507.4800109863281,AMD
2026-09-10 11:33:00-04:00,507.87030029296875,AMD
2026-09-10 11:34:00-04:00,508.010009765625,AMD
2026-09-10 11:35:00-04:00,507.6000061035156,AMD
2026-09-10 11:36:00-04:00,507.8399963378906,AMD
2026-09-10 11:37:00-04:00,507.8699951171875,AMD
2026-09-10 11:38:00-04:00,507.7179870605469,AMD
2026-09-10 11:39:00-04:00,507.875,AMD
2026-09-10 11:40:00-04:00,507.3999938964844,AMD
2026-09-10 11:41:00-04:00,507.9599914550781,AMD
2026-09-10 11:42:00-04:00,507.7749938964844,AMD
2026-09-10 11:43:00-04:00,508.07830810546875,AMD
2026-09-10 11:44:00-04:00,508.3279113769531,AMD
2026-09-10 11:45:00-04:00,508.2799987792969,AMD
2026-09-10 11:46:00-04:00,507.5950012207031,AMD
2026-09-10 11:47:00-04:00,507.260009765625,AMD
2026-09-10 11:48:00-04:00,507.2900085449219,AMD
2026-09-10 11:49:00-04:00,507.9800109863281,AMD
2026-09-10 11:50:00-04:00,507.8599853515625,AMD
2026-09-10 11:51:00-04:00,508.0,AMD
2026-09-10 11:52:00-04:00,508.6400146484375,AMD
2026-09-10 11:53:00-04:00,508.0867919921875,AMD
2026-09-10 11:54:00-04:00,508.3299865722656,AMD
2026-09-10 11:55:00-04:00,508.08990478515625,AMD
2026-09-10 11:56:00-04:00,507.4150085449219,AMD
2026-09-10 11:57:00-04:00,507.63128662109375,AMD
2026-09-10 11:58:00-04:00,508.1700134277344,AMD
2026-09-10 11:59:00-04:00,508.3900146484375,AMD
2026-09-10 12:00:00-04:00,508.1549987792969,AMD
2026-09-10 12:01:00-04:00,507.872314453125,AMD
2026-09-10 12:02:00-04:00,507.2099914550781,AMD
2026-09-10 12:03:00-04:00,506.3399963378906,AMD
2026-09-10 12:04:00-04:00,505.4599914550781,AMD
2026-09-10 12:05:00-04:00,506.7799987792969,AMD
2026-09-10 12:06:00-04:00,506.1650085449219,AMD
2026-09-10 12:07:00-04:00,505.5,AMD
2026-09-10 12:08:00-04:00,505.31988525390625,AMD
2026-09-10 12:09:00-04:00,505.0799865722656,AMD
2026-09-10 12:10:00-04:00,505.2200012207031,AMD
2026-09-10 12:11:00-04:00,504.6600036621094,AMD
2026-09-10 12:12:00-04:00,504.30999755859375,AMD
2026-09-10 12:13:00-04:00,504.57000732421875,AMD
2026-09-10 12:14:00-04:00,504.67999267578125,AMD
2026-09-10 12:15:00-04:00,505.29998779296875,AMD
2026-09-10 12:16:00-04:00,504.94500732421875,AMD
2026-09-10 12:17:00-04:00,505.09820556640625,AMD
2026-09-10 12:18:00-04:00,504.27520751953125,AMD
2026-09-10 12:19:00-04:00,504.59991455078125,AMD
2026-09-10 12:20:00-04:00,504.7699890136719,AMD
2026-09-10 12:21:00-04:00,504.260009765625,AMD
2026-09-10 12:22:00-04:00,504.6000061035156,AMD
2026-09-10 12:23:00-04:00,504.7384948730469,AMD
2026-09-10 12:24:00-04:00,505.1449890136719,AMD
2026-09-10 12:25:00-04:00,504.92999267578125,AMD
2026-09-10 12:26:00-04:00,504.3999938964844,AMD
2026-09-10 12:27:00-04:00,503.7950134277344,AMD
2026-09-10 12:28:00-04:00,503.7900085449219,AMD
2026-09-10 12:29:00-04:00,504.0799865722656,AMD
2026-09-10 12:30:00-04:00,504.4949951171875,AMD
2026-09-10 12:31:00-04:00,504.6600036621094,AMD
2026-09-10 12:32:00-04:00,504.45001220703125,AMD
2026-09-10 12:33:00-04:00,504.3500061035156,AMD
2026-09-10 12:34:00-04:00,503.739990234375,AMD
2026-09-10 12:35:00-04:00,503.8450012207031,AMD
2026-09-10 12:36:00-04:00,504.44000244140625,AMD
2026-09-10 12:37:00-04:00,504.3901062011719,AMD
2026-09-10 12:38:00-04:00,504.33990478515625,AMD
2026-09-10 12:39:00-04:00,504.3450012207031,AMD
2026-09-10 12:40:00-04:00,504.7200012207031,AMD
2026-09-10 12:41:00-04:00,505.3380126953125,AMD
2026-09-10 12:42:00-04:00,505.2250061035156,AMD
2026-09-10 12:43:00-04:00,505.0299987792969,AMD
2026-09-10 12:44:00-04:00,505.0799865722656,AMD
2026-09-10 12:45:00-04:00,505.5840148925781,AMD
2026-09-10 12:46:00-04:00,505.8800048828125,AMD
2026-09-10 12:47:00-04:00,505.5799865722656,AMD
2026-09-10 12:48:00-04:00,505.2900085449219,AMD
2026-09-10 12:49:00-04:00,505.2049865722656,AMD
2026-09-10 12:50:00-04:00,505.2300109863281,AMD
2026-09-10 12:51:00-04:00,505.2349853515625,AMD
2026-09-10 12:52:00-04:00,505.7699890136719,AMD
2026-09-10 12:53:00-04:00,505.92999267578125,AMD
2026-09-10 12:54:00-04:00,506.2799987792969,AMD
2026-09-10 12:55:00-04:00,506.510009765625,AMD
2026-09-10 12:56:00-04:00,506.2200012207031,AMD
2026-09-10 12:57:00-04:00,505.8699951171875,AMD
2026-09-10 12:58:00-04:00,505.79998779296875,AMD
2026-09-10 12:59:00-04:00,505.75,AMD
2026-09-10 13:00:00-04:00,506.14990234375,AMD
2026-09-10 13:01:00-04:00,506.07501220703125,AMD
2026-09-10 13:02:00-04:00,506.4949951171875,AMD
2026-09-10 13:03:00-04:00,505.7550048828125,AMD
2026-09-10 13:04:00-04:00,505.81500244140625,AMD
2026-09-10 13:05:00-04:00,506.07000732421875,AMD
2026-09-10 13:06:00-04:00,506.375,AMD
2026-09-10 13:07:00-04:00,506.9949951171875,AMD
2026-09-10 13:08:00-04:00,507.0899963378906,AMD
2026-09-10 13:09:00-04:00,507.06201171875,AMD
2026-09-10 13:10:00-04:00,507.3699951171875,AMD
2026-09-10 13:11:00-04:00,507.25,AMD
2026-09-10 13:12:00-04:00,507.385009765625,AMD
2026-09-10 13:13:00-04:00,506.8599853515625,AMD
2026-09-10 13:14:00-04:00,506.45001220703125,AMD
2026-09-10 13:15:00-04:00,506.5199890136719,AMD
2026-09-10 13:16:00-04:00,506.5350036621094,AMD
2026-09-10 13:17:00-04:00,506.6099853515625,AMD
2026-09-10 13:18:00-04:00,506.8500061035156,AMD
2026-09-10 13:19:00-04:00,506.6708068847656,AMD
2026-09-10 13:20:00-04:00,506.831787109375,AMD
2026-09-10 13:21:00-04:00,506.42498779296875,AMD
2026-09-10 13:22:00-04:00,506.5780029296875,AMD
2026-09-10 13:23:00-04:00,506.3500061035156,AMD
2026-09-10 13:24:00-04:00,506.364990234375,AMD
2026-09-10 13:25:00-04:00,506.052001953125,AMD
2026-09-10 13:26:00-04:00,506.45001220703125,AMD
2026-09-10 13:27:00-04:00,506.5,AMD
2026-09-10 13:28:00-04:00,506.364990234375,AMD
2026-09-10 13:29:00-04:00,506.5050048828125,AMD
2026-09-10 13:30:00-04:00,506.2250061035156,AMD
2026-09-10 13:31:00-04:00,506.5,AMD
2026-09-10 13:32:00-04:00,506.3399963378906,AMD
2026-09-10 13:33:00-04:00,506.0849914550781,AMD
2026-09-10 13:34:00-04:00,506.04998779296875,AMD
2026-09-10 13:35:00-04:00,506.3399963378906,AMD
2026-09-10 13:36:00-04:00,505.92999267578125,AMD
2026-09-10 13:37:00-04:00,505.7850036621094,AMD
2026-09-10 13:38:00-04:00,505.54998779296875,AMD
2026-09-10 13:39:00-04:00,505.3900146484375,AMD
2026-09-10 13:40:00-04:00,505.3800048828125,AMD
2026-09-10 13:41:00-04:00,505.3277893066406,AMD
2026-09-10 13:42:00-04:00,505.3059997558594,AMD
2026-09-10 13:43:00-04:00,505.60589599609375,AMD
2026-09-10 13:44:00-04:00,505.4150085449219,AMD
2026-09-10 13:45:00-04:00,505.1700134277344,AMD
2026-09-10 13:46:00-04:00,504.90008544921875,AMD
2026-09-10 13:47:00-04:00,505.010009765625,AMD
2026-09-10 13:48:00-04:00,505.1650085449219,AMD
2026-09-10 13:49:00-04:00,505.1099853515625,AMD
2026-09-10 13:50:00-04:00,505.125,AMD
2026-09-10 13:51:00-04:00,505.1600036621094,AMD
2026-09-10 13:52:00-04:00,504.9194030761719,AMD
2026-09-10 13:53:00-04:00,504.95001220703125,AMD
2026-09-10 13:54:00-04:00,505.2749938964844,AMD
2026-09-10 13:55:00-04:00,504.95001220703125,AMD
2026-09-10 13:56:00-04:00,505.0492858886719,AMD
2026-09-10 13:57:00-04:00,505.80950927734375,AMD
2026-09-10 13:58:00-04:00,506.2650146484375,AMD
2026-09-10 13:59:00-04:00,506.2950134277344,AMD
2026-09-10 14:00:00-04:00,506.91778564453125,AMD
2026-09-10 14:01:00-04:00,505.54010009765625,AMD
2026-09-10 14:02:00-04:00,506.3299865722656,AMD
2026-09-10 14:03:00-04:00,505.9849853515625,AMD
2026-09-10 14:04:00-04:00,506.0899963378906,AMD
2026-09-10 14:05:00-04:00,506.1700134277344,AMD
2026-09-10 14:06:00-04:00,506.79998779296875,AMD
2026-09-10 14:07:00-04:00,507.0799865722656,AMD
2026-09-10 14:08:00-04:00,506.9100036621094,AMD
2026-09-10 14:09:00-04:00,506.3489990234375,AMD
2026-09-10 14:10:00-04:00,505.92999267578125,AMD
2026-09-10 14:11:00-04:00,506.32501220703125,AMD
2026-09-10 14:12:00-04:00,506.4150085449219,AMD
2026-09-10 14:13:00-04:00,506.57000732421875,AMD
2026-09-10 14:14:00-04:00,506.8500061035156,AMD
2026-09-10 14:15:00-04:00,506.6600036621094,AMD
2026-09-10 14:16:00-04:00,505.6600036621094,AMD
2026-09-10 14:17:00-04:00,506.0400085449219,AMD
2026-09-10 14:18:00-04:00,505.67999267578125,AMD
2026-09-10 14:19:00-04:00,505.79998779296875,AMD
2026-09-10 14:20:00-04:00,506.05499267578125,AMD
2026-09-10 14:21:00-04:00,505.8500061035156,AMD
2026-09-10 14:22:00-04:00,506.0400085449219,AMD
2026-09-10 14:23:00-04:00,505.82501220703125,AMD
2026-09-10 14:24:00-04:00,505.4549865722656,AMD
2026-09-10 14:25:00-04:00,505.4150085449219,AMD
2026-09-10 14:26:00-04:00,505.660400390625,AMD
2026-09-10 14:27:00-04:00,505.42498779296875,AMD
2026-09-10 14:28:00-04:00,505.78289794921875,AMD
2026-09-10 14:29:00-04:00,505.69000244140625,AMD
2026-09-10 14:30:00-04:00,505.55499267578125,AMD
2026-09-10 14:31:00-04:00,505.75,AMD
2026-09-10 14:32:00-04:00,505.489990234375,AMD
2026-09-10 14:33:00-04:00,505.0849914550781,AMD
2026-09-10 14:34:00-04:00,505.3299865722656,AMD
2026-09-10 14:35:00-04:00,505.20001220703125,AMD
2026-09-10 14:36:00-04:00,505.1449890136719,AMD
2026-09-10 14:37:00-04:00,505.2300109863281,AMD
2026-09-10 14:38:00-04:00,505.5799865722656,AMD
2026-09-10 14:39:00-04:00,505.5799865722656,AMD
2026-09-10 14:40:00-04:00,505.32000732421875,AMD
2026-09-10 14:41:00-04:00,504.8800048828125,AMD
2026-09-10 14:42:00-04:00,504.75,AMD
2026-09-10 14:43:00-04:00,504.79998779296875,AMD
2026-09-10 14:44:00-04:00,504.70001220703125,AMD
2026-09-10 14:45:00-04:00,504.6400146484375,AMD
2026-09-10 14:46:00-04:00,504.80499267578125,AMD
2026-09-10 14:47:00-04:00,504.5799865722656,AMD
2026-09-10 14:48:00-04:00,504.0150146484375,AMD
2026-09-10 14:49:00-04:00,504.19000244140625,AMD
2026-09-10 14:50:00-04:00,504.5199890136719,AMD
2026-09-10 14:51:00-04:00,505.04998779296875,AMD
2026-09-10 14:52:00-04:00,505.3599853515625,AMD
2026-09-10 14:53:00-04:00,505.4200134277344,AMD
2026-09-10 14:54:00-04:00,504.9200134277344,AMD
2026-09-10 14:55:00-04:00,505.15850830078125,AMD
2026-09-10 14:56:00-04:00,505.05999755859375,AMD
2026-09-10 14:57:00-04:00,504.7099914550781,AMD
2026-09-10 14:58:00-04:00,504.9200134277344,AMD
2026-09-10 14:59:00-04:00,505.2799987792969,AMD
2026-09-10 15:00:00-04:00,505.44000244140625,AMD
2026-09-10 15:01:00-04:00,504.6600036621094,AMD
2026-09-10 15:02:00-04:00,504.6400146484375,AMD
2026-09-10 15:03:00-04:00,504.8900146484375,AMD
2026-09-10 15:04:00-04:00,504.7250061035156,AMD
2026-09-10 15:05:00-04:00,504.44000244140625,AMD
2026-09-10 15:06:00-04:00,504.260009765625,AMD
2026-09-10 15:07:00-04:00,503.8900146484375,AMD
2026-09-10 15:08:00-04:00,503.80999755859375,AMD
2026-09-10 15:09:00-04:00,504.2331848144531,AMD
2026-09-10 15:10:00-04:00,503.83990478515625,AMD
2026-09-10 15:11:00-04:00,503.5899963378906,AMD
2026-09-10 15:12:00-04:00,503.7099914550781,AMD
2026-09-10 15:13:00-04:00,503.7900085449219,AMD
2026-09-10 15:14:00-04:00,504.0400085449219,AMD
2026-09-10 15:15:00-04:00,504.6000061035156,AMD
2026-09-10 15:16:00-04:00,504.5950012207031,AMD
2026-09-10 15:17:00-04:00,504.30499267578125,AMD
2026-09-10 15:18:00-04:00,504.510009765625,AMD
2026-09-10 15:19:00-04:00,504.7200012207031,AMD
2026-09-10 15:20:00-04:00,504.80999755859375,AMD
2026-09-10 15:21:00-04:00,504.8299865722656,AMD
2026-09-10 15:22:00-04:00,505.010009765625,AMD
2026-09-10 15:23:00-04:00,504.92999267578125,AMD
2026-09-10 15:24:00-04:00,505.2449951171875,AMD
2026-09-10 15:25:00-04:00,505.5050048828125,AMD
2026-09-10 15:26:00-04:00,505.6099853515625,AMD
2026-09-10 15:27:00-04:00,505.79998779296875,AMD
2026-09-10 15:28:00-04:00,506.114990234375,AMD
2026-09-10 15:29:00-04:00,505.75,AMD
2026-09-10 15:30:00-04:00,505.7850036621094,AMD
2026-09-10 15:31:00-04:00,505.42498779296875,AMD
2026-09-10 15:32:00-04:00,505.4649963378906,AMD
2026-09-10 15:33:00-04:00,505.75,AMD
2026-09-10 15:34:00-04:00,505.79998779296875,AMD
2026-09-10 15:35:00-04:00,505.0000915527344,AMD
2026-09-10 15:36:00-04:00,505.5299987792969,AMD
2026-09-10 15:37:00-04:00,505.2200012207031,AMD
2026-09-10 15:38:00-04:00,505.239990234375,AMD
2026-09-10 15:39:00-04:00,505.0000915527344,AMD
2026-09-10 15:40:00-04:00,505.20001220703125,AMD
2026-09-10 15:41:00-04:00,504.9599914550781,AMD
2026-09-10 15:42:00-04:00,505.1299133300781,AMD
2026-09-10 15:43:00-04:00,505.0299987792969,AMD
2026-09-10 15:44:00-04:00,504.74749755859375,AMD
2026-09-10 15:45:00-04:00,505.260009765625,AMD
2026-09-10 15:46:00-04:00,504.9796142578125,AMD
2026-09-10 15:47:00-04:00,504.75,AMD
2026-09-10 15:48:00-04:00,504.7449951171875,AMD
2026-09-10 15:49:00-04:00,504.79998779296875,AMD
2026-09-10 15:50:00-04:00,503.69000244140625,AMD
2026-09-10 15:51:00-04:00,503.4100036621094,AMD
2026-09-10 15:52:00-04:00,503.1199951171875,AMD
2026-09-10 15:53:00-04:00,503.45001220703125,AMD
2026-09-10 15:54:00-04:00,503.32501220703125,AMD
2026-09-10 15:55:00-04:00,504.2179870605469,AMD
2026-09-10 15:56:00-04:00,503.7799987792969,AMD
2026-09-10 15:57:00-04:00,504.2699890136719,AMD
2026-09-10 15:58:00-04:00,504.1400146484375,AMD
2026-09-10 15:59:00-04:00,503.4800109863281,AMD
2026-09-11 09:30:00-04:00,505.6199951171875,AMD
2026-09-11 09:31:00-04:00,505.7300109863281,AMD
2026-09-11 09:32:00-04:00,505.5716857910156,AMD
2026-09-11 09:33:00-04:00,505.9656066894531,AMD
2026-09-11 09:34:00-04:00,507.5126953125,AMD
2026-09-11 09:35:00-04:00,505.17498779296875,AMD
2026-09-11 09:36:00-04:00,502.6278991699219,AMD
2026-09-11 09:37:00-04:00,504.489990234375,AMD
2026-09-11 09:38:00-04:00,506.7500915527344,AMD
2026-09-11 09:39:00-04:00,508.0899963378906,AMD
2026-09-11 09:40:00-04:00,509.2401123046875,AMD
2026-09-11 09:41:00-04:00,511.5299987792969,AMD
2026-09-11 09:42:00-04:00,511.2049865722656,AMD
2026-09-11 09:43:00-04:00,509.9800109863281,AMD
2026-09-11 09:44:00-04:00,511.135009765625,AMD
2026-09-11 09:45:00-04:00,511.1700134277344,AMD
2026-09-11 09:46:00-04:00,511.2049865722656,AMD
2026-09-11 09:47:00-04:00,511.5849914550781,AMD
2026-09-11 09:48:00-04:00,511.3900146484375,AMD
2026-09-11 09:49:00-04:00,513.3200073242188,AMD
2026-09-11 09:50:00-04:00,512.5349731445312,AMD
2026-09-11 09:51:00-04:00,512.5451049804688,AMD
2026-09-11 09:52:00-04:00,511.364990234375,AMD
2026-09-11 09:53:00-04:00,512.5549926757812,AMD
2026-09-11 09:54:00-04:00,514.2379760742188,AMD
2026-09-11 09:55:00-04:00,514.2899780273438,AMD
2026-09-11 09:56:00-04:00,515.760009765625,AMD
2026-09-11 09:57:00-04:00,515.5449829101562,AMD
2026-09-11 09:58:00-04:00,516.969970703125,AMD
2026-09-11 09:59:00-04:00,518.5999755859375,AMD
2026-09-11 10:00:00-04:00,519.5059814453125,AMD
2026-09-11 10:01:00-04:00,516.8599853515625,AMD
2026-09-11 10:02:00-04:00,515.8499755859375,AMD
2026-09-11 10:03:00-04:00,514.5180053710938,AMD
2026-09-11 10:04:00-04:00,512.0250244140625,AMD
2026-09-11 10:05:00-04:00,513.280029296875,AMD
2026-09-11 10:06:00-04:00,511.07000732421875,AMD
2026-09-11 10:07:00-04:00,510.7550048828125,AMD
2026-09-11 10:08:00-04:00,509.30999755859375,AMD
2026-09-11 10:09:00-04:00,510.32000732421875,AMD
2026-09-11 10:10:00-04:00,513.0783081054688,AMD
2026-09-11 10:11:00-04:00,513.4949951171875,AMD
2026-09-11 10:12:00-04:00,512.5499877929688,AMD
2026-09-11 10:13:00-04:00,512.4600219726562,AMD
2026-09-11 10:14:00-04:00,513.2449951171875,AMD
2026-09-11 10:15:00-04:00,513.9351196289062,AMD
2026-09-11 10:16:00-04:00,513.7802734375,AMD
2026-09-11 10:17:00-04:00,514.1099853515625,AMD
2026-09-11 10:18:00-04:00,516.280029296875,AMD
2026-09-11 10:19:00-04:00,517.1500244140625,AMD
2026-09-11 10:20:00-04:00,517.85498046875,AMD
2026-09-11 10:21:00-04:00,517.35498046875,AMD
2026-09-11 10:22:00-04:00,516.9400024414062,AMD
2026-09-11 10:23:00-04:00,516.6950073242188,AMD
2026-09-11 10:24:00-04:00,516.7449951171875,AMD
2026-09-11 10:25:00-04:00,518.4000244140625,AMD
2026-09-11 10:26:00-04:00,519.469970703125,AMD
2026-09-11 10:27:00-04:00,518.739990234375,AMD
2026-09-11 10:28:00-04:00,518.1599731445312,AMD
2026-09-11 10:29:00-04:00,520.0650024414062,AMD
2026-09-11 10:30:00-04:00,519.6300048828125,AMD
2026-09-11 10:31:00-04:00,517.6950073242188,AMD
2026-09-11 10:32:00-04:00,518.7999877929688,AMD
2026-09-11 10:33:00-04:00,519.0,AMD
2026-09-11 10:34:00-04:00,519.385009765625,AMD
2026-09-11 10:35:00-04:00,517.6799926757812,AMD
2026-09-11 10:36:00-04:00,517.0750122070312,AMD
2026-09-11 10:37:00-04:00,517.2349853515625,AMD
2026-09-11 10:38:00-04:00,516.1749877929688,AMD
2026-09-11 10:39:00-04:00,516.3400268554688,AMD
2026-09-11 10:40:00-04:00,516.6099853515625,AMD
2026-09-11 10:41:00-04:00,515.75,AMD
2026-09-11 10:42:00-04:00,515.4990234375,AMD
2026-09-11 10:43:00-04:00,513.530029296875,AMD
2026-09-11 10:44:00-04:00,513.8400268554688,AMD
2026-09-11 10:45:00-04:00,513.8322143554688,AMD
2026-09-11 10:46:00-04:00,511.7250061035156,AMD
2026-09-11 10:47:00-04:00,511.6394958496094,AMD
2026-09-11 10:48:00-04:00,512.61669921875,AMD
2026-09-11 10:49:00-04:00,514.2000122070312,AMD
2026-09-11 10:50:00-04:00,513.2999877929688,AMD
2026-09-11 10:51:00-04:00,512.5599975585938,AMD
2026-09-11 10:52:00-04:00,512.75,AMD
2026-09-11 10:53:00-04:00,512.739990234375,AMD
2026-09-11 10:54:00-04:00,512.4050903320312,AMD
2026-09-11 10:55:00-04:00,511.5950012207031,AMD
2026-09-11 10:56:00-04:00,511.6099853515625,AMD
2026-09-11 10:57:00-04:00,512.411376953125,AMD
2026-09-11 10:58:00-04:00,511.9599914550781,AMD
2026-09-11 10:59:00-04:00,512.4000244140625,AMD
2026-09-11 11:00:00-04:00,513.530029296875,AMD
2026-09-11 11:01:00-04:00,512.5925903320312,AMD
2026-09-11 11:02:00-04:00,512.97998046875,AMD
2026-09-11 11:03:00-04:00,513.0999755859375,AMD
2026-09-11 11:04:00-04:00,513.4550170898438,AMD
2026-09-11 11:05:00-04:00,513.5349731445312,AMD
2026-09-11 11:06:00-04:00,514.3400268554688,AMD
2026-09-11 11:07:00-04:00,513.5999755859375,AMD
2026-09-11 11:08:00-04:00,513.5,AMD
2026-09-11 11:09:00-04:00,514.5250244140625,AMD
2026-09-11 11:10:00-04:00,514.6881103515625,AMD
2026-09-11 11:11:00-04:00,514.5399780273438,AMD
2026-09-11 11:12:00-04:00,513.7100219726562,AMD
2026-09-11 11:13:00-04:00,513.10498046875,AMD
2026-09-11 11:14:00-04:00,513.1749877929688,AMD
2026-09-11 11:15:00-04:00,514.4400024414062,AMD
2026-09-11 11:16:00-04:00,515.52001953125,AMD
2026-09-11 11:17:00-04:00,514.8049926757812,AMD
2026-09-11 11:18:00-04:00,514.02001953125,AMD
2026-09-11 11:19:00-04:00,513.739990234375,AMD
2026-09-11 11:20:00-04:00,514.1500244140625,AMD
2026-09-11 11:21:00-04:00,514.7000122070312,AMD
2026-09-11 11:22:00-04:00,514.3400268554688,AMD
2026-09-11 11:23:00-04:00,513.5499877929688,AMD
2026-09-11 11:24:00-04:00,515.6500244140625,AMD
2026-09-11 11:25:00-04:00,515.47998046875,AMD
2026-09-11 11:26:00-04:00,515.6699829101562,AMD
2026-09-11 11:27:00-04:00,516.3400268554688,AMD
2026-09-11 11:28:00-04:00,516.2449951171875,AMD
2026-09-11 11:29:00-04:00,516.2100219726562,AMD
2026-09-11 11:30:00-04:00,517.128173828125,AMD
2026-09-11 11:31:00-04:00,518.155029296875,AMD
2026-09-11 11:32:00-04:00,518.530029296875,AMD
2026-09-11 11:33:00-04:00,516.8740234375,AMD
2026-09-11 11:34:00-04:00,517.739990234375,AMD
2026-09-11 11:35:00-04:00,517.3651123046875,AMD
2026-09-11 11:36:00-04:00,517.1300048828125,AMD
2026-09-11 11:37:00-04:00,516.8599853515625,AMD
2026-09-11 11:38:00-04:00,516.0700073242188,AMD
2026-09-11 11:39:00-04:00,516.2650146484375,AMD
2026-09-11 11:40:00-04:00,516.0150146484375,AMD
2026-09-11 11:41:00-04:00,515.0700073242188,AMD
2026-09-11 11:42:00-04:00,514.8300170898438,AMD
2026-09-11 11:43:00-04:00,515.22998046875,AMD
2026-09-11 11:44:00-04:00,514.6199951171875,AMD
2026-09-11 11:45:00-04:00,514.8350219726562,AMD
2026-09-11 11:46:00-04:00,516.3699951171875,AMD
2026-09-11 11:47:00-04:00,515.905029296875,AMD
2026-09-11 11:48:00-04:00,516.114990234375,AMD
2026-09-11 11:49:00-04:00,515.8599853515625,AMD
2026-09-11 11:50:00-04:00,516.280029296875,AMD
2026-09-11 11:51:00-04:00,516.0750122070312,AMD
2026-09-11 11:52:00-04:00,516.1019897460938,AMD
2026-09-11 11:53:00-04:00,515.2899780273438,AMD
2026-09-11 11:54:00-04:00,515.0451049804688,AMD
2026-09-11 11:55:00-04:00,515.1199951171875,AMD
2026-09-11 11:56:00-04:00,515.5700073242188,AMD
2026-09-11 11:57:00-04:00,515.64501953125,AMD
2026-09-11 11:58:00-04:00,516.2650146484375,AMD
2026-09-11 11:59:00-04:00,515.8699951171875,AMD
2026-09-11 12:00:00-04:00,515.844970703125,AMD
2026-09-11 12:01:00-04:00,516.280029296875,AMD
2026-09-11 12:02:00-04:00,516.10498046875,AMD
2026-09-11 12:03:00-04:00,515.9600219726562,AMD
2026-09-11 12:04:00-04:00,515.8505249023438,AMD
2026-09-11 12:05:00-04:00,515.7249755859375,AMD
2026-09-11 12:06:00-04:00,515.6900024414062,AMD
2026-09-11 12:07:00-04:00,514.9550170898438,AMD
2026-09-11 12:08:00-04:00,514.47998046875,AMD
2026-09-11 12:09:00-04:00,514.3900146484375,AMD
2026-09-11 12:10:00-04:00,514.0650024414062,AMD
2026-09-11 12:11:00-04:00,514.2849731445312,AMD
2026-09-11 12:12:00-04:00,513.780029296875,AMD
2026-09-11 12:13:00-04:00,513.7999877929688,AMD
2026-09-11 12:14:00-04:00,514.1121215820312,AMD
2026-09-11 12:15:00-04:00,514.27001953125,AMD
2026-09-11 12:16:00-04:00,514.22998046875,AMD
2026-09-11 12:17:00-04:00,514.177490234375,AMD
2026-09-11 12:18:00-04:00,514.0579833984375,AMD
2026-09-11 12:19:00-04:00,513.969970703125,AMD
2026-09-11 12:20:00-04:00,513.875,AMD
2026-09-11 12:21:00-04:00,513.4249877929688,AMD
2026-09-11 12:22:00-04:00,512.9400024414062,AMD
2026-09-11 12:23:00-04:00,513.1649780273438,AMD
2026-09-11 12:24:00-04:00,513.35498046875,AMD
2026-09-11 12:25:00-04:00,513.3099975585938,AMD
2026-09-11 12:26:00-04:00,513.030029296875,AMD
2026-09-11 12:27:00-04:00,513.1671752929688,AMD
2026-09-11 12:28:00-04:00,513.198974609375,AMD
2026-09-11 12:29:00-04:00,511.8999938964844,AMD
2026-09-11 12:30:00-04:00,512.5999755859375,AMD
2026-09-11 12:31:00-04:00,512.6599731445312,AMD
2026-09-11 12:32:00-04:00,512.8250122070312,AMD
2026-09-11 12:33:00-04:00,513.3250122070312,AMD
2026-09-11 12:34:00-04:00,512.4749755859375,AMD
2026-09-11 12:35:00-04:00,512.1599731445312,AMD
2026-09-11 12:36:00-04:00,511.7300109863281,AMD
2026-09-11 12:37:00-04:00,512.02001953125,AMD
2026-09-11 12:38:00-04:00,512.02001953125,AMD
2026-09-11 12:39:00-04:00,511.63800048828125,AMD
2026-09-11 12:40:00-04:00,511.8450012207031,AMD
2026-09-11 12:41:00-04:00,511.9100036621094,AMD
2026-09-11 12:42:00-04:00,512.1900024414062,AMD
2026-09-11 12:43:00-04:00,512.6799926757812,AMD
2026-09-11 12:44:00-04:00,512.9400024414062,AMD
2026-09-11 12:45:00-04:00,512.8800048828125,AMD
2026-09-11 12:46:00-04:00,512.5,AMD
2026-09-11 12:47:00-04:00,512.6998901367188,AMD
2026-09-11 12:48:00-04:00,512.1553955078125,AMD
2026-09-11 12:49:00-04:00,511.9949951171875,AMD
2026-09-11 12:50:00-04:00,512.3062744140625,AMD
2026-09-11 12:51:00-04:00,512.6500244140625,AMD
2026-09-11 12:52:00-04:00,512.5499877929688,AMD
2026-09-11 12:53:00-04:00,512.719970703125,AMD
2026-09-11 12:54:00-04:00,513.4118041992188,AMD
2026-09-11 12:55:00-04:00,512.8200073242188,AMD
2026-09-11 12:56:00-04:00,512.7999877929688,AMD
2026-09-11 12:57:00-04:00,512.7999877929688,AMD
2026-09-11 12:58:00-04:00,513.0800170898438,AMD
2026-09-11 12:59:00-04:00,513.1199951171875,AMD
2026-09-11 13:00:00-04:00,513.1500244140625,AMD
2026-09-11 13:01:00-04:00,513.239990234375,AMD
2026-09-11 13:02:00-04:00,513.0800170898438,AMD
2026-09-11 13:03:00-04:00,513.330078125,AMD
2026-09-11 13:04:00-04:00,513.3900146484375,AMD
2026-09-11 13:05:00-04:00,513.6500244140625,AMD
2026-09-11 13:06:00-04:00,513.25,AMD
2026-09-11 13:07:00-04:00,513.3699951171875,AMD
2026-09-11 13:08:00-04:00,512.8099975585938,AMD
2026-09-11 13:09:00-04:00,512.7899780273438,AMD
2026-09-11 13:10:00-04:00,512.7100219726562,AMD
2026-09-11 13:11:00-04:00,512.4600219726562,AMD
2026-09-11 13:12:00-04:00,512.260009765625,AMD
2026-09-11 13:13:00-04:00,512.3400268554688,AMD
2026-09-11 13:14:00-04:00,511.7250061035156,AMD
2026-09-11 13:15:00-04:00,511.6549987792969,AMD
2026-09-11 13:16:00-04:00,511.7049865722656,AMD
2026-09-11 13:17:00-04:00,512.0,AMD
2026-09-11 13:18:00-04:00,513.2999877929688,AMD
2026-09-11 13:19:00-04:00,513.5214233398438,AMD
2026-09-11 13:20:00-04:00,513.7299194335938,AMD
2026-09-11 13:21:00-04:00,513.9199829101562,AMD
2026-09-11 13:22:00-04:00,513.739990234375,AMD
2026-09-11 13:23:00-04:00,515.155029296875,AMD
2026-09-11 13:24:00-04:00,515.1799926757812,AMD
2026-09-11 13:25:00-04:00,515.469970703125,AMD
2026-09-11 13:26:00-04:00,516.260009765625,AMD
2026-09-11 13:27:00-04:00,515.6400146484375,AMD
2026-09-11 13:28:00-04:00,515.9199829101562,AMD
2026-09-11 13:29:00-04:00,516.0,AMD
2026-09-11 13:30:00-04:00,515.8900146484375,AMD
2026-09-11 13:31:00-04:00,516.3099975585938,AMD
2026-09-11 13:32:00-04:00,515.5999755859375,AMD
2026-09-11 13:33:00-04:00,515.6917114257812,AMD
2026-09-11 13:34:00-04:00,516.3200073242188,AMD
2026-09-11 13:35:00-04:00,516.0499877929688,AMD
2026-09-11 13:36:00-04:00,515.9199829101562,AMD
2026-09-11 13:37:00-04:00,516.0050048828125,AMD
2026-09-11 13:38:00-04:00,515.639892578125,AMD
2026-09-11 13:39:00-04:00,515.59521484375,AMD
2026-09-11 13:40:00-04:00,516.364990234375,AMD
2026-09-11 13:41:00-04:00,516.0,AMD
2026-09-11 13:42:00-04:00,516.5944213867188,AMD
2026-09-11 13:43:00-04:00,517.010986328125,AMD
2026-09-11 13:44:00-04:00,516.8200073242188,AMD
2026-09-11 13:45:00-04:00,516.469970703125,AMD
2026-09-11 13:46:00-04:00,516.3599853515625,AMD
2026-09-11 13:47:00-04:00,515.9119873046875,AMD
2026-09-11 13:48:00-04:00,515.9349975585938,AMD
2026-09-11 13:49:00-04:00,516.1500244140625,AMD
2026-09-11 13:50:00-04:00,516.5800170898438,AMD
2026-09-11 13:51:00-04:00,516.7498168945312,AMD
2026-09-11 13:52:00-04:00,518.2899780273438,AMD
2026-09-11 13:53:00-04:00,518.5,AMD
2026-09-11 13:54:00-04:00,517.97998046875,AMD
2026-09-11 13:55:00-04:00,517.8099975585938,AMD
2026-09-11 13:56:00-04:00,517.72998046875,AMD
2026-09-11 13:57:00-04:00,517.5147705078125,AMD
2026-09-11 13:58:00-04:00,517.1699829101562,AMD
2026-09-11 13:59:00-04:00,516.97998046875,AMD
2026-09-11 14:00:00-04:00,516.8150024414062,AMD
2026-09-11 14:01:00-04:00,516.9000244140625,AMD
2026-09-11 14:02:00-04:00,517.0499877929688,AMD
2026-09-11 14:03:00-04:00,517.0,AMD
2026-09-11 14:04:00-04:00,516.8250122070312,AMD
2026-09-11 14:05:00-04:00,516.8200073242188,AMD
2026-09-11 14:06:00-04:00,516.6400146484375,AMD
2026-09-11 14:07:00-04:00,517.4199829101562,AMD
2026-09-11 14:08:00-04:00,517.364990234375,AMD
2026-09-11 14:09:00-04:00,517.3699951171875,AMD
2026-09-11 14:10:00-04:00,517.3099975585938,AMD
2026-09-11 14:11:00-04:00,516.72998046875,AMD
2026-09-11 14:12:00-04:00,517.3049926757812,AMD
2026-09-11 14:13:00-04:00,516.5,AMD
2026-09-11 14:14:00-04:00,516.84228515625,AMD
2026-09-11 14:15:00-04:00,516.3289794921875,AMD
2026-09-11 14:16:00-04:00,516.46337890625,AMD
2026-09-11 14:17:00-04:00,516.6599731445312,AMD
2026-09-11 14:18:00-04:00,516.8300170898438,AMD
2026-09-11 14:19:00-04:00,517.3499145507812,AMD
2026-09-11 14:20:00-04:00,516.9600219726562,AMD
2026-09-11 14:21:00-04:00,517.25,AMD
2026-09-11 14:22:00-04:00,517.1649780273438,AMD
2026-09-11 14:23:00-04:00,517.14501953125,AMD
2026-09-11 14:24:00-04:00,517.3350219726562,AMD
2026-09-11 14:25:00-04:00,517.6699829101562,AMD
2026-09-11 14:26:00-04:00,517.9249877929688,AMD
2026-09-11 14:27:00-04:00,518.0499877929688,AMD
2026-09-11 14:28:00-04:00,518.2901000976562,AMD
2026-09-11 14:29:00-04:00,518.030029296875,AMD
2026-09-11 14:30:00-04:00,517.7899780273438,AMD
2026-09-11 14:31:00-04:00,517.5050048828125,AMD
2026-09-11 14:32:00-04:00,517.3375244140625,AMD
2026-09-11 14:33:00-04:00,517.8900146484375,AMD
2026-09-11 14:34:00-04:00,518.239990234375,AMD
2026-09-11 14:35:00-04:00,518.1649780273438,AMD
2026-09-11 14:36:00-04:00,518.4500122070312,AMD
2026-09-11 14:37:00-04:00,518.0,AMD
2026-09-11 14:38:00-04:00,518.0,AMD
2026-09-11 14:39:00-04:00,518.2100219726562,AMD
2026-09-11 14:40:00-04:00,518.1799926757812,AMD
2026-09-11 14:41:00-04:00,518.0999755859375,AMD
2026-09-11 14:42:00-04:00,518.0800170898438,AMD
2026-09-11 14:43:00-04:00,518.0499877929688,AMD
2026-09-11 14:44:00-04:00,517.9349975585938,AMD
2026-09-11 14:45:00-04:00,518.0449829101562,AMD
2026-09-11 14:46:00-04:00,518.0549926757812,AMD
2026-09-11 14:47:00-04:00,518.1300048828125,AMD
2026-09-11 14:48:00-04:00,518.0800170898438,AMD
2026-09-11 14:49:00-04:00,518.0800170898438,AMD
2026-09-11 14:50:00-04:00,518.0850219726562,AMD
2026-09-11 14:51:00-04:00,517.5700073242188,AMD
2026-09-11 14:52:00-04:00,517.635009765625,AMD
2026-09-11 14:53:00-04:00,517.469970703125,AMD
2026-09-11 14:54:00-04:00,517.0650024414062,AMD
2026-09-11 14:55:00-04:00,517.4600219726562,AMD
2026-09-11 14:56:00-04:00,518.1400146484375,AMD
2026-09-11 14:57:00-04:00,517.6550903320312,AMD
2026-09-11 14:58:00-04:00,517.5800170898438,AMD
2026-09-11 14:59:00-04:00,517.5601196289062,AMD
2026-09-11 15:00:00-04:00,517.5250244140625,AMD
2026-09-11 15:01:00-04:00,517.2249755859375,AMD
2026-09-11 15:02:00-04:00,516.7249755859375,AMD
2026-09-11 15:03:00-04:00,516.3499755859375,AMD
2026-09-11 15:04:00-04:00,516.2100219726562,AMD
2026-09-11 15:05:00-04:00,516.4400024414062,AMD
2026-09-11 15:06:00-04:00,516.010009765625,AMD
2026-09-11 15:07:00-04:00,515.875,AMD
2026-09-11 15:08:00-04:00,515.7921752929688,AMD
2026-09-11 15:09:00-04:00,515.8300170898438,AMD
2026-09-11 15:10:00-04:00,515.5599975585938,AMD
2026-09-11 15:11:00-04:00,515.9210205078125,AMD
2026-09-11 15:12:00-04:00,516.2874755859375,AMD
2026-09-11 15:13:00-04:00,516.2750244140625,AMD
2026-09-11 15:14:00-04:00,516.4749755859375,AMD
2026-09-11 15:15:00-04:00,516.6799926757812,AMD
2026-09-11 15:16:00-04:00,516.9500122070312,AMD
2026-09-11 15:17:00-04:00,517.3099975585938,AMD
2026-09-11 15:18:00-04:00,517.2899780273438,AMD
2026-09-11 15:19:00-04:00,516.7000122070312,AMD
2026-09-11 15:20:00-04:00,516.6099853515625,AMD
2026-09-11 15:21:00-04:00,516.8400268554688,AMD
2026-09-11 15:22:00-04:00,516.1199951171875,AMD
2026-09-11 15:23:00-04:00,515.9199829101562,AMD
2026-09-11 15:24:00-04:00,516.0903930664062,AMD
2026-09-11 15:25:00-04:00,516.1099853515625,AMD
2026-09-11 15:26:00-04:00,516.6619873046875,AMD
2026-09-11 15:27:00-04:00,516.3408203125,AMD
2026-09-11 15:28:00-04:00,516.094970703125,AMD
2026-09-11 15:29:00-04:00,516.260009765625,AMD
2026-09-11 15:30:00-04:00,516.2550048828125,AMD
2026-09-11 15:31:00-04:00,516.1649780273438,AMD
2026-09-11 15:32:00-04:00,516.0,AMD
2026-09-11 15:33:00-04:00,516.239990234375,AMD
2026-09-11 15:34:00-04:00,516.5549926757812,AMD
2026-09-11 15:35:00-04:00,515.9201049804688,AMD
2026-09-11 15:36:00-04:00,516.1300048828125,AMD
2026-09-11 15:37:00-04:00,515.885009765625,AMD
2026-09-11 15:38:00-04:00,515.5999755859375,AMD
2026-09-11 15:39:00-04:00,515.7650146484375,AMD
2026-09-11 15:40:00-04:00,515.5850219726562,AMD
2026-09-11 15:41:00-04:00,515.3499755859375,AMD
2026-09-11 15:42:00-04:00,515.5999755859375,AMD
2026-09-11 15:43:00-04:00,515.4249877929688,AMD
2026-09-11 15:44:00-04:00,515.5460205078125,AMD
2026-09-11 15:45:00-04:00,515.8800048828125,AMD
2026-09-11 15:46:00-04:00,515.3900146484375,AMD
2026-09-11 15:47:00-04:00,515.3599853515625,AMD
2026-09-11 15:48:00-04:00,515.3300170898438,AMD
2026-09-11 15:49:00-04:00,515.4400024414062,AMD
2026-09-11 15:50:00-04:00,515.5700073242188,AMD
2026-09-11 15:51:00-04:00,515.125,AMD
2026-09-11 15:52:00-04:00,515.0399780273438,AMD
2026-09-11 15:53:00-04:00,515.405029296875,AMD
2026-09-11 15:54:00-04:00,515.97998046875,AMD
2026-09-11 15:55:00-04:00,516.0999755859375,AMD
2026-09-11 15:56:00-04:00,515.8900146484375,AMD
2026-09-11 15:57:00-04:00,516.280029296875,AMD
2026-09-11 15:58:00-04:00,515.875,AMD
2026-09-11 15:59:00-04:00,516.280029296875,AMD
