ts,close_price,asset
2026-09-06 00:00:00+00:00,79833.96875,BTC
2026-09-06 00:01:00+00:00,79836.3203125,BTC
2026-09-06 00:02:00+00:00,79836.3203125,BTC
2026-09-06 00:03:00+00:00,79849.6015625,BTC
2026-09-06 00:04:00+00:00,79883.9609375,BTC
2026-09-06 00:05:00+00:00,79888.4765625,BTC
2026-09-06 00:06:00+00:00,79884.0,BTC
2026-09-06 00:07:00+00:00,79878.546875,BTC
2026-09-06 00:08:00+00:00,79903.8125,BTC
2026-09-06 00:09:00+00:00,79913.6796875,BTC
2026-09-06 00:10:00+00:00,79918.828125,BTC
2026-09-06 00:11:00+00:00,79910.2265625,BTC
2026-09-06 00:12:00+00:00,79900.9609375,BTC
2026-09-06 00:13:00+00:00,79900.9921875,BTC
2026-09-06 00:14:00+00:00,79911.84375,BTC
2026-09-06 00:15:00+00:00,79913.9609375,BTC
2026-09-06 00:16:00+00:00,79904.34375,BTC
2026-09-06 00:17:00+00:00,79903.5234375,BTC
2026-09-06 00:18:00+00:00,79903.9296875,BTC
2026-09-06 00:19:00+00:00,79904.34375,BTC
2026-09-06 00:20:00+00:00,79919.828125,BTC
2026-09-06 00:21:00+00:00,79906.421875,BTC
2026-09-06 00:22:00+00:00,79893.03125,BTC
2026-09-06 00:23:00+00:00,79870.25,BTC
2026-09-06 00:24:00+00:00,79871.8125,BTC
2026-09-06 00:25:00+00:00,79888.4765625,BTC
2026-09-06 00:26:00+00:00,79911.953125,BTC
2026-09-06 00:27:00+00:00,79926.703125,BTC
2026-09-06 00:28:00+00:00,79935.859375,BTC
2026-09-06 00:29:00+00:00,79927.71875,BTC
2026-09-06 00:30:00+00:00,79893.0234375,BTC
2026-09-06 00:31:00+00:00,79902.1484375,BTC
2026-09-06 00:32:00+00:00,79927.703125,BTC
2026-09-06 00:33:00+00:00,79927.703125,BTC
2026-09-06 00:34:00+00:00,79900.78125,BTC
2026-09-06 00:35:00+00:00,79905.0078125,BTC
2026-09-06 00:36:00+00:00,79894.4765625,BTC
2026-09-06 00:37:00+00:00,79906.6875,BTC
2026-09-06 00:38:00+00:00,79900.0078125,BTC
2026-09-06 00:39:00+00:00,79904.09375,BTC
2026-09-06 00:40:00+00:00,79899.640625,BTC
2026-09-06 00:41:00+00:00,79913.2421875,BTC
2026-09-06 00:42:00+00:00,79892.390625,BTC
2026-09-06 00:43:00+00:00,79899.578125,BTC
2026-09-06 00:44:00+00:00,79875.15625,BTC
2026-09-06 00:45:00+00:00,79874.6484375,BTC
2026-09-06 00:46:00+00:00,79863.703125,BTC
2026-09-06 00:47:00+00:00,79874.1875,BTC
2026-09-06 00:48:00+00:00,79891.9765625,BTC
2026-09-06 00:49:00+00:00,79880.3671875,BTC
2026-09-06 00:50:00+00:00,79869.9375,BTC
2026-09-06 00:51:00+00:00,79927.9765625,BTC
2026-09-06 00:52:00+00:00,79918.3125,BTC
2026-09-06 00:53:00+00:00,79879.5625,BTC
2026-09-06 00:54:00+00:00,79884.0078125,BTC
2026-09-06 00:55:00+00:00,79903.9921875,BTC
2026-09-06 00:56:00+00:00,79925.6171875,BTC
2026-09-06 00:57:00+00:00,79925.9765625,BTC
2026-09-06 00:58:00+00:00,79931.9765625,BTC
2026-09-06 00:59:00+00:00,79872.2421875,BTC
2026-09-06 01:00:00+00:00,79908.71875,BTC
2026-09-06 01:01:00+00:00,79885.453125,BTC
2026-09-06 01:02:00+00:00,79892.6171875,BTC
2026-09-06 01:03:00+00:00,79939.7734375,BTC
2026-09-06 01:04:00+00:00,79942.78125,BTC
2026-09-06 01:05:00+00:00,79969.1171875,BTC
2026-09-06 01:06:00+00:00,79980.15625,BTC
2026-09-06 01:07:00+00:00,79986.6171875,BTC
2026-09-06 01:08:00+00:00,79981.3984375,BTC
2026-09-06 01:09:00+00:00,79974.34375,BTC
2026-09-06 01:10:00+00:00,79972.7734375,BTC
2026-09-06 01:11:00+00:00,79981.3984375,BTC
2026-09-06 01:12:00+00:00,79986.0390625,BTC
2026-09-06 01:13:00+00:00,79997.9296875,BTC
2026-09-06 01:14:00+00:00,79958.4921875,BTC
2026-09-06 01:15:00+00:00,79953.4375,BTC
2026-09-06 01:16:00+00:00,79975.453125,BTC
2026-09-06 01:17:00+00:00,79972.2890625,BTC
2026-09-06 01:18:00+00:00,79943.0,BTC
2026-09-06 01:19:00+00:00,79944.6015625,BTC
2026-09-06 01:20:00+00:00,79931.28125,BTC
2026-09-06 01:21:00+00:00,79915.90625,BTC
2026-09-06 01:22:00+00:00,79929.90625,BTC
2026-09-06 01:23:00+00:00,79924.3984375,BTC
2026-09-06 01:24:00+00:00,79929.90625,BTC
2026-09-06 01:25:00+00:00,79915.40625,BTC
2026-09-06 01:26:00+00:00,79924.78125,BTC
2026-09-06 01:27:00+00:00,79930.0078125,BTC
2026-09-06 01:28:00+00:00,79924.78125,BTC
2026-09-06 01:29:00+00:00,79919.84375,BTC
2026-09-06 01:30:00+00:00,79922.9765625,BTC
2026-09-06 01:31:00+00:00,79920.59375,BTC
2026-09-06 01:32:00+00:00,79920.0078125,BTC
2026-09-06 01:33:00+00:00,79931.25,BTC
2026-09-06 01:34:00+00:00,79950.3515625,BTC
2026-09-06 01:35:00+00:00,79984.921875,BTC
2026-09-06 01:36:00+00:00,79974.921875,BTC
2026-09-06 01:37:00+00:00,79985.1328125,BTC
2026-09-06 01:38:00+00:00,79981.0703125,BTC
2026-09-06 01:39:00+00:00,80023.578125,BTC
2026-09-06 01:40:00+00:00,80024.7421875,BTC
2026-09-06 01:41:00+00:00,79976.28125,BTC
2026-09-06 01:42:00+00:00,79991.796875,BTC
2026-09-06 01:43:00+00:00,79953.7734375,BTC
2026-09-06 01:44:00+00:00,79977.3828125,BTC
2026-09-06 01:45:00+00:00,79949.78125,BTC
2026-09-06 01:46:00+00:00,79984.8125,BTC
2026-09-06 01:47:00+00:00,79969.7421875,BTC
2026-09-06 01:48:00+00:00,79942.0,BTC
2026-09-06 01:49:00+00:00,79943.109375,BTC
2026-09-06 01:50:00+00:00,79937.6875,BTC
2026-09-06 01:51:00+00:00,79979.671875,BTC
2026-09-06 01:52:00+00:00,80007.2734375,BTC
2026-09-06 01:53:00+00:00,80005.203125,BTC
2026-09-06 01:54:00+00:00,79971.25,BTC
2026-09-06 01:55:00+00:00,79983.359375,BTC
2026-09-06 01:56:00+00:00,79983.7890625,BTC
2026-09-06 01:57:00+00:00,79942.03125,BTC
2026-09-06 01:58:00+00:00,79946.4296875,BTC
2026-09-06 01:59:00+00:00,79954.3203125,BTC
2026-09-06 02:00:00+00:00,80008.8515625,BTC
2026-09-06 02:01:00+00:00,79965.9296875,BTC
2026-09-06 02:02:00+00:00,79938.4921875,BTC
2026-09-06 02:03:00+00:00,79924.25,BTC
2026-09-06 02:04:00+00:00,79933.4765625,BTC
2026-09-06 02:05:00+00:00,79939.796875,BTC
2026-09-06 02:06:00+00:00,79970.90625,BTC
2026-09-06 02:07:00+00:00,79960.8125,BTC
2026-09-06 02:08:00+00:00,79971.9296875,BTC
2026-09-06 02:09:00+00:00,79988.2265625,BTC
2026-09-06 02:10:00+00:00,79963.203125,BTC
2026-09-06 02:11:00+00:00,79979.71875,BTC
2026-09-06 02:12:00+00:00,79978.40625,BTC
2026-09-06 02:13:00+00:00,80002.8828125,BTC
2026-09-06 02:14:00+00:00,80000.0,BTC
2026-09-06 02:15:00+00:00,79991.8828125,BTC
2026-09-06 02:16:00+00:00,79987.5,BTC
2026-09-06 02:17:00+00:00,79972.0078125,BTC
2026-09-06 02:18:00+00:00,79959.6015625,BTC
2026-09-06 02:19:00+00:00,79956.671875,BTC
2026-09-06 02:20:00+00:00,79945.671875,BTC
2026-09-06 02:21:00+00:00,79936.703125,BTC
2026-09-06 02:22:00+00:00,79920.84375,BTC
2026-09-06 02:23:00+00:00,79927.3515625,BTC
2026-09-06 02:24:00+00:00,79917.703125,BTC
2026-09-06 02:25:00+00:00,79920.828125,BTC
2026-09-06 02:26:00+00:00,79916.65625,BTC
2026-09-06 02:27:00+00:00,79919.40625,BTC
2026-09-06 02:28:00+00:00,79930.2890625,BTC
2026-09-06 02:29:00+00:00,79919.1015625,BTC
2026-09-06 02:30:00+00:00,79933.21875,BTC
2026-09-06 02:31:00+00:00,79938.9296875,BTC
2026-09-06 02:32:00+00:00,79943.5625,BTC
2026-09-06 02:33:00+00:00,79933.2421875,BTC
2026-09-06 02:34:00+00:00,79940.0,BTC
2026-09-06 02:35:00+00:00,79932.1328125,BTC
2026-09-06 02:36:00+00:00,79920.9296875,BTC
2026-09-06 02:37:00+00:00,79916.9765625,BTC
2026-09-06 02:38:00+00:00,79916.9765625,BTC
2026-09-06 02:39:00+00:00,79932.90625,BTC
2026-09-06 02:40:00+00:00,79935.0,BTC
2026-09-06 02:41:00+00:00,79928.296875,BTC
2026-09-06 02:42:00+00:00,79893.8984375,BTC
2026-09-06 02:43:00+00:00,79896.5078125,BTC
2026-09-06 02:44:00+00:00,79885.3125,BTC
2026-09-06 02:45:00+00:00,79888.1171875,BTC
2026-09-06 02:46:00+00:00,79885.6796875,BTC
2026-09-06 02:47:00+00:00,79880.75,BTC
2026-09-06 02:48:00+00:00,79887.109375,BTC
2026-09-06 02:49:00+00:00,79886.640625,BTC
2026-09-06 02:50:00+00:00,79884.34375,BTC
2026-09-06 02:51:00+00:00,79883.40625,BTC
2026-09-06 02:52:00+00:00,79883.65625,BTC
2026-09-06 02:53:00+00:00,79895.2265625,BTC
2026-09-06 02:54:00+00:00,79890.53125,BTC
2026-09-06 02:55:00+00:00,79890.40625,BTC
2026-09-06 02:56:00+00:00,79888.1328125,BTC
2026-09-06 02:57:00+00:00,79881.28125,BTC
2026-09-06 02:58:00+00:00,79905.7734375,BTC
2026-09-06 02:59:00+00:00,79906.8125,BTC
2026-09-06 03:00:00+00:00,79909.2109375,BTC
2026-09-06 03:01:00+00:00,79902.296875,BTC
2026-09-06 03:02:00+00:00,79913.90625,BTC
2026-09-06 03:03:00+00:00,79912.2578125,BTC
2026-09-06 03:04:00+00:00,79919.84375,BTC
2026-09-06 03:05:00+00:00,79917.28125,BTC
2026-09-06 03:06:00+00:00,79913.40625,BTC
2026-09-06 03:07:00+00:00,79913.40625,BTC
2026-09-06 03:08:00+00:00,79912.2578125,BTC
2026-09-06 03:09:00+00:00,79912.0234375,BTC
2026-09-06 03:10:00+00:00,79915.0078125,BTC
2026-09-06 03:11:00+00:00,79915.0,BTC
2026-09-06 03:12:00+00:00,79905.4609375,BTC
2026-09-06 03:13:00+00:00,79931.6484375,BTC
2026-09-06 03:14:00+00:00,79931.65625,BTC
2026-09-06 03:15:00+00:00,79951.4765625,BTC
2026-09-06 03:16:00+00:00,79950.6171875,BTC
2026-09-06 03:17:00+00:00,79950.6328125,BTC
2026-09-06 03:18:00+00:00,79964.9765625,BTC
2026-09-06 03:19:00+00:00,79962.0703125,BTC
2026-09-06 03:20:00+00:00,79944.7265625,BTC
2026-09-06 03:21:00+00:00,79944.7265625,BTC
2026-09-06 03:22:00+00:00,79940.2734375,BTC
2026-09-06 03:23:00+00:00,79940.2578125,BTC
2026-09-06 03:24:00+00:00,79961.8984375,BTC
2026-09-06 03:25:00+00:00,79925.0234375,BTC
2026-09-06 03:26:00+00:00,79906.65625,BTC
2026-09-06 03:27:00+00:00,79893.3125,BTC
2026-09-06 03:28:00+00:00,79895.2265625,BTC
2026-09-06 03:29:00+00:00,79898.4765625,BTC
2026-09-06 03:30:00+00:00,79949.7578125,BTC
2026-09-06 03:31:00+00:00,79935.9765625,BTC
2026-09-06 03:32:00+00:00,79943.9765625,BTC
2026-09-06 03:33:00+00:00,79975.1796875,BTC
2026-09-06 03:34:00+00:00,79958.9765625,BTC
2026-09-06 03:35:00+00:00,79971.0,BTC
2026-09-06 03:36:00+00:00,79966.359375,BTC
2026-09-06 03:37:00+00:00,79992.0,BTC
2026-09-06 03:38:00+00:00,80000.9765625,BTC
2026-09-06 03:39:00+00:00,80003.9765625,BTC
2026-09-06 03:40:00+00:00,80027.359375,BTC
2026-09-06 03:41:00+00:00,80028.1171875,BTC
2026-09-06 03:42:00+00:00,80048.9765625,BTC
2026-09-06 03:43:00+00:00,80098.21875,BTC
2026-09-06 03:44:00+00:00,80104.9765625,BTC
2026-09-06 03:45:00+00:00,80098.84375,BTC
2026-09-06 03:46:00+00:00,80060.1484375,BTC
2026-09-06 03:47:00+00:00,80027.53125,BTC
2026-09-06 03:48:00+00:00,80022.9296875,BTC
2026-09-06 03:49:00+00:00,80006.25,BTC
2026-09-06 03:50:00+00:00,80009.640625,BTC
2026-09-06 03:51:00+00:00,80040.0078125,BTC
2026-09-06 03:52:00+00:00,80073.703125,BTC
2026-09-06 03:53:00+00:00,80053.0234375,BTC
2026-09-06 03:54:00+00:00,80046.40625,BTC
2026-09-06 03:55:00+00:00,80055.6875,BTC
2026-09-06 03:56:00+00:00,80042.9765625,BTC
2026-09-06 03:57:00+00:00,80029.6171875,BTC
2026-09-06 03:58:00+00:00,80030.296875,BTC
2026-09-06 03:59:00+00:00,80031.8671875,BTC
2026-09-06 04:00:00+00:00,80025.0,BTC
2026-09-06 04:01:00+00:00,80024.9921875,BTC
2026-09-06 04:02:00+00:00,80000.6875,BTC
2026-09-06 04:03:00+00:00,80000.6875,BTC
2026-09-06 04:04:00+00:00,79991.2265625,BTC
2026-09-06 04:05:00+00:00,79994.328125,BTC
2026-09-06 04:06:00+00:00,79969.7578125,BTC
2026-09-06 04:07:00+00:00,79962.953125,BTC
2026-09-06 04:08:00+00:00,79961.6015625,BTC
2026-09-06 04:09:00+00:00,79976.2265625,BTC
2026-09-06 04:10:00+00:00,79999.6171875,BTC
2026-09-06 04:11:00+00:00,79999.6171875,BTC
2026-09-06 04:12:00+00:00,79985.9765625,BTC
2026-09-06 04:13:00+00:00,79975.1484375,BTC
2026-09-06 04:14:00+00:00,79975.1484375,BTC
2026-09-06 04:15:00+00:00,79975.1484375,BTC
2026-09-06 04:16:00+00:00,79966.6796875,BTC
2026-09-06 04:17:00+00:00,79966.6875,BTC
2026-09-06 04:18:00+00:00,79958.9921875,BTC
2026-09-06 04:19:00+00:00,79958.9765625,BTC
2026-09-06 04:20:00+00:00,79929.0,BTC
2026-09-06 04:21:00+00:00,79917.6328125,BTC
2026-09-06 04:22:00+00:00,79919.25,BTC
2026-09-06 04:23:00+00:00,79914.3671875,BTC
2026-09-06 04:24:00+00:00,79936.65625,BTC
2026-09-06 04:25:00+00:00,79923.390625,BTC
2026-09-06 04:26:00+00:00,79925.0,BTC
2026-09-06 04:27:00+00:00,79916.9921875,BTC
2026-09-06 04:28:00+00:00,79922.2265625,BTC
2026-09-06 04:29:00+00:00,79934.9765625,BTC
2026-09-06 04:30:00+00:00,79922.25,BTC
2026-09-06 04:31:00+00:00,79920.6484375,BTC
2026-09-06 04:32:00+00:00,79917.0,BTC
2026-09-06 04:33:00+00:00,79914.0,BTC
2026-09-06 04:34:00+00:00,79913.9921875,BTC
2026-09-06 04:35:00+00:00,79904.328125,BTC
2026-09-06 04:36:00+00:00,79909.6484375,BTC
2026-09-06 04:37:00+00:00,79914.0,BTC
2026-09-06 04:38:00+00:00,79913.9921875,BTC
2026-09-06 04:39:00+00:00,79900.203125,BTC
2026-09-06 04:40:00+00:00,79913.9921875,BTC
2026-09-06 04:41:00+00:00,79913.9921875,BTC
2026-09-06 04:42:00+00:00,79937.84375,BTC
2026-09-06 04:43:00+00:00,79925.8515625,BTC
2026-09-06 04:44:00+00:00,79917.0390625,BTC
2026-09-06 04:45:00+00:00,79936.5,BTC
2026-09-06 04:46:00+00:00,79929.8203125,BTC
2026-09-06 04:47:00+00:00,79926.8828125,BTC
2026-09-06 04:48:00+00:00,79920.75,BTC
2026-09-06 04:49:00+00:00,79917.96875,BTC
2026-09-06 04:50:00+00:00,79900.0,BTC
2026-09-06 04:51:00+00:00,79890.1015625,BTC
2026-09-06 04:52:00+00:00,79889.6015625,BTC
2026-09-06 04:53:00+00:00,79892.0234375,BTC
2026-09-06 04:54:00+00:00,79920.0,BTC
2026-09-06 04:55:00+00:00,79889.15625,BTC
2026-09-06 04:56:00+00:00,79882.703125,BTC
2026-09-06 04:57:00+00:00,79876.1484375,BTC
2026-09-06 04:58:00+00:00,79871.7109375,BTC
2026-09-06 04:59:00+00:00,79867.7578125,BTC
2026-09-06 05:00:00+00:00,79888.4765625,BTC
2026-09-06 05:01:00+00:00,79873.4921875,BTC
2026-09-06 05:02:00+00:00,79909.203125,BTC
2026-09-06 05:03:00+00:00,79901.828125,BTC
2026-09-06 05:04:00+00:00,79909.8515625,BTC
2026-09-06 05:05:00+00:00,79867.6875,BTC
2026-09-06 05:06:00+00:00,79873.3828125,BTC
2026-09-06 05:07:00+00:00,79879.4765625,BTC
2026-09-06 05:08:00+00:00,79872.7265625,BTC
2026-09-06 05:09:00+00:00,79861.5078125,BTC
2026-09-06 05:10:00+00:00,79847.9921875,BTC
2026-09-06 05:11:00+00:00,79820.0234375,BTC
2026-09-06 05:12:00+00:00,79814.8203125,BTC
2026-09-06 05:13:00+00:00,79801.390625,BTC
2026-09-06 05:14:00+00:00,79817.7421875,BTC
2026-09-06 05:15:00+00:00,79816.546875,BTC
2026-09-06 05:16:00+00:00,79811.2578125,BTC
2026-09-06 05:17:00+00:00,79807.171875,BTC
2026-09-06 05:18:00+00:00,79808.3828125,BTC
2026-09-06 05:19:00+00:00,79806.7109375,BTC
2026-09-06 05:20:00+00:00,79842.9765625,BTC
2026-09-06 05:21:00+00:00,79838.90625,BTC
2026-09-06 05:22:00+00:00,79849.96875,BTC
2026-09-06 05:23:00+00:00,79853.9921875,BTC
2026-09-06 05:24:00+00:00,79853.9921875,BTC
2026-09-06 05:25:00+00:00,79863.0078125,BTC
2026-09-06 05:26:00+00:00,79853.9921875,BTC
2026-09-06 05:27:00+00:00,79857.6875,BTC
2026-09-06 05:28:00+00:00,79857.6875,BTC
2026-09-06 05:29:00+00:00,79859.0078125,BTC
2026-09-06 05:30:00+00:00,79857.6875,BTC
2026-09-06 05:31:00+00:00,79877.9765625,BTC
2026-09-06 05:32:00+00:00,79877.9765625,BTC
2026-09-06 05:33:00+00:00,79893.71875,BTC
2026-09-06 05:34:00+00:00,79930.859375,BTC
2026-09-06 05:35:00+00:00,79993.609375,BTC
2026-09-06 05:36:00+00:00,80000.046875,BTC
2026-09-06 05:37:00+00:00,80001.0,BTC
2026-09-06 05:38:00+00:00,80011.0,BTC
2026-09-06 05:39:00+00:00,80095.609375,BTC
2026-09-06 05:40:00+00:00,80064.453125,BTC
2026-09-06 05:41:00+00:00,80097.8828125,BTC
2026-09-06 05:42:00+00:00,80053.953125,BTC
2026-09-06 05:43:00+00:00,80032.796875,BTC
2026-09-06 05:44:00+00:00,80030.2578125,BTC
2026-09-06 05:45:00+00:00,80019.640625,BTC
2026-09-06 05:46:00+00:00,80000.03125,BTC
2026-09-06 05:47:00+00:00,79980.4296875,BTC
2026-09-06 05:48:00+00:00,79988.578125,BTC
2026-09-06 05:49:00+00:00,80007.7265625,BTC
2026-09-06 05:50:00+00:00,79996.4765625,BTC
2026-09-06 05:51:00+00:00,80005.609375,BTC
2026-09-06 05:52:00+00:00,80005.171875,BTC
2026-09-06 05:53:00+00:00,79996.796875,BTC
2026-09-06 05:54:00+00:00,79996.6171875,BTC
2026-09-06 05:55:00+00:00,79990.2890625,BTC
2026-09-06 05:56:00+00:00,79949.3984375,BTC
2026-09-06 05:57:00+00:00,79951.4765625,BTC
2026-09-06 05:58:00+00:00,79958.359375,BTC
2026-09-06 05:59:00+00:00,79989.6875,BTC
2026-09-06 06:00:00+00:00,79955.0234375,BTC
2026-09-06 06:01:00+00:00,79949.3984375,BTC
2026-09-06 06:02:00+00:00,79959.2421875,BTC
2026-09-06 06:03:00+00:00,79958.9765625,BTC
2026-09-06 06:04:00+00:00,79964.7734375,BTC
2026-09-06 06:05:00+00:00,79959.9375,BTC
2026-09-06 06:06:00+00:00,79943.109375,BTC
2026-09-06 06:07:00+00:00,79949.46875,BTC
2026-09-06 06:08:00+00:00,79945.2265625,BTC
2026-09-06 06:09:00+00:00,79940.0234375,BTC
2026-09-06 06:10:00+00:00,79939.4375,BTC
2026-09-06 06:11:00+00:00,79950.0703125,BTC
2026-09-06 06:12:00+00:00,79959.7734375,BTC
2026-09-06 06:13:00+00:00,79947.0078125,BTC
2026-09-06 06:14:00+00:00,79926.9609375,BTC
2026-09-06 06:15:00+00:00,79931.25,BTC
2026-09-06 06:16:00+00:00,79915.453125,BTC
2026-09-06 06:17:00+00:00,79914.90625,BTC
2026-09-06 06:18:00+00:00,79906.90625,BTC
2026-09-06 06:19:00+00:00,79915.5078125,BTC
2026-09-06 06:20:00+00:00,79908.8984375,BTC
2026-09-06 06:21:00+00:00,79899.3125,BTC
2026-09-06 06:22:00+00:00,79879.921875,BTC
2026-09-06 06:23:00+00:00,79894.3125,BTC
2026-09-06 06:24:00+00:00,79850.0234375,BTC
2026-09-06 06:25:00+00:00,79843.1171875,BTC
2026-09-06 06:26:00+00:00,79846.59375,BTC
2026-09-06 06:27:00+00:00,79846.0625,BTC
2026-09-06 06:28:00+00:00,79837.03125,BTC
2026-09-06 06:29:00+00:00,79836.421875,BTC
2026-09-06 06:30:00+00:00,79814.8984375,BTC
2026-09-06 06:31:00+00:00,79839.9921875,BTC
2026-09-06 06:32:00+00:00,79843.0703125,BTC
2026-09-06 06:33:00+00:00,79847.796875,BTC
2026-09-06 06:34:00+00:00,79835.9921875,BTC
2026-09-06 06:35:00+00:00,79822.796875,BTC
2026-09-06 06:36:00+00:00,79820.6015625,BTC
2026-09-06 06:37:00+00:00,79829.9609375,BTC
2026-09-06 06:38:00+00:00,79829.9609375,BTC
2026-09-06 06:39:00+00:00,79831.9609375,BTC
2026-09-06 06:40:00+00:00,79820.3984375,BTC
2026-09-06 06:41:00+00:00,79812.390625,BTC
2026-09-06 06:42:00+00:00,79802.9765625,BTC
2026-09-06 06:43:00+00:00,79803.796875,BTC
2026-09-06 06:44:00+00:00,79809.9765625,BTC
2026-09-06 06:45:00+00:00,79799.9921875,BTC
2026-09-06 06:46:00+00:00,79780.1171875,BTC
2026-09-06 06:47:00+00:00,79777.3828125,BTC
2026-09-06 06:48:00+00:00,79723.9765625,BTC
2026-09-06 06:49:00+00:00,79760.8984375,BTC
2026-09-06 06:50:00+00:00,79791.7265625,BTC
2026-09-06 06:51:00+00:00,79791.7265625,BTC
2026-09-06 06:52:00+00:00,79782.203125,BTC
2026-09-06 06:53:00+00:00,79785.796875,BTC
2026-09-06 06:54:00+00:00,79791.7265625,BTC
2026-09-06 06:55:00+00:00,79761.0078125,BTC
2026-09-06 06:56:00+00:00,79761.0078125,BTC
2026-09-06 06:57:00+00:00,79767.0703125,BTC
2026-09-06 06:58:00+00:00,79770.7734375,BTC
2026-09-06 06:59:00+00:00,79771.828125,BTC
2026-09-06 07:00:00+00:00,79779.6015625,BTC
2026-09-06 07:01:00+00:00,79789.296875,BTC
2026-09-06 07:02:00+00:00,79793.171875,BTC
2026-09-06 07:03:00+00:00,79793.9375,BTC
2026-09-06 07:04:00+00:00,79796.8984375,BTC
2026-09-06 07:05:00+00:00,79793.3828125,BTC
2026-09-06 07:06:00+00:00,79798.7578125,BTC
2026-09-06 07:07:00+00:00,79801.9921875,BTC
2026-09-06 07:08:00+00:00,79760.2734375,BTC
2026-09-06 07:09:00+00:00,79757.84375,BTC
2026-09-06 07:10:00+00:00,79763.0,BTC
2026-09-06 07:11:00+00:00,79730.03125,BTC
2026-09-06 07:12:00+00:00,79682.75,BTC
2026-09-06 07:13:00+00:00,79654.25,BTC
2026-09-06 07:14:00+00:00,79688.21875,BTC
2026-09-06 07:15:00+00:00,79764.7265625,BTC
2026-09-06 07:16:00+00:00,79784.9765625,BTC
2026-09-06 07:17:00+00:00,79809.59375,BTC
2026-09-06 07:18:00+00:00,79797.0078125,BTC
2026-09-06 07:19:00+00:00,79808.9765625,BTC
2026-09-06 07:20:00+00:00,79824.3203125,BTC
2026-09-06 07:21:00+00:00,79837.2578125,BTC
2026-09-06 07:22:00+00:00,79857.703125,BTC
2026-09-06 07:23:00+00:00,79858.1171875,BTC
2026-09-06 07:24:00+00:00,79780.1171875,BTC
2026-09-06 07:25:00+00:00,79814.953125,BTC
2026-09-06 07:26:00+00:00,79835.9765625,BTC
2026-09-06 07:27:00+00:00,79853.9765625,BTC
2026-09-06 07:28:00+00:00,79843.71875,BTC
2026-09-06 07:29:00+00:00,79833.2265625,BTC
2026-09-06 07:30:00+00:00,79826.609375,BTC
2026-09-06 07:31:00+00:00,79837.3671875,BTC
2026-09-06 07:32:00+00:00,79834.453125,BTC
2026-09-06 07:33:00+00:00,79832.2265625,BTC
2026-09-06 07:34:00+00:00,79812.8203125,BTC
2026-09-06 07:35:00+00:00,79818.5390625,BTC
2026-09-06 07:36:00+00:00,79790.1015625,BTC
2026-09-06 07:37:00+00:00,79798.3828125,BTC
2026-09-06 07:38:00+00:00,79809.3984375,BTC
2026-09-06 07:39:00+00:00,79826.9765625,BTC
2026-09-06 07:40:00+00:00,79836.7265625,BTC
2026-09-06 07:41:00+00:00,79826.9765625,BTC
2026-09-06 07:42:00+00:00,79844.9765625,BTC
2026-09-06 07:43:00+00:00,79827.890625,BTC
2026-09-06 07:44:00+00:00,79844.609375,BTC
2026-09-06 07:45:00+00:00,79837.7421875,BTC
2026-09-06 07:46:00+00:00,79834.5234375,BTC
2026-09-06 07:47:00+00:00,79843.3203125,BTC
2026-09-06 07:48:00+00:00,79845.46875,BTC
2026-09-06 07:49:00+00:00,79845.3671875,BTC
2026-09-06 07:50:00+00:00,79811.0390625,BTC
2026-09-06 07:51:00+00:00,79819.0390625,BTC
2026-09-06 07:52:00+00:00,79820.9921875,BTC
2026-09-06 07:53:00+00:00,79820.9765625,BTC
2026-09-06 07:54:00+00:00,79821.5390625,BTC
2026-09-06 07:55:00+00:00,79840.3671875,BTC
2026-09-06 07:56:00+00:00,79850.53125,BTC
2026-09-06 07:57:00+00:00,79836.0078125,BTC
2026-09-06 07:58:00+00:00,79830.03125,BTC
2026-09-06 07:59:00+00:00,79810.0625,BTC
2026-09-06 08:00:00+00:00,79816.8125,BTC
2026-09-06 08:01:00+00:00,79813.21875,BTC
2026-09-06 08:02:00+00:00,79809.25,BTC
2026-09-06 08:03:00+00:00,79811.8203125,BTC
2026-09-06 08:04:00+00:00,79856.5390625,BTC
2026-09-06 08:05:00+00:00,79837.71875,BTC
2026-09-06 08:06:00+00:00,79850.4296875,BTC
2026-09-06 08:07:00+00:00,79842.4765625,BTC
2026-09-06 08:08:00+00:00,79852.703125,BTC
2026-09-06 08:09:00+00:00,79878.8125,BTC
2026-09-06 08:10:00+00:00,79877.546875,BTC
2026-09-06 08:11:00+00:00,79866.2890625,BTC
2026-09-06 08:12:00+00:00,79868.9765625,BTC
2026-09-06 08:13:00+00:00,79874.9921875,BTC
2026-09-06 08:14:00+00:00,79870.921875,BTC
2026-09-06 08:15:00+00:00,79870.921875,BTC
2026-09-06 08:16:00+00:00,79850.0,BTC
2026-09-06 08:17:00+00:00,79828.8984375,BTC
2026-09-06 08:18:00+00:00,79844.953125,BTC
2026-09-06 08:19:00+00:00,79836.7734375,BTC
2026-09-06 08:20:00+00:00,79822.421875,BTC
2026-09-06 08:21:00+00:00,79819.3125,BTC
2026-09-06 08:22:00+00:00,79822.5,BTC
2026-09-06 08:23:00+00:00,79823.0703125,BTC
2026-09-06 08:24:00+00:00,79814.8203125,BTC
2026-09-06 08:25:00+00:00,79814.8203125,BTC
2026-09-06 08:26:00+00:00,79814.8203125,BTC
2026-09-06 08:27:00+00:00,79798.0234375,BTC
2026-09-06 08:28:00+00:00,79810.5625,BTC
2026-09-06 08:29:00+00:00,79808.6171875,BTC
2026-09-06 08:30:00+00:00,79795.296875,BTC
2026-09-06 08:31:00+00:00,79795.2890625,BTC
2026-09-06 08:32:00+00:00,79798.9609375,BTC
2026-09-06 08:33:00+00:00,79801.84375,BTC
2026-09-06 08:34:00+00:00,79800.2421875,BTC
2026-09-06 08:35:00+00:00,79800.2421875,BTC
2026-09-06 08:36:00+00:00,79795.2890625,BTC
2026-09-06 08:37:00+00:00,79792.671875,BTC
2026-09-06 08:38:00+00:00,79795.6796875,BTC
2026-09-06 08:39:00+00:00,79799.5390625,BTC
2026-09-06 08:40:00+00:00,79790.1015625,BTC
2026-09-06 08:41:00+00:00,79779.1015625,BTC
2026-09-06 08:42:00+00:00,79776.078125,BTC
2026-09-06 08:43:00+00:00,79773.453125,BTC
2026-09-06 08:44:00+00:00,79785.703125,BTC
2026-09-06 08:45:00+00:00,79780.171875,BTC
2026-09-06 08:46:00+00:00,79767.7421875,BTC
2026-09-06 08:47:00+00:00,79771.453125,BTC
2026-09-06 08:48:00+00:00,79760.15625,BTC
2026-09-06 08:49:00+00:00,79773.7265625,BTC
2026-09-06 08:50:00+00:00,79788.9609375,BTC
2026-09-06 08:51:00+00:00,79802.9765625,BTC
2026-09-06 08:52:00+00:00,79804.8828125,BTC
2026-09-06 08:53:00+00:00,79853.9765625,BTC
2026-09-06 08:54:00+00:00,79861.5,BTC
2026-09-06 08:55:00+00:00,79879.4765625,BTC
2026-09-06 08:56:00+00:00,79844.078125,BTC
2026-09-06 08:57:00+00:00,79839.953125,BTC
2026-09-06 08:58:00+00:00,79837.953125,BTC
2026-09-06 08:59:00+00:00,79845.0,BTC
2026-09-06 09:00:00+00:00,79848.6875,BTC
2026-09-06 09:01:00+00:00,79825.921875,BTC
2026-09-06 09:02:00+00:00,79854.0234375,BTC
2026-09-06 09:03:00+00:00,79858.640625,BTC
2026-09-06 09:04:00+00:00,79874.3671875,BTC
2026-09-06 09:05:00+00:00,79869.3828125,BTC
2026-09-06 09:06:00+00:00,79856.109375,BTC
2026-09-06 09:07:00+00:00,79865.28125,BTC
2026-09-06 09:08:00+00:00,79865.28125,BTC
2026-09-06 09:09:00+00:00,79877.9921875,BTC
2026-09-06 09:10:00+00:00,79908.953125,BTC
2026-09-06 09:11:00+00:00,79913.828125,BTC
2026-09-06 09:12:00+00:00,79918.03125,BTC
2026-09-06 09:13:00+00:00,79919.640625,BTC
2026-09-06 09:14:00+00:00,79931.2265625,BTC
2026-09-06 09:15:00+00:00,79945.578125,BTC
2026-09-06 09:16:00+00:00,79945.5703125,BTC
2026-09-06 09:17:00+00:00,79945.359375,BTC
2026-09-06 09:18:00+00:00,79954.1875,BTC
2026-09-06 09:19:00+00:00,79930.6171875,BTC
2026-09-06 09:20:00+00:00,79943.5703125,BTC
2026-09-06 09:21:00+00:00,79958.9921875,BTC
2026-09-06 09:22:00+00:00,79963.0703125,BTC
2026-09-06 09:23:00+00:00,79950.1171875,BTC
2026-09-06 09:24:00+00:00,79976.4765625,BTC
2026-09-06 09:25:00+00:00,79955.6875,BTC
2026-09-06 09:26:00+00:00,79971.3125,BTC
2026-09-06 09:27:00+00:00,79985.9296875,BTC
2026-09-06 09:28:00+00:00,79985.90625,BTC
2026-09-06 09:29:00+00:00,79993.6015625,BTC
2026-09-06 09:30:00+00:00,79989.6875,BTC
2026-09-06 09:31:00+00:00,79975.828125,BTC
2026-09-06 09:32:00+00:00,79986.0078125,BTC
2026-09-06 09:33:00+00:00,79996.171875,BTC
2026-09-06 09:34:00+00:00,79974.84375,BTC
2026-09-06 09:35:00+00:00,79959.7578125,BTC
2026-09-06 09:36:00+00:00,79949.953125,BTC
2026-09-06 09:37:00+00:00,79929.8203125,BTC
2026-09-06 09:38:00+00:00,79928.9765625,BTC
2026-09-06 09:39:00+00:00,79916.2421875,BTC
2026-09-06 09:40:00+00:00,79908.46875,BTC
2026-09-06 09:41:00+00:00,79895.8984375,BTC
2026-09-06 09:42:00+00:00,79885.1796875,BTC
2026-09-06 09:43:00+00:00,79869.9375,BTC
2026-09-06 09:44:00+00:00,79864.0234375,BTC
2026-09-06 09:45:00+00:00,79861.0234375,BTC
2026-09-06 09:46:00+00:00,79851.671875,BTC
2026-09-06 09:47:00+00:00,79854.71875,BTC
2026-09-06 09:48:00+00:00,79861.0078125,BTC
2026-09-06 09:49:00+00:00,79864.0234375,BTC
2026-09-06 09:50:00+00:00,79864.03125,BTC
2026-09-06 09:51:00+00:00,79860.1171875,BTC
2026-09-06 09:52:00+00:00,79869.921875,BTC
2026-09-06 09:53:00+00:00,79870.4765625,BTC
2026-09-06 09:54:00+00:00,79870.4765625,BTC
2026-09-06 09:55:00+00:00,79859.9921875,BTC
2026-09-06 09:56:00+00:00,79862.46875,BTC
2026-09-06 09:57:00+00:00,79870.4765625,BTC
2026-09-06 09:58:00+00:00,79872.7265625,BTC
2026-09-06 09:59:00+00:00,79890.4765625,BTC
2026-09-06 10:00:00+00:00,79908.75,BTC
2026-09-06 10:01:00+00:00,79910.9921875,BTC
2026-09-06 10:02:00+00:00,79926.640625,BTC
2026-09-06 10:03:00+00:00,79928.25,BTC
2026-09-06 10:04:00+00:00,79923.53125,BTC
2026-09-06 10:05:00+00:00,79951.4765625,BTC
2026-09-06 10:06:00+00:00,79921.2890625,BTC
2026-09-06 10:07:00+00:00,79910.8125,BTC
2026-09-06 10:08:00+00:00,79926.2421875,BTC
2026-09-06 10:09:00+00:00,79924.2109375,BTC
2026-09-06 10:10:00+00:00,79924.2109375,BTC
2026-09-06 10:11:00+00:00,79924.2109375,BTC
2026-09-06 10:12:00+00:00,79925.59375,BTC
2026-09-06 10:13:00+00:00,79926.25,BTC
2026-09-06 10:14:00+00:00,79924.5234375,BTC
2026-09-06 10:15:00+00:00,79940.6328125,BTC
2026-09-06 10:16:00+00:00,79953.890625,BTC
2026-09-06 10:17:00+00:00,79954.3828125,BTC
2026-09-06 10:18:00+00:00,79977.0,BTC
2026-09-06 10:19:00+00:00,79982.9765625,BTC
2026-09-06 10:20:00+00:00,79987.359375,BTC
2026-09-06 10:21:00+00:00,79975.2421875,BTC
2026-09-06 10:22:00+00:00,79973.71875,BTC
2026-09-06 10:23:00+00:00,79989.7265625,BTC
2026-09-06 10:24:00+00:00,79973.7265625,BTC
2026-09-06 10:25:00+00:00,79959.7578125,BTC
2026-09-06 10:26:00+00:00,79963.75,BTC
2026-09-06 10:27:00+00:00,79976.2890625,BTC
2026-09-06 10:28:00+00:00,79982.9765625,BTC
2026-09-06 10:29:00+00:00,79981.3203125,BTC
2026-09-06 10:30:00+00:00,79983.7734375,BTC
2026-09-06 10:31:00+00:00,79983.7734375,BTC
2026-09-06 10:32:00+00:00,79987.0390625,BTC
2026-09-06 10:33:00+00:00,79987.0390625,BTC
2026-09-06 10:34:00+00:00,79987.0390625,BTC
2026-09-06 10:35:00+00:00,79989.71875,BTC
2026-09-06 10:36:00+00:00,79986.5625,BTC
2026-09-06 10:37:00+00:00,79969.7421875,BTC
2026-09-06 10:38:00+00:00,79969.75,BTC
2026-09-06 10:39:00+00:00,79971.6015625,BTC
2026-09-06 10:40:00+00:00,79989.71875,BTC
2026-09-06 10:41:00+00:00,79994.2265625,BTC
2026-09-06 10:42:00+00:00,79994.2265625,BTC
2026-09-06 10:43:00+00:00,80012.2421875,BTC
2026-09-06 10:44:00+00:00,80016.890625,BTC
2026-09-06 10:45:00+00:00,80013.2578125,BTC
2026-09-06 10:46:00+00:00,80014.1015625,BTC
2026-09-06 10:47:00+00:00,79995.75,BTC
2026-09-06 10:48:00+00:00,79990.0,BTC
2026-09-06 10:49:00+00:00,79990.0,BTC
2026-09-06 10:50:00+00:00,79994.2265625,BTC
2026-09-06 10:51:00+00:00,79994.2265625,BTC
2026-09-06 10:52:00+00:00,79993.9296875,BTC
2026-09-06 10:53:00+00:00,80006.8828125,BTC
2026-09-06 10:54:00+00:00,80009.2578125,BTC
2026-09-06 10:55:00+00:00,80009.4296875,BTC
2026-09-06 10:56:00+00:00,79997.2265625,BTC
2026-09-06 10:57:00+00:00,80012.171875,BTC
2026-09-06 10:58:00+00:00,80012.171875,BTC
2026-09-06 10:59:00+00:00,80000.6171875,BTC
2026-09-06 11:00:00+00:00,80000.6171875,BTC
2026-09-06 11:01:00+00:00,79981.7109375,BTC
2026-09-06 11:02:00+00:00,79991.9765625,BTC
2026-09-06 11:03:00+00:00,79995.71875,BTC
2026-09-06 11:04:00+00:00,79969.75,BTC
2026-09-06 11:05:00+00:00,79978.296875,BTC
2026-09-06 11:06:00+00:00,79985.2265625,BTC
2026-09-06 11:07:00+00:00,79955.828125,BTC
2026-09-06 11:08:00+00:00,79964.9921875,BTC
2026-09-06 11:09:00+00:00,79944.5703125,BTC
2026-09-06 11:10:00+00:00,79960.53125,BTC
2026-09-06 11:11:00+00:00,79951.0703125,BTC
2026-09-06 11:12:00+00:00,79935.8125,BTC
2026-09-06 11:13:00+00:00,79961.9765625,BTC
2026-09-06 11:14:00+00:00,79984.7265625,BTC
2026-09-06 11:15:00+00:00,79984.7265625,BTC
2026-09-06 11:16:00+00:00,79979.7109375,BTC
2026-09-06 11:17:00+00:00,79989.34375,BTC
2026-09-06 11:18:00+00:00,79965.1875,BTC
2026-09-06 11:19:00+00:00,79969.75,BTC
2026-09-06 11:20:00+00:00,79936.6484375,BTC
2026-09-06 11:21:00+00:00,79940.046875,BTC
2026-09-06 11:22:00+00:00,79946.6484375,BTC
2026-09-06 11:23:00+00:00,79946.328125,BTC
2026-09-06 11:24:00+00:00,79941.0078125,BTC
2026-09-06 11:25:00+00:00,79902.9921875,BTC
2026-09-06 11:26:00+00:00,79901.859375,BTC
2026-09-06 11:27:00+00:00,79961.0,BTC
2026-09-06 11:28:00+00:00,79969.7421875,BTC
2026-09-06 11:29:00+00:00,79907.96875,BTC
2026-09-06 11:30:00+00:00,79902.4765625,BTC
2026-09-06 11:31:00+00:00,79911.0,BTC
2026-09-06 11:32:00+00:00,79921.28125,BTC
2026-09-06 11:33:00+00:00,79937.5703125,BTC
2026-09-06 11:34:00+00:00,79970.9765625,BTC
2026-09-06 11:35:00+00:00,79907.7265625,BTC
2026-09-06 11:36:00+00:00,79908.6171875,BTC
2026-09-06 11:37:00+00:00,79909.3203125,BTC
2026-09-06 11:38:00+00:00,79909.3203125,BTC
2026-09-06 11:39:00+00:00,79909.078125,BTC
2026-09-06 11:40:00+00:00,79913.7109375,BTC
2026-09-06 11:41:00+00:00,79935.1796875,BTC
2026-09-06 11:42:00+00:00,79914.796875,BTC
2026-09-06 11:43:00+00:00,79959.75,BTC
2026-09-06 11:44:00+00:00,79952.9765625,BTC
2026-09-06 11:45:00+00:00,79944.7421875,BTC
2026-09-06 11:46:00+00:00,79969.9296875,BTC
2026-09-06 11:47:00+00:00,79958.8125,BTC
2026-09-06 11:48:00+00:00,79956.703125,BTC
2026-09-06 11:49:00+00:00,79956.6796875,BTC
2026-09-06 11:50:00+00:00,79950.0078125,BTC
2026-09-06 11:51:00+00:00,79953.8125,BTC
2026-09-06 11:52:00+00:00,79936.7265625,BTC
2026-09-06 11:53:00+00:00,79917.3671875,BTC
2026-09-06 11:54:00+00:00,79920.3671875,BTC
2026-09-06 11:55:00+00:00,79925.3203125,BTC
2026-09-06 11:56:00+00:00,79920.703125,BTC
2026-09-06 11:57:00+00:00,79912.46875,BTC
2026-09-06 11:58:00+00:00,79912.8671875,BTC
2026-09-06 11:59:00+00:00,79922.9921875,BTC
2026-09-06 12:00:00+00:00,79921.4296875,BTC
2026-09-06 12:01:00+00:00,79919.421875,BTC
2026-09-06 12:02:00+00:00,79916.671875,BTC
2026-09-06 12:03:00+00:00,79916.671875,BTC
2026-09-06 12:04:00+00:00,79916.671875,BTC
2026-09-06 12:05:00+00:00,79908.6328125,BTC
2026-09-06 12:06:00+00:00,79900.0078125,BTC
2026-09-06 12:07:00+00:00,79900.0,BTC
2026-09-06 12:08:00+00:00,79900.0,BTC
2026-09-06 12:09:00+00:00,79895.6328125,BTC
2026-09-06 12:10:00+00:00,79885.0,BTC
2026-09-06 12:11:00+00:00,79872.3515625,BTC
2026-09-06 12:12:00+00:00,79869.9921875,BTC
2026-09-06 12:13:00+00:00,79888.4765625,BTC
2026-09-06 12:14:00+00:00,79936.03125,BTC
2026-09-06 12:15:00+00:00,79969.4765625,BTC
2026-09-06 12:16:00+00:00,79986.859375,BTC
2026-09-06 12:17:00+00:00,79990.8203125,BTC
2026-09-06 12:18:00+00:00,79983.2578125,BTC
2026-09-06 12:19:00+00:00,79959.859375,BTC
2026-09-06 12:20:00+00:00,79954.1484375,BTC
2026-09-06 12:21:00+00:00,79964.9765625,BTC
2026-09-06 12:22:00+00:00,79987.6328125,BTC
2026-09-06 12:23:00+00:00,79990.7421875,BTC
2026-09-06 12:24:00+00:00,79991.9921875,BTC
2026-09-06 12:25:00+00:00,79990.7421875,BTC
2026-09-06 12:26:00+00:00,79982.453125,BTC
2026-09-06 12:27:00+00:00,79993.96875,BTC
2026-09-06 12:28:00+00:00,79981.8203125,BTC
2026-09-06 12:29:00+00:00,79973.9765625,BTC
2026-09-06 12:30:00+00:00,79981.8203125,BTC
2026-09-06 12:31:00+00:00,80005.7109375,BTC
2026-09-06 12:32:00+00:00,79972.9609375,BTC
2026-09-06 12:33:00+00:00,79970.34375,BTC
2026-09-06 12:34:00+00:00,80000.609375,BTC
2026-09-06 12:35:00+00:00,79996.1015625,BTC
2026-09-06 12:36:00+00:00,79990.2109375,BTC
2026-09-06 12:37:00+00:00,79970.0,BTC
2026-09-06 12:38:00+00:00,79989.8828125,BTC
2026-09-06 12:39:00+00:00,79984.9921875,BTC
2026-09-06 12:40:00+00:00,79971.65625,BTC
2026-09-06 12:41:00+00:00,79956.7421875,BTC
2026-09-06 12:42:00+00:00,79953.9765625,BTC
2026-09-06 12:43:00+00:00,79987.28125,BTC
2026-09-06 12:44:00+00:00,79939.8671875,BTC
2026-09-06 12:45:00+00:00,79960.4921875,BTC
2026-09-06 12:46:00+00:00,79961.953125,BTC
2026-09-06 12:47:00+00:00,79941.0625,BTC
2026-09-06 12:48:00+00:00,79949.2265625,BTC
2026-09-06 12:49:00+00:00,79954.0234375,BTC
2026-09-06 12:50:00+00:00,79961.9765625,BTC
2026-09-06 12:51:00+00:00,79967.0703125,BTC
2026-09-06 12:52:00+00:00,79974.421875,BTC
2026-09-06 12:53:00+00:00,79975.296875,BTC
2026-09-06 12:54:00+00:00,79976.2265625,BTC
2026-09-06 12:55:00+00:00,79962.3671875,BTC
2026-09-06 12:56:00+00:00,79937.4921875,BTC
2026-09-06 12:57:00+00:00,79934.3671875,BTC
2026-09-06 12:58:00+00:00,79940.2265625,BTC
2026-09-06 12:59:00+00:00,79920.4609375,BTC
2026-09-06 13:00:00+00:00,79920.46875,BTC
2026-09-06 13:01:00+00:00,79885.75,BTC
2026-09-06 13:02:00+00:00,79928.9765625,BTC
2026-09-06 13:03:00+00:00,79930.0078125,BTC
2026-09-06 13:04:00+00:00,79918.1796875,BTC
2026-09-06 13:05:00+00:00,79925.203125,BTC
2026-09-06 13:06:00+00:00,79928.890625,BTC
2026-09-06 13:07:00+00:00,79946.9921875,BTC
2026-09-06 13:08:00+00:00,79961.9765625,BTC
2026-09-06 13:09:00+00:00,79940.84375,BTC
2026-09-06 13:10:00+00:00,79922.4765625,BTC
2026-09-06 13:11:00+00:00,79908.703125,BTC
2026-09-06 13:12:00+00:00,79905.2578125,BTC
2026-09-06 13:13:00+00:00,79895.2734375,BTC
2026-09-06 13:14:00+00:00,79890.0078125,BTC
2026-09-06 13:15:00+00:00,79883.703125,BTC
2026-09-06 13:16:00+00:00,79883.703125,BTC
2026-09-06 13:17:00+00:00,79838.65625,BTC
2026-09-06 13:18:00+00:00,79847.9609375,BTC
2026-09-06 13:19:00+00:00,79838.3984375,BTC
2026-09-06 13:20:00+00:00,79829.34375,BTC
2026-09-06 13:21:00+00:00,79834.25,BTC
2026-09-06 13:22:00+00:00,79841.0,BTC
2026-09-06 13:23:00+00:00,79850.8984375,BTC
2026-09-06 13:24:00+00:00,79822.890625,BTC
2026-09-06 13:25:00+00:00,79839.9921875,BTC
2026-09-06 13:26:00+00:00,79834.8125,BTC
2026-09-06 13:27:00+00:00,79820.8203125,BTC
2026-09-06 13:28:00+00:00,79821.6484375,BTC
2026-09-06 13:29:00+00:00,79801.796875,BTC
2026-09-06 13:30:00+00:00,79809.1171875,BTC
2026-09-06 13:31:00+00:00,79805.796875,BTC
2026-09-06 13:32:00+00:00,79812.7109375,BTC
2026-09-06 13:33:00+00:00,79799.328125,BTC
2026-09-06 13:34:00+00:00,79771.390625,BTC
2026-09-06 13:35:00+00:00,79796.1328125,BTC
2026-09-06 13:36:00+00:00,79829.9765625,BTC
2026-09-06 13:37:00+00:00,79850.9765625,BTC
2026-09-06 13:38:00+00:00,79839.0703125,BTC
2026-09-06 13:39:00+00:00,79820.1171875,BTC
2026-09-06 13:40:00+00:00,79805.3203125,BTC
2026-09-06 13:41:00+00:00,79820.9765625,BTC
2026-09-06 13:42:00+00:00,79805.6484375,BTC
2026-09-06 13:43:00+00:00,79805.3203125,BTC
2026-09-06 13:44:00+00:00,79797.0078125,BTC
2026-09-06 13:45:00+00:00,79814.2265625,BTC
2026-09-06 13:46:00+00:00,79829.96875,BTC
2026-09-06 13:47:00+00:00,79823.171875,BTC
2026-09-06 13:48:00+00:00,79833.4609375,BTC
2026-09-06 13:49:00+00:00,79811.8671875,BTC
2026-09-06 13:50:00+00:00,79804.609375,BTC
2026-09-06 13:51:00+00:00,79808.859375,BTC
2026-09-06 13:52:00+00:00,79825.421875,BTC
2026-09-06 13:53:00+00:00,79815.1171875,BTC
2026-09-06 13:54:00+00:00,79809.453125,BTC
2026-09-06 13:55:00+00:00,79805.2109375,BTC
2026-09-06 13:56:00+00:00,79825.40625,BTC
2026-09-06 13:57:00+00:00,79828.2265625,BTC
2026-09-06 13:58:00+00:00,79777.0,BTC
2026-09-06 13:59:00+00:00,79832.9921875,BTC
2026-09-06 14:00:00+00:00,79814.03125,BTC
2026-09-06 14:01:00+00:00,79833.359375,BTC
2026-09-06 14:02:00+00:00,79804.1875,BTC
2026-09-06 14:03:00+00:00,79823.546875,BTC
2026-09-06 14:04:00+00:00,79828.71875,BTC
2026-09-06 14:05:00+00:00,79804.2109375,BTC
2026-09-06 14:06:00+00:00,79790.1015625,BTC
2026-09-06 14:07:00+00:00,79767.90625,BTC
2026-09-06 14:08:00+00:00,79772.5625,BTC
2026-09-06 14:09:00+00:00,79763.1875,BTC
2026-09-06 14:10:00+00:00,79766.9921875,BTC
2026-09-06 14:11:00+00:00,79778.2421875,BTC
2026-09-06 14:12:00+00:00,79747.0703125,BTC
2026-09-06 14:13:00+00:00,79748.9765625,BTC
2026-09-06 14:14:00+00:00,79748.9765625,BTC
2026-09-06 14:15:00+00:00,79763.9765625,BTC
2026-09-06 14:16:00+00:00,79700.65625,BTC
2026-09-06 14:17:00+00:00,79706.5625,BTC
2026-09-06 14:18:00+00:00,79784.9921875,BTC
2026-09-06 14:19:00+00:00,79740.3515625,BTC
2026-09-06 14:20:00+00:00,79645.1171875,BTC
2026-09-06 14:21:00+00:00,79646.109375,BTC
2026-09-06 14:22:00+00:00,79633.7421875,BTC
2026-09-06 14:23:00+00:00,79648.5703125,BTC
2026-09-06 14:24:00+00:00,79637.0078125,BTC
2026-09-06 14:25:00+00:00,79656.6328125,BTC
2026-09-06 14:26:00+00:00,79688.25,BTC
2026-09-06 14:27:00+00:00,79689.5390625,BTC
2026-09-06 14:28:00+00:00,79688.03125,BTC
2026-09-06 14:29:00+00:00,79665.859375,BTC
2026-09-06 14:30:00+00:00,79613.9921875,BTC
2026-09-06 14:31:00+00:00,79564.96875,BTC
2026-09-06 14:32:00+00:00,79463.0625,BTC
2026-09-06 14:33:00+00:00,79458.53125,BTC
2026-09-06 14:34:00+00:00,79557.7421875,BTC
2026-09-06 14:35:00+00:00,79587.671875,BTC
2026-09-06 14:36:00+00:00,79598.2421875,BTC
2026-09-06 14:37:00+00:00,79617.2265625,BTC
2026-09-06 14:38:00+00:00,79620.0078125,BTC
2026-09-06 14:39:00+00:00,79663.5390625,BTC
2026-09-06 14:40:00+00:00,79689.9921875,BTC
2026-09-06 14:41:00+00:00,79670.578125,BTC
2026-09-06 14:42:00+00:00,79706.2265625,BTC
2026-09-06 14:43:00+00:00,79680.3203125,BTC
2026-09-06 14:44:00+00:00,79712.8125,BTC
2026-09-06 14:45:00+00:00,79630.421875,BTC
2026-09-06 14:46:00+00:00,79599.109375,BTC
2026-09-06 14:47:00+00:00,79565.203125,BTC
2026-09-06 14:48:00+00:00,79642.171875,BTC
2026-09-06 14:49:00+00:00,79659.9921875,BTC
2026-09-06 14:50:00+00:00,79682.9765625,BTC
2026-09-06 14:51:00+00:00,79668.03125,BTC
2026-09-06 14:52:00+00:00,79701.75,BTC
2026-09-06 14:53:00+00:00,79693.796875,BTC
2026-09-06 14:54:00+00:00,79685.9921875,BTC
2026-09-06 14:55:00+00:00,79653.671875,BTC
2026-09-06 14:56:00+00:00,79610.4609375,BTC
2026-09-06 14:57:00+00:00,79607.7578125,BTC
2026-09-06 14:58:00+00:00,79565.0078125,BTC
2026-09-06 14:59:00+00:00,79538.4921875,BTC
2026-09-06 15:00:00+00:00,79450.0,BTC
2026-09-06 15:01:00+00:00,79394.8671875,BTC
2026-09-06 15:02:00+00:00,79480.7109375,BTC
2026-09-06 15:03:00+00:00,79469.9921875,BTC
2026-09-06 15:04:00+00:00,79525.59375,BTC
2026-09-06 15:05:00+00:00,79567.1015625,BTC
2026-09-06 15:06:00+00:00,79522.6875,BTC
2026-09-06 15:07:00+00:00,79537.6171875,BTC
2026-09-06 15:08:00+00:00,79540.8125,BTC
2026-09-06 15:09:00+00:00,79507.4375,BTC
2026-09-06 15:10:00+00:00,79569.5390625,BTC
2026-09-06 15:11:00+00:00,79516.8984375,BTC
2026-09-06 15:12:00+00:00,79528.9765625,BTC
2026-09-06 15:13:00+00:00,79517.2421875,BTC
2026-09-06 15:14:00+00:00,79539.7421875,BTC
2026-09-06 15:15:00+00:00,79589.2265625,BTC
2026-09-06 15:16:00+00:00,79612.0,BTC
2026-09-06 15:17:00+00:00,79580.03125,BTC
2026-09-06 15:18:00+00:00,79586.421875,BTC
2026-09-06 15:19:00+00:00,79604.078125,BTC
2026-09-06 15:20:00+00:00,79621.9765625,BTC
2026-09-06 15:21:00+00:00,79638.7265625,BTC
2026-09-06 15:22:00+00:00,79615.0078125,BTC
2026-09-06 15:23:00+00:00,79625.2265625,BTC
2026-09-06 15:24:00+00:00,79644.4765625,BTC
2026-09-06 15:25:00+00:00,79645.46875,BTC
2026-09-06 15:26:00+00:00,79620.0078125,BTC
2026-09-06 15:27:00+00:00,79626.8125,BTC
2026-09-06 15:28:00+00:00,79623.078125,BTC
2026-09-06 15:29:00+00:00,79633.5234375,BTC
2026-09-06 15:30:00+00:00,79639.53125,BTC
2026-09-06 15:31:00+00:00,79630.421875,BTC
2026-09-06 15:32:00+00:00,79607.296875,BTC
2026-09-06 15:33:00+00:00,79602.0625,BTC
2026-09-06 15:34:00+00:00,79632.3984375,BTC
2026-09-06 15:35:00+00:00,79619.796875,BTC
2026-09-06 15:36:00+00:00,79634.0,BTC
2026-09-06 15:37:00+00:00,79678.890625,BTC
2026-09-06 15:38:00+00:00,79698.71875,BTC
2026-09-06 15:39:00+00:00,79689.953125,BTC
2026-09-06 15:40:00+00:00,79702.5234375,BTC
2026-09-06 15:41:00+00:00,79693.2265625,BTC
2026-09-06 15:42:00+00:00,79700.6015625,BTC
2026-09-06 15:43:00+00:00,79680.671875,BTC
2026-09-06 15:44:00+00:00,79684.8828125,BTC
2026-09-06 15:45:00+00:00,79690.0,BTC
2026-09-06 15:46:00+00:00,79690.0,BTC
2026-09-06 15:47:00+00:00,79686.7421875,BTC
2026-09-06 15:48:00+00:00,79701.6875,BTC
2026-09-06 15:49:00+00:00,79689.8984375,BTC
2026-09-06 15:50:00+00:00,79689.90625,BTC
2026-09-06 15:51:00+00:00,79707.8671875,BTC
2026-09-06 15:52:00+00:00,79709.9765625,BTC
2026-09-06 15:53:00+00:00,79710.7265625,BTC
2026-09-06 15:54:00+00:00,79661.9921875,BTC
2026-09-06 15:55:00+00:00,79658.5078125,BTC
2026-09-06 15:56:00+00:00,79679.2265625,BTC
2026-09-06 15:57:00+00:00,79688.4609375,BTC
2026-09-06 15:58:00+00:00,79721.84375,BTC
2026-09-06 15:59:00+00:00,79707.6484375,BTC
2026-09-06 16:00:00+00:00,79716.609375,BTC
2026-09-06 16:01:00+00:00,79698.5625,BTC
2026-09-06 16:02:00+00:00,79678.7421875,BTC
2026-09-06 16:03:00+00:00,79661.0390625,BTC
2026-09-06 16:04:00+00:00,79604.9375,BTC
2026-09-06 16:05:00+00:00,79641.90625,BTC
2026-09-06 16:06:00+00:00,79634.078125,BTC
2026-09-06 16:07:00+00:00,79628.7265625,BTC
2026-09-06 16:08:00+00:00,79615.296875,BTC
2026-09-06 16:09:00+00:00,79625.3203125,BTC
2026-09-06 16:10:00+00:00,79652.2421875,BTC
2026-09-06 16:11:00+00:00,79714.9765625,BTC
2026-09-06 16:12:00+00:00,79728.7578125,BTC
2026-09-06 16:13:00+00:00,79691.9921875,BTC
2026-09-06 16:14:00+00:00,79692.0,BTC
2026-09-06 16:15:00+00:00,79686.6171875,BTC
2026-09-06 16:16:00+00:00,79699.53125,BTC
2026-09-06 16:17:00+00:00,79697.53125,BTC
2026-09-06 16:18:00+00:00,79683.7578125,BTC
2026-09-06 16:19:00+00:00,79704.578125,BTC
2026-09-06 16:20:00+00:00,79671.3203125,BTC
2026-09-06 16:21:00+00:00,79678.3671875,BTC
2026-09-06 16:22:00+00:00,79677.359375,BTC
2026-09-06 16:23:00+00:00,79666.9921875,BTC
2026-09-06 16:24:00+00:00,79646.9921875,BTC
2026-09-06 16:25:00+00:00,79635.15625,BTC
2026-09-06 16:26:00+00:00,79689.703125,BTC
2026-09-06 16:27:00+00:00,79663.3828125,BTC
2026-09-06 16:28:00+00:00,79724.2421875,BTC
2026-09-06 16:29:00+00:00,79710.0078125,BTC
2026-09-06 16:30:00+00:00,79680.40625,BTC
2026-09-06 16:31:00+00:00,79693.6171875,BTC
2026-09-06 16:32:00+00:00,79757.9765625,BTC
2026-09-06 16:33:00+00:00,79750.2734375,BTC
2026-09-06 16:34:00+00:00,79761.65625,BTC
2026-09-06 16:35:00+00:00,79708.296875,BTC
2026-09-06 16:36:00+00:00,79712.9609375,BTC
2026-09-06 16:37:00+00:00,79700.2734375,BTC
2026-09-06 16:38:00+00:00,79721.9375,BTC
2026-09-06 16:39:00+00:00,79719.140625,BTC
2026-09-06 16:40:00+00:00,79731.1875,BTC
2026-09-06 16:41:00+00:00,79732.296875,BTC
2026-09-06 16:42:00+00:00,79703.8203125,BTC
2026-09-06 16:43:00+00:00,79692.0078125,BTC
2026-09-06 16:44:00+00:00,79721.953125,BTC
2026-09-06 16:45:00+00:00,79690.328125,BTC
2026-09-06 16:46:00+00:00,79692.7265625,BTC
2026-09-06 16:47:00+00:00,79686.6484375,BTC
2026-09-06 16:48:00+00:00,79693.578125,BTC
2026-09-06 16:49:00+00:00,79686.6171875,BTC
2026-09-06 16:50:00+00:00,79698.5390625,BTC
2026-09-06 16:51:00+00:00,79697.4765625,BTC
2026-09-06 16:52:00+00:00,79701.8203125,BTC
2026-09-06 16:53:00+00:00,79711.828125,BTC
2026-09-06 16:54:00+00:00,79700.046875,BTC
2026-09-06 16:55:00+00:00,79683.171875,BTC
2026-09-06 16:56:00+00:00,79657.9921875,BTC
2026-09-06 16:57:00+00:00,79642.8671875,BTC
2026-09-06 16:58:00+00:00,79658.6875,BTC
2026-09-06 16:59:00+00:00,79679.21875,BTC
2026-09-06 17:00:00+00:00,79657.71875,BTC
2026-09-06 17:01:00+00:00,79663.796875,BTC
2026-09-06 17:02:00+00:00,79663.421875,BTC
2026-09-06 17:03:00+00:00,79651.7734375,BTC
2026-09-06 17:04:00+00:00,79644.609375,BTC
2026-09-06 17:05:00+00:00,79638.1171875,BTC
2026-09-06 17:06:00+00:00,79651.7578125,BTC
2026-09-06 17:07:00+00:00,79662.34375,BTC
2026-09-06 17:08:00+00:00,79624.4765625,BTC
2026-09-06 17:09:00+00:00,79585.8984375,BTC
2026-09-06 17:10:00+00:00,79596.6015625,BTC
2026-09-06 17:11:00+00:00,79619.9921875,BTC
2026-09-06 17:12:00+00:00,79610.796875,BTC
2026-09-06 17:13:00+00:00,79619.5390625,BTC
2026-09-06 17:14:00+00:00,79625.2421875,BTC
2026-09-06 17:15:00+00:00,79634.2265625,BTC
2026-09-06 17:16:00+00:00,79655.75,BTC
2026-09-06 17:17:00+00:00,79667.9921875,BTC
2026-09-06 17:18:00+00:00,79685.9765625,BTC
2026-09-06 17:19:00+00:00,79720.2421875,BTC
2026-09-06 17:20:00+00:00,79680.3203125,BTC
2026-09-06 17:21:00+00:00,79692.7265625,BTC
2026-09-06 17:22:00+00:00,79692.7421875,BTC
2026-09-06 17:23:00+00:00,79714.8984375,BTC
2026-09-06 17:24:00+00:00,79722.4296875,BTC
2026-09-06 17:25:00+00:00,79740.2109375,BTC
2026-09-06 17:26:00+00:00,79722.390625,BTC
2026-09-06 17:27:00+00:00,79703.78125,BTC
2026-09-06 17:28:00+00:00,79688.421875,BTC
2026-09-06 17:29:00+00:00,79686.4921875,BTC
2026-09-06 17:30:00+00:00,79670.0,BTC
2026-09-06 17:31:00+00:00,79681.4296875,BTC
2026-09-06 17:32:00+00:00,79719.9921875,BTC
2026-09-06 17:33:00+00:00,79751.2265625,BTC
2026-09-06 17:34:00+00:00,79700.3125,BTC
2026-09-06 17:35:00+00:00,79717.5234375,BTC
2026-09-06 17:36:00+00:00,79731.6875,BTC
2026-09-06 17:37:00+00:00,79738.2734375,BTC
2026-09-06 17:38:00+00:00,79731.703125,BTC
2026-09-06 17:39:00+00:00,79745.5,BTC
2026-09-06 17:40:00+00:00,79738.546875,BTC
2026-09-06 17:41:00+00:00,79747.8984375,BTC
2026-09-06 17:42:00+00:00,79747.7265625,BTC
2026-09-06 17:43:00+00:00,79745.21875,BTC
2026-09-06 17:44:00+00:00,79737.2109375,BTC
2026-09-06 17:45:00+00:00,79731.03125,BTC
2026-09-06 17:46:00+00:00,79731.03125,BTC
2026-09-06 17:47:00+00:00,79733.7421875,BTC
2026-09-06 17:48:00+00:00,79733.359375,BTC
2026-09-06 17:49:00+00:00,79730.703125,BTC
2026-09-06 17:50:00+00:00,79734.8984375,BTC
2026-09-06 17:51:00+00:00,79756.296875,BTC
2026-09-06 17:52:00+00:00,79737.0078125,BTC
2026-09-06 17:53:00+00:00,79738.3984375,BTC
2026-09-06 17:54:00+00:00,79739.8828125,BTC
2026-09-06 17:55:00+00:00,79733.25,BTC
2026-09-06 17:56:00+00:00,79742.3203125,BTC
2026-09-06 17:57:00+00:00,79760.921875,BTC
2026-09-06 17:58:00+00:00,79730.71875,BTC
2026-09-06 17:59:00+00:00,79741.1875,BTC
2026-09-06 18:00:00+00:00,79753.4765625,BTC
2026-09-06 18:01:00+00:00,79750.921875,BTC
2026-09-06 18:02:00+00:00,79776.2890625,BTC
2026-09-06 18:03:00+00:00,79776.640625,BTC
2026-09-06 18:04:00+00:00,79776.078125,BTC
2026-09-06 18:05:00+00:00,79816.4765625,BTC
2026-09-06 18:06:00+00:00,79807.8125,BTC
2026-09-06 18:07:00+00:00,79823.9765625,BTC
2026-09-06 18:08:00+00:00,79828.78125,BTC
2026-09-06 18:09:00+00:00,79826.171875,BTC
2026-09-06 18:10:00+00:00,79823.8828125,BTC
2026-09-06 18:11:00+00:00,79819.40625,BTC
2026-09-06 18:12:00+00:00,79851.9765625,BTC
2026-09-06 18:13:00+00:00,79856.9765625,BTC
2026-09-06 18:14:00+00:00,79846.5390625,BTC
2026-09-06 18:15:00+00:00,79826.7265625,BTC
2026-09-06 18:16:00+00:00,79845.7265625,BTC
2026-09-06 18:17:00+00:00,79856.9765625,BTC
2026-09-06 18:18:00+00:00,79850.0,BTC
2026-09-06 18:19:00+00:00,79850.390625,BTC
2026-09-06 18:20:00+00:00,79886.34375,BTC
2026-09-06 18:21:00+00:00,79884.7109375,BTC
2026-09-06 18:22:00+00:00,79887.2109375,BTC
2026-09-06 18:23:00+00:00,79874.359375,BTC
2026-09-06 18:24:00+00:00,79884.25,BTC
2026-09-06 18:25:00+00:00,79882.0,BTC
2026-09-06 18:26:00+00:00,79869.9375,BTC
2026-09-06 18:27:00+00:00,79873.0703125,BTC
2026-09-06 18:28:00+00:00,79884.390625,BTC
2026-09-06 18:29:00+00:00,79915.4765625,BTC
2026-09-06 18:30:00+00:00,79915.4765625,BTC
2026-09-06 18:31:00+00:00,79924.5,BTC
2026-09-06 18:32:00+00:00,79937.0625,BTC
2026-09-06 18:33:00+00:00,79937.1328125,BTC
2026-09-06 18:34:00+00:00,79928.359375,BTC
2026-09-06 18:35:00+00:00,79947.0,BTC
2026-09-06 18:36:00+00:00,79946.9921875,BTC
2026-09-06 18:37:00+00:00,79944.5625,BTC
2026-09-06 18:38:00+00:00,79946.96875,BTC
2026-09-06 18:39:00+00:00,79940.53125,BTC
2026-09-06 18:40:00+00:00,79956.3203125,BTC
2026-09-06 18:41:00+00:00,79942.0078125,BTC
2026-09-06 18:42:00+00:00,79934.9921875,BTC
2026-09-06 18:43:00+00:00,79942.0078125,BTC
2026-09-06 18:44:00+00:00,79930.6015625,BTC
2026-09-06 18:45:00+00:00,79921.8203125,BTC
2026-09-06 18:46:00+00:00,79919.9921875,BTC
2026-09-06 18:47:00+00:00,79910.0,BTC
2026-09-06 18:48:00+00:00,79915.203125,BTC
2026-09-06 18:49:00+00:00,79922.2265625,BTC
2026-09-06 18:50:00+00:00,79913.21875,BTC
2026-09-06 18:51:00+00:00,79935.796875,BTC
2026-09-06 18:52:00+00:00,79919.3203125,BTC
2026-09-06 18:53:00+00:00,79916.0703125,BTC
2026-09-06 18:54:00+00:00,79916.9921875,BTC
2026-09-06 18:55:00+00:00,79916.9921875,BTC
2026-09-06 18:56:00+00:00,79921.3203125,BTC
2026-09-06 18:57:00+00:00,79912.4375,BTC
2026-09-06 18:58:00+00:00,79953.2734375,BTC
2026-09-06 18:59:00+00:00,79941.8828125,BTC
2026-09-06 19:00:00+00:00,79919.84375,BTC
2026-09-06 19:01:00+00:00,79905.7578125,BTC
2026-09-06 19:02:00+00:00,79896.0078125,BTC
2026-09-06 19:03:00+00:00,79890.0234375,BTC
2026-09-06 19:04:00+00:00,79896.0234375,BTC
2026-09-06 19:05:00+00:00,79894.5703125,BTC
2026-09-06 19:06:00+00:00,79879.671875,BTC
2026-09-06 19:07:00+00:00,79862.828125,BTC
2026-09-06 19:08:00+00:00,79863.390625,BTC
2026-09-06 19:09:00+00:00,79868.9921875,BTC
2026-09-06 19:10:00+00:00,79859.96875,BTC
2026-09-06 19:11:00+00:00,79867.46875,BTC
2026-09-06 19:12:00+00:00,79868.9765625,BTC
2026-09-06 19:13:00+00:00,79861.421875,BTC
2026-09-06 19:14:00+00:00,79855.1484375,BTC
2026-09-06 19:15:00+00:00,79858.71875,BTC
2026-09-06 19:16:00+00:00,79858.7109375,BTC
2026-09-06 19:17:00+00:00,79858.8125,BTC
2026-09-06 19:18:00+00:00,79850.390625,BTC
2026-09-06 19:19:00+00:00,79841.9609375,BTC
2026-09-06 19:20:00+00:00,79846.046875,BTC
2026-09-06 19:21:00+00:00,79823.2421875,BTC
2026-09-06 19:22:00+00:00,79816.4765625,BTC
2026-09-06 19:23:00+00:00,79843.0234375,BTC
2026-09-06 19:24:00+00:00,79855.4921875,BTC
2026-09-06 19:25:00+00:00,79848.4765625,BTC
2026-09-06 19:26:00+00:00,79852.5078125,BTC
2026-09-06 19:27:00+00:00,79841.2734375,BTC
2026-09-06 19:28:00+00:00,79838.84375,BTC
2026-09-06 19:29:00+00:00,79845.9921875,BTC
2026-09-06 19:30:00+00:00,79828.21875,BTC
2026-09-06 19:31:00+00:00,79827.1328125,BTC
2026-09-06 19:32:00+00:00,79825.3828125,BTC
2026-09-06 19:33:00+00:00,79826.96875,BTC
2026-09-06 19:34:00+00:00,79826.96875,BTC
2026-09-06 19:35:00+00:00,79812.0078125,BTC
2026-09-06 19:36:00+00:00,79804.96875,BTC
2026-09-06 19:37:00+00:00,79800.8515625,BTC
2026-09-06 19:38:00+00:00,79811.0234375,BTC
2026-09-06 19:39:00+00:00,79803.1328125,BTC
2026-09-06 19:40:00+00:00,79800.8515625,BTC
2026-09-06 19:41:00+00:00,79803.9609375,BTC
2026-09-06 19:42:00+00:00,79804.796875,BTC
2026-09-06 19:43:00+00:00,79802.7578125,BTC
2026-09-06 19:44:00+00:00,79798.4921875,BTC
2026-09-06 19:45:00+00:00,79804.78125,BTC
2026-09-06 19:46:00+00:00,79810.6875,BTC
2026-09-06 19:47:00+00:00,79811.9765625,BTC
2026-09-06 19:48:00+00:00,79808.4609375,BTC
2026-09-06 19:49:00+00:00,79810.8828125,BTC
2026-09-06 19:50:00+00:00,79811.96875,BTC
2026-09-06 19:51:00+00:00,79812.0078125,BTC
2026-09-06 19:52:00+00:00,79812.109375,BTC
2026-09-06 19:53:00+00:00,79812.65625,BTC
2026-09-06 19:54:00+00:00,79809.4921875,BTC
2026-09-06 19:55:00+00:00,79811.5390625,BTC
2026-09-06 19:56:00+00:00,79807.3984375,BTC
2026-09-06 19:57:00+00:00,79803.296875,BTC
2026-09-06 19:58:00+00:00,79798.4765625,BTC
2026-09-06 19:59:00+00:00,79829.9765625,BTC
2026-09-06 20:00:00+00:00,79814.25,BTC
2026-09-06 20:01:00+00:00,79814.2421875,BTC
2026-09-06 20:02:00+00:00,79819.6796875,BTC
2026-09-06 20:03:00+00:00,79818.0078125,BTC
2026-09-06 20:04:00+00:00,79797.78125,BTC
2026-09-06 20:05:00+00:00,79795.7421875,BTC
2026-09-06 20:06:00+00:00,79793.2109375,BTC
2026-09-06 20:07:00+00:00,79778.546875,BTC
2026-09-06 20:08:00+00:00,79774.21875,BTC
2026-09-06 20:09:00+00:00,79774.21875,BTC
2026-09-06 20:10:00+00:00,79787.9921875,BTC
2026-09-06 20:11:00+00:00,79787.1875,BTC
2026-09-06 20:12:00+00:00,79786.078125,BTC
2026-09-06 20:13:00+00:00,79797.1796875,BTC
2026-09-06 20:14:00+00:00,79805.7421875,BTC
2026-09-06 20:15:00+00:00,79805.7421875,BTC
2026-09-06 20:16:00+00:00,79805.7421875,BTC
2026-09-06 20:17:00+00:00,79809.9921875,BTC
2026-09-06 20:18:00+00:00,79805.75,BTC
2026-09-06 20:19:00+00:00,79836.7421875,BTC
2026-09-06 20:20:00+00:00,79889.8984375,BTC
2026-09-06 20:21:00+00:00,79914.8203125,BTC
2026-09-06 20:22:00+00:00,79915.4765625,BTC
2026-09-06 20:23:00+00:00,79949.9609375,BTC
2026-09-06 20:24:00+00:00,79914.953125,BTC
2026-09-06 20:25:00+00:00,79929.28125,BTC
2026-09-06 20:26:00+00:00,79920.75,BTC
2026-09-06 20:27:00+00:00,79919.40625,BTC
2026-09-06 20:28:00+00:00,79921.6796875,BTC
2026-09-06 20:29:00+00:00,79929.75,BTC
2026-09-06 20:30:00+00:00,79926.7109375,BTC
2026-09-06 20:31:00+00:00,79940.2578125,BTC
2026-09-06 20:32:00+00:00,79946.8515625,BTC
2026-09-06 20:33:00+00:00,79946.2109375,BTC
2026-09-06 20:34:00+00:00,79946.421875,BTC
2026-09-06 20:35:00+00:00,79935.0703125,BTC
2026-09-06 20:36:00+00:00,79962.8203125,BTC
2026-09-06 20:37:00+00:00,79936.0390625,BTC
2026-09-06 20:38:00+00:00,79934.84375,BTC
2026-09-06 20:39:00+00:00,79937.1796875,BTC
2026-09-06 20:40:00+00:00,79901.8671875,BTC
2026-09-06 20:41:00+00:00,79908.7109375,BTC
2026-09-06 20:42:00+00:00,79905.90625,BTC
2026-09-06 20:43:00+00:00,79922.1328125,BTC
2026-09-06 20:44:00+00:00,79947.9375,BTC
2026-09-06 20:45:00+00:00,79962.9765625,BTC
2026-09-06 20:46:00+00:00,79969.9609375,BTC
2026-09-06 20:47:00+00:00,79929.8203125,BTC
2026-09-06 20:48:00+00:00,79919.3125,BTC
2026-09-06 20:49:00+00:00,79923.71875,BTC
2026-09-06 20:50:00+00:00,79925.84375,BTC
2026-09-06 20:51:00+00:00,79937.9765625,BTC
2026-09-06 20:52:00+00:00,79907.296875,BTC
2026-09-06 20:53:00+00:00,79894.0625,BTC
2026-09-06 20:54:00+00:00,79894.0625,BTC
2026-09-06 20:55:00+00:00,79894.046875,BTC
2026-09-06 20:56:00+00:00,79888.390625,BTC
2026-09-06 20:57:00+00:00,79891.0625,BTC
2026-09-06 20:58:00+00:00,79895.2421875,BTC
2026-09-06 20:59:00+00:00,79892.2578125,BTC
2026-09-06 21:00:00+00:00,79928.203125,BTC
2026-09-06 21:01:00+00:00,79958.25,BTC
2026-09-06 21:02:00+00:00,79960.25,BTC
2026-09-06 21:03:00+00:00,79961.96875,BTC
2026-09-06 21:04:00+00:00,79967.0703125,BTC
2026-09-06 21:05:00+00:00,79969.546875,BTC
2026-09-06 21:06:00+00:00,79932.453125,BTC
2026-09-06 21:07:00+00:00,79942.4765625,BTC
2026-09-06 21:08:00+00:00,79991.4609375,BTC
2026-09-06 21:09:00+00:00,79976.3203125,BTC
2026-09-06 21:10:00+00:00,79992.671875,BTC
2026-09-06 21:11:00+00:00,79993.640625,BTC
2026-09-06 21:12:00+00:00,79981.140625,BTC
2026-09-06 21:13:00+00:00,79995.71875,BTC
2026-09-06 21:14:00+00:00,79997.9296875,BTC
2026-09-06 21:15:00+00:00,79985.4375,BTC
2026-09-06 21:16:00+00:00,80028.8984375,BTC
2026-09-06 21:17:00+00:00,80016.296875,BTC
2026-09-06 21:18:00+00:00,80028.0703125,BTC
2026-09-06 21:19:00+00:00,80003.6015625,BTC
2026-09-06 21:20:00+00:00,79984.6328125,BTC
2026-09-06 21:21:00+00:00,79932.84375,BTC
2026-09-06 21:22:00+00:00,79931.609375,BTC
2026-09-06 21:23:00+00:00,79934.3671875,BTC
2026-09-06 21:24:00+00:00,79949.2421875,BTC
2026-09-06 21:25:00+00:00,79981.59375,BTC
2026-09-06 21:26:00+00:00,79949.78125,BTC
2026-09-06 21:27:00+00:00,79922.921875,BTC
2026-09-06 21:28:00+00:00,79915.0,BTC
2026-09-06 21:29:00+00:00,79895.8515625,BTC
2026-09-06 21:30:00+00:00,79889.8984375,BTC
2026-09-06 21:31:00+00:00,79899.046875,BTC
2026-09-06 21:32:00+00:00,79899.9765625,BTC
2026-09-06 21:33:00+00:00,79894.5078125,BTC
2026-09-06 21:34:00+00:00,79900.0,BTC
2026-09-06 21:35:00+00:00,79903.7734375,BTC
2026-09-06 21:36:00+00:00,79909.0390625,BTC
2026-09-06 21:37:00+00:00,79906.859375,BTC
2026-09-06 21:38:00+00:00,79888.9921875,BTC
2026-09-06 21:39:00+00:00,79894.640625,BTC
2026-09-06 21:40:00+00:00,79894.9921875,BTC
2026-09-06 21:41:00+00:00,79917.546875,BTC
2026-09-06 21:42:00+00:00,79940.1328125,BTC
2026-09-06 21:43:00+00:00,79933.7109375,BTC
2026-09-06 21:44:00+00:00,79908.1875,BTC
2026-09-06 21:45:00+00:00,79987.28125,BTC
2026-09-06 21:46:00+00:00,79977.1484375,BTC
2026-09-06 21:47:00+00:00,79984.2578125,BTC
2026-09-06 21:48:00+00:00,79951.8984375,BTC
2026-09-06 21:49:00+00:00,79946.890625,BTC
2026-09-06 21:50:00+00:00,79928.828125,BTC
2026-09-06 21:51:00+00:00,79915.3984375,BTC
2026-09-06 21:52:00+00:00,79915.921875,BTC
2026-09-06 21:53:00+00:00,79931.2265625,BTC
2026-09-06 21:54:00+00:00,79946.296875,BTC
2026-09-06 21:55:00+00:00,79935.59375,BTC
2026-09-06 21:56:00+00:00,79910.28125,BTC
2026-09-06 21:57:00+00:00,79942.390625,BTC
2026-09-06 21:58:00+00:00,79944.6328125,BTC
2026-09-06 21:59:00+00:00,79945.15625,BTC
2026-09-06 22:00:00+00:00,79910.09375,BTC
2026-09-06 22:01:00+00:00,79914.09375,BTC
2026-09-06 22:02:00+00:00,79826.5078125,BTC
2026-09-06 22:03:00+00:00,79824.671875,BTC
2026-09-06 22:04:00+00:00,79829.9921875,BTC
2026-09-06 22:05:00+00:00,79870.359375,BTC
2026-09-06 22:06:00+00:00,79843.1328125,BTC
2026-09-06 22:07:00+00:00,79760.1484375,BTC
2026-09-06 22:08:00+00:00,79758.1796875,BTC
2026-09-06 22:09:00+00:00,79685.5703125,BTC
2026-09-06 22:10:00+00:00,79708.671875,BTC
2026-09-06 22:11:00+00:00,79757.578125,BTC
2026-09-06 22:12:00+00:00,79700.28125,BTC
2026-09-06 22:13:00+00:00,79726.9921875,BTC
2026-09-06 22:14:00+00:00,79750.328125,BTC
2026-09-06 22:15:00+00:00,79766.578125,BTC
2026-09-06 22:16:00+00:00,79715.546875,BTC
2026-09-06 22:17:00+00:00,79709.75,BTC
2026-09-06 22:18:00+00:00,79673.703125,BTC
2026-09-06 22:19:00+00:00,79640.9921875,BTC
2026-09-06 22:20:00+00:00,79655.6796875,BTC
2026-09-06 22:21:00+00:00,79683.0,BTC
2026-09-06 22:22:00+00:00,79700.203125,BTC
2026-09-06 22:23:00+00:00,79720.2421875,BTC
2026-09-06 22:24:00+00:00,79735.296875,BTC
2026-09-06 22:25:00+00:00,79757.953125,BTC
2026-09-06 22:26:00+00:00,79816.4765625,BTC
2026-09-06 22:27:00+00:00,79789.703125,BTC
2026-09-06 22:28:00+00:00,79802.1875,BTC
2026-09-06 22:29:00+00:00,79819.90625,BTC
2026-09-06 22:30:00+00:00,79815.2109375,BTC
2026-09-06 22:31:00+00:00,79870.0078125,BTC
2026-09-06 22:32:00+00:00,79872.546875,BTC
2026-09-06 22:33:00+00:00,79906.4296875,BTC
2026-09-06 22:34:00+00:00,79948.2734375,BTC
2026-09-06 22:35:00+00:00,79952.5,BTC
2026-09-06 22:36:00+00:00,80000.0,BTC
2026-09-06 22:37:00+00:00,79985.7265625,BTC
2026-09-06 22:38:00+00:00,79976.9921875,BTC
2026-09-06 22:39:00+00:00,79950.3984375,BTC
2026-09-06 22:40:00+00:00,79950.2578125,BTC
2026-09-06 22:41:00+00:00,79962.640625,BTC
2026-09-06 22:42:00+00:00,79951.921875,BTC
2026-09-06 22:43:00+00:00,79944.8984375,BTC
2026-09-06 22:44:00+00:00,79974.9609375,BTC
2026-09-06 22:45:00+00:00,79954.171875,BTC
2026-09-06 22:46:00+00:00,79955.3828125,BTC
2026-09-06 22:47:00+00:00,79949.4609375,BTC
2026-09-06 22:48:00+00:00,79965.390625,BTC
2026-09-06 22:49:00+00:00,79997.890625,BTC
2026-09-06 22:50:00+00:00,80006.6484375,BTC
2026-09-06 22:51:00+00:00,80005.0,BTC
2026-09-06 22:52:00+00:00,80023.609375,BTC
2026-09-06 22:53:00+00:00,80013.0234375,BTC
2026-09-06 22:54:00+00:00,80024.390625,BTC
2026-09-06 22:55:00+00:00,80046.6015625,BTC
2026-09-06 22:56:00+00:00,80088.0078125,BTC
2026-09-06 22:57:00+00:00,80010.140625,BTC
2026-09-06 22:58:00+00:00,80059.5625,BTC
2026-09-06 22:59:00+00:00,80048.7421875,BTC
2026-09-06 23:00:00+00:00,80052.2734375,BTC
2026-09-06 23:01:00+00:00,80068.1875,BTC
2026-09-06 23:02:00+00:00,80096.5,BTC
2026-09-06 23:03:00+00:00,80282.359375,BTC
2026-09-06 23:04:00+00:00,80210.9921875,BTC
2026-09-06 23:05:00+00:00,80182.4609375,BTC
2026-09-06 23:06:00+00:00,80138.9921875,BTC
2026-09-06 23:07:00+00:00,80159.359375,BTC
2026-09-06 23:08:00+00:00,80175.2890625,BTC
2026-09-06 23:09:00+00:00,80237.2265625,BTC
2026-09-06 23:10:00+00:00,80202.0078125,BTC
2026-09-06 23:11:00+00:00,80189.296875,BTC
2026-09-06 23:12:00+00:00,80189.3125,BTC
2026-09-06 23:13:00+00:00,80196.0078125,BTC
2026-09-06 23:14:00+00:00,80179.3515625,BTC
2026-09-06 23:15:00+00:00,80153.71875,BTC
2026-09-06 23:16:00+00:00,80165.3125,BTC
2026-09-06 23:17:00+00:00,80196.9765625,BTC
2026-09-06 23:18:00+00:00,80242.3671875,BTC
2026-09-06 23:19:00+00:00,80256.890625,BTC
2026-09-06 23:20:00+00:00,80229.21875,BTC
2026-09-06 23:21:00+00:00,80172.0078125,BTC
2026-09-06 23:22:00+00:00,80201.5703125,BTC
2026-09-06 23:23:00+00:00,80167.53125,BTC
2026-09-06 23:24:00+00:00,80137.5625,BTC
2026-09-06 23:25:00+00:00,80100.2890625,BTC
2026-09-06 23:26:00+00:00,80174.9921875,BTC
2026-09-06 23:27:00+00:00,80162.15625,BTC
2026-09-06 23:28:00+00:00,80142.59375,BTC
2026-09-06 23:29:00+00:00,80125.6796875,BTC
2026-09-06 23:30:00+00:00,80153.9765625,BTC
2026-09-06 23:31:00+00:00,80158.5625,BTC
2026-09-06 23:32:00+00:00,80191.9765625,BTC
2026-09-06 23:33:00+00:00,80179.328125,BTC
2026-09-06 23:34:00+00:00,80214.0078125,BTC
2026-09-06 23:35:00+00:00,80222.609375,BTC
2026-09-06 23:36:00+00:00,80295.7578125,BTC
2026-09-06 23:37:00+00:00,80313.8984375,BTC
2026-09-06 23:38:00+00:00,80432.0078125,BTC
2026-09-06 23:39:00+00:00,80420.2421875,BTC
2026-09-06 23:40:00+00:00,80360.2265625,BTC
2026-09-06 23:41:00+00:00,80389.171875,BTC
2026-09-06 23:42:00+00:00,80446.9765625,BTC
2026-09-06 23:43:00+00:00,80427.84375,BTC
2026-09-06 23:44:00+00:00,80381.75,BTC
2026-09-06 23:45:00+00:00,80441.9765625,BTC
2026-09-06 23:46:00+00:00,80527.390625,BTC
2026-09-06 23:47:00+00:00,80441.859375,BTC
2026-09-06 23:48:00+00:00,80427.2734375,BTC
2026-09-06 23:49:00+00:00,80510.7734375,BTC
2026-09-06 23:50:00+00:00,80453.6015625,BTC
2026-09-06 23:51:00+00:00,80409.75,BTC
2026-09-06 23:52:00+00:00,80400.0,BTC
2026-09-06 23:53:00+00:00,80403.5234375,BTC
2026-09-06 23:54:00+00:00,80407.3984375,BTC
2026-09-06 23:55:00+00:00,80351.5234375,BTC
2026-09-06 23:56:00+00:00,80334.0390625,BTC
2026-09-06 23:57:00+00:00,80352.359375,BTC
2026-09-06 23:58:00+00:00,80341.0234375,BTC
2026-09-07 00:00:00+00:00,80243.7578125,BTC
2026-09-07 00:01:00+00:00,80295.7421875,BTC
2026-09-07 00:02:00+00:00,80343.25,BTC
2026-09-07 00:03:00+00:00,80340.0,BTC
2026-09-07 00:04:00+00:00,80315.109375,BTC
2026-09-07 00:05:00+00:00,80426.9921875,BTC
2026-09-07 00:06:00+00:00,80385.0625,BTC
2026-09-07 00:07:00+00:00,80341.59375,BTC
2026-09-07 00:08:00+00:00,80385.4765625,BTC
2026-09-07 00:09:00+00:00,80383.203125,BTC
2026-09-07 00:10:00+00:00,80360.7109375,BTC
2026-09-07 00:11:00+00:00,80347.1796875,BTC
2026-09-07 00:12:00+00:00,80320.0625,BTC
2026-09-07 00:13:00+00:00,80350.9921875,BTC
2026-09-07 00:14:00+00:00,80331.046875,BTC
2026-09-07 00:15:00+00:00,80276.2890625,BTC
2026-09-07 00:16:00+00:00,80265.1328125,BTC
2026-09-07 00:17:00+00:00,80210.9765625,BTC
2026-09-07 00:18:00+00:00,80191.453125,BTC
2026-09-07 00:19:00+00:00,80087.421875,BTC
2026-09-07 00:20:00+00:00,80102.2265625,BTC
2026-09-07 00:21:00+00:00,80173.0234375,BTC
2026-09-07 00:22:00+00:00,80189.7734375,BTC
2026-09-07 00:23:00+00:00,80163.171875,BTC
2026-09-07 00:24:00+00:00,80176.109375,BTC
2026-09-07 00:25:00+00:00,80169.328125,BTC
2026-09-07 00:26:00+00:00,80201.0390625,BTC
2026-09-07 00:27:00+00:00,80216.0625,BTC
2026-09-07 00:28:00+00:00,80192.0234375,BTC
2026-09-07 00:29:00+00:00,80199.4609375,BTC
2026-09-07 00:30:00+00:00,80249.2421875,BTC
2026-09-07 00:31:00+00:00,80222.6171875,BTC
2026-09-07 00:32:00+00:00,80207.25,BTC
2026-09-07 00:33:00+00:00,80180.0078125,BTC
2026-09-07 00:34:00+00:00,80149.3828125,BTC
2026-09-07 00:35:00+00:00,80165.2109375,BTC
2026-09-07 00:36:00+00:00,80163.078125,BTC
2026-09-07 00:37:00+00:00,80139.3984375,BTC
2026-09-07 00:38:00+00:00,80103.4609375,BTC
2026-09-07 00:39:00+00:00,80150.7890625,BTC
2026-09-07 00:40:00+00:00,80113.359375,BTC
2026-09-07 00:41:00+00:00,80116.34375,BTC
2026-09-07 00:42:00+00:00,80145.6875,BTC
2026-09-07 00:43:00+00:00,80144.25,BTC
2026-09-07 00:44:00+00:00,80135.9921875,BTC
2026-09-07 00:45:00+00:00,80139.390625,BTC
2026-09-07 00:46:00+00:00,80114.2265625,BTC
2026-09-07 00:47:00+00:00,80163.59375,BTC
2026-09-07 00:48:00+00:00,80123.7265625,BTC
2026-09-07 00:49:00+00:00,80150.9609375,BTC
2026-09-07 00:50:00+00:00,80115.3671875,BTC
2026-09-07 00:51:00+00:00,80131.21875,BTC
2026-09-07 00:52:00+00:00,80161.390625,BTC
2026-09-07 00:53:00+00:00,80129.421875,BTC
2026-09-07 00:54:00+00:00,80149.359375,BTC
2026-09-07 00:55:00+00:00,80168.546875,BTC
2026-09-07 00:56:00+00:00,80124.4296875,BTC
2026-09-07 00:57:00+00:00,80071.21875,BTC
2026-09-07 00:58:00+00:00,80085.671875,BTC
2026-09-07 00:59:00+00:00,80148.0078125,BTC
2026-09-07 01:00:00+00:00,80115.921875,BTC
2026-09-07 01:01:00+00:00,80140.0,BTC
2026-09-07 01:02:00+00:00,80206.15625,BTC
2026-09-07 01:03:00+00:00,80194.4375,BTC
2026-09-07 01:04:00+00:00,80217.2578125,BTC
2026-09-07 01:05:00+00:00,80139.3984375,BTC
2026-09-07 01:06:00+00:00,80089.5078125,BTC
2026-09-07 01:07:00+00:00,80058.8671875,BTC
2026-09-07 01:08:00+00:00,80029.6171875,BTC
2026-09-07 01:09:00+00:00,79980.0,BTC
2026-09-07 01:10:00+00:00,79978.2421875,BTC
2026-09-07 01:11:00+00:00,80041.1015625,BTC
2026-09-07 01:12:00+00:00,79958.9921875,BTC
2026-09-07 01:13:00+00:00,79952.25,BTC
2026-09-07 01:14:00+00:00,79955.9921875,BTC
2026-09-07 01:15:00+00:00,79889.890625,BTC
2026-09-07 01:16:00+00:00,79927.640625,BTC
2026-09-07 01:17:00+00:00,79991.5625,BTC
2026-09-07 01:18:00+00:00,80003.9765625,BTC
2026-09-07 01:19:00+00:00,79915.4921875,BTC
2026-09-07 01:20:00+00:00,79861.7734375,BTC
2026-09-07 01:21:00+00:00,79908.9921875,BTC
2026-09-07 01:22:00+00:00,79951.2890625,BTC
2026-09-07 01:23:00+00:00,79919.53125,BTC
2026-09-07 01:24:00+00:00,79915.953125,BTC
2026-09-07 01:25:00+00:00,79864.4296875,BTC
2026-09-07 01:26:00+00:00,79844.7734375,BTC
2026-09-07 01:27:00+00:00,79887.890625,BTC
2026-09-07 01:28:00+00:00,79924.296875,BTC
2026-09-07 01:29:00+00:00,79919.84375,BTC
2026-09-07 01:30:00+00:00,79902.34375,BTC
2026-09-07 01:31:00+00:00,79928.9921875,BTC
2026-09-07 01:32:00+00:00,79939.0078125,BTC
2026-09-07 01:33:00+00:00,79944.0234375,BTC
2026-09-07 01:34:00+00:00,79961.9921875,BTC
2026-09-07 01:35:00+00:00,79938.0,BTC
2026-09-07 01:36:00+00:00,79922.7890625,BTC
2026-09-07 01:37:00+00:00,79934.9921875,BTC
2026-09-07 01:38:00+00:00,79915.3984375,BTC
2026-09-07 01:39:00+00:00,79884.0,BTC
2026-09-07 01:40:00+00:00,79876.7734375,BTC
2026-09-07 01:41:00+00:00,79836.828125,BTC
2026-09-07 01:42:00+00:00,79867.9921875,BTC
2026-09-07 01:43:00+00:00,79828.71875,BTC
2026-09-07 01:44:00+00:00,79846.4921875,BTC
2026-09-07 01:45:00+00:00,79884.046875,BTC
2026-09-07 01:46:00+00:00,79868.1875,BTC
2026-09-07 01:47:00+00:00,79878.9375,BTC
2026-09-07 01:48:00+00:00,79832.9296875,BTC
2026-09-07 01:49:00+00:00,79847.640625,BTC
2026-09-07 01:50:00+00:00,79863.828125,BTC
2026-09-07 01:51:00+00:00,79890.4296875,BTC
2026-09-07 01:52:00+00:00,79903.390625,BTC
2026-09-07 01:53:00+00:00,79923.7578125,BTC
2026-09-07 01:54:00+00:00,79913.390625,BTC
2026-09-07 01:55:00+00:00,79958.9296875,BTC
2026-09-07 01:56:00+00:00,79930.3671875,BTC
2026-09-07 01:57:00+00:00,79939.796875,BTC
2026-09-07 01:58:00+00:00,79922.140625,BTC
2026-09-07 01:59:00+00:00,79923.046875,BTC
2026-09-07 02:00:00+00:00,79915.4609375,BTC
2026-09-07 02:01:00+00:00,79927.7890625,BTC
2026-09-07 02:02:00+00:00,79906.9296875,BTC
2026-09-07 02:03:00+00:00,79894.2890625,BTC
2026-09-07 02:04:00+00:00,79879.921875,BTC
2026-09-07 02:05:00+00:00,79867.109375,BTC
2026-09-07 02:06:00+00:00,79851.1171875,BTC
2026-09-07 02:07:00+00:00,79814.9921875,BTC
2026-09-07 02:08:00+00:00,79838.9765625,BTC
2026-09-07 02:09:00+00:00,79798.2890625,BTC
2026-09-07 02:10:00+00:00,79806.328125,BTC
2026-09-07 02:11:00+00:00,79824.7578125,BTC
2026-09-07 02:12:00+00:00,79823.6328125,BTC
2026-09-07 02:13:00+00:00,79791.6015625,BTC
2026-09-07 02:14:00+00:00,79823.546875,BTC
2026-09-07 02:15:00+00:00,79835.9765625,BTC
2026-09-07 02:16:00+00:00,79853.9765625,BTC
2026-09-07 02:17:00+00:00,79869.9375,BTC
2026-09-07 02:18:00+00:00,79932.0078125,BTC
2026-09-07 02:19:00+00:00,79948.40625,BTC
2026-09-07 02:20:00+00:00,79966.84375,BTC
2026-09-07 02:21:00+00:00,79943.25,BTC
2026-09-07 02:22:00+00:00,79936.09375,BTC
2026-09-07 02:23:00+00:00,79917.171875,BTC
2026-09-07 02:24:00+00:00,79956.328125,BTC
2026-09-07 02:25:00+00:00,79964.7265625,BTC
2026-09-07 02:26:00+00:00,79969.7421875,BTC
2026-09-07 02:27:00+00:00,79988.71875,BTC
2026-09-07 02:28:00+00:00,80014.9921875,BTC
2026-09-07 02:29:00+00:00,80013.2109375,BTC
2026-09-07 02:30:00+00:00,80039.5390625,BTC
2026-09-07 02:31:00+00:00,80042.9921875,BTC
2026-09-07 02:32:00+00:00,80009.6328125,BTC
2026-09-07 02:33:00+00:00,80001.796875,BTC
2026-09-07 02:34:00+00:00,79998.71875,BTC
2026-09-07 02:35:00+00:00,80078.7734375,BTC
2026-09-07 02:36:00+00:00,80123.890625,BTC
2026-09-07 02:37:00+00:00,80138.4375,BTC
2026-09-07 02:38:00+00:00,80255.0,BTC
2026-09-07 02:39:00+00:00,80387.5625,BTC
2026-09-07 02:40:00+00:00,80329.0078125,BTC
2026-09-07 02:41:00+00:00,80313.296875,BTC
2026-09-07 02:42:00+00:00,80303.703125,BTC
2026-09-07 02:43:00+00:00,80267.15625,BTC
2026-09-07 02:44:00+00:00,80247.3984375,BTC
2026-09-07 02:45:00+00:00,80229.2109375,BTC
2026-09-07 02:46:00+00:00,80269.1328125,BTC
2026-09-07 02:47:00+00:00,80242.5703125,BTC
2026-09-07 02:48:00+00:00,80211.0625,BTC
2026-09-07 02:49:00+00:00,80259.15625,BTC
2026-09-07 02:50:00+00:00,80216.1484375,BTC
2026-09-07 02:51:00+00:00,80220.9375,BTC
2026-09-07 02:52:00+00:00,80176.21875,BTC
2026-09-07 02:53:00+00:00,80141.8984375,BTC
2026-09-07 02:54:00+00:00,80080.0,BTC
2026-09-07 02:55:00+00:00,80094.7109375,BTC
2026-09-07 02:56:00+00:00,80057.5,BTC
2026-09-07 02:57:00+00:00,79954.453125,BTC
2026-09-07 02:58:00+00:00,79889.9921875,BTC
2026-09-07 02:59:00+00:00,79863.4296875,BTC
2026-09-07 03:00:00+00:00,79810.046875,BTC
2026-09-07 03:01:00+00:00,79869.640625,BTC
2026-09-07 03:02:00+00:00,79941.4375,BTC
2026-09-07 03:03:00+00:00,79934.9765625,BTC
2026-09-07 03:04:00+00:00,79967.2265625,BTC
2026-09-07 03:05:00+00:00,79926.7734375,BTC
2026-09-07 03:06:00+00:00,79897.2109375,BTC
2026-09-07 03:07:00+00:00,79849.9765625,BTC
2026-09-07 03:08:00+00:00,79806.78125,BTC
2026-09-07 03:09:00+00:00,79813.2734375,BTC
2026-09-07 03:10:00+00:00,79805.328125,BTC
2026-09-07 03:11:00+00:00,79789.796875,BTC
2026-09-07 03:12:00+00:00,79790.6484375,BTC
2026-09-07 03:13:00+00:00,79766.3984375,BTC
2026-09-07 03:14:00+00:00,79777.078125,BTC
2026-09-07 03:15:00+00:00,79779.6171875,BTC
2026-09-07 03:16:00+00:00,79772.359375,BTC
2026-09-07 03:17:00+00:00,79755.0078125,BTC
2026-09-07 03:18:00+00:00,79784.1875,BTC
2026-09-07 03:19:00+00:00,79786.65625,BTC
2026-09-07 03:20:00+00:00,79811.9921875,BTC
2026-09-07 03:21:00+00:00,79818.7265625,BTC
2026-09-07 03:22:00+00:00,79811.0,BTC
2026-09-07 03:23:00+00:00,79807.1015625,BTC
2026-09-07 03:24:00+00:00,79776.0234375,BTC
2026-09-07 03:25:00+00:00,79724.8125,BTC
2026-09-07 03:26:00+00:00,79777.5703125,BTC
2026-09-07 03:27:00+00:00,79750.1796875,BTC
2026-09-07 03:28:00+00:00,79728.046875,BTC
2026-09-07 03:29:00+00:00,79713.78125,BTC
2026-09-07 03:30:00+00:00,79744.3125,BTC
2026-09-07 03:31:00+00:00,79707.0703125,BTC
2026-09-07 03:32:00+00:00,79709.9765625,BTC
2026-09-07 03:33:00+00:00,79750.1796875,BTC
2026-09-07 03:34:00+00:00,79729.6328125,BTC
2026-09-07 03:35:00+00:00,79696.3203125,BTC
2026-09-07 03:36:00+00:00,79705.84375,BTC
2026-09-07 03:37:00+00:00,79667.640625,BTC
2026-09-07 03:38:00+00:00,79671.5703125,BTC
2026-09-07 03:39:00+00:00,79654.609375,BTC
2026-09-07 03:40:00+00:00,79661.7109375,BTC
2026-09-07 03:41:00+00:00,79610.453125,BTC
2026-09-07 03:42:00+00:00,79653.953125,BTC
2026-09-07 03:43:00+00:00,79652.1328125,BTC
2026-09-07 03:44:00+00:00,79624.6484375,BTC
2026-09-07 03:45:00+00:00,79623.7265625,BTC
2026-09-07 03:46:00+00:00,79631.5234375,BTC
2026-09-07 03:47:00+00:00,79654.4921875,BTC
2026-09-07 03:48:00+00:00,79643.0078125,BTC
2026-09-07 03:49:00+00:00,79623.453125,BTC
2026-09-07 03:50:00+00:00,79643.0390625,BTC
2026-09-07 03:51:00+00:00,79610.40625,BTC
2026-09-07 03:52:00+00:00,79620.8515625,BTC
2026-09-07 03:53:00+00:00,79592.9765625,BTC
2026-09-07 03:54:00+00:00,79643.2421875,BTC
2026-09-07 03:55:00+00:00,79644.0,BTC
2026-09-07 03:56:00+00:00,79640.3984375,BTC
2026-09-07 03:57:00+00:00,79672.578125,BTC
2026-09-07 03:58:00+00:00,79595.15625,BTC
2026-09-07 03:59:00+00:00,79587.3125,BTC
2026-09-07 04:00:00+00:00,79606.96875,BTC
2026-09-07 04:01:00+00:00,79613.6484375,BTC
2026-09-07 04:02:00+00:00,79594.0703125,BTC
2026-09-07 04:03:00+00:00,79589.796875,BTC
2026-09-07 04:04:00+00:00,79613.9921875,BTC
2026-09-07 04:05:00+00:00,79604.3671875,BTC
2026-09-07 04:06:00+00:00,79607.84375,BTC
2026-09-07 04:07:00+00:00,79626.9375,BTC
2026-09-07 04:08:00+00:00,79634.2578125,BTC
2026-09-07 04:09:00+00:00,79635.4375,BTC
2026-09-07 04:10:00+00:00,79622.6796875,BTC
2026-09-07 04:11:00+00:00,79606.0390625,BTC
2026-09-07 04:12:00+00:00,79550.0,BTC
2026-09-07 04:13:00+00:00,79584.8828125,BTC
2026-09-07 04:14:00+00:00,79676.9765625,BTC
2026-09-07 04:15:00+00:00,79678.0625,BTC
2026-09-07 04:16:00+00:00,79650.390625,BTC
2026-09-07 04:17:00+00:00,79646.4765625,BTC
2026-09-07 04:18:00+00:00,79646.46875,BTC
2026-09-07 04:19:00+00:00,79683.0703125,BTC
2026-09-07 04:20:00+00:00,79684.6484375,BTC
2026-09-07 04:21:00+00:00,79678.0390625,BTC
2026-09-07 04:22:00+00:00,79685.0,BTC
2026-09-07 04:23:00+00:00,79682.8515625,BTC
2026-09-07 04:24:00+00:00,79649.7890625,BTC
2026-09-07 04:25:00+00:00,79652.34375,BTC
2026-09-07 04:26:00+00:00,79654.640625,BTC
2026-09-07 04:27:00+00:00,79678.953125,BTC
2026-09-07 04:28:00+00:00,79600.4921875,BTC
2026-09-07 04:29:00+00:00,79590.5078125,BTC
2026-09-07 04:30:00+00:00,79560.5625,BTC
2026-09-07 04:31:00+00:00,79601.7734375,BTC
2026-09-07 04:32:00+00:00,79593.7265625,BTC
2026-09-07 04:33:00+00:00,79598.9375,BTC
2026-09-07 04:34:00+00:00,79605.6015625,BTC
2026-09-07 04:35:00+00:00,79553.1328125,BTC
2026-09-07 04:36:00+00:00,79598.859375,BTC
2026-09-07 04:37:00+00:00,79630.421875,BTC
2026-09-07 04:38:00+00:00,79624.9921875,BTC
2026-09-07 04:39:00+00:00,79606.46875,BTC
2026-09-07 04:40:00+00:00,79621.28125,BTC
2026-09-07 04:41:00+00:00,79620.5,BTC
2026-09-07 04:42:00+00:00,79606.6171875,BTC
2026-09-07 04:43:00+00:00,79640.0390625,BTC
2026-09-07 04:44:00+00:00,79667.9765625,BTC
2026-09-07 04:45:00+00:00,79677.9765625,BTC
2026-09-07 04:46:00+00:00,79675.0078125,BTC
2026-09-07 04:47:00+00:00,79690.71875,BTC
2026-09-07 04:48:00+00:00,79675.421875,BTC
2026-09-07 04:49:00+00:00,79695.3828125,BTC
2026-09-07 04:50:00+00:00,79681.578125,BTC
2026-09-07 04:51:00+00:00,79676.890625,BTC
2026-09-07 04:52:00+00:00,79652.2734375,BTC
2026-09-07 04:53:00+00:00,79663.8828125,BTC
2026-09-07 04:54:00+00:00,79639.40625,BTC
2026-09-07 04:55:00+00:00,79671.2578125,BTC
2026-09-07 04:56:00+00:00,79679.9375,BTC
2026-09-07 04:57:00+00:00,79707.0390625,BTC
2026-09-07 04:58:00+00:00,79714.34375,BTC
2026-09-07 04:59:00+00:00,79708.4921875,BTC
2026-09-07 05:00:00+00:00,79702.2109375,BTC
2026-09-07 05:01:00+00:00,79727.8984375,BTC
2026-09-07 05:02:00+00:00,79703.9375,BTC
2026-09-07 05:03:00+00:00,79705.6796875,BTC
2026-09-07 05:04:00+00:00,79748.1015625,BTC
2026-09-07 05:05:00+00:00,79758.8203125,BTC
2026-09-07 05:06:00+00:00,79710.0390625,BTC
2026-09-07 05:07:00+00:00,79701.7578125,BTC
2026-09-07 05:08:00+00:00,79706.7578125,BTC
2026-09-07 05:09:00+00:00,79726.53125,BTC
2026-09-07 05:10:00+00:00,79696.40625,BTC
2026-09-07 05:11:00+00:00,79683.046875,BTC
2026-09-07 05:12:00+00:00,79654.0078125,BTC
2026-09-07 05:13:00+00:00,79731.0078125,BTC
2026-09-07 05:14:00+00:00,79763.9765625,BTC
2026-09-07 05:15:00+00:00,79814.9765625,BTC
2026-09-07 05:16:00+00:00,79802.75,BTC
2026-09-07 05:17:00+00:00,79838.609375,BTC
2026-09-07 05:18:00+00:00,79821.0078125,BTC
2026-09-07 05:19:00+00:00,79817.96875,BTC
2026-09-07 05:20:00+00:00,79808.109375,BTC
2026-09-07 05:21:00+00:00,79794.0,BTC
2026-09-07 05:22:00+00:00,79820.046875,BTC
2026-09-07 05:23:00+00:00,79852.4765625,BTC
2026-09-07 05:24:00+00:00,79862.7265625,BTC
2026-09-07 05:25:00+00:00,79895.2421875,BTC
2026-09-07 05:26:00+00:00,79839.1484375,BTC
2026-09-07 05:27:00+00:00,79853.9765625,BTC
2026-09-07 05:28:00+00:00,79849.9765625,BTC
2026-09-07 05:29:00+00:00,79840.0,BTC
2026-09-07 05:30:00+00:00,79828.1015625,BTC
2026-09-07 05:31:00+00:00,79836.796875,BTC
2026-09-07 05:32:00+00:00,79828.109375,BTC
2026-09-07 05:33:00+00:00,79820.0390625,BTC
2026-09-07 05:34:00+00:00,79820.78125,BTC
2026-09-07 05:35:00+00:00,79828.8125,BTC
2026-09-07 05:36:00+00:00,79831.0703125,BTC
2026-09-07 05:37:00+00:00,79839.4921875,BTC
2026-09-07 05:38:00+00:00,79849.9609375,BTC
2026-09-07 05:39:00+00:00,79842.3203125,BTC
2026-09-07 05:40:00+00:00,79827.46875,BTC
2026-09-07 05:41:00+00:00,79842.3125,BTC
2026-09-07 05:42:00+00:00,79849.9921875,BTC
2026-09-07 05:43:00+00:00,79842.3984375,BTC
2026-09-07 05:44:00+00:00,79847.9921875,BTC
2026-09-07 05:45:00+00:00,79822.8203125,BTC
2026-09-07 05:46:00+00:00,79844.9921875,BTC
2026-09-07 05:47:00+00:00,79844.0703125,BTC
2026-09-07 05:48:00+00:00,79843.6015625,BTC
2026-09-07 05:49:00+00:00,79830.0078125,BTC
2026-09-07 05:50:00+00:00,79785.5625,BTC
2026-09-07 05:51:00+00:00,79779.1015625,BTC
2026-09-07 05:52:00+00:00,79829.9609375,BTC
2026-09-07 05:53:00+00:00,79800.078125,BTC
2026-09-07 05:54:00+00:00,79785.5703125,BTC
2026-09-07 05:55:00+00:00,79757.4296875,BTC
2026-09-07 05:56:00+00:00,79754.1875,BTC
2026-09-07 05:57:00+00:00,79753.15625,BTC
2026-09-07 05:58:00+00:00,79741.5234375,BTC
2026-09-07 05:59:00+00:00,79740.2109375,BTC
2026-09-07 06:00:00+00:00,79740.1796875,BTC
2026-09-07 06:01:00+00:00,79748.1171875,BTC
2026-09-07 06:02:00+00:00,79748.1171875,BTC
2026-09-07 06:03:00+00:00,79763.0703125,BTC
2026-09-07 06:04:00+00:00,79798.0390625,BTC
2026-09-07 06:05:00+00:00,79802.9921875,BTC
2026-09-07 06:06:00+00:00,79791.7578125,BTC
2026-09-07 06:07:00+00:00,79770.1484375,BTC
2026-09-07 06:08:00+00:00,79768.1171875,BTC
2026-09-07 06:09:00+00:00,79783.2890625,BTC
2026-09-07 06:10:00+00:00,79772.78125,BTC
2026-09-07 06:11:00+00:00,79778.9765625,BTC
2026-09-07 06:12:00+00:00,79787.0390625,BTC
2026-09-07 06:13:00+00:00,79788.4765625,BTC
2026-09-07 06:14:00+00:00,79797.8828125,BTC
2026-09-07 06:15:00+00:00,79779.5234375,BTC
2026-09-07 06:16:00+00:00,79770.0078125,BTC
2026-09-07 06:17:00+00:00,79750.1875,BTC
2026-09-07 06:18:00+00:00,79726.296875,BTC
2026-09-07 06:19:00+00:00,79710.0234375,BTC
2026-09-07 06:20:00+00:00,79682.4609375,BTC
2026-09-07 06:21:00+00:00,79706.8984375,BTC
2026-09-07 06:22:00+00:00,79716.859375,BTC
2026-09-07 06:23:00+00:00,79733.9765625,BTC
2026-09-07 06:24:00+00:00,79746.546875,BTC
2026-09-07 06:25:00+00:00,79700.2890625,BTC
2026-09-07 06:26:00+00:00,79710.2578125,BTC
2026-09-07 06:27:00+00:00,79704.2421875,BTC
2026-09-07 06:28:00+00:00,79703.1015625,BTC
2026-09-07 06:29:00+00:00,79702.7265625,BTC
2026-09-07 06:30:00+00:00,79728.15625,BTC
2026-09-07 06:31:00+00:00,79716.75,BTC
2026-09-07 06:32:00+00:00,79689.640625,BTC
2026-09-07 06:33:00+00:00,79687.4765625,BTC
2026-09-07 06:34:00+00:00,79706.2421875,BTC
2026-09-07 06:35:00+00:00,79703.0234375,BTC
2026-09-07 06:36:00+00:00,79716.53125,BTC
2026-09-07 06:37:00+00:00,79679.09375,BTC
2026-09-07 06:38:00+00:00,79679.7109375,BTC
2026-09-07 06:39:00+00:00,79679.703125,BTC
2026-09-07 06:40:00+00:00,79691.640625,BTC
2026-09-07 06:41:00+00:00,79688.0703125,BTC
2026-09-07 06:42:00+00:00,79679.703125,BTC
2026-09-07 06:43:00+00:00,79666.2734375,BTC
2026-09-07 06:44:00+00:00,79665.2890625,BTC
2026-09-07 06:45:00+00:00,79651.140625,BTC
2026-09-07 06:46:00+00:00,79662.65625,BTC
2026-09-07 06:47:00+00:00,79652.0,BTC
2026-09-07 06:48:00+00:00,79664.8984375,BTC
2026-09-07 06:49:00+00:00,79652.0,BTC
2026-09-07 06:50:00+00:00,79670.65625,BTC
2026-09-07 06:51:00+00:00,79657.03125,BTC
2026-09-07 06:52:00+00:00,79657.34375,BTC
2026-09-07 06:53:00+00:00,79657.65625,BTC
2026-09-07 06:54:00+00:00,79661.6015625,BTC
2026-09-07 06:55:00+00:00,79659.84375,BTC
2026-09-07 06:56:00+00:00,79662.578125,BTC
2026-09-07 06:57:00+00:00,79643.1328125,BTC
2026-09-07 06:58:00+00:00,79664.1875,BTC
2026-09-07 06:59:00+00:00,79645.5078125,BTC
2026-09-07 07:00:00+00:00,79628.84375,BTC
2026-09-07 07:01:00+00:00,79622.5703125,BTC
2026-09-07 07:02:00+00:00,79620.5078125,BTC
2026-09-07 07:03:00+00:00,79615.28125,BTC
2026-09-07 07:04:00+00:00,79576.5,BTC
2026-09-07 07:05:00+00:00,79599.6796875,BTC
2026-09-07 07:06:00+00:00,79625.2265625,BTC
2026-09-07 07:07:00+00:00,79655.9921875,BTC
2026-09-07 07:08:00+00:00,79664.9765625,BTC
2026-09-07 07:09:00+00:00,79675.8671875,BTC
2026-09-07 07:10:00+00:00,79663.5,BTC
2026-09-07 07:11:00+00:00,79650.78125,BTC
2026-09-07 07:12:00+00:00,79634.9765625,BTC
2026-09-07 07:13:00+00:00,79611.6796875,BTC
2026-09-07 07:14:00+00:00,79603.65625,BTC
2026-09-07 07:15:00+00:00,79607.8828125,BTC
2026-09-07 07:16:00+00:00,79603.6328125,BTC
2026-09-07 07:17:00+00:00,79603.296875,BTC
2026-09-07 07:18:00+00:00,79581.03125,BTC
2026-09-07 07:19:00+00:00,79562.40625,BTC
2026-09-07 07:20:00+00:00,79573.828125,BTC
2026-09-07 07:21:00+00:00,79557.078125,BTC
2026-09-07 07:22:00+00:00,79522.2265625,BTC
2026-09-07 07:23:00+00:00,79469.8125,BTC
2026-09-07 07:24:00+00:00,79439.15625,BTC
2026-09-07 07:25:00+00:00,79546.4765625,BTC
2026-09-07 07:26:00+00:00,79493.3125,BTC
2026-09-07 07:27:00+00:00,79424.328125,BTC
2026-09-07 07:28:00+00:00,79415.8203125,BTC
2026-09-07 07:29:00+00:00,79419.1796875,BTC
2026-09-07 07:30:00+00:00,79458.09375,BTC
2026-09-07 07:31:00+00:00,79492.5078125,BTC
2026-09-07 07:32:00+00:00,79467.1328125,BTC
2026-09-07 07:33:00+00:00,79328.1171875,BTC
2026-09-07 07:34:00+00:00,79311.046875,BTC
2026-09-07 07:35:00+00:00,79227.0234375,BTC
2026-09-07 07:36:00+00:00,79278.7109375,BTC
2026-09-07 07:37:00+00:00,79249.859375,BTC
2026-09-07 07:38:00+00:00,79258.953125,BTC
2026-09-07 07:39:00+00:00,79193.15625,BTC
2026-09-07 07:40:00+00:00,79141.3984375,BTC
2026-09-07 07:41:00+00:00,79088.59375,BTC
2026-09-07 07:42:00+00:00,79236.8203125,BTC
2026-09-07 07:43:00+00:00,79252.6171875,BTC
2026-09-07 07:44:00+00:00,79266.9375,BTC
2026-09-07 07:45:00+00:00,79320.1015625,BTC
2026-09-07 07:46:00+00:00,79302.9375,BTC
2026-09-07 07:47:00+00:00,79321.8984375,BTC
2026-09-07 07:48:00+00:00,79329.2265625,BTC
2026-09-07 07:49:00+00:00,79349.4765625,BTC
2026-09-07 07:50:00+00:00,79313.0078125,BTC
2026-09-07 07:51:00+00:00,79344.4296875,BTC
2026-09-07 07:52:00+00:00,79375.203125,BTC
2026-09-07 07:53:00+00:00,79360.5625,BTC
2026-09-07 07:54:00+00:00,79321.046875,BTC
2026-09-07 07:55:00+00:00,79385.5078125,BTC
2026-09-07 07:56:00+00:00,79378.546875,BTC
2026-09-07 07:57:00+00:00,79383.25,BTC
2026-09-07 07:58:00+00:00,79378.0078125,BTC
2026-09-07 07:59:00+00:00,79379.9375,BTC
2026-09-07 08:00:00+00:00,79396.15625,BTC
2026-09-07 08:01:00+00:00,79403.671875,BTC
2026-09-07 08:02:00+00:00,79417.9375,BTC
2026-09-07 08:03:00+00:00,79442.9765625,BTC
2026-09-07 08:04:00+00:00,79413.453125,BTC
2026-09-07 08:05:00+00:00,79423.28125,BTC
2026-09-07 08:06:00+00:00,79445.8984375,BTC
2026-09-07 08:07:00+00:00,79452.1015625,BTC
2026-09-07 08:08:00+00:00,79460.9609375,BTC
2026-09-07 08:09:00+00:00,79496.9765625,BTC
2026-09-07 08:10:00+00:00,79471.4609375,BTC
2026-09-07 08:11:00+00:00,79482.9765625,BTC
2026-09-07 08:12:00+00:00,79463.1796875,BTC
2026-09-07 08:13:00+00:00,79459.578125,BTC
2026-09-07 08:14:00+00:00,79452.5625,BTC
2026-09-07 08:15:00+00:00,79450.9296875,BTC
2026-09-07 08:16:00+00:00,79467.75,BTC
2026-09-07 08:17:00+00:00,79459.40625,BTC
2026-09-07 08:18:00+00:00,79450.6796875,BTC
2026-09-07 08:19:00+00:00,79499.1875,BTC
2026-09-07 08:20:00+00:00,79459.2578125,BTC
2026-09-07 08:21:00+00:00,79451.9921875,BTC
2026-09-07 08:22:00+00:00,79459.2578125,BTC
2026-09-07 08:23:00+00:00,79451.2109375,BTC
2026-09-07 08:24:00+00:00,79454.0390625,BTC
2026-09-07 08:25:00+00:00,79447.7578125,BTC
2026-09-07 08:26:00+00:00,79484.9921875,BTC
2026-09-07 08:27:00+00:00,79487.5,BTC
2026-09-07 08:28:00+00:00,79436.3125,BTC
2026-09-07 08:29:00+00:00,79447.2265625,BTC
2026-09-07 08:30:00+00:00,79468.2890625,BTC
2026-09-07 08:31:00+00:00,79475.4296875,BTC
2026-09-07 08:32:00+00:00,79477.109375,BTC
2026-09-07 08:33:00+00:00,79477.2265625,BTC
2026-09-07 08:34:00+00:00,79484.90625,BTC
2026-09-07 08:35:00+00:00,79475.6328125,BTC
2026-09-07 08:36:00+00:00,79456.5234375,BTC
2026-09-07 08:37:00+00:00,79424.5078125,BTC
2026-09-07 08:38:00+00:00,79443.0390625,BTC
2026-09-07 08:39:00+00:00,79420.84375,BTC
2026-09-07 08:40:00+00:00,79453.421875,BTC
2026-09-07 08:41:00+00:00,79454.8828125,BTC
2026-09-07 08:42:00+00:00,79465.4609375,BTC
2026-09-07 08:43:00+00:00,79465.4609375,BTC
2026-09-07 08:44:00+00:00,79465.4609375,BTC
2026-09-07 08:45:00+00:00,79448.3515625,BTC
2026-09-07 08:46:00+00:00,79467.7265625,BTC
2026-09-07 08:47:00+00:00,79473.2265625,BTC
2026-09-07 08:48:00+00:00,79477.9609375,BTC
2026-09-07 08:49:00+00:00,79410.8828125,BTC
2026-09-07 08:50:00+00:00,79451.640625,BTC
2026-09-07 08:51:00+00:00,79434.859375,BTC
2026-09-07 08:52:00+00:00,79430.828125,BTC
2026-09-07 08:53:00+00:00,79412.828125,BTC
2026-09-07 08:54:00+00:00,79410.1171875,BTC
2026-09-07 08:55:00+00:00,79422.6875,BTC
2026-09-07 08:56:00+00:00,79436.9765625,BTC
2026-09-07 08:57:00+00:00,79434.7109375,BTC
2026-09-07 08:58:00+00:00,79441.75,BTC
2026-09-07 08:59:00+00:00,79417.8515625,BTC
2026-09-07 09:00:00+00:00,79434.40625,BTC
2026-09-07 09:01:00+00:00,79437.09375,BTC
2026-09-07 09:02:00+00:00,79437.078125,BTC
2026-09-07 09:03:00+00:00,79439.9765625,BTC
2026-09-07 09:04:00+00:00,79430.5390625,BTC
2026-09-07 09:05:00+00:00,79416.0078125,BTC
2026-09-07 09:06:00+00:00,79406.921875,BTC
2026-09-07 09:07:00+00:00,79440.46875,BTC
2026-09-07 09:08:00+00:00,79481.9921875,BTC
2026-09-07 09:09:00+00:00,79520.9765625,BTC
2026-09-07 09:10:00+00:00,79521.0,BTC
2026-09-07 09:11:00+00:00,79521.71875,BTC
2026-09-07 09:12:00+00:00,79490.1796875,BTC
2026-09-07 09:13:00+00:00,79536.546875,BTC
2026-09-07 09:14:00+00:00,79532.046875,BTC
2026-09-07 09:15:00+00:00,79518.4609375,BTC
2026-09-07 09:16:00+00:00,79511.9921875,BTC
2026-09-07 09:17:00+00:00,79516.390625,BTC
2026-09-07 09:18:00+00:00,79519.4765625,BTC
2026-09-07 09:19:00+00:00,79513.5078125,BTC
2026-09-07 09:20:00+00:00,79501.1171875,BTC
2026-09-07 09:21:00+00:00,79476.140625,BTC
2026-09-07 09:22:00+00:00,79477.1328125,BTC
2026-09-07 09:23:00+00:00,79477.1328125,BTC
2026-09-07 09:24:00+00:00,79447.046875,BTC
2026-09-07 09:25:00+00:00,79424.7578125,BTC
2026-09-07 09:26:00+00:00,79448.15625,BTC
2026-09-07 09:27:00+00:00,79480.7578125,BTC
2026-09-07 09:28:00+00:00,79480.7578125,BTC
2026-09-07 09:29:00+00:00,79472.5390625,BTC
2026-09-07 09:30:00+00:00,79451.4296875,BTC
2026-09-07 09:31:00+00:00,79448.828125,BTC
2026-09-07 09:32:00+00:00,79447.6875,BTC
2026-09-07 09:33:00+00:00,79445.2265625,BTC
2026-09-07 09:34:00+00:00,79400.75,BTC
2026-09-07 09:35:00+00:00,79384.7421875,BTC
2026-09-07 09:36:00+00:00,79376.046875,BTC
2026-09-07 09:37:00+00:00,79326.171875,BTC
2026-09-07 09:38:00+00:00,79354.65625,BTC
2026-09-07 09:39:00+00:00,79357.4765625,BTC
2026-09-07 09:40:00+00:00,79377.75,BTC
2026-09-07 09:41:00+00:00,79374.9921875,BTC
2026-09-07 09:42:00+00:00,79368.453125,BTC
2026-09-07 09:43:00+00:00,79374.0,BTC
2026-09-07 09:44:00+00:00,79377.2265625,BTC
2026-09-07 09:45:00+00:00,79377.2265625,BTC
2026-09-07 09:46:00+00:00,79392.109375,BTC
2026-09-07 09:47:00+00:00,79405.171875,BTC
2026-09-07 09:48:00+00:00,79410.65625,BTC
2026-09-07 09:49:00+00:00,79407.2890625,BTC
2026-09-07 09:50:00+00:00,79420.59375,BTC
2026-09-07 09:51:00+00:00,79365.0390625,BTC
2026-09-07 09:52:00+00:00,79331.140625,BTC
2026-09-07 09:53:00+00:00,79331.140625,BTC
2026-09-07 09:54:00+00:00,79324.0234375,BTC
2026-09-07 09:55:00+00:00,79329.34375,BTC
2026-09-07 09:56:00+00:00,79329.9921875,BTC
2026-09-07 09:57:00+00:00,79339.21875,BTC
2026-09-07 09:58:00+00:00,79320.8671875,BTC
2026-09-07 09:59:00+00:00,79301.3125,BTC
2026-09-07 10:00:00+00:00,79370.1875,BTC
2026-09-07 10:01:00+00:00,79351.0078125,BTC
2026-09-07 10:02:00+00:00,79336.0234375,BTC
2026-09-07 10:03:00+00:00,79374.8203125,BTC
2026-09-07 10:04:00+00:00,79388.9375,BTC
2026-09-07 10:05:00+00:00,79374.546875,BTC
2026-09-07 10:06:00+00:00,79384.6171875,BTC
2026-09-07 10:07:00+00:00,79392.96875,BTC
2026-09-07 10:08:00+00:00,79335.4296875,BTC
2026-09-07 10:09:00+00:00,79367.7890625,BTC
2026-09-07 10:10:00+00:00,79356.5078125,BTC
2026-09-07 10:11:00+00:00,79364.0390625,BTC
2026-09-07 10:12:00+00:00,79379.7109375,BTC
2026-09-07 10:13:00+00:00,79365.0234375,BTC
2026-09-07 10:14:00+00:00,79368.75,BTC
2026-09-07 10:15:00+00:00,79390.7734375,BTC
2026-09-07 10:16:00+00:00,79385.171875,BTC
2026-09-07 10:17:00+00:00,79398.4921875,BTC
2026-09-07 10:18:00+00:00,79397.9921875,BTC
2026-09-07 10:19:00+00:00,79409.2265625,BTC
2026-09-07 10:20:00+00:00,79410.65625,BTC
2026-09-07 10:21:00+00:00,79406.9765625,BTC
2026-09-07 10:22:00+00:00,79410.0,BTC
2026-09-07 10:23:00+00:00,79410.6484375,BTC
2026-09-07 10:24:00+00:00,79385.828125,BTC
2026-09-07 10:25:00+00:00,79387.4296875,BTC
2026-09-07 10:26:00+00:00,79410.6875,BTC
2026-09-07 10:27:00+00:00,79416.953125,BTC
2026-09-07 10:28:00+00:00,79416.9609375,BTC
2026-09-07 10:29:00+00:00,79412.5625,BTC
2026-09-07 10:30:00+00:00,79412.5625,BTC
2026-09-07 10:31:00+00:00,79416.953125,BTC
2026-09-07 10:32:00+00:00,79412.3203125,BTC
2026-09-07 10:33:00+00:00,79403.703125,BTC
2026-09-07 10:34:00+00:00,79413.4765625,BTC
2026-09-07 10:35:00+00:00,79406.859375,BTC
2026-09-07 10:36:00+00:00,79384.1171875,BTC
2026-09-07 10:37:00+00:00,79419.7421875,BTC
2026-09-07 10:38:00+00:00,79405.1015625,BTC
2026-09-07 10:39:00+00:00,79398.8515625,BTC
2026-09-07 10:40:00+00:00,79424.9765625,BTC
2026-09-07 10:41:00+00:00,79430.9609375,BTC
2026-09-07 10:42:00+00:00,79433.9765625,BTC
2026-09-07 10:43:00+00:00,79436.9765625,BTC
2026-09-07 10:44:00+00:00,79445.1875,BTC
2026-09-07 10:45:00+00:00,79440.421875,BTC
2026-09-07 10:46:00+00:00,79429.3828125,BTC
2026-09-07 10:47:00+00:00,79414.25,BTC
2026-09-07 10:48:00+00:00,79391.2734375,BTC
2026-09-07 10:49:00+00:00,79400.0,BTC
2026-09-07 10:50:00+00:00,79406.15625,BTC
2026-09-07 10:51:00+00:00,79434.078125,BTC
2026-09-07 10:52:00+00:00,79421.7578125,BTC
2026-09-07 10:53:00+00:00,79423.546875,BTC
2026-09-07 10:54:00+00:00,79406.4296875,BTC
2026-09-07 10:55:00+00:00,79397.9765625,BTC
2026-09-07 10:56:00+00:00,79344.5078125,BTC
2026-09-07 10:57:00+00:00,79356.7421875,BTC
2026-09-07 10:58:00+00:00,79353.3828125,BTC
2026-09-07 10:59:00+00:00,79350.6484375,BTC
2026-09-07 11:00:00+00:00,79350.0703125,BTC
2026-09-07 11:01:00+00:00,79357.7109375,BTC
2026-09-07 11:02:00+00:00,79326.0234375,BTC
2026-09-07 11:03:00+00:00,79296.859375,BTC
2026-09-07 11:04:00+00:00,79313.4765625,BTC
2026-09-07 11:05:00+00:00,79324.2734375,BTC
2026-09-07 11:06:00+00:00,79308.640625,BTC
2026-09-07 11:07:00+00:00,79295.0,BTC
2026-09-07 11:08:00+00:00,79269.109375,BTC
2026-09-07 11:09:00+00:00,79284.03125,BTC
2026-09-07 11:10:00+00:00,79298.453125,BTC
2026-09-07 11:11:00+00:00,79373.2265625,BTC
2026-09-07 11:12:00+00:00,79384.3515625,BTC
2026-09-07 11:13:00+00:00,79388.9921875,BTC
2026-09-07 11:14:00+00:00,79406.390625,BTC
2026-09-07 11:15:00+00:00,79394.7265625,BTC
2026-09-07 11:16:00+00:00,79394.40625,BTC
2026-09-07 11:17:00+00:00,79399.0390625,BTC
2026-09-07 11:18:00+00:00,79399.046875,BTC
2026-09-07 11:19:00+00:00,79422.0078125,BTC
2026-09-07 11:20:00+00:00,79429.359375,BTC
2026-09-07 11:21:00+00:00,79461.859375,BTC
2026-09-07 11:22:00+00:00,79445.2265625,BTC
2026-09-07 11:23:00+00:00,79445.2265625,BTC
2026-09-07 11:24:00+00:00,79439.4765625,BTC
2026-09-07 11:25:00+00:00,79443.0703125,BTC
2026-09-07 11:26:00+00:00,79443.0625,BTC
2026-09-07 11:27:00+00:00,79443.0625,BTC
2026-09-07 11:28:00+00:00,79437.9375,BTC
2026-09-07 11:29:00+00:00,79433.2578125,BTC
2026-09-07 11:30:00+00:00,79436.78125,BTC
2026-09-07 11:31:00+00:00,79451.546875,BTC
2026-09-07 11:32:00+00:00,79467.9609375,BTC
2026-09-07 11:33:00+00:00,79445.828125,BTC
2026-09-07 11:34:00+00:00,79450.4296875,BTC
2026-09-07 11:35:00+00:00,79450.3984375,BTC
2026-09-07 11:36:00+00:00,79411.3828125,BTC
2026-09-07 11:37:00+00:00,79419.0234375,BTC
2026-09-07 11:38:00+00:00,79407.0234375,BTC
2026-09-07 11:39:00+00:00,79400.0,BTC
2026-09-07 11:40:00+00:00,79413.0,BTC
2026-09-07 11:41:00+00:00,79420.0234375,BTC
2026-09-07 11:42:00+00:00,79412.0625,BTC
2026-09-07 11:43:00+00:00,79400.9921875,BTC
2026-09-07 11:44:00+00:00,79406.1875,BTC
2026-09-07 11:45:00+00:00,79406.9921875,BTC
2026-09-07 11:46:00+00:00,79405.3984375,BTC
2026-09-07 11:47:00+00:00,79415.7734375,BTC
2026-09-07 11:48:00+00:00,79398.8203125,BTC
2026-09-07 11:49:00+00:00,79404.0078125,BTC
2026-09-07 11:50:00+00:00,79390.4296875,BTC
2026-09-07 11:51:00+00:00,79405.96875,BTC
2026-09-07 11:52:00+00:00,79380.84375,BTC
2026-09-07 11:53:00+00:00,79411.9921875,BTC
2026-09-07 11:54:00+00:00,79416.3828125,BTC
2026-09-07 11:55:00+00:00,79410.6484375,BTC
2026-09-07 11:56:00+00:00,79398.0703125,BTC
2026-09-07 11:57:00+00:00,79380.84375,BTC
2026-09-07 11:58:00+00:00,79421.9765625,BTC
2026-09-07 11:59:00+00:00,79409.1328125,BTC
2026-09-07 12:00:00+00:00,79412.7265625,BTC
2026-09-07 12:01:00+00:00,79418.2265625,BTC
2026-09-07 12:02:00+00:00,79407.0078125,BTC
2026-09-07 12:03:00+00:00,79405.5390625,BTC
2026-09-07 12:04:00+00:00,79412.8125,BTC
2026-09-07 12:05:00+00:00,79421.9765625,BTC
2026-09-07 12:06:00+00:00,79469.9765625,BTC
2026-09-07 12:07:00+00:00,79492.90625,BTC
2026-09-07 12:08:00+00:00,79470.3125,BTC
2026-09-07 12:09:00+00:00,79464.0234375,BTC
2026-09-07 12:10:00+00:00,79469.6171875,BTC
2026-09-07 12:11:00+00:00,79434.34375,BTC
2026-09-07 12:12:00+00:00,79435.9296875,BTC
2026-09-07 12:13:00+00:00,79440.4765625,BTC
2026-09-07 12:14:00+00:00,79417.7421875,BTC
2026-09-07 12:15:00+00:00,79411.6796875,BTC
2026-09-07 12:16:00+00:00,79403.890625,BTC
2026-09-07 12:17:00+00:00,79410.359375,BTC
2026-09-07 12:18:00+00:00,79413.203125,BTC
2026-09-07 12:19:00+00:00,79475.9765625,BTC
2026-09-07 12:20:00+00:00,79481.2265625,BTC
2026-09-07 12:21:00+00:00,79499.8515625,BTC
2026-09-07 12:22:00+00:00,79480.2265625,BTC
2026-09-07 12:23:00+00:00,79460.953125,BTC
2026-09-07 12:24:00+00:00,79475.8828125,BTC
2026-09-07 12:25:00+00:00,79487.9765625,BTC
2026-09-07 12:26:00+00:00,79511.046875,BTC
2026-09-07 12:27:00+00:00,79516.2109375,BTC
2026-09-07 12:28:00+00:00,79526.3515625,BTC
2026-09-07 12:29:00+00:00,79516.59375,BTC
2026-09-07 12:30:00+00:00,79509.9609375,BTC
2026-09-07 12:31:00+00:00,79504.5703125,BTC
2026-09-07 12:32:00+00:00,79493.953125,BTC
2026-09-07 12:33:00+00:00,79503.5703125,BTC
2026-09-07 12:34:00+00:00,79494.2890625,BTC
2026-09-07 12:35:00+00:00,79491.0,BTC
2026-09-07 12:36:00+00:00,79492.9765625,BTC
2026-09-07 12:37:00+00:00,79490.171875,BTC
2026-09-07 12:38:00+00:00,79472.2421875,BTC
2026-09-07 12:39:00+00:00,79450.9921875,BTC
2026-09-07 12:40:00+00:00,79450.9921875,BTC
2026-09-07 12:41:00+00:00,79466.78125,BTC
2026-09-07 12:42:00+00:00,79467.359375,BTC
2026-09-07 12:43:00+00:00,79467.4375,BTC
2026-09-07 12:44:00+00:00,79468.0,BTC
2026-09-07 12:45:00+00:00,79466.0390625,BTC
2026-09-07 12:46:00+00:00,79480.2421875,BTC
2026-09-07 12:47:00+00:00,79480.2421875,BTC
2026-09-07 12:48:00+00:00,79523.546875,BTC
2026-09-07 12:49:00+00:00,79509.171875,BTC
2026-09-07 12:50:00+00:00,79537.7109375,BTC
2026-09-07 12:51:00+00:00,79548.8671875,BTC
2026-09-07 12:52:00+00:00,79540.9296875,BTC
2026-09-07 12:53:00+00:00,79593.0,BTC
2026-09-07 12:54:00+00:00,79594.0390625,BTC
2026-09-07 12:55:00+00:00,79604.59375,BTC
2026-09-07 12:56:00+00:00,79587.171875,BTC
2026-09-07 12:57:00+00:00,79611.7421875,BTC
2026-09-07 12:58:00+00:00,79607.6875,BTC
2026-09-07 12:59:00+00:00,79597.7578125,BTC
2026-09-07 13:00:00+00:00,79584.421875,BTC
2026-09-07 13:01:00+00:00,79553.1484375,BTC
2026-09-07 13:02:00+00:00,79528.609375,BTC
2026-09-07 13:03:00+00:00,79528.6171875,BTC
2026-09-07 13:04:00+00:00,79589.0078125,BTC
2026-09-07 13:05:00+00:00,79529.9765625,BTC
2026-09-07 13:06:00+00:00,79534.140625,BTC
2026-09-07 13:07:00+00:00,79524.6328125,BTC
2026-09-07 13:08:00+00:00,79527.15625,BTC
2026-09-07 13:09:00+00:00,79562.546875,BTC
2026-09-07 13:10:00+00:00,79621.3125,BTC
2026-09-07 13:11:00+00:00,79609.4609375,BTC
2026-09-07 13:12:00+00:00,79567.7265625,BTC
2026-09-07 13:13:00+00:00,79562.6484375,BTC
2026-09-07 13:14:00+00:00,79619.9921875,BTC
2026-09-07 13:15:00+00:00,79600.0078125,BTC
2026-09-07 13:16:00+00:00,79585.7734375,BTC
2026-09-07 13:17:00+00:00,79568.2890625,BTC
2026-09-07 13:18:00+00:00,79589.3984375,BTC
2026-09-07 13:19:00+00:00,79604.9765625,BTC
2026-09-07 13:20:00+00:00,79627.4765625,BTC
2026-09-07 13:21:00+00:00,79620.9609375,BTC
2026-09-07 13:22:00+00:00,79611.359375,BTC
2026-09-07 13:23:00+00:00,79620.8515625,BTC
2026-09-07 13:24:00+00:00,79622.2109375,BTC
2026-09-07 13:25:00+00:00,79620.25,BTC
2026-09-07 13:26:00+00:00,79619.9921875,BTC
2026-09-07 13:27:00+00:00,79609.390625,BTC
2026-09-07 13:28:00+00:00,79611.53125,BTC
2026-09-07 13:29:00+00:00,79630.7265625,BTC
2026-09-07 13:30:00+00:00,79607.5625,BTC
2026-09-07 13:31:00+00:00,79615.6328125,BTC
2026-09-07 13:32:00+00:00,79531.3671875,BTC
2026-09-07 13:33:00+00:00,79469.25,BTC
2026-09-07 13:34:00+00:00,79383.5,BTC
2026-09-07 13:35:00+00:00,79356.40625,BTC
2026-09-07 13:36:00+00:00,79350.78125,BTC
2026-09-07 13:37:00+00:00,79396.3828125,BTC
2026-09-07 13:38:00+00:00,79406.9765625,BTC
2026-09-07 13:39:00+00:00,79406.9765625,BTC
2026-09-07 13:40:00+00:00,79375.0,BTC
2026-09-07 13:41:00+00:00,79354.15625,BTC
2026-09-07 13:42:00+00:00,79372.5078125,BTC
2026-09-07 13:43:00+00:00,79364.109375,BTC
2026-09-07 13:44:00+00:00,79364.1015625,BTC
2026-09-07 13:45:00+00:00,79373.9921875,BTC
2026-09-07 13:46:00+00:00,79321.78125,BTC
2026-09-07 13:47:00+00:00,79328.9765625,BTC
2026-09-07 13:48:00+00:00,79345.53125,BTC
2026-09-07 13:49:00+00:00,79345.53125,BTC
2026-09-07 13:50:00+00:00,79314.4375,BTC
2026-09-07 13:51:00+00:00,79326.328125,BTC
2026-09-07 13:52:00+00:00,79349.9765625,BTC
2026-09-07 13:53:00+00:00,79388.53125,BTC
2026-09-07 13:54:00+00:00,79400.34375,BTC
2026-09-07 13:55:00+00:00,79399.28125,BTC
2026-09-07 13:56:00+00:00,79374.3828125,BTC
2026-09-07 13:57:00+00:00,79374.3828125,BTC
2026-09-07 13:58:00+00:00,79369.9921875,BTC
2026-09-07 13:59:00+00:00,79344.84375,BTC
2026-09-07 14:00:00+00:00,79372.0078125,BTC
2026-09-07 14:01:00+00:00,79370.34375,BTC
2026-09-07 14:02:00+00:00,79389.5,BTC
2026-09-07 14:03:00+00:00,79393.421875,BTC
2026-09-07 14:04:00+00:00,79328.828125,BTC
2026-09-07 14:05:00+00:00,79299.046875,BTC
2026-09-07 14:06:00+00:00,79225.921875,BTC
2026-09-07 14:07:00+00:00,79163.953125,BTC
2026-09-07 14:08:00+00:00,79128.8203125,BTC
2026-09-07 14:09:00+00:00,79138.15625,BTC
2026-09-07 14:10:00+00:00,79194.5,BTC
2026-09-07 14:11:00+00:00,79200.4921875,BTC
2026-09-07 14:12:00+00:00,79158.4609375,BTC
2026-09-07 14:13:00+00:00,79111.7265625,BTC
2026-09-07 14:14:00+00:00,79166.359375,BTC
2026-09-07 14:15:00+00:00,79158.9296875,BTC
2026-09-07 14:16:00+00:00,79208.9765625,BTC
2026-09-07 14:17:00+00:00,79150.0234375,BTC
2026-09-07 14:18:00+00:00,79136.1328125,BTC
2026-09-07 14:19:00+00:00,79132.0703125,BTC
2026-09-07 14:20:00+00:00,79115.0,BTC
2026-09-07 14:21:00+00:00,79064.75,BTC
2026-09-07 14:22:00+00:00,79106.53125,BTC
2026-09-07 14:23:00+00:00,79067.25,BTC
2026-09-07 14:24:00+00:00,79072.296875,BTC
2026-09-07 14:25:00+00:00,79095.8984375,BTC
2026-09-07 14:26:00+00:00,79115.3515625,BTC
2026-09-07 14:27:00+00:00,79090.1015625,BTC
2026-09-07 14:28:00+00:00,79079.7890625,BTC
2026-09-07 14:29:00+00:00,79046.65625,BTC
2026-09-07 14:30:00+00:00,79018.1796875,BTC
2026-09-07 14:31:00+00:00,79014.84375,BTC
2026-09-07 14:32:00+00:00,79033.8984375,BTC
2026-09-07 14:33:00+00:00,79005.6484375,BTC
2026-09-07 14:34:00+00:00,79060.4765625,BTC
2026-09-07 14:35:00+00:00,79072.8828125,BTC
2026-09-07 14:36:00+00:00,79069.9921875,BTC
2026-09-07 14:37:00+00:00,79066.9375,BTC
2026-09-07 14:38:00+00:00,79034.7890625,BTC
2026-09-07 14:39:00+00:00,79026.2890625,BTC
2026-09-07 14:40:00+00:00,79014.9765625,BTC
2026-09-07 14:41:00+00:00,78993.6328125,BTC
2026-09-07 14:42:00+00:00,79018.3828125,BTC
2026-09-07 14:43:00+00:00,79034.296875,BTC
2026-09-07 14:44:00+00:00,79026.34375,BTC
2026-09-07 14:45:00+00:00,79032.2890625,BTC
2026-09-07 14:46:00+00:00,79029.0078125,BTC
2026-09-07 14:47:00+00:00,79035.7421875,BTC
2026-09-07 14:48:00+00:00,79053.0390625,BTC
2026-09-07 14:49:00+00:00,79077.53125,BTC
2026-09-07 14:50:00+00:00,79078.78125,BTC
2026-09-07 14:51:00+00:00,79093.21875,BTC
2026-09-07 14:52:00+00:00,79193.9765625,BTC
2026-09-07 14:53:00+00:00,79222.390625,BTC
2026-09-07 14:54:00+00:00,79242.6171875,BTC
2026-09-07 14:55:00+00:00,79202.2421875,BTC
2026-09-07 14:56:00+00:00,79211.3984375,BTC
2026-09-07 14:57:00+00:00,79201.78125,BTC
2026-09-07 14:58:00+00:00,79191.8671875,BTC
2026-09-07 14:59:00+00:00,79184.1328125,BTC
2026-09-07 15:00:00+00:00,79152.4609375,BTC
2026-09-07 15:01:00+00:00,79169.890625,BTC
2026-09-07 15:02:00+00:00,79137.359375,BTC
2026-09-07 15:03:00+00:00,79111.390625,BTC
2026-09-07 15:04:00+00:00,79105.390625,BTC
2026-09-07 15:05:00+00:00,79076.4921875,BTC
2026-09-07 15:06:00+00:00,79037.2265625,BTC
2026-09-07 15:07:00+00:00,79050.578125,BTC
2026-09-07 15:08:00+00:00,79055.0234375,BTC
2026-09-07 15:09:00+00:00,79080.5703125,BTC
2026-09-07 15:10:00+00:00,79092.4765625,BTC
2026-09-07 15:11:00+00:00,79054.203125,BTC
2026-09-07 15:12:00+00:00,79054.6328125,BTC
2026-09-07 15:13:00+00:00,79069.9375,BTC
2026-09-07 15:14:00+00:00,79027.8515625,BTC
2026-09-07 15:15:00+00:00,79057.1171875,BTC
2026-09-07 15:16:00+00:00,79027.84375,BTC
2026-09-07 15:17:00+00:00,78992.2578125,BTC
2026-09-07 15:18:00+00:00,79028.0234375,BTC
2026-09-07 15:19:00+00:00,79121.1015625,BTC
2026-09-07 15:20:00+00:00,79051.46875,BTC
2026-09-07 15:21:00+00:00,79087.40625,BTC
2026-09-07 15:22:00+00:00,79080.3125,BTC
2026-09-07 15:23:00+00:00,79086.7109375,BTC
2026-09-07 15:24:00+00:00,79094.6328125,BTC
2026-09-07 15:25:00+00:00,79107.75,BTC
2026-09-07 15:26:00+00:00,79079.8125,BTC
2026-09-07 15:27:00+00:00,79060.75,BTC
2026-09-07 15:28:00+00:00,79046.25,BTC
2026-09-07 15:29:00+00:00,79019.96875,BTC
2026-09-07 15:30:00+00:00,78963.453125,BTC
2026-09-07 15:31:00+00:00,78922.3515625,BTC
2026-09-07 15:32:00+00:00,78903.546875,BTC
2026-09-07 15:33:00+00:00,78846.4375,BTC
2026-09-07 15:34:00+00:00,78830.203125,BTC
2026-09-07 15:35:00+00:00,78866.9921875,BTC
2026-09-07 15:36:00+00:00,78816.7421875,BTC
2026-09-07 15:37:00+00:00,78767.2109375,BTC
2026-09-07 15:38:00+00:00,78757.0078125,BTC
2026-09-07 15:39:00+00:00,78754.859375,BTC
2026-09-07 15:40:00+00:00,78728.3515625,BTC
2026-09-07 15:41:00+00:00,78686.9921875,BTC
2026-09-07 15:42:00+00:00,78752.9921875,BTC
2026-09-07 15:43:00+00:00,78743.28125,BTC
2026-09-07 15:44:00+00:00,78759.546875,BTC
2026-09-07 15:45:00+00:00,78701.453125,BTC
2026-09-07 15:46:00+00:00,78732.046875,BTC
2026-09-07 15:47:00+00:00,78756.1171875,BTC
2026-09-07 15:48:00+00:00,78821.0,BTC
2026-09-07 15:49:00+00:00,78838.8515625,BTC
2026-09-07 15:50:00+00:00,78842.34375,BTC
2026-09-07 15:51:00+00:00,78820.5625,BTC
2026-09-07 15:52:00+00:00,78833.890625,BTC
2026-09-07 15:53:00+00:00,78817.78125,BTC
2026-09-07 15:54:00+00:00,78830.2890625,BTC
2026-09-07 15:55:00+00:00,78787.0703125,BTC
2026-09-07 15:56:00+00:00,78750.0078125,BTC
2026-09-07 15:57:00+00:00,78788.2265625,BTC
2026-09-07 15:58:00+00:00,78840.2734375,BTC
2026-09-07 15:59:00+00:00,78800.0,BTC
2026-09-07 16:00:00+00:00,78857.1484375,BTC
2026-09-07 16:01:00+00:00,78857.921875,BTC
2026-09-07 16:02:00+00:00,78909.9609375,BTC
2026-09-07 16:03:00+00:00,78908.59375,BTC
2026-09-07 16:04:00+00:00,78856.359375,BTC
2026-09-07 16:05:00+00:00,78875.8671875,BTC
2026-09-07 16:06:00+00:00,78849.59375,BTC
2026-09-07 16:07:00+00:00,78843.1015625,BTC
2026-09-07 16:08:00+00:00,78866.9765625,BTC
2026-09-07 16:09:00+00:00,78863.03125,BTC
2026-09-07 16:10:00+00:00,78861.3515625,BTC
2026-09-07 16:11:00+00:00,78868.15625,BTC
2026-09-07 16:12:00+00:00,78883.5625,BTC
2026-09-07 16:13:00+00:00,78888.3984375,BTC
2026-09-07 16:14:00+00:00,78894.6015625,BTC
2026-09-07 16:15:00+00:00,78860.0,BTC
2026-09-07 16:16:00+00:00,78836.5234375,BTC
2026-09-07 16:17:00+00:00,78857.859375,BTC
2026-09-07 16:18:00+00:00,78882.046875,BTC
2026-09-07 16:19:00+00:00,78872.9765625,BTC
2026-09-07 16:20:00+00:00,78856.921875,BTC
2026-09-07 16:21:00+00:00,78838.453125,BTC
2026-09-07 16:22:00+00:00,78838.421875,BTC
2026-09-07 16:23:00+00:00,78830.1328125,BTC
2026-09-07 16:24:00+00:00,78800.0078125,BTC
2026-09-07 16:25:00+00:00,78801.7109375,BTC
2026-09-07 16:26:00+00:00,78790.34375,BTC
2026-09-07 16:27:00+00:00,78802.890625,BTC
2026-09-07 16:28:00+00:00,78827.328125,BTC
2026-09-07 16:29:00+00:00,78804.90625,BTC
2026-09-07 16:30:00+00:00,78816.859375,BTC
2026-09-07 16:31:00+00:00,78840.796875,BTC
2026-09-07 16:32:00+00:00,78904.71875,BTC
2026-09-07 16:33:00+00:00,78875.03125,BTC
2026-09-07 16:34:00+00:00,78921.09375,BTC
2026-09-07 16:35:00+00:00,78944.390625,BTC
2026-09-07 16:36:00+00:00,78955.3671875,BTC
2026-09-07 16:37:00+00:00,78984.3671875,BTC
2026-09-07 16:38:00+00:00,78997.0078125,BTC
2026-09-07 16:39:00+00:00,78996.6171875,BTC
2026-09-07 16:40:00+00:00,78988.921875,BTC
2026-09-07 16:41:00+00:00,79018.2890625,BTC
2026-09-07 16:42:00+00:00,79007.8671875,BTC
2026-09-07 16:43:00+00:00,78998.9296875,BTC
2026-09-07 16:44:00+00:00,78988.1015625,BTC
2026-09-07 16:45:00+00:00,78995.6484375,BTC
2026-09-07 16:46:00+00:00,78977.578125,BTC
2026-09-07 16:47:00+00:00,78958.859375,BTC
2026-09-07 16:48:00+00:00,78972.0078125,BTC
2026-09-07 16:49:00+00:00,78969.3203125,BTC
2026-09-07 16:50:00+00:00,78969.3203125,BTC
2026-09-07 16:51:00+00:00,78989.9921875,BTC
2026-09-07 16:52:00+00:00,78999.71875,BTC
2026-09-07 16:53:00+00:00,78995.6015625,BTC
2026-09-07 16:54:00+00:00,78992.9921875,BTC
2026-09-07 16:55:00+00:00,78989.0703125,BTC
2026-09-07 16:56:00+00:00,78991.3515625,BTC
2026-09-07 16:57:00+00:00,78982.0625,BTC
2026-09-07 16:58:00+00:00,78969.328125,BTC
2026-09-07 16:59:00+00:00,79010.9765625,BTC
2026-09-07 17:00:00+00:00,79015.9375,BTC
2026-09-07 17:01:00+00:00,79010.703125,BTC
2026-09-07 17:02:00+00:00,79009.828125,BTC
2026-09-07 17:03:00+00:00,79009.8203125,BTC
2026-09-07 17:04:00+00:00,79007.90625,BTC
2026-09-07 17:05:00+00:00,79025.0078125,BTC
2026-09-07 17:06:00+00:00,79060.2109375,BTC
2026-09-07 17:07:00+00:00,79071.2109375,BTC
2026-09-07 17:08:00+00:00,79077.84375,BTC
2026-09-07 17:09:00+00:00,79076.84375,BTC
2026-09-07 17:10:00+00:00,79087.0703125,BTC
2026-09-07 17:11:00+00:00,79094.9609375,BTC
2026-09-07 17:12:00+00:00,79110.8984375,BTC
2026-09-07 17:13:00+00:00,79127.046875,BTC
2026-09-07 17:14:00+00:00,79136.203125,BTC
2026-09-07 17:15:00+00:00,79106.7421875,BTC
2026-09-07 17:16:00+00:00,79113.25,BTC
2026-09-07 17:17:00+00:00,79131.2421875,BTC
2026-09-07 17:18:00+00:00,79127.28125,BTC
2026-09-07 17:19:00+00:00,79132.6171875,BTC
2026-09-07 17:20:00+00:00,79145.4921875,BTC
2026-09-07 17:21:00+00:00,79090.0,BTC
2026-09-07 17:22:00+00:00,79119.7578125,BTC
2026-09-07 17:23:00+00:00,79103.109375,BTC
2026-09-07 17:24:00+00:00,79103.109375,BTC
2026-09-07 17:25:00+00:00,79093.84375,BTC
2026-09-07 17:26:00+00:00,79093.84375,BTC
2026-09-07 17:27:00+00:00,79093.71875,BTC
2026-09-07 17:28:00+00:00,79136.9765625,BTC
2026-09-07 17:29:00+00:00,79105.5,BTC
2026-09-07 17:30:00+00:00,79105.4921875,BTC
2026-09-07 17:31:00+00:00,79105.5,BTC
2026-09-07 17:32:00+00:00,79100.7578125,BTC
2026-09-07 17:33:00+00:00,79100.2265625,BTC
2026-09-07 17:34:00+00:00,79076.359375,BTC
2026-09-07 17:35:00+00:00,79070.9765625,BTC
2026-09-07 17:36:00+00:00,79100.7421875,BTC
2026-09-07 17:37:00+00:00,79110.0,BTC
2026-09-07 17:38:00+00:00,79105.75,BTC
2026-09-07 17:39:00+00:00,79136.6328125,BTC
2026-09-07 17:40:00+00:00,79135.1171875,BTC
2026-09-07 17:41:00+00:00,79150.0,BTC
2026-09-07 17:42:00+00:00,79154.9921875,BTC
2026-09-07 17:43:00+00:00,79152.4296875,BTC
2026-09-07 17:44:00+00:00,79146.8125,BTC
2026-09-07 17:45:00+00:00,79163.9921875,BTC
2026-09-07 17:46:00+00:00,79143.0078125,BTC
2026-09-07 17:47:00+00:00,79144.0,BTC
2026-09-07 17:48:00+00:00,79129.1484375,BTC
2026-09-07 17:49:00+00:00,79150.9296875,BTC
2026-09-07 17:50:00+00:00,79159.1171875,BTC
2026-09-07 17:51:00+00:00,79183.7890625,BTC
2026-09-07 17:52:00+00:00,79178.7109375,BTC
2026-09-07 17:53:00+00:00,79182.1796875,BTC
2026-09-07 17:54:00+00:00,79154.0390625,BTC
2026-09-07 17:55:00+00:00,79166.390625,BTC
2026-09-07 17:56:00+00:00,79157.546875,BTC
2026-09-07 17:57:00+00:00,79153.03125,BTC
2026-09-07 17:58:00+00:00,79154.921875,BTC
2026-09-07 17:59:00+00:00,79170.0,BTC
2026-09-07 18:00:00+00:00,79193.1328125,BTC
2026-09-07 18:01:00+00:00,79184.703125,BTC
2026-09-07 18:02:00+00:00,79157.2578125,BTC
2026-09-07 18:03:00+00:00,79158.21875,BTC
2026-09-07 18:04:00+00:00,79159.1015625,BTC
2026-09-07 18:05:00+00:00,79156.328125,BTC
2026-09-07 18:06:00+00:00,79184.1484375,BTC
2026-09-07 18:07:00+00:00,79177.46875,BTC
2026-09-07 18:08:00+00:00,79137.25,BTC
2026-09-07 18:09:00+00:00,79134.5,BTC
2026-09-07 18:10:00+00:00,79168.1875,BTC
2026-09-07 18:11:00+00:00,79191.5,BTC
2026-09-07 18:12:00+00:00,79179.9296875,BTC
2026-09-07 18:13:00+00:00,79163.2578125,BTC
2026-09-07 18:14:00+00:00,79164.15625,BTC
2026-09-07 18:15:00+00:00,79184.15625,BTC
2026-09-07 18:16:00+00:00,79174.890625,BTC
2026-09-07 18:17:00+00:00,79157.890625,BTC
2026-09-07 18:18:00+00:00,79172.9765625,BTC
2026-09-07 18:19:00+00:00,79188.2734375,BTC
2026-09-07 18:20:00+00:00,79182.390625,BTC
2026-09-07 18:21:00+00:00,79183.03125,BTC
2026-09-07 18:22:00+00:00,79152.453125,BTC
2026-09-07 18:23:00+00:00,79129.9296875,BTC
2026-09-07 18:24:00+00:00,79142.9765625,BTC
2026-09-07 18:25:00+00:00,79142.078125,BTC
2026-09-07 18:26:00+00:00,79150.359375,BTC
2026-09-07 18:27:00+00:00,79133.5390625,BTC
2026-09-07 18:28:00+00:00,79132.28125,BTC
2026-09-07 18:29:00+00:00,79142.9375,BTC
2026-09-07 18:30:00+00:00,79119.0078125,BTC
2026-09-07 18:31:00+00:00,79125.0,BTC
2026-09-07 18:32:00+00:00,79101.1875,BTC
2026-09-07 18:33:00+00:00,79091.0,BTC
2026-09-07 18:34:00+00:00,79103.703125,BTC
2026-09-07 18:35:00+00:00,79125.7265625,BTC
2026-09-07 18:36:00+00:00,79125.7265625,BTC
2026-09-07 18:37:00+00:00,79105.65625,BTC
2026-09-07 18:38:00+00:00,79105.65625,BTC
2026-09-07 18:39:00+00:00,79108.4765625,BTC
2026-09-07 18:40:00+00:00,79113.0078125,BTC
2026-09-07 18:41:00+00:00,79113.0,BTC
2026-09-07 18:42:00+00:00,79143.03125,BTC
2026-09-07 18:43:00+00:00,79130.9921875,BTC
2026-09-07 18:44:00+00:00,79148.1484375,BTC
2026-09-07 18:45:00+00:00,79151.4296875,BTC
2026-09-07 18:46:00+00:00,79150.0,BTC
2026-09-07 18:47:00+00:00,79137.6328125,BTC
2026-09-07 18:48:00+00:00,79154.046875,BTC
2026-09-07 18:49:00+00:00,79196.9921875,BTC
2026-09-07 18:50:00+00:00,79195.4765625,BTC
2026-09-07 18:51:00+00:00,79203.2265625,BTC
2026-09-07 18:52:00+00:00,79212.453125,BTC
2026-09-07 18:53:00+00:00,79218.2265625,BTC
2026-09-07 18:54:00+00:00,79210.3984375,BTC
2026-09-07 18:55:00+00:00,79220.1796875,BTC
2026-09-07 18:56:00+00:00,79162.453125,BTC
2026-09-07 18:57:00+00:00,79181.15625,BTC
2026-09-07 18:58:00+00:00,79189.4609375,BTC
2026-09-07 18:59:00+00:00,79195.0234375,BTC
2026-09-07 19:00:00+00:00,79190.7421875,BTC
2026-09-07 19:01:00+00:00,79175.0,BTC
2026-09-07 19:02:00+00:00,79175.0,BTC
2026-09-07 19:03:00+00:00,79162.34375,BTC
2026-09-07 19:04:00+00:00,79177.4921875,BTC
2026-09-07 19:05:00+00:00,79186.21875,BTC
2026-09-07 19:06:00+00:00,79185.34375,BTC
2026-09-07 19:07:00+00:00,79168.28125,BTC
2026-09-07 19:08:00+00:00,79171.6484375,BTC
2026-09-07 19:09:00+00:00,79154.96875,BTC
2026-09-07 19:10:00+00:00,79171.6484375,BTC
2026-09-07 19:11:00+00:00,79146.6484375,BTC
2026-09-07 19:12:00+00:00,79150.7890625,BTC
2026-09-07 19:13:00+00:00,79155.7578125,BTC
2026-09-07 19:14:00+00:00,79157.21875,BTC
2026-09-07 19:15:00+00:00,79162.21875,BTC
2026-09-07 19:16:00+00:00,79174.3515625,BTC
2026-09-07 19:17:00+00:00,79174.359375,BTC
2026-09-07 19:18:00+00:00,79177.09375,BTC
2026-09-07 19:19:00+00:00,79177.09375,BTC
2026-09-07 19:20:00+00:00,79178.1484375,BTC
2026-09-07 19:21:00+00:00,79195.0234375,BTC
2026-09-07 19:22:00+00:00,79224.71875,BTC
2026-09-07 19:23:00+00:00,79231.4765625,BTC
2026-09-07 19:24:00+00:00,79239.9921875,BTC
2026-09-07 19:25:00+00:00,79218.0078125,BTC
2026-09-07 19:26:00+00:00,79213.6796875,BTC
2026-09-07 19:27:00+00:00,79231.46875,BTC
2026-09-07 19:28:00+00:00,79215.0078125,BTC
2026-09-07 19:29:00+00:00,79221.7265625,BTC
2026-09-07 19:30:00+00:00,79240.0,BTC
2026-09-07 19:31:00+00:00,79255.78125,BTC
2026-09-07 19:32:00+00:00,79330.3828125,BTC
2026-09-07 19:33:00+00:00,79304.9609375,BTC
2026-09-07 19:34:00+00:00,79373.25,BTC
2026-09-07 19:35:00+00:00,79391.9765625,BTC
2026-09-07 19:36:00+00:00,79357.3515625,BTC
2026-09-07 19:37:00+00:00,79375.5078125,BTC
2026-09-07 19:38:00+00:00,79357.3515625,BTC
2026-09-07 19:39:00+00:00,79357.34375,BTC
2026-09-07 19:40:00+00:00,79346.5625,BTC
2026-09-07 19:41:00+00:00,79329.953125,BTC
2026-09-07 19:42:00+00:00,79329.390625,BTC
2026-09-07 19:43:00+00:00,79338.78125,BTC
2026-09-07 19:44:00+00:00,79326.8125,BTC
2026-09-07 19:45:00+00:00,79329.34375,BTC
2026-09-07 19:46:00+00:00,79329.34375,BTC
2026-09-07 19:47:00+00:00,79335.84375,BTC
2026-09-07 19:48:00+00:00,79332.1796875,BTC
2026-09-07 19:49:00+00:00,79356.171875,BTC
2026-09-07 19:50:00+00:00,79367.1171875,BTC
2026-09-07 19:51:00+00:00,79350.078125,BTC
2026-09-07 19:52:00+00:00,79364.2734375,BTC
2026-09-07 19:53:00+00:00,79370.7578125,BTC
2026-09-07 19:54:00+00:00,79347.5,BTC
2026-09-07 19:55:00+00:00,79340.859375,BTC
2026-09-07 19:56:00+00:00,79337.5,BTC
2026-09-07 19:57:00+00:00,79336.1875,BTC
2026-09-07 19:58:00+00:00,79330.0,BTC
2026-09-07 19:59:00+00:00,79352.2109375,BTC
2026-09-07 20:00:00+00:00,79356.6796875,BTC
2026-09-07 20:01:00+00:00,79338.359375,BTC
2026-09-07 20:02:00+00:00,79337.0078125,BTC
2026-09-07 20:03:00+00:00,79316.9765625,BTC
2026-09-07 20:04:00+00:00,79309.0390625,BTC
2026-09-07 20:05:00+00:00,79268.28125,BTC
2026-09-07 20:06:00+00:00,79251.2265625,BTC
2026-09-07 20:07:00+00:00,79216.1796875,BTC
2026-09-07 20:08:00+00:00,79257.359375,BTC
2026-09-07 20:09:00+00:00,79237.8828125,BTC
2026-09-07 20:10:00+00:00,79237.8671875,BTC
2026-09-07 20:11:00+00:00,79232.2265625,BTC
2026-09-07 20:12:00+00:00,79213.046875,BTC
2026-09-07 20:13:00+00:00,79223.9765625,BTC
2026-09-07 20:14:00+00:00,79215.6875,BTC
2026-09-07 20:15:00+00:00,79220.96875,BTC
2026-09-07 20:16:00+00:00,79219.0,BTC
2026-09-07 20:17:00+00:00,79226.9765625,BTC
2026-09-07 20:18:00+00:00,79244.9921875,BTC
2026-09-07 20:19:00+00:00,79245.0,BTC
2026-09-07 20:20:00+00:00,79212.9921875,BTC
2026-09-07 20:21:00+00:00,79202.078125,BTC
2026-09-07 20:22:00+00:00,79170.0078125,BTC
2026-09-07 20:23:00+00:00,79165.8671875,BTC
2026-09-07 20:24:00+00:00,79195.1015625,BTC
2026-09-07 20:25:00+00:00,79181.203125,BTC
2026-09-07 20:26:00+00:00,79186.703125,BTC
2026-09-07 20:27:00+00:00,79186.703125,BTC
2026-09-07 20:28:00+00:00,79198.5234375,BTC
2026-09-07 20:29:00+00:00,79195.859375,BTC
2026-09-07 20:30:00+00:00,79204.4765625,BTC
2026-09-07 20:31:00+00:00,79200.3515625,BTC
2026-09-07 20:32:00+00:00,79225.1328125,BTC
2026-09-07 20:33:00+00:00,79220.8828125,BTC
2026-09-07 20:34:00+00:00,79207.140625,BTC
2026-09-07 20:35:00+00:00,79214.078125,BTC
2026-09-07 20:36:00+00:00,79196.546875,BTC
2026-09-07 20:37:00+00:00,79198.296875,BTC
2026-09-07 20:38:00+00:00,79199.390625,BTC
2026-09-07 20:39:00+00:00,79204.0625,BTC
2026-09-07 20:40:00+00:00,79201.6796875,BTC
2026-09-07 20:41:00+00:00,79212.78125,BTC
2026-09-07 20:42:00+00:00,79183.921875,BTC
2026-09-07 20:43:00+00:00,79197.9921875,BTC
2026-09-07 20:44:00+00:00,79172.2578125,BTC
2026-09-07 20:45:00+00:00,79163.7578125,BTC
2026-09-07 20:46:00+00:00,79189.796875,BTC
2026-09-07 20:47:00+00:00,79171.0,BTC
2026-09-07 20:48:00+00:00,79197.0078125,BTC
2026-09-07 20:49:00+00:00,79222.0,BTC
2026-09-07 20:50:00+00:00,79231.4765625,BTC
2026-09-07 20:51:00+00:00,79225.6171875,BTC
2026-09-07 20:52:00+00:00,79233.6875,BTC
2026-09-07 20:53:00+00:00,79215.6484375,BTC
2026-09-07 20:54:00+00:00,79195.5390625,BTC
2026-09-07 20:55:00+00:00,79231.15625,BTC
2026-09-07 20:56:00+00:00,79229.2890625,BTC
2026-09-07 20:57:00+00:00,79214.546875,BTC
2026-09-07 20:58:00+00:00,79208.2734375,BTC
2026-09-07 20:59:00+00:00,79220.5390625,BTC
2026-09-07 21:00:00+00:00,79240.609375,BTC
2026-09-07 21:01:00+00:00,79235.703125,BTC
2026-09-07 21:02:00+00:00,79222.7734375,BTC
2026-09-07 21:03:00+00:00,79225.8515625,BTC
2026-09-07 21:04:00+00:00,79211.5234375,BTC
2026-09-07 21:05:00+00:00,79204.7734375,BTC
2026-09-07 21:06:00+00:00,79204.7734375,BTC
2026-09-07 21:07:00+00:00,79183.6015625,BTC
2026-09-07 21:08:00+00:00,79184.421875,BTC
2026-09-07 21:09:00+00:00,79184.78125,BTC
2026-09-07 21:10:00+00:00,79188.046875,BTC
2026-09-07 21:11:00+00:00,79197.15625,BTC
2026-09-07 21:12:00+00:00,79199.34375,BTC
2026-09-07 21:13:00+00:00,79201.6328125,BTC
2026-09-07 21:14:00+00:00,79252.203125,BTC
2026-09-07 21:15:00+00:00,79199.6328125,BTC
2026-09-07 21:16:00+00:00,79219.1171875,BTC
2026-09-07 21:17:00+00:00,79210.0703125,BTC
2026-09-07 21:18:00+00:00,79200.578125,BTC
2026-09-07 21:19:00+00:00,79241.9765625,BTC
2026-09-07 21:20:00+00:00,79236.9765625,BTC
2026-09-07 21:21:00+00:00,79239.0390625,BTC
2026-09-07 21:22:00+00:00,79236.953125,BTC
2026-09-07 21:23:00+00:00,79238.15625,BTC
2026-09-07 21:24:00+00:00,79238.140625,BTC
2026-09-07 21:25:00+00:00,79228.0234375,BTC
2026-09-07 21:26:00+00:00,79222.46875,BTC
2026-09-07 21:27:00+00:00,79222.4609375,BTC
2026-09-07 21:28:00+00:00,79207.6484375,BTC
2026-09-07 21:29:00+00:00,79213.3984375,BTC
2026-09-07 21:30:00+00:00,79215.9375,BTC
2026-09-07 21:31:00+00:00,79213.40625,BTC
2026-09-07 21:32:00+00:00,79216.5625,BTC
2026-09-07 21:33:00+00:00,79197.9765625,BTC
2026-09-07 21:34:00+00:00,79197.90625,BTC
2026-09-07 21:35:00+00:00,79181.71875,BTC
2026-09-07 21:36:00+00:00,79194.421875,BTC
2026-09-07 21:37:00+00:00,79194.4296875,BTC
2026-09-07 21:38:00+00:00,79202.34375,BTC
2026-09-07 21:39:00+00:00,79205.921875,BTC
2026-09-07 21:40:00+00:00,79179.3984375,BTC
2026-09-07 21:41:00+00:00,79180.4609375,BTC
2026-09-07 21:42:00+00:00,79180.4609375,BTC
2026-09-07 21:43:00+00:00,79204.5703125,BTC
2026-09-07 21:44:00+00:00,79184.6484375,BTC
2026-09-07 21:45:00+00:00,79184.8125,BTC
2026-09-07 21:46:00+00:00,79197.0,BTC
2026-09-07 21:47:00+00:00,79179.90625,BTC
2026-09-07 21:48:00+00:00,79188.1015625,BTC
2026-09-07 21:49:00+00:00,79170.5234375,BTC
2026-09-07 21:50:00+00:00,79167.0078125,BTC
2026-09-07 21:51:00+00:00,79150.078125,BTC
2026-09-07 21:52:00+00:00,79164.640625,BTC
2026-09-07 21:53:00+00:00,79190.109375,BTC
2026-09-07 21:54:00+00:00,79170.7578125,BTC
2026-09-07 21:55:00+00:00,79175.0703125,BTC
2026-09-07 21:56:00+00:00,79178.421875,BTC
2026-09-07 21:57:00+00:00,79178.40625,BTC
2026-09-07 21:58:00+00:00,79193.078125,BTC
2026-09-07 21:59:00+00:00,79139.4921875,BTC
2026-09-07 22:00:00+00:00,79146.453125,BTC
2026-09-07 22:01:00+00:00,79087.8671875,BTC
2026-09-07 22:02:00+00:00,79142.4609375,BTC
2026-09-07 22:03:00+00:00,79166.2421875,BTC
2026-09-07 22:04:00+00:00,79171.59375,BTC
2026-09-07 22:05:00+00:00,79144.9609375,BTC
2026-09-07 22:06:00+00:00,79169.3984375,BTC
2026-09-07 22:07:00+00:00,79180.2734375,BTC
2026-09-07 22:08:00+00:00,79176.78125,BTC
2026-09-07 22:09:00+00:00,79185.96875,BTC
2026-09-07 22:10:00+00:00,79190.9765625,BTC
2026-09-07 22:11:00+00:00,79150.4921875,BTC
2026-09-07 22:12:00+00:00,79157.9765625,BTC
2026-09-07 22:13:00+00:00,79143.2265625,BTC
2026-09-07 22:14:00+00:00,79134.078125,BTC
2026-09-07 22:15:00+00:00,79115.3984375,BTC
2026-09-07 22:16:00+00:00,79038.9609375,BTC
2026-09-07 22:17:00+00:00,79071.90625,BTC
2026-09-07 22:18:00+00:00,79082.9921875,BTC
2026-09-07 22:19:00+00:00,79045.1484375,BTC
2026-09-07 22:20:00+00:00,79049.8671875,BTC
2026-09-07 22:21:00+00:00,79079.96875,BTC
2026-09-07 22:22:00+00:00,79090.0078125,BTC
2026-09-07 22:23:00+00:00,79138.4921875,BTC
2026-09-07 22:24:00+00:00,79165.2890625,BTC
2026-09-07 22:25:00+00:00,79147.4765625,BTC
2026-09-07 22:26:00+00:00,79159.546875,BTC
2026-09-07 22:27:00+00:00,79187.1171875,BTC
2026-09-07 22:28:00+00:00,79121.2265625,BTC
2026-09-07 22:29:00+00:00,79083.0,BTC
2026-09-07 22:30:00+00:00,79049.890625,BTC
2026-09-07 22:31:00+00:00,79051.3671875,BTC
2026-09-07 22:32:00+00:00,79068.8515625,BTC
2026-09-07 22:33:00+00:00,79060.0,BTC
2026-09-07 22:34:00+00:00,79043.3984375,BTC
2026-09-07 22:35:00+00:00,79028.6484375,BTC
2026-09-07 22:36:00+00:00,79020.0078125,BTC
2026-09-07 22:37:00+00:00,78977.296875,BTC
2026-09-07 22:38:00+00:00,78966.2421875,BTC
2026-09-07 22:39:00+00:00,78853.953125,BTC
2026-09-07 22:40:00+00:00,78841.2890625,BTC
2026-09-07 22:41:00+00:00,78819.9921875,BTC
2026-09-07 22:42:00+00:00,78824.203125,BTC
2026-09-07 22:43:00+00:00,78827.4765625,BTC
2026-09-07 22:44:00+00:00,78800.9921875,BTC
2026-09-07 22:45:00+00:00,78840.0234375,BTC
2026-09-07 22:46:00+00:00,78890.0,BTC
2026-09-07 22:47:00+00:00,78915.28125,BTC
2026-09-07 22:48:00+00:00,78918.46875,BTC
2026-09-07 22:49:00+00:00,78940.6796875,BTC
2026-09-07 22:50:00+00:00,78936.7265625,BTC
2026-09-07 22:51:00+00:00,78938.2109375,BTC
2026-09-07 22:52:00+00:00,78946.3203125,BTC
2026-09-07 22:53:00+00:00,78914.046875,BTC
2026-09-07 22:54:00+00:00,78914.046875,BTC
2026-09-07 22:55:00+00:00,78924.90625,BTC
2026-09-07 22:56:00+00:00,78925.1875,BTC
2026-09-07 22:57:00+00:00,78870.140625,BTC
2026-09-07 22:58:00+00:00,78921.7734375,BTC
2026-09-07 22:59:00+00:00,78929.9296875,BTC
2026-09-07 23:00:00+00:00,78946.328125,BTC
2026-09-07 23:01:00+00:00,78958.7734375,BTC
2026-09-07 23:02:00+00:00,78970.0078125,BTC
2026-09-07 23:03:00+00:00,78981.328125,BTC
2026-09-07 23:04:00+00:00,78959.6484375,BTC
2026-09-07 23:05:00+00:00,78985.0,BTC
2026-09-07 23:06:00+00:00,79020.3671875,BTC
2026-09-07 23:07:00+00:00,79095.328125,BTC
2026-09-07 23:08:00+00:00,79115.3984375,BTC
2026-09-07 23:09:00+00:00,79104.4921875,BTC
2026-09-07 23:10:00+00:00,79103.2109375,BTC
2026-09-07 23:11:00+00:00,79106.078125,BTC
2026-09-07 23:12:00+00:00,79106.078125,BTC
2026-09-07 23:13:00+00:00,79109.0390625,BTC
2026-09-07 23:14:00+00:00,79113.109375,BTC
2026-09-07 23:15:00+00:00,79082.96875,BTC
2026-09-07 23:16:00+00:00,79070.7109375,BTC
2026-09-07 23:17:00+00:00,79061.8984375,BTC
2026-09-07 23:18:00+00:00,79044.8125,BTC
2026-09-07 23:19:00+00:00,79094.6484375,BTC
2026-09-07 23:20:00+00:00,79050.21875,BTC
2026-09-07 23:21:00+00:00,79040.3515625,BTC
2026-09-07 23:22:00+00:00,79037.7734375,BTC
2026-09-07 23:23:00+00:00,78958.0,BTC
2026-09-07 23:24:00+00:00,78973.40625,BTC
2026-09-07 23:25:00+00:00,79019.203125,BTC
2026-09-07 23:26:00+00:00,79006.1875,BTC
2026-09-07 23:27:00+00:00,79014.5078125,BTC
2026-09-07 23:28:00+00:00,78995.2890625,BTC
2026-09-07 23:29:00+00:00,78987.8515625,BTC
2026-09-07 23:30:00+00:00,78982.0,BTC
2026-09-07 23:31:00+00:00,78965.4765625,BTC
2026-09-07 23:32:00+00:00,78995.9765625,BTC
2026-09-07 23:33:00+00:00,79009.09375,BTC
2026-09-07 23:34:00+00:00,78988.296875,BTC
2026-09-07 23:35:00+00:00,79010.75,BTC
2026-09-07 23:36:00+00:00,78995.2890625,BTC
2026-09-07 23:37:00+00:00,79005.78125,BTC
2026-09-07 23:38:00+00:00,79018.0625,BTC
2026-09-07 23:39:00+00:00,79019.9921875,BTC
2026-09-07 23:40:00+00:00,79035.0,BTC
2026-09-07 23:41:00+00:00,79035.796875,BTC
2026-09-07 23:42:00+00:00,79055.71875,BTC
2026-09-07 23:43:00+00:00,79057.3984375,BTC
2026-09-07 23:44:00+00:00,79106.6484375,BTC
2026-09-07 23:45:00+00:00,79102.0390625,BTC
2026-09-07 23:46:00+00:00,79109.9765625,BTC
2026-09-07 23:47:00+00:00,79142.3515625,BTC
2026-09-07 23:48:00+00:00,79170.0,BTC
2026-09-07 23:49:00+00:00,79170.0078125,BTC
2026-09-07 23:50:00+00:00,79140.0703125,BTC
2026-09-07 23:51:00+00:00,79145.421875,BTC
2026-09-07 23:52:00+00:00,79132.453125,BTC
2026-09-07 23:53:00+00:00,79142.609375,BTC
2026-09-07 23:54:00+00:00,79126.3203125,BTC
2026-09-07 23:55:00+00:00,79129.9921875,BTC
2026-09-07 23:56:00+00:00,79097.53125,BTC
2026-09-07 23:57:00+00:00,79107.5234375,BTC
2026-09-07 23:58:00+00:00,79110.0,BTC
2026-09-08 00:00:00+00:00,79090.3984375,BTC
2026-09-08 00:01:00+00:00,79052.7421875,BTC
2026-09-08 00:02:00+00:00,79059.5234375,BTC
2026-09-08 00:03:00+00:00,79067.2265625,BTC
2026-09-08 00:04:00+00:00,79035.0078125,BTC
2026-09-08 00:05:00+00:00,79060.96875,BTC
2026-09-08 00:06:00+00:00,79017.7265625,BTC
2026-09-08 00:07:00+00:00,79085.9765625,BTC
2026-09-08 00:08:00+00:00,79028.9921875,BTC
2026-09-08 00:09:00+00:00,79029.6328125,BTC
2026-09-08 00:10:00+00:00,79033.90625,BTC
2026-09-08 00:11:00+00:00,79006.203125,BTC
2026-09-08 00:12:00+00:00,78970.2109375,BTC
2026-09-08 00:13:00+00:00,79010.7890625,BTC
2026-09-08 00:14:00+00:00,79033.4765625,BTC
2026-09-08 00:15:00+00:00,78997.8671875,BTC
2026-09-08 00:16:00+00:00,79031.546875,BTC
2026-09-08 00:17:00+00:00,79085.4375,BTC
2026-09-08 00:18:00+00:00,79064.953125,BTC
2026-09-08 00:19:00+00:00,79035.7734375,BTC
2026-09-08 00:20:00+00:00,79046.2421875,BTC
2026-09-08 00:21:00+00:00,79016.546875,BTC
2026-09-08 00:22:00+00:00,78970.296875,BTC
2026-09-08 00:23:00+00:00,78970.0703125,BTC
2026-09-08 00:24:00+00:00,79018.09375,BTC
2026-09-08 00:25:00+00:00,79026.7265625,BTC
2026-09-08 00:26:00+00:00,79044.9921875,BTC
2026-09-08 00:27:00+00:00,79050.203125,BTC
2026-09-08 00:28:00+00:00,79006.59375,BTC
2026-09-08 00:29:00+00:00,78980.0390625,BTC
2026-09-08 00:30:00+00:00,78962.53125,BTC
2026-09-08 00:31:00+00:00,79009.15625,BTC
2026-09-08 00:32:00+00:00,79060.0,BTC
2026-09-08 00:33:00+00:00,79132.4921875,BTC
2026-09-08 00:34:00+00:00,79150.5078125,BTC
2026-09-08 00:35:00+00:00,79168.4921875,BTC
2026-09-08 00:36:00+00:00,79178.03125,BTC
2026-09-08 00:37:00+00:00,79210.4921875,BTC
2026-09-08 00:38:00+00:00,79202.4921875,BTC
2026-09-08 00:39:00+00:00,79202.3828125,BTC
2026-09-08 00:40:00+00:00,79229.828125,BTC
2026-09-08 00:41:00+00:00,79257.15625,BTC
2026-09-08 00:42:00+00:00,79224.6015625,BTC
2026-09-08 00:43:00+00:00,79184.9921875,BTC
2026-09-08 00:44:00+00:00,79197.75,BTC
2026-09-08 00:45:00+00:00,79190.8671875,BTC
2026-09-08 00:46:00+00:00,79218.0078125,BTC
2026-09-08 00:47:00+00:00,79218.5703125,BTC
2026-09-08 00:48:00+00:00,79215.2578125,BTC
2026-09-08 00:49:00+00:00,79256.9765625,BTC
2026-09-08 00:50:00+00:00,79232.0234375,BTC
2026-09-08 00:51:00+00:00,79259.59375,BTC
2026-09-08 00:52:00+00:00,79256.34375,BTC
2026-09-08 00:53:00+00:00,79248.0078125,BTC
2026-09-08 00:54:00+00:00,79238.1015625,BTC
2026-09-08 00:55:00+00:00,79295.609375,BTC
2026-09-08 00:56:00+00:00,79271.78125,BTC
2026-09-08 00:57:00+00:00,79296.7734375,BTC
2026-09-08 00:58:00+00:00,79281.5234375,BTC
2026-09-08 00:59:00+00:00,79293.3828125,BTC
2026-09-08 01:00:00+00:00,79296.703125,BTC
2026-09-08 01:01:00+00:00,79284.2109375,BTC
2026-09-08 01:02:00+00:00,79289.9921875,BTC
2026-09-08 01:03:00+00:00,79290.890625,BTC
2026-09-08 01:04:00+00:00,79281.9609375,BTC
2026-09-08 01:05:00+00:00,79312.4375,BTC
2026-09-08 01:06:00+00:00,79250.65625,BTC
2026-09-08 01:07:00+00:00,79319.2421875,BTC
2026-09-08 01:08:00+00:00,79326.296875,BTC
2026-09-08 01:09:00+00:00,79327.15625,BTC
2026-09-08 01:10:00+00:00,79314.359375,BTC
2026-09-08 01:11:00+00:00,79338.5234375,BTC
2026-09-08 01:12:00+00:00,79297.0078125,BTC
2026-09-08 01:13:00+00:00,79297.0,BTC
2026-09-08 01:14:00+00:00,79274.2734375,BTC
2026-09-08 01:15:00+00:00,79323.7890625,BTC
2026-09-08 01:16:00+00:00,79270.921875,BTC
2026-09-08 01:17:00+00:00,79279.203125,BTC
2026-09-08 01:18:00+00:00,79294.8828125,BTC
2026-09-08 01:19:00+00:00,79311.421875,BTC
2026-09-08 01:20:00+00:00,79304.453125,BTC
2026-09-08 01:21:00+00:00,79323.1484375,BTC
2026-09-08 01:22:00+00:00,79375.8984375,BTC
2026-09-08 01:23:00+00:00,79397.9921875,BTC
2026-09-08 01:24:00+00:00,79354.5625,BTC
2026-09-08 01:25:00+00:00,79379.5703125,BTC
2026-09-08 01:26:00+00:00,79414.6484375,BTC
2026-09-08 01:27:00+00:00,79382.5,BTC
2026-09-08 01:28:00+00:00,79373.9765625,BTC
2026-09-08 01:29:00+00:00,79380.75,BTC
2026-09-08 01:30:00+00:00,79333.8203125,BTC
2026-09-08 01:31:00+00:00,79347.59375,BTC
2026-09-08 01:32:00+00:00,79355.0078125,BTC
2026-09-08 01:33:00+00:00,79330.609375,BTC
2026-09-08 01:34:00+00:00,79295.0078125,BTC
2026-09-08 01:35:00+00:00,79310.0,BTC
2026-09-08 01:36:00+00:00,79311.96875,BTC
2026-09-08 01:37:00+00:00,79323.8515625,BTC
2026-09-08 01:38:00+00:00,79317.75,BTC
2026-09-08 01:39:00+00:00,79305.0,BTC
2026-09-08 01:40:00+00:00,79290.8125,BTC
2026-09-08 01:41:00+00:00,79295.5078125,BTC
2026-09-08 01:42:00+00:00,79306.53125,BTC
2026-09-08 01:43:00+00:00,79313.46875,BTC
2026-09-08 01:44:00+00:00,79297.71875,BTC
2026-09-08 01:45:00+00:00,79311.84375,BTC
2026-09-08 01:46:00+00:00,79292.421875,BTC
2026-09-08 01:47:00+00:00,79304.34375,BTC
2026-09-08 01:48:00+00:00,79322.8671875,BTC
2026-09-08 01:49:00+00:00,79345.8671875,BTC
2026-09-08 01:50:00+00:00,79305.7578125,BTC
2026-09-08 01:51:00+00:00,79314.0703125,BTC
2026-09-08 01:52:00+00:00,79332.7578125,BTC
2026-09-08 01:53:00+00:00,79350.7265625,BTC
2026-09-08 01:54:00+00:00,79364.28125,BTC
2026-09-08 01:55:00+00:00,79351.328125,BTC
2026-09-08 01:56:00+00:00,79385.75,BTC
2026-09-08 01:57:00+00:00,79378.828125,BTC
2026-09-08 01:58:00+00:00,79437.4765625,BTC
2026-09-08 01:59:00+00:00,79413.921875,BTC
2026-09-08 02:00:00+00:00,79395.7578125,BTC
2026-09-08 02:01:00+00:00,79380.0,BTC
2026-09-08 02:02:00+00:00,79380.9609375,BTC
2026-09-08 02:03:00+00:00,79385.0390625,BTC
2026-09-08 02:04:00+00:00,79361.9921875,BTC
2026-09-08 02:05:00+00:00,79347.4765625,BTC
2026-09-08 02:06:00+00:00,79315.390625,BTC
2026-09-08 02:07:00+00:00,79329.4296875,BTC
2026-09-08 02:08:00+00:00,79312.5078125,BTC
2026-09-08 02:09:00+00:00,79305.453125,BTC
2026-09-08 02:10:00+00:00,79298.46875,BTC
2026-09-08 02:11:00+00:00,79256.390625,BTC
2026-09-08 02:12:00+00:00,79298.4609375,BTC
2026-09-08 02:13:00+00:00,79321.0,BTC
2026-09-08 02:14:00+00:00,79313.2109375,BTC
2026-09-08 02:15:00+00:00,79328.3203125,BTC
2026-09-08 02:16:00+00:00,79326.4296875,BTC
2026-09-08 02:17:00+00:00,79298.4609375,BTC
2026-09-08 02:18:00+00:00,79277.2109375,BTC
2026-09-08 02:19:00+00:00,79289.75,BTC
2026-09-08 02:20:00+00:00,79332.0,BTC
2026-09-08 02:21:00+00:00,79330.59375,BTC
2026-09-08 02:22:00+00:00,79361.9921875,BTC
2026-09-08 02:23:00+00:00,79431.53125,BTC
2026-09-08 02:24:00+00:00,79451.8515625,BTC
2026-09-08 02:25:00+00:00,79402.609375,BTC
2026-09-08 02:26:00+00:00,79377.4765625,BTC
2026-09-08 02:27:00+00:00,79345.8203125,BTC
2026-09-08 02:28:00+00:00,79257.359375,BTC
2026-09-08 02:29:00+00:00,79249.0234375,BTC
2026-09-08 02:30:00+00:00,79205.75,BTC
2026-09-08 02:31:00+00:00,79238.828125,BTC
2026-09-08 02:32:00+00:00,79193.9921875,BTC
2026-09-08 02:33:00+00:00,79194.21875,BTC
2026-09-08 02:34:00+00:00,79201.5,BTC
2026-09-08 02:35:00+00:00,79170.6796875,BTC
2026-09-08 02:36:00+00:00,79155.1484375,BTC
2026-09-08 02:37:00+00:00,79162.9375,BTC
2026-09-08 02:38:00+00:00,79189.578125,BTC
2026-09-08 02:39:00+00:00,79150.4375,BTC
2026-09-08 02:40:00+00:00,79142.296875,BTC
2026-09-08 02:41:00+00:00,79130.390625,BTC
2026-09-08 02:42:00+00:00,79101.4375,BTC
2026-09-08 02:43:00+00:00,79103.796875,BTC
2026-09-08 02:44:00+00:00,79113.7265625,BTC
2026-09-08 02:45:00+00:00,79123.171875,BTC
2026-09-08 02:46:00+00:00,79084.5390625,BTC
2026-09-08 02:47:00+00:00,79113.703125,BTC
2026-09-08 02:48:00+00:00,79130.9765625,BTC
2026-09-08 02:49:00+00:00,79096.2421875,BTC
2026-09-08 02:50:00+00:00,79079.96875,BTC
2026-09-08 02:51:00+00:00,79041.9765625,BTC
2026-09-08 02:52:00+00:00,79003.296875,BTC
2026-09-08 02:53:00+00:00,78970.3125,BTC
2026-09-08 02:54:00+00:00,78967.6796875,BTC
2026-09-08 02:55:00+00:00,78956.8828125,BTC
2026-09-08 02:56:00+00:00,78978.8125,BTC
2026-09-08 02:57:00+00:00,78941.8125,BTC
2026-09-08 02:58:00+00:00,78915.46875,BTC
2026-09-08 02:59:00+00:00,78914.5625,BTC
2026-09-08 03:00:00+00:00,78907.9296875,BTC
2026-09-08 03:01:00+00:00,78960.03125,BTC
2026-09-08 03:02:00+00:00,78962.53125,BTC
2026-09-08 03:03:00+00:00,78923.4375,BTC
2026-09-08 03:04:00+00:00,78894.9921875,BTC
2026-09-08 03:05:00+00:00,78926.109375,BTC
2026-09-08 03:06:00+00:00,78934.859375,BTC
2026-09-08 03:07:00+00:00,78929.046875,BTC
2026-09-08 03:08:00+00:00,78953.9765625,BTC
2026-09-08 03:09:00+00:00,78962.7265625,BTC
2026-09-08 03:10:00+00:00,78922.578125,BTC
2026-09-08 03:11:00+00:00,78915.0,BTC
2026-09-08 03:12:00+00:00,78912.8671875,BTC
2026-09-08 03:13:00+00:00,78885.078125,BTC
2026-09-08 03:14:00+00:00,78902.9765625,BTC
2026-09-08 03:15:00+00:00,78885.6171875,BTC
2026-09-08 03:16:00+00:00,78923.828125,BTC
2026-09-08 03:17:00+00:00,78924.890625,BTC
2026-09-08 03:18:00+00:00,78878.453125,BTC
2026-09-08 03:19:00+00:00,78845.890625,BTC
2026-09-08 03:20:00+00:00,78808.921875,BTC
2026-09-08 03:21:00+00:00,78752.9765625,BTC
2026-09-08 03:22:00+00:00,78769.890625,BTC
2026-09-08 03:23:00+00:00,78809.2265625,BTC
2026-09-08 03:24:00+00:00,78772.8671875,BTC
2026-09-08 03:25:00+00:00,78812.8125,BTC
2026-09-08 03:26:00+00:00,78785.0390625,BTC
2026-09-08 03:27:00+00:00,78729.546875,BTC
2026-09-08 03:28:00+00:00,78716.7734375,BTC
2026-09-08 03:29:00+00:00,78753.5390625,BTC
2026-09-08 03:30:00+00:00,78837.8828125,BTC
2026-09-08 03:31:00+00:00,78893.03125,BTC
2026-09-08 03:32:00+00:00,78899.6328125,BTC
2026-09-08 03:33:00+00:00,78935.953125,BTC
2026-09-08 03:34:00+00:00,78897.0,BTC
2026-09-08 03:35:00+00:00,78921.8828125,BTC
2026-09-08 03:36:00+00:00,78945.0,BTC
2026-09-08 03:37:00+00:00,78931.09375,BTC
2026-09-08 03:38:00+00:00,78911.40625,BTC
2026-09-08 03:39:00+00:00,78925.6328125,BTC
2026-09-08 03:40:00+00:00,78916.4296875,BTC
2026-09-08 03:41:00+00:00,78888.640625,BTC
2026-09-08 03:42:00+00:00,78902.5078125,BTC
2026-09-08 03:43:00+00:00,78962.5703125,BTC
2026-09-08 03:44:00+00:00,78922.1015625,BTC
2026-09-08 03:45:00+00:00,78923.96875,BTC
2026-09-08 03:46:00+00:00,78894.28125,BTC
2026-09-08 03:47:00+00:00,78855.4609375,BTC
2026-09-08 03:48:00+00:00,78865.2890625,BTC
2026-09-08 03:49:00+00:00,78875.1484375,BTC
2026-09-08 03:50:00+00:00,78910.9765625,BTC
2026-09-08 03:51:00+00:00,78917.90625,BTC
2026-09-08 03:52:00+00:00,78902.359375,BTC
2026-09-08 03:53:00+00:00,78888.0234375,BTC
2026-09-08 03:54:00+00:00,78878.34375,BTC
2026-09-08 03:55:00+00:00,78877.15625,BTC
2026-09-08 03:56:00+00:00,78882.921875,BTC
2026-09-08 03:57:00+00:00,78889.4921875,BTC
2026-09-08 03:58:00+00:00,78879.1484375,BTC
2026-09-08 03:59:00+00:00,78875.21875,BTC
2026-09-08 04:00:00+00:00,78893.0390625,BTC
2026-09-08 04:01:00+00:00,78895.421875,BTC
2026-09-08 04:02:00+00:00,78870.421875,BTC
2026-09-08 04:03:00+00:00,78870.421875,BTC
2026-09-08 04:04:00+00:00,78863.6875,BTC
2026-09-08 04:05:00+00:00,78867.0,BTC
2026-09-08 04:06:00+00:00,78864.0625,BTC
2026-09-08 04:07:00+00:00,78834.3203125,BTC
2026-09-08 04:08:00+00:00,78842.671875,BTC
2026-09-08 04:09:00+00:00,78839.640625,BTC
2026-09-08 04:10:00+00:00,78809.6484375,BTC
2026-09-08 04:11:00+00:00,78809.6484375,BTC
2026-09-08 04:12:00+00:00,78800.0,BTC
2026-09-08 04:13:00+00:00,78826.5078125,BTC
2026-09-08 04:14:00+00:00,78783.0,BTC
2026-09-08 04:15:00+00:00,78771.9609375,BTC
2026-09-08 04:16:00+00:00,78788.0,BTC
2026-09-08 04:17:00+00:00,78814.6015625,BTC
2026-09-08 04:18:00+00:00,78808.5390625,BTC
2026-09-08 04:19:00+00:00,78830.9765625,BTC
2026-09-08 04:20:00+00:00,78799.8203125,BTC
2026-09-08 04:21:00+00:00,78817.0234375,BTC
2026-09-08 04:22:00+00:00,78776.0,BTC
2026-09-08 04:23:00+00:00,78780.28125,BTC
2026-09-08 04:24:00+00:00,78755.0390625,BTC
2026-09-08 04:25:00+00:00,78790.796875,BTC
2026-09-08 04:26:00+00:00,78786.0234375,BTC
2026-09-08 04:27:00+00:00,78792.9921875,BTC
2026-09-08 04:28:00+00:00,78816.0078125,BTC
2026-09-08 04:29:00+00:00,78795.1328125,BTC
2026-09-08 04:30:00+00:00,78791.9765625,BTC
2026-09-08 04:31:00+00:00,78820.9921875,BTC
2026-09-08 04:32:00+00:00,78845.9765625,BTC
2026-09-08 04:33:00+00:00,78839.1875,BTC
2026-09-08 04:34:00+00:00,78809.640625,BTC
2026-09-08 04:35:00+00:00,78797.7265625,BTC
2026-09-08 04:36:00+00:00,78773.6796875,BTC
2026-09-08 04:37:00+00:00,78773.46875,BTC
2026-09-08 04:38:00+00:00,78794.9765625,BTC
2026-09-08 04:39:00+00:00,78809.2734375,BTC
2026-09-08 04:40:00+00:00,78783.0,BTC
2026-09-08 04:41:00+00:00,78767.203125,BTC
2026-09-08 04:42:00+00:00,78757.84375,BTC
2026-09-08 04:43:00+00:00,78752.078125,BTC
2026-09-08 04:44:00+00:00,78755.9921875,BTC
2026-09-08 04:45:00+00:00,78769.328125,BTC
2026-09-08 04:46:00+00:00,78770.40625,BTC
2026-09-08 04:47:00+00:00,78784.3203125,BTC
2026-09-08 04:48:00+00:00,78770.0,BTC
2026-09-08 04:49:00+00:00,78768.0234375,BTC
2026-09-08 04:50:00+00:00,78777.0078125,BTC
2026-09-08 04:51:00+00:00,78768.0234375,BTC
2026-09-08 04:52:00+00:00,78778.7578125,BTC
2026-09-08 04:53:00+00:00,78713.5234375,BTC
2026-09-08 04:54:00+00:00,78707.2265625,BTC
2026-09-08 04:55:00+00:00,78669.0,BTC
2026-09-08 04:56:00+00:00,78665.7421875,BTC
2026-09-08 04:57:00+00:00,78671.7421875,BTC
2026-09-08 04:58:00+00:00,78684.6484375,BTC
2026-09-08 04:59:00+00:00,78649.8828125,BTC
2026-09-08 05:00:00+00:00,78617.7890625,BTC
2026-09-08 05:01:00+00:00,78677.9921875,BTC
2026-09-08 05:02:00+00:00,78757.4375,BTC
2026-09-08 05:03:00+00:00,78734.8671875,BTC
2026-09-08 05:04:00+00:00,78638.1875,BTC
2026-09-08 05:05:00+00:00,78618.0625,BTC
2026-09-08 05:06:00+00:00,78678.0,BTC
2026-09-08 05:07:00+00:00,78689.53125,BTC
2026-09-08 05:08:00+00:00,78632.5,BTC
2026-09-08 05:09:00+00:00,78634.90625,BTC
2026-09-08 05:10:00+00:00,78714.28125,BTC
2026-09-08 05:11:00+00:00,78681.0,BTC
2026-09-08 05:12:00+00:00,78705.2890625,BTC
2026-09-08 05:13:00+00:00,78724.921875,BTC
2026-09-08 05:14:00+00:00,78678.6015625,BTC
2026-09-08 05:15:00+00:00,78685.390625,BTC
2026-09-08 05:16:00+00:00,78731.9921875,BTC
2026-09-08 05:17:00+00:00,78738.0625,BTC
2026-09-08 05:18:00+00:00,78788.3203125,BTC
2026-09-08 05:19:00+00:00,78827.4375,BTC
2026-09-08 05:20:00+00:00,78821.6484375,BTC
2026-09-08 05:21:00+00:00,78823.3515625,BTC
2026-09-08 05:22:00+00:00,78782.53125,BTC
2026-09-08 05:23:00+00:00,78792.96875,BTC
2026-09-08 05:24:00+00:00,78817.640625,BTC
2026-09-08 05:25:00+00:00,78808.0,BTC
2026-09-08 05:26:00+00:00,78822.1171875,BTC
2026-09-08 05:27:00+00:00,78810.96875,BTC
2026-09-08 05:28:00+00:00,78780.3515625,BTC
2026-09-08 05:29:00+00:00,78793.0625,BTC
2026-09-08 05:30:00+00:00,78769.4609375,BTC
2026-09-08 05:31:00+00:00,78781.4765625,BTC
2026-09-08 05:32:00+00:00,78727.140625,BTC
2026-09-08 05:33:00+00:00,78693.7890625,BTC
2026-09-08 05:34:00+00:00,78657.75,BTC
2026-09-08 05:35:00+00:00,78690.1796875,BTC
2026-09-08 05:36:00+00:00,78638.9765625,BTC
2026-09-08 05:37:00+00:00,78693.0078125,BTC
2026-09-08 05:38:00+00:00,78702.640625,BTC
2026-09-08 05:39:00+00:00,78704.8671875,BTC
2026-09-08 05:40:00+00:00,78669.0078125,BTC
2026-09-08 05:41:00+00:00,78663.28125,BTC
2026-09-08 05:42:00+00:00,78665.640625,BTC
2026-09-08 05:43:00+00:00,78656.75,BTC
2026-09-08 05:44:00+00:00,78607.71875,BTC
2026-09-08 05:45:00+00:00,78629.9921875,BTC
2026-09-08 05:46:00+00:00,78618.0,BTC
2026-09-08 05:47:00+00:00,78623.0,BTC
2026-09-08 05:48:00+00:00,78652.3984375,BTC
2026-09-08 05:49:00+00:00,78660.0078125,BTC
2026-09-08 05:50:00+00:00,78683.828125,BTC
2026-09-08 05:51:00+00:00,78645.84375,BTC
2026-09-08 05:52:00+00:00,78624.0,BTC
2026-09-08 05:53:00+00:00,78623.9921875,BTC
2026-09-08 05:54:00+00:00,78596.1328125,BTC
2026-09-08 05:55:00+00:00,78600.5,BTC
2026-09-08 05:56:00+00:00,78587.828125,BTC
2026-09-08 05:57:00+00:00,78569.3984375,BTC
2026-09-08 05:58:00+00:00,78543.2890625,BTC
2026-09-08 05:59:00+00:00,78556.7890625,BTC
2026-09-08 06:00:00+00:00,78574.9296875,BTC
2026-09-08 06:01:00+00:00,78545.75,BTC
2026-09-08 06:02:00+00:00,78498.0234375,BTC
2026-09-08 06:03:00+00:00,78576.9921875,BTC
2026-09-08 06:04:00+00:00,78500.890625,BTC
2026-09-08 06:05:00+00:00,78471.109375,BTC
2026-09-08 06:06:00+00:00,78500.9296875,BTC
2026-09-08 06:07:00+00:00,78544.6796875,BTC
2026-09-08 06:08:00+00:00,78576.453125,BTC
2026-09-08 06:09:00+00:00,78578.5625,BTC
2026-09-08 06:10:00+00:00,78535.1171875,BTC
2026-09-08 06:11:00+00:00,78486.9921875,BTC
2026-09-08 06:12:00+00:00,78512.6328125,BTC
2026-09-08 06:13:00+00:00,78546.6171875,BTC
2026-09-08 06:14:00+00:00,78566.640625,BTC
2026-09-08 06:15:00+00:00,78607.1171875,BTC
2026-09-08 06:16:00+00:00,78580.921875,BTC
2026-09-08 06:17:00+00:00,78505.859375,BTC
2026-09-08 06:18:00+00:00,78494.65625,BTC
2026-09-08 06:19:00+00:00,78433.7734375,BTC
2026-09-08 06:20:00+00:00,78447.046875,BTC
2026-09-08 06:21:00+00:00,78417.7421875,BTC
2026-09-08 06:22:00+00:00,78460.1875,BTC
2026-09-08 06:23:00+00:00,78408.7109375,BTC
2026-09-08 06:24:00+00:00,78412.3671875,BTC
2026-09-08 06:25:00+00:00,78384.78125,BTC
2026-09-08 06:26:00+00:00,78404.5625,BTC
2026-09-08 06:27:00+00:00,78384.9296875,BTC
2026-09-08 06:28:00+00:00,78375.6015625,BTC
2026-09-08 06:29:00+00:00,78356.3828125,BTC
2026-09-08 06:30:00+00:00,78376.3984375,BTC
2026-09-08 06:31:00+00:00,78383.7578125,BTC
2026-09-08 06:32:00+00:00,78416.03125,BTC
2026-09-08 06:33:00+00:00,78385.40625,BTC
2026-09-08 06:34:00+00:00,78365.046875,BTC
2026-09-08 06:35:00+00:00,78340.078125,BTC
2026-09-08 06:36:00+00:00,78348.3125,BTC
2026-09-08 06:37:00+00:00,78340.078125,BTC
2026-09-08 06:38:00+00:00,78391.25,BTC
2026-09-08 06:39:00+00:00,78389.078125,BTC
2026-09-08 06:40:00+00:00,78401.703125,BTC
2026-09-08 06:41:00+00:00,78388.7578125,BTC
2026-09-08 06:42:00+00:00,78376.921875,BTC
2026-09-08 06:43:00+00:00,78354.2734375,BTC
2026-09-08 06:44:00+00:00,78401.890625,BTC
2026-09-08 06:45:00+00:00,78427.28125,BTC
2026-09-08 06:46:00+00:00,78415.71875,BTC
2026-09-08 06:47:00+00:00,78435.34375,BTC
2026-09-08 06:48:00+00:00,78367.7734375,BTC
2026-09-08 06:49:00+00:00,78323.796875,BTC
2026-09-08 06:50:00+00:00,78358.34375,BTC
2026-09-08 06:51:00+00:00,78304.4921875,BTC
2026-09-08 06:52:00+00:00,78307.6796875,BTC
2026-09-08 06:53:00+00:00,78259.2265625,BTC
2026-09-08 06:54:00+00:00,78257.2421875,BTC
2026-09-08 06:55:00+00:00,78285.4765625,BTC
2026-09-08 06:56:00+00:00,78311.7578125,BTC
2026-09-08 06:57:00+00:00,78266.0078125,BTC
2026-09-08 06:58:00+00:00,78318.15625,BTC
2026-09-08 06:59:00+00:00,78299.28125,BTC
2026-09-08 07:00:00+00:00,78298.8125,BTC
2026-09-08 07:01:00+00:00,78346.3515625,BTC
2026-09-08 07:02:00+00:00,78296.3984375,BTC
2026-09-08 07:03:00+00:00,78295.640625,BTC
2026-09-08 07:04:00+00:00,78297.3515625,BTC
2026-09-08 07:05:00+00:00,78318.203125,BTC
2026-09-08 07:06:00+00:00,78393.3515625,BTC
2026-09-08 07:07:00+00:00,78405.578125,BTC
2026-09-08 07:08:00+00:00,78381.171875,BTC
2026-09-08 07:09:00+00:00,78381.171875,BTC
2026-09-08 07:10:00+00:00,78414.390625,BTC
2026-09-08 07:11:00+00:00,78407.21875,BTC
2026-09-08 07:12:00+00:00,78391.8828125,BTC
2026-09-08 07:13:00+00:00,78391.890625,BTC
2026-09-08 07:14:00+00:00,78384.5078125,BTC
2026-09-08 07:15:00+00:00,78360.0078125,BTC
2026-09-08 07:16:00+00:00,78385.0,BTC
2026-09-08 07:17:00+00:00,78413.21875,BTC
2026-09-08 07:18:00+00:00,78413.2109375,BTC
2026-09-08 07:19:00+00:00,78413.1171875,BTC
2026-09-08 07:20:00+00:00,78426.9765625,BTC
2026-09-08 07:21:00+00:00,78437.1484375,BTC
2026-09-08 07:22:00+00:00,78413.1171875,BTC
2026-09-08 07:23:00+00:00,78415.203125,BTC
2026-09-08 07:24:00+00:00,78437.671875,BTC
2026-09-08 07:25:00+00:00,78488.3203125,BTC
2026-09-08 07:26:00+00:00,78443.671875,BTC
2026-09-08 07:27:00+00:00,78471.4609375,BTC
2026-09-08 07:28:00+00:00,78455.421875,BTC
2026-09-08 07:29:00+00:00,78438.59375,BTC
2026-09-08 07:30:00+00:00,78425.0,BTC
2026-09-08 07:31:00+00:00,78438.3984375,BTC
2026-09-08 07:32:00+00:00,78428.4609375,BTC
2026-09-08 07:33:00+00:00,78424.0703125,BTC
2026-09-08 07:34:00+00:00,78468.796875,BTC
2026-09-08 07:35:00+00:00,78485.7890625,BTC
2026-09-08 07:36:00+00:00,78500.0,BTC
2026-09-08 07:37:00+00:00,78513.6875,BTC
2026-09-08 07:38:00+00:00,78493.5703125,BTC
2026-09-08 07:39:00+00:00,78496.171875,BTC
2026-09-08 07:40:00+00:00,78548.3828125,BTC
2026-09-08 07:41:00+00:00,78490.140625,BTC
2026-09-08 07:42:00+00:00,78483.0625,BTC
2026-09-08 07:43:00+00:00,78437.3515625,BTC
2026-09-08 07:44:00+00:00,78410.7109375,BTC
2026-09-08 07:45:00+00:00,78345.8125,BTC
2026-09-08 07:46:00+00:00,78320.8125,BTC
2026-09-08 07:47:00+00:00,78287.9765625,BTC
2026-09-08 07:48:00+00:00,78270.8984375,BTC
2026-09-08 07:49:00+00:00,78254.3671875,BTC
2026-09-08 07:50:00+00:00,78205.7890625,BTC
2026-09-08 07:51:00+00:00,78185.0,BTC
2026-09-08 07:52:00+00:00,78253.4296875,BTC
2026-09-08 07:53:00+00:00,78291.921875,BTC
2026-09-08 07:54:00+00:00,78296.359375,BTC
2026-09-08 07:55:00+00:00,78403.1875,BTC
2026-09-08 07:56:00+00:00,78386.15625,BTC
2026-09-08 07:57:00+00:00,78409.96875,BTC
2026-09-08 07:58:00+00:00,78445.0703125,BTC
2026-09-08 07:59:00+00:00,78451.0703125,BTC
2026-09-08 08:00:00+00:00,78359.7265625,BTC
2026-09-08 08:01:00+00:00,78278.640625,BTC
2026-09-08 08:02:00+00:00,78311.3203125,BTC
2026-09-08 08:03:00+00:00,78329.9921875,BTC
2026-09-08 08:04:00+00:00,78320.203125,BTC
2026-09-08 08:05:00+00:00,78353.078125,BTC
2026-09-08 08:06:00+00:00,78376.171875,BTC
2026-09-08 08:07:00+00:00,78386.1015625,BTC
2026-09-08 08:08:00+00:00,78342.6328125,BTC
2026-09-08 08:09:00+00:00,78311.3203125,BTC
2026-09-08 08:10:00+00:00,78281.859375,BTC
2026-09-08 08:11:00+00:00,78301.4765625,BTC
2026-09-08 08:12:00+00:00,78344.171875,BTC
2026-09-08 08:13:00+00:00,78322.7421875,BTC
2026-09-08 08:14:00+00:00,78362.203125,BTC
2026-09-08 08:15:00+00:00,78317.9609375,BTC
2026-09-08 08:16:00+00:00,78302.40625,BTC
2026-09-08 08:17:00+00:00,78310.0,BTC
2026-09-08 08:18:00+00:00,78290.5703125,BTC
2026-09-08 08:19:00+00:00,78310.3671875,BTC
2026-09-08 08:20:00+00:00,78314.453125,BTC
2026-09-08 08:21:00+00:00,78300.0,BTC
2026-09-08 08:22:00+00:00,78291.3671875,BTC
2026-09-08 08:23:00+00:00,78336.3125,BTC
2026-09-08 08:24:00+00:00,78374.1484375,BTC
2026-09-08 08:25:00+00:00,78383.9921875,BTC
2026-09-08 08:26:00+00:00,78409.96875,BTC
2026-09-08 08:27:00+00:00,78444.9921875,BTC
2026-09-08 08:28:00+00:00,78469.890625,BTC
2026-09-08 08:29:00+00:00,78457.7421875,BTC
2026-09-08 08:30:00+00:00,78431.7109375,BTC
2026-09-08 08:31:00+00:00,78479.3828125,BTC
2026-09-08 08:32:00+00:00,78453.1484375,BTC
2026-09-08 08:33:00+00:00,78498.9921875,BTC
2026-09-08 08:34:00+00:00,78479.390625,BTC
2026-09-08 08:35:00+00:00,78511.59375,BTC
2026-09-08 08:36:00+00:00,78512.9765625,BTC
2026-09-08 08:37:00+00:00,78508.53125,BTC
2026-09-08 08:38:00+00:00,78523.0078125,BTC
2026-09-08 08:39:00+00:00,78523.0078125,BTC
2026-09-08 08:40:00+00:00,78516.8203125,BTC
2026-09-08 08:41:00+00:00,78512.4375,BTC
2026-09-08 08:42:00+00:00,78493.5625,BTC
2026-09-08 08:43:00+00:00,78498.0703125,BTC
2026-09-08 08:44:00+00:00,78480.046875,BTC
2026-09-08 08:45:00+00:00,78515.0,BTC
2026-09-08 08:46:00+00:00,78536.203125,BTC
2026-09-08 08:47:00+00:00,78500.96875,BTC
2026-09-08 08:48:00+00:00,78479.09375,BTC
2026-09-08 08:49:00+00:00,78475.578125,BTC
2026-09-08 08:50:00+00:00,78427.296875,BTC
2026-09-08 08:51:00+00:00,78362.21875,BTC
2026-09-08 08:52:00+00:00,78362.21875,BTC
2026-09-08 08:53:00+00:00,78372.140625,BTC
2026-09-08 08:54:00+00:00,78372.140625,BTC
2026-09-08 08:55:00+00:00,78345.8203125,BTC
2026-09-08 08:56:00+00:00,78419.8671875,BTC
2026-09-08 08:57:00+00:00,78426.5625,BTC
2026-09-08 08:58:00+00:00,78380.6171875,BTC
2026-09-08 08:59:00+00:00,78378.5,BTC
2026-09-08 09:00:00+00:00,78340.0,BTC
2026-09-08 09:01:00+00:00,78382.953125,BTC
2026-09-08 09:02:00+00:00,78388.4609375,BTC
2026-09-08 09:03:00+00:00,78397.0234375,BTC
2026-09-08 09:04:00+00:00,78400.3984375,BTC
2026-09-08 09:05:00+00:00,78370.078125,BTC
2026-09-08 09:06:00+00:00,78417.28125,BTC
2026-09-08 09:07:00+00:00,78374.6171875,BTC
2026-09-08 09:08:00+00:00,78320.0234375,BTC
2026-09-08 09:09:00+00:00,78362.21875,BTC
2026-09-08 09:10:00+00:00,78340.0234375,BTC
2026-09-08 09:11:00+00:00,78360.3125,BTC
2026-09-08 09:12:00+00:00,78404.40625,BTC
2026-09-08 09:13:00+00:00,78421.109375,BTC
2026-09-08 09:14:00+00:00,78455.78125,BTC
2026-09-08 09:15:00+00:00,78461.546875,BTC
2026-09-08 09:16:00+00:00,78440.0078125,BTC
2026-09-08 09:17:00+00:00,78421.953125,BTC
2026-09-08 09:18:00+00:00,78450.8671875,BTC
2026-09-08 09:19:00+00:00,78393.0078125,BTC
2026-09-08 09:20:00+00:00,78396.5234375,BTC
2026-09-08 09:21:00+00:00,78355.4375,BTC
2026-09-08 09:22:00+00:00,78329.453125,BTC
2026-09-08 09:23:00+00:00,78394.5078125,BTC
2026-09-08 09:24:00+00:00,78405.90625,BTC
2026-09-08 09:25:00+00:00,78408.15625,BTC
2026-09-08 09:26:00+00:00,78428.6328125,BTC
2026-09-08 09:27:00+00:00,78454.4921875,BTC
2026-09-08 09:28:00+00:00,78450.296875,BTC
2026-09-08 09:29:00+00:00,78448.5234375,BTC
2026-09-08 09:30:00+00:00,78457.7265625,BTC
2026-09-08 09:31:00+00:00,78466.65625,BTC
2026-09-08 09:32:00+00:00,78529.359375,BTC
2026-09-08 09:33:00+00:00,78572.03125,BTC
2026-09-08 09:34:00+00:00,78563.6171875,BTC
2026-09-08 09:35:00+00:00,78580.78125,BTC
2026-09-08 09:36:00+00:00,78632.609375,BTC
2026-09-08 09:37:00+00:00,78626.09375,BTC
2026-09-08 09:38:00+00:00,78669.5703125,BTC
2026-09-08 09:39:00+00:00,78668.2421875,BTC
2026-09-08 09:40:00+00:00,78681.28125,BTC
2026-09-08 09:41:00+00:00,78736.21875,BTC
2026-09-08 09:42:00+00:00,78706.34375,BTC
2026-09-08 09:43:00+00:00,78752.84375,BTC
2026-09-08 09:44:00+00:00,78738.953125,BTC
2026-09-08 09:45:00+00:00,78742.0234375,BTC
2026-09-08 09:46:00+00:00,78723.03125,BTC
2026-09-08 09:47:00+00:00,78723.90625,BTC
2026-09-08 09:48:00+00:00,78748.2890625,BTC
2026-09-08 09:49:00+00:00,78753.703125,BTC
2026-09-08 09:50:00+00:00,78760.6328125,BTC
2026-09-08 09:51:00+00:00,78744.296875,BTC
2026-09-08 09:52:00+00:00,78724.3984375,BTC
2026-09-08 09:53:00+00:00,78725.0078125,BTC
2026-09-08 09:54:00+00:00,78736.453125,BTC
2026-09-08 09:55:00+00:00,78741.4375,BTC
2026-09-08 09:56:00+00:00,78730.1015625,BTC
2026-09-08 09:57:00+00:00,78709.953125,BTC
2026-09-08 09:58:00+00:00,78720.3203125,BTC
2026-09-08 09:59:00+00:00,78735.7421875,BTC
2026-09-08 10:00:00+00:00,78709.4921875,BTC
2026-09-08 10:01:00+00:00,78671.078125,BTC
2026-09-08 10:02:00+00:00,78707.5625,BTC
2026-09-08 10:03:00+00:00,78715.9921875,BTC
2026-09-08 10:04:00+00:00,78696.5390625,BTC
2026-09-08 10:05:00+00:00,78720.5078125,BTC
2026-09-08 10:06:00+00:00,78727.671875,BTC
2026-09-08 10:07:00+00:00,78729.9921875,BTC
2026-09-08 10:08:00+00:00,78665.9375,BTC
2026-09-08 10:09:00+00:00,78677.546875,BTC
2026-09-08 10:10:00+00:00,78703.1875,BTC
2026-09-08 10:11:00+00:00,78703.2890625,BTC
2026-09-08 10:12:00+00:00,78704.5234375,BTC
2026-09-08 10:13:00+00:00,78693.25,BTC
2026-09-08 10:14:00+00:00,78712.2734375,BTC
2026-09-08 10:15:00+00:00,78717.6796875,BTC
2026-09-08 10:16:00+00:00,78713.1171875,BTC
2026-09-08 10:17:00+00:00,78716.953125,BTC
2026-09-08 10:18:00+00:00,78741.0390625,BTC
2026-09-08 10:19:00+00:00,78769.9921875,BTC
2026-09-08 10:20:00+00:00,78935.3515625,BTC
2026-09-08 10:21:00+00:00,78877.8203125,BTC
2026-09-08 10:22:00+00:00,78855.0,BTC
2026-09-08 10:23:00+00:00,78862.96875,BTC
2026-09-08 10:24:00+00:00,78845.2109375,BTC
2026-09-08 10:25:00+00:00,78887.21875,BTC
2026-09-08 10:26:00+00:00,78804.0,BTC
2026-09-08 10:27:00+00:00,78801.84375,BTC
2026-09-08 10:28:00+00:00,78812.2421875,BTC
2026-09-08 10:29:00+00:00,78821.40625,BTC
2026-09-08 10:30:00+00:00,78827.8671875,BTC
2026-09-08 10:31:00+00:00,78837.796875,BTC
2026-09-08 10:32:00+00:00,78749.046875,BTC
2026-09-08 10:33:00+00:00,78730.0,BTC
2026-09-08 10:34:00+00:00,78712.0703125,BTC
2026-09-08 10:35:00+00:00,78667.9296875,BTC
2026-09-08 10:36:00+00:00,78670.2578125,BTC
2026-09-08 10:37:00+00:00,78684.4375,BTC
2026-09-08 10:38:00+00:00,78697.5703125,BTC
2026-09-08 10:39:00+00:00,78697.5703125,BTC
2026-09-08 10:40:00+00:00,78647.4296875,BTC
2026-09-08 10:41:00+00:00,78649.8515625,BTC
2026-09-08 10:42:00+00:00,78671.6484375,BTC
2026-09-08 10:43:00+00:00,78636.84375,BTC
2026-09-08 10:44:00+00:00,78640.046875,BTC
2026-09-08 10:45:00+00:00,78629.6796875,BTC
2026-09-08 10:46:00+00:00,78629.5625,BTC
2026-09-08 10:47:00+00:00,78629.546875,BTC
2026-09-08 10:48:00+00:00,78641.4765625,BTC
2026-09-08 10:49:00+00:00,78636.9296875,BTC
2026-09-08 10:50:00+00:00,78650.1328125,BTC
2026-09-08 10:51:00+00:00,78623.5234375,BTC
2026-09-08 10:52:00+00:00,78606.0,BTC
2026-09-08 10:53:00+00:00,78601.9765625,BTC
2026-09-08 10:54:00+00:00,78606.171875,BTC
2026-09-08 10:55:00+00:00,78605.71875,BTC
2026-09-08 10:56:00+00:00,78583.78125,BTC
2026-09-08 10:57:00+00:00,78584.0078125,BTC
2026-09-08 10:58:00+00:00,78563.828125,BTC
2026-09-08 10:59:00+00:00,78534.15625,BTC
2026-09-08 11:00:00+00:00,78511.2734375,BTC
2026-09-08 11:01:00+00:00,78527.6875,BTC
2026-09-08 11:02:00+00:00,78504.5,BTC
2026-09-08 11:03:00+00:00,78473.8203125,BTC
2026-09-08 11:04:00+00:00,78450.5703125,BTC
2026-09-08 11:05:00+00:00,78426.7578125,BTC
2026-09-08 11:06:00+00:00,78395.796875,BTC
2026-09-08 11:07:00+00:00,78365.8671875,BTC
2026-09-08 11:08:00+00:00,78340.9375,BTC
2026-09-08 11:09:00+00:00,78375.1796875,BTC
2026-09-08 11:10:00+00:00,78343.8515625,BTC
2026-09-08 11:11:00+00:00,78292.796875,BTC
2026-09-08 11:12:00+00:00,78302.5078125,BTC
2026-09-08 11:13:00+00:00,78293.0234375,BTC
2026-09-08 11:14:00+00:00,78281.59375,BTC
2026-09-08 11:15:00+00:00,78299.9765625,BTC
2026-09-08 11:16:00+00:00,78305.578125,BTC
2026-09-08 11:17:00+00:00,78337.4765625,BTC
2026-09-08 11:18:00+00:00,78352.8203125,BTC
2026-09-08 11:19:00+00:00,78370.6171875,BTC
2026-09-08 11:20:00+00:00,78401.96875,BTC
2026-09-08 11:21:00+00:00,78358.0390625,BTC
2026-09-08 11:22:00+00:00,78447.046875,BTC
2026-09-08 11:23:00+00:00,78438.8515625,BTC
2026-09-08 11:24:00+00:00,78455.2890625,BTC
2026-09-08 11:25:00+00:00,78445.203125,BTC
2026-09-08 11:26:00+00:00,78404.2578125,BTC
2026-09-08 11:27:00+00:00,78429.9921875,BTC
2026-09-08 11:28:00+00:00,78441.3828125,BTC
2026-09-08 11:29:00+00:00,78418.078125,BTC
2026-09-08 11:30:00+00:00,78403.15625,BTC
2026-09-08 11:31:00+00:00,78421.90625,BTC
2026-09-08 11:32:00+00:00,78446.4765625,BTC
2026-09-08 11:33:00+00:00,78447.8828125,BTC
2026-09-08 11:34:00+00:00,78459.2578125,BTC
2026-09-08 11:35:00+00:00,78441.8984375,BTC
2026-09-08 11:36:00+00:00,78447.8828125,BTC
2026-09-08 11:37:00+00:00,78462.7421875,BTC
2026-09-08 11:38:00+00:00,78433.859375,BTC
2026-09-08 11:39:00+00:00,78403.9921875,BTC
2026-09-08 11:40:00+00:00,78425.703125,BTC
2026-09-08 11:41:00+00:00,78433.5,BTC
2026-09-08 11:42:00+00:00,78431.78125,BTC
2026-09-08 11:43:00+00:00,78443.40625,BTC
2026-09-08 11:44:00+00:00,78411.328125,BTC
2026-09-08 11:45:00+00:00,78398.2421875,BTC
2026-09-08 11:46:00+00:00,78374.15625,BTC
2026-09-08 11:47:00+00:00,78369.78125,BTC
2026-09-08 11:48:00+00:00,78389.3203125,BTC
2026-09-08 11:49:00+00:00,78409.9375,BTC
2026-09-08 11:50:00+00:00,78387.34375,BTC
2026-09-08 11:51:00+00:00,78392.1484375,BTC
2026-09-08 11:52:00+00:00,78381.96875,BTC
2026-09-08 11:53:00+00:00,78416.8125,BTC
2026-09-08 11:54:00+00:00,78350.2890625,BTC
2026-09-08 11:55:00+00:00,78399.9921875,BTC
2026-09-08 11:56:00+00:00,78440.0,BTC
2026-09-08 11:57:00+00:00,78387.84375,BTC
2026-09-08 11:58:00+00:00,78428.046875,BTC
2026-09-08 11:59:00+00:00,78401.1171875,BTC
2026-09-08 12:00:00+00:00,78337.7890625,BTC
2026-09-08 12:01:00+00:00,78291.1171875,BTC
2026-09-08 12:02:00+00:00,78276.59375,BTC
2026-09-08 12:03:00+00:00,78230.96875,BTC
2026-09-08 12:04:00+00:00,78202.8125,BTC
2026-09-08 12:05:00+00:00,78287.171875,BTC
2026-09-08 12:06:00+00:00,78286.03125,BTC
2026-09-08 12:07:00+00:00,78277.140625,BTC
2026-09-08 12:08:00+00:00,78271.09375,BTC
2026-09-08 12:09:00+00:00,78320.09375,BTC
2026-09-08 12:10:00+00:00,78291.5234375,BTC
2026-09-08 12:11:00+00:00,78246.5625,BTC
2026-09-08 12:12:00+00:00,78214.9375,BTC
2026-09-08 12:13:00+00:00,78207.609375,BTC
2026-09-08 12:14:00+00:00,78189.6484375,BTC
2026-09-08 12:15:00+00:00,78216.109375,BTC
2026-09-08 12:16:00+00:00,78215.84375,BTC
2026-09-08 12:17:00+00:00,78207.0234375,BTC
2026-09-08 12:18:00+00:00,78221.7890625,BTC
2026-09-08 12:19:00+00:00,78240.2890625,BTC
2026-09-08 12:20:00+00:00,78269.921875,BTC
2026-09-08 12:21:00+00:00,78261.3828125,BTC
2026-09-08 12:22:00+00:00,78262.5,BTC
2026-09-08 12:23:00+00:00,78275.7578125,BTC
2026-09-08 12:24:00+00:00,78284.703125,BTC
2026-09-08 12:25:00+00:00,78284.9921875,BTC
2026-09-08 12:26:00+00:00,78302.5234375,BTC
2026-09-08 12:27:00+00:00,78308.9921875,BTC
2026-09-08 12:28:00+00:00,78285.0,BTC
2026-09-08 12:29:00+00:00,78347.359375,BTC
2026-09-08 12:30:00+00:00,78336.5625,BTC
2026-09-08 12:31:00+00:00,78369.5703125,BTC
2026-09-08 12:32:00+00:00,78407.359375,BTC
2026-09-08 12:33:00+00:00,78420.0625,BTC
2026-09-08 12:34:00+00:00,78362.2265625,BTC
2026-09-08 12:35:00+00:00,78365.71875,BTC
2026-09-08 12:36:00+00:00,78389.9765625,BTC
2026-09-08 12:37:00+00:00,78389.5703125,BTC
2026-09-08 12:38:00+00:00,78355.84375,BTC
2026-09-08 12:39:00+00:00,78360.7421875,BTC
2026-09-08 12:40:00+00:00,78327.359375,BTC
2026-09-08 12:41:00+00:00,78314.453125,BTC
2026-09-08 12:42:00+00:00,78324.8125,BTC
2026-09-08 12:43:00+00:00,78307.6796875,BTC
2026-09-08 12:44:00+00:00,78302.5703125,BTC
2026-09-08 12:45:00+00:00,78330.6171875,BTC
2026-09-08 12:46:00+00:00,78302.046875,BTC
2026-09-08 12:47:00+00:00,78303.71875,BTC
2026-09-08 12:48:00+00:00,78294.59375,BTC
2026-09-08 12:49:00+00:00,78369.5703125,BTC
2026-09-08 12:50:00+00:00,78349.0078125,BTC
2026-09-08 12:51:00+00:00,78328.1484375,BTC
2026-09-08 12:52:00+00:00,78344.65625,BTC
2026-09-08 12:53:00+00:00,78367.0390625,BTC
2026-09-08 12:54:00+00:00,78424.328125,BTC
2026-09-08 12:55:00+00:00,78382.09375,BTC
2026-09-08 12:56:00+00:00,78377.5390625,BTC
2026-09-08 12:57:00+00:00,78371.109375,BTC
2026-09-08 12:58:00+00:00,78392.25,BTC
2026-09-08 12:59:00+00:00,78421.90625,BTC
2026-09-08 13:00:00+00:00,78393.2421875,BTC
2026-09-08 13:01:00+00:00,78456.90625,BTC
2026-09-08 13:02:00+00:00,78472.4296875,BTC
2026-09-08 13:03:00+00:00,78454.7421875,BTC
2026-09-08 13:04:00+00:00,78462.0234375,BTC
2026-09-08 13:05:00+00:00,78469.671875,BTC
2026-09-08 13:06:00+00:00,78497.171875,BTC
2026-09-08 13:07:00+00:00,78481.6328125,BTC
2026-09-08 13:08:00+00:00,78469.6796875,BTC
2026-09-08 13:09:00+00:00,78428.9765625,BTC
2026-09-08 13:10:00+00:00,78445.7890625,BTC
2026-09-08 13:11:00+00:00,78482.9375,BTC
2026-09-08 13:12:00+00:00,78434.2734375,BTC
2026-09-08 13:13:00+00:00,78427.0078125,BTC
2026-09-08 13:14:00+00:00,78440.40625,BTC
2026-09-08 13:15:00+00:00,78432.9765625,BTC
2026-09-08 13:16:00+00:00,78393.5703125,BTC
2026-09-08 13:17:00+00:00,78393.7734375,BTC
2026-09-08 13:18:00+00:00,78399.578125,BTC
2026-09-08 13:19:00+00:00,78362.2421875,BTC
2026-09-08 13:20:00+00:00,78335.421875,BTC
2026-09-08 13:21:00+00:00,78296.1328125,BTC
2026-09-08 13:22:00+00:00,78321.6484375,BTC
2026-09-08 13:23:00+00:00,78331.34375,BTC
2026-09-08 13:24:00+00:00,78304.34375,BTC
2026-09-08 13:25:00+00:00,78334.859375,BTC
2026-09-08 13:26:00+00:00,78356.65625,BTC
2026-09-08 13:27:00+00:00,78328.40625,BTC
2026-09-08 13:28:00+00:00,78331.1328125,BTC
2026-09-08 13:29:00+00:00,78301.2265625,BTC
2026-09-08 13:30:00+00:00,78329.2109375,BTC
2026-09-08 13:31:00+00:00,78212.28125,BTC
2026-09-08 13:32:00+00:00,78075.3828125,BTC
2026-09-08 13:33:00+00:00,78112.28125,BTC
2026-09-08 13:34:00+00:00,78085.1796875,BTC
2026-09-08 13:35:00+00:00,78127.8984375,BTC
2026-09-08 13:36:00+00:00,78059.953125,BTC
2026-09-08 13:37:00+00:00,78015.9609375,BTC
2026-09-08 13:38:00+00:00,77913.6484375,BTC
2026-09-08 13:39:00+00:00,77828.828125,BTC
2026-09-08 13:40:00+00:00,77736.859375,BTC
2026-09-08 13:41:00+00:00,77688.203125,BTC
2026-09-08 13:42:00+00:00,77670.71875,BTC
2026-09-08 13:43:00+00:00,77692.8671875,BTC
2026-09-08 13:44:00+00:00,77805.4765625,BTC
2026-09-08 13:45:00+00:00,77762.3984375,BTC
2026-09-08 13:46:00+00:00,77719.078125,BTC
2026-09-08 13:47:00+00:00,77846.4375,BTC
2026-09-08 13:48:00+00:00,77803.203125,BTC
2026-09-08 13:49:00+00:00,77825.7578125,BTC
2026-09-08 13:50:00+00:00,77713.9765625,BTC
2026-09-08 13:51:00+00:00,77669.9921875,BTC
2026-09-08 13:52:00+00:00,77659.6796875,BTC
2026-09-08 13:53:00+00:00,77682.9765625,BTC
2026-09-08 13:54:00+00:00,77775.6015625,BTC
2026-09-08 13:55:00+00:00,77940.0,BTC
2026-09-08 13:56:00+00:00,77969.1171875,BTC
2026-09-08 13:57:00+00:00,78031.140625,BTC
2026-09-08 13:58:00+00:00,77922.921875,BTC
2026-09-08 13:59:00+00:00,77933.046875,BTC
2026-09-08 14:00:00+00:00,77956.25,BTC
2026-09-08 14:01:00+00:00,77871.15625,BTC
2026-09-08 14:02:00+00:00,77939.4609375,BTC
2026-09-08 14:03:00+00:00,77905.25,BTC
2026-09-08 14:04:00+00:00,77992.078125,BTC
2026-09-08 14:05:00+00:00,78053.90625,BTC
2026-09-08 14:06:00+00:00,77998.9921875,BTC
2026-09-08 14:07:00+00:00,78020.0,BTC
2026-09-08 14:08:00+00:00,78070.5234375,BTC
2026-09-08 14:09:00+00:00,78051.1328125,BTC
2026-09-08 14:10:00+00:00,78074.8984375,BTC
2026-09-08 14:11:00+00:00,78096.359375,BTC
2026-09-08 14:12:00+00:00,78108.171875,BTC
2026-09-08 14:13:00+00:00,78118.3203125,BTC
2026-09-08 14:14:00+00:00,78116.4609375,BTC
2026-09-08 14:15:00+00:00,78260.53125,BTC
2026-09-08 14:16:00+00:00,78225.46875,BTC
2026-09-08 14:17:00+00:00,78210.7578125,BTC
2026-09-08 14:18:00+00:00,78284.2578125,BTC
2026-09-08 14:19:00+00:00,78273.28125,BTC
2026-09-08 14:20:00+00:00,78328.6171875,BTC
2026-09-08 14:21:00+00:00,78295.5390625,BTC
2026-09-08 14:22:00+00:00,78345.40625,BTC
2026-09-08 14:23:00+00:00,78331.0,BTC
2026-09-08 14:24:00+00:00,78317.8515625,BTC
2026-09-08 14:25:00+00:00,78315.3125,BTC
2026-09-08 14:26:00+00:00,78234.671875,BTC
2026-09-08 14:27:00+00:00,78242.421875,BTC
2026-09-08 14:28:00+00:00,78273.2890625,BTC
2026-09-08 14:29:00+00:00,78317.859375,BTC
2026-09-08 14:30:00+00:00,78286.203125,BTC
2026-09-08 14:31:00+00:00,78277.2109375,BTC
2026-09-08 14:32:00+00:00,78262.359375,BTC
2026-09-08 14:33:00+00:00,78336.5,BTC
2026-09-08 14:34:00+00:00,78356.28125,BTC
2026-09-08 14:35:00+00:00,78313.21875,BTC
2026-09-08 14:36:00+00:00,78311.8984375,BTC
2026-09-08 14:37:00+00:00,78309.21875,BTC
2026-09-08 14:38:00+00:00,78369.5625,BTC
2026-09-08 14:39:00+00:00,78320.65625,BTC
2026-09-08 14:40:00+00:00,78287.546875,BTC
2026-09-08 14:41:00+00:00,78333.4921875,BTC
2026-09-08 14:42:00+00:00,78327.34375,BTC
2026-09-08 14:43:00+00:00,78351.671875,BTC
2026-09-08 14:44:00+00:00,78381.359375,BTC
2026-09-08 14:45:00+00:00,78373.84375,BTC
2026-09-08 14:46:00+00:00,78439.6875,BTC
2026-09-08 14:47:00+00:00,78452.3125,BTC
2026-09-08 14:48:00+00:00,78520.65625,BTC
2026-09-08 14:49:00+00:00,78537.78125,BTC
2026-09-08 14:50:00+00:00,78554.96875,BTC
2026-09-08 14:51:00+00:00,78507.953125,BTC
2026-09-08 14:52:00+00:00,78481.609375,BTC
2026-09-08 14:53:00+00:00,78497.5625,BTC
2026-09-08 14:54:00+00:00,78501.4765625,BTC
2026-09-08 14:55:00+00:00,78498.3671875,BTC
2026-09-08 14:56:00+00:00,78510.90625,BTC
2026-09-08 14:57:00+00:00,78539.203125,BTC
2026-09-08 14:58:00+00:00,78531.2421875,BTC
2026-09-08 14:59:00+00:00,78538.6171875,BTC
2026-09-08 15:00:00+00:00,78562.9765625,BTC
2026-09-08 15:01:00+00:00,78529.3671875,BTC
2026-09-08 15:02:00+00:00,78550.78125,BTC
2026-09-08 15:03:00+00:00,78641.0078125,BTC
2026-09-08 15:04:00+00:00,78528.2109375,BTC
2026-09-08 15:05:00+00:00,78489.25,BTC
2026-09-08 15:06:00+00:00,78476.7421875,BTC
2026-09-08 15:07:00+00:00,78511.2890625,BTC
2026-09-08 15:08:00+00:00,78534.9609375,BTC
2026-09-08 15:09:00+00:00,78574.078125,BTC
2026-09-08 15:10:00+00:00,78579.203125,BTC
2026-09-08 15:11:00+00:00,78567.84375,BTC
2026-09-08 15:12:00+00:00,78620.7109375,BTC
2026-09-08 15:13:00+00:00,78603.6796875,BTC
2026-09-08 15:14:00+00:00,78625.9296875,BTC
2026-09-08 15:15:00+00:00,78679.9921875,BTC
2026-09-08 15:16:00+00:00,78681.9609375,BTC
2026-09-08 15:17:00+00:00,78646.59375,BTC
2026-09-08 15:18:00+00:00,78623.3125,BTC
2026-09-08 15:19:00+00:00,78594.3671875,BTC
2026-09-08 15:20:00+00:00,78569.140625,BTC
2026-09-08 15:21:00+00:00,78517.4375,BTC
2026-09-08 15:22:00+00:00,78485.8828125,BTC
2026-09-08 15:23:00+00:00,78488.25,BTC
2026-09-08 15:24:00+00:00,78523.078125,BTC
2026-09-08 15:25:00+00:00,78511.2109375,BTC
2026-09-08 15:26:00+00:00,78463.03125,BTC
2026-09-08 15:27:00+00:00,78462.1171875,BTC
2026-09-08 15:28:00+00:00,78450.0,BTC
2026-09-08 15:29:00+00:00,78442.09375,BTC
2026-09-08 15:30:00+00:00,78452.7890625,BTC
2026-09-08 15:31:00+00:00,78471.75,BTC
2026-09-08 15:32:00+00:00,78449.40625,BTC
2026-09-08 15:33:00+00:00,78472.25,BTC
2026-09-08 15:34:00+00:00,78525.796875,BTC
2026-09-08 15:35:00+00:00,78537.203125,BTC
2026-09-08 15:36:00+00:00,78553.8515625,BTC
2026-09-08 15:37:00+00:00,78535.9921875,BTC
2026-09-08 15:38:00+00:00,78612.953125,BTC
2026-09-08 15:39:00+00:00,78609.703125,BTC
2026-09-08 15:40:00+00:00,78581.578125,BTC
2026-09-08 15:41:00+00:00,78624.6796875,BTC
2026-09-08 15:42:00+00:00,78666.5625,BTC
2026-09-08 15:43:00+00:00,78688.6328125,BTC
2026-09-08 15:44:00+00:00,78698.03125,BTC
2026-09-08 15:45:00+00:00,78670.9609375,BTC
2026-09-08 15:46:00+00:00,78697.3828125,BTC
2026-09-08 15:47:00+00:00,78706.65625,BTC
2026-09-08 15:48:00+00:00,78726.6796875,BTC
2026-09-08 15:49:00+00:00,78766.2890625,BTC
2026-09-08 15:50:00+00:00,78741.953125,BTC
2026-09-08 15:51:00+00:00,78853.9375,BTC
2026-09-08 15:52:00+00:00,78799.4921875,BTC
2026-09-08 15:53:00+00:00,78780.9296875,BTC
2026-09-08 15:54:00+00:00,78817.296875,BTC
2026-09-08 15:55:00+00:00,78851.40625,BTC
2026-09-08 15:56:00+00:00,78860.9921875,BTC
2026-09-08 15:57:00+00:00,78893.4765625,BTC
2026-09-08 15:58:00+00:00,78852.59375,BTC
2026-09-08 15:59:00+00:00,78897.53125,BTC
2026-09-08 16:00:00+00:00,78807.8984375,BTC
2026-09-08 16:01:00+00:00,78757.3203125,BTC
2026-09-08 16:02:00+00:00,78763.9765625,BTC
2026-09-08 16:03:00+00:00,78785.0,BTC
2026-09-08 16:04:00+00:00,78821.7734375,BTC
2026-09-08 16:05:00+00:00,78799.546875,BTC
2026-09-08 16:06:00+00:00,78810.6796875,BTC
2026-09-08 16:07:00+00:00,78790.21875,BTC
2026-09-08 16:08:00+00:00,78776.7265625,BTC
2026-09-08 16:09:00+00:00,78729.796875,BTC
2026-09-08 16:10:00+00:00,78683.8671875,BTC
2026-09-08 16:11:00+00:00,78642.5703125,BTC
2026-09-08 16:12:00+00:00,78633.046875,BTC
2026-09-08 16:13:00+00:00,78623.2734375,BTC
2026-09-08 16:14:00+00:00,78634.9609375,BTC
2026-09-08 16:15:00+00:00,78589.09375,BTC
2026-09-08 16:16:00+00:00,78577.1484375,BTC
2026-09-08 16:17:00+00:00,78601.0078125,BTC
2026-09-08 16:18:00+00:00,78633.2109375,BTC
2026-09-08 16:19:00+00:00,78621.2734375,BTC
2026-09-08 16:20:00+00:00,78587.6171875,BTC
2026-09-08 16:21:00+00:00,78640.8515625,BTC
2026-09-08 16:22:00+00:00,78641.0234375,BTC
2026-09-08 16:23:00+00:00,78602.8203125,BTC
2026-09-08 16:24:00+00:00,78622.34375,BTC
2026-09-08 16:25:00+00:00,78674.703125,BTC
2026-09-08 16:26:00+00:00,78671.671875,BTC
2026-09-08 16:27:00+00:00,78652.890625,BTC
2026-09-08 16:28:00+00:00,78663.7265625,BTC
2026-09-08 16:29:00+00:00,78631.4296875,BTC
2026-09-08 16:30:00+00:00,78611.40625,BTC
2026-09-08 16:31:00+00:00,78658.90625,BTC
2026-09-08 16:32:00+00:00,78669.53125,BTC
2026-09-08 16:33:00+00:00,78705.0,BTC
2026-09-08 16:34:00+00:00,78643.828125,BTC
2026-09-08 16:35:00+00:00,78696.2890625,BTC
2026-09-08 16:36:00+00:00,78696.8984375,BTC
2026-09-08 16:37:00+00:00,78795.8125,BTC
2026-09-08 16:38:00+00:00,78819.4296875,BTC
2026-09-08 16:39:00+00:00,78864.9921875,BTC
2026-09-08 16:40:00+00:00,78939.6796875,BTC
2026-09-08 16:41:00+00:00,78894.359375,BTC
2026-09-08 16:42:00+00:00,78864.2890625,BTC
2026-09-08 16:43:00+00:00,78815.5390625,BTC
2026-09-08 16:44:00+00:00,78787.171875,BTC
2026-09-08 16:45:00+00:00,78763.0703125,BTC
2026-09-08 16:46:00+00:00,78781.2109375,BTC
2026-09-08 16:47:00+00:00,78818.7734375,BTC
2026-09-08 16:48:00+00:00,78800.703125,BTC
2026-09-08 16:49:00+00:00,78809.25,BTC
2026-09-08 16:50:00+00:00,78848.4375,BTC
2026-09-08 16:51:00+00:00,78847.96875,BTC
2026-09-08 16:52:00+00:00,78793.953125,BTC
2026-09-08 16:53:00+00:00,78786.890625,BTC
2026-09-08 16:54:00+00:00,78777.453125,BTC
2026-09-08 16:55:00+00:00,78746.09375,BTC
2026-09-08 16:56:00+00:00,78686.3203125,BTC
2026-09-08 16:57:00+00:00,78697.28125,BTC
2026-09-08 16:58:00+00:00,78732.90625,BTC
2026-09-08 16:59:00+00:00,78730.8203125,BTC
2026-09-08 17:00:00+00:00,78776.8984375,BTC
2026-09-08 17:01:00+00:00,78820.8125,BTC
2026-09-08 17:02:00+00:00,78833.15625,BTC
2026-09-08 17:03:00+00:00,78818.2734375,BTC
2026-09-08 17:04:00+00:00,78828.6796875,BTC
2026-09-08 17:05:00+00:00,78791.34375,BTC
2026-09-08 17:06:00+00:00,78879.2109375,BTC
2026-09-08 17:07:00+00:00,78822.6328125,BTC
2026-09-08 17:08:00+00:00,78734.5625,BTC
2026-09-08 17:09:00+00:00,78696.5703125,BTC
2026-09-08 17:10:00+00:00,78671.1875,BTC
2026-09-08 17:11:00+00:00,78709.5234375,BTC
2026-09-08 17:12:00+00:00,78701.09375,BTC
2026-09-08 17:13:00+00:00,78700.2734375,BTC
2026-09-08 17:14:00+00:00,78700.2421875,BTC
2026-09-08 17:15:00+00:00,78664.6328125,BTC
2026-09-08 17:16:00+00:00,78694.15625,BTC
2026-09-08 17:17:00+00:00,78673.0234375,BTC
2026-09-08 17:18:00+00:00,78632.8125,BTC
2026-09-08 17:19:00+00:00,78627.1015625,BTC
2026-09-08 17:20:00+00:00,78596.5625,BTC
2026-09-08 17:21:00+00:00,78590.6875,BTC
2026-09-08 17:22:00+00:00,78597.609375,BTC
2026-09-08 17:23:00+00:00,78580.3515625,BTC
2026-09-08 17:24:00+00:00,78583.421875,BTC
2026-09-08 17:25:00+00:00,78547.6875,BTC
2026-09-08 17:26:00+00:00,78542.890625,BTC
2026-09-08 17:27:00+00:00,78553.6484375,BTC
2026-09-08 17:28:00+00:00,78583.4296875,BTC
2026-09-08 17:29:00+00:00,78582.4609375,BTC
2026-09-08 17:30:00+00:00,78612.9609375,BTC
2026-09-08 17:31:00+00:00,78568.2421875,BTC
2026-09-08 17:32:00+00:00,78545.78125,BTC
2026-09-08 17:33:00+00:00,78583.3515625,BTC
2026-09-08 17:34:00+00:00,78615.7734375,BTC
2026-09-08 17:35:00+00:00,78623.4375,BTC
2026-09-08 17:36:00+00:00,78615.546875,BTC
2026-09-08 17:37:00+00:00,78629.5078125,BTC
2026-09-08 17:38:00+00:00,78606.7421875,BTC
2026-09-08 17:39:00+00:00,78580.53125,BTC
2026-09-08 17:40:00+00:00,78553.28125,BTC
2026-09-08 17:41:00+00:00,78580.421875,BTC
2026-09-08 17:42:00+00:00,78557.390625,BTC
2026-09-08 17:43:00+00:00,78560.53125,BTC
2026-09-08 17:44:00+00:00,78515.28125,BTC
2026-09-08 17:45:00+00:00,78546.34375,BTC
2026-09-08 17:46:00+00:00,78566.1015625,BTC
2026-09-08 17:47:00+00:00,78548.25,BTC
2026-09-08 17:48:00+00:00,78513.359375,BTC
2026-09-08 17:49:00+00:00,78510.28125,BTC
2026-09-08 17:50:00+00:00,78519.71875,BTC
2026-09-08 17:51:00+00:00,78568.84375,BTC
2026-09-08 17:52:00+00:00,78612.9375,BTC
2026-09-08 17:53:00+00:00,78612.953125,BTC
2026-09-08 17:54:00+00:00,78587.921875,BTC
2026-09-08 17:55:00+00:00,78580.3515625,BTC
2026-09-08 17:56:00+00:00,78556.65625,BTC
2026-09-08 17:57:00+00:00,78547.1015625,BTC
2026-09-08 17:58:00+00:00,78501.5,BTC
2026-09-08 17:59:00+00:00,78493.1796875,BTC
2026-09-08 18:00:00+00:00,78531.78125,BTC
2026-09-08 18:01:00+00:00,78542.9765625,BTC
2026-09-08 18:02:00+00:00,78547.9921875,BTC
2026-09-08 18:03:00+00:00,78507.46875,BTC
2026-09-08 18:04:00+00:00,78522.6328125,BTC
2026-09-08 18:05:00+00:00,78577.8203125,BTC
2026-09-08 18:06:00+00:00,78612.953125,BTC
2026-09-08 18:07:00+00:00,78655.9921875,BTC
2026-09-08 18:08:00+00:00,78655.796875,BTC
2026-09-08 18:09:00+00:00,78658.53125,BTC
2026-09-08 18:10:00+00:00,78696.5703125,BTC
2026-09-08 18:11:00+00:00,78664.25,BTC
2026-09-08 18:12:00+00:00,78639.328125,BTC
2026-09-08 18:13:00+00:00,78660.6875,BTC
2026-09-08 18:14:00+00:00,78658.5,BTC
2026-09-08 18:15:00+00:00,78667.1328125,BTC
2026-09-08 18:16:00+00:00,78723.3203125,BTC
2026-09-08 18:17:00+00:00,78733.2109375,BTC
2026-09-08 18:18:00+00:00,78729.8515625,BTC
2026-09-08 18:19:00+00:00,78747.0234375,BTC
2026-09-08 18:20:00+00:00,78749.203125,BTC
2026-09-08 18:21:00+00:00,78745.21875,BTC
2026-09-08 18:22:00+00:00,78744.3125,BTC
2026-09-08 18:23:00+00:00,78782.6015625,BTC
2026-09-08 18:24:00+00:00,78778.546875,BTC
2026-09-08 18:25:00+00:00,78737.34375,BTC
2026-09-08 18:26:00+00:00,78712.3984375,BTC
2026-09-08 18:27:00+00:00,78712.546875,BTC
2026-09-08 18:28:00+00:00,78708.9296875,BTC
2026-09-08 18:29:00+00:00,78723.53125,BTC
2026-09-08 18:30:00+00:00,78724.703125,BTC
2026-09-08 18:31:00+00:00,78757.203125,BTC
2026-09-08 18:32:00+00:00,78760.4375,BTC
2026-09-08 18:33:00+00:00,78729.0234375,BTC
2026-09-08 18:34:00+00:00,78724.78125,BTC
2026-09-08 18:35:00+00:00,78646.5078125,BTC
2026-09-08 18:36:00+00:00,78642.53125,BTC
2026-09-08 18:37:00+00:00,78612.7890625,BTC
2026-09-08 18:38:00+00:00,78602.828125,BTC
2026-09-08 18:39:00+00:00,78577.921875,BTC
2026-09-08 18:40:00+00:00,78592.90625,BTC
2026-09-08 18:41:00+00:00,78576.6796875,BTC
2026-09-08 18:42:00+00:00,78589.0390625,BTC
2026-09-08 18:43:00+00:00,78593.15625,BTC
2026-09-08 18:44:00+00:00,78593.171875,BTC
2026-09-08 18:45:00+00:00,78612.9609375,BTC
2026-09-08 18:46:00+00:00,78638.03125,BTC
2026-09-08 18:47:00+00:00,78515.3515625,BTC
2026-09-08 18:48:00+00:00,78394.53125,BTC
2026-09-08 18:49:00+00:00,78310.7890625,BTC
2026-09-08 18:50:00+00:00,78392.703125,BTC
2026-09-08 18:51:00+00:00,78362.171875,BTC
2026-09-08 18:52:00+00:00,78280.6484375,BTC
2026-09-08 18:53:00+00:00,78396.4375,BTC
2026-09-08 18:54:00+00:00,78361.3125,BTC
2026-09-08 18:55:00+00:00,78383.859375,BTC
2026-09-08 18:56:00+00:00,78375.5078125,BTC
2026-09-08 18:57:00+00:00,78390.546875,BTC
2026-09-08 18:58:00+00:00,78414.59375,BTC
2026-09-08 18:59:00+00:00,78423.4921875,BTC
2026-09-08 19:00:00+00:00,78423.3828125,BTC
2026-09-08 19:01:00+00:00,78435.46875,BTC
2026-09-08 19:02:00+00:00,78480.6015625,BTC
2026-09-08 19:03:00+00:00,78513.578125,BTC
2026-09-08 19:04:00+00:00,78494.9921875,BTC
2026-09-08 19:05:00+00:00,78471.8984375,BTC
2026-09-08 19:06:00+00:00,78457.7421875,BTC
2026-09-08 19:07:00+00:00,78442.53125,BTC
2026-09-08 19:08:00+00:00,78446.0,BTC
2026-09-08 19:09:00+00:00,78448.8671875,BTC
2026-09-08 19:10:00+00:00,78447.171875,BTC
2026-09-08 19:11:00+00:00,78447.9375,BTC
2026-09-08 19:12:00+00:00,78476.2578125,BTC
2026-09-08 19:13:00+00:00,78469.921875,BTC
2026-09-08 19:14:00+00:00,78462.40625,BTC
2026-09-08 19:15:00+00:00,78486.5234375,BTC
2026-09-08 19:16:00+00:00,78506.71875,BTC
2026-09-08 19:17:00+00:00,78430.0,BTC
2026-09-08 19:18:00+00:00,78462.25,BTC
2026-09-08 19:19:00+00:00,78433.1171875,BTC
2026-09-08 19:20:00+00:00,78430.9921875,BTC
2026-09-08 19:21:00+00:00,78434.3984375,BTC
2026-09-08 19:22:00+00:00,78398.03125,BTC
2026-09-08 19:23:00+00:00,78427.9921875,BTC
2026-09-08 19:24:00+00:00,78382.4296875,BTC
2026-09-08 19:25:00+00:00,78376.65625,BTC
2026-09-08 19:26:00+00:00,78379.546875,BTC
2026-09-08 19:27:00+00:00,78401.8125,BTC
2026-09-08 19:28:00+00:00,78444.7421875,BTC
2026-09-08 19:29:00+00:00,78445.421875,BTC
2026-09-08 19:30:00+00:00,78456.75,BTC
2026-09-08 19:31:00+00:00,78463.0625,BTC
2026-09-08 19:32:00+00:00,78438.75,BTC
2026-09-08 19:33:00+00:00,78361.25,BTC
2026-09-08 19:34:00+00:00,78438.53125,BTC
2026-09-08 19:35:00+00:00,78439.78125,BTC
2026-09-08 19:36:00+00:00,78414.3515625,BTC
2026-09-08 19:37:00+00:00,78445.796875,BTC
2026-09-08 19:38:00+00:00,78452.78125,BTC
2026-09-08 19:39:00+00:00,78452.078125,BTC
2026-09-08 19:40:00+00:00,78512.7578125,BTC
2026-09-08 19:41:00+00:00,78438.1796875,BTC
2026-09-08 19:42:00+00:00,78438.5,BTC
2026-09-08 19:43:00+00:00,78392.0078125,BTC
2026-09-08 19:44:00+00:00,78404.3984375,BTC
2026-09-08 19:45:00+00:00,78395.609375,BTC
2026-09-08 19:46:00+00:00,78375.03125,BTC
2026-09-08 19:47:00+00:00,78383.6328125,BTC
2026-09-08 19:48:00+00:00,78335.46875,BTC
2026-09-08 19:49:00+00:00,78401.859375,BTC
2026-09-08 19:50:00+00:00,78318.609375,BTC
2026-09-08 19:51:00+00:00,78350.1328125,BTC
2026-09-08 19:52:00+00:00,78322.859375,BTC
2026-09-08 19:53:00+00:00,78349.359375,BTC
2026-09-08 19:54:00+00:00,78333.40625,BTC
2026-09-08 19:55:00+00:00,78341.0234375,BTC
2026-09-08 19:56:00+00:00,78349.671875,BTC
2026-09-08 19:57:00+00:00,78339.6484375,BTC
2026-09-08 19:58:00+00:00,78356.7421875,BTC
2026-09-08 19:59:00+00:00,78435.5703125,BTC
2026-09-08 20:00:00+00:00,78450.0,BTC
2026-09-08 20:01:00+00:00,78468.9609375,BTC
2026-09-08 20:02:00+00:00,78454.796875,BTC
2026-09-08 20:03:00+00:00,78459.0703125,BTC
2026-09-08 20:04:00+00:00,78450.4296875,BTC
2026-09-08 20:05:00+00:00,78472.109375,BTC
2026-09-08 20:06:00+00:00,78500.640625,BTC
2026-09-08 20:07:00+00:00,78510.7109375,BTC
2026-09-08 20:08:00+00:00,78517.71875,BTC
2026-09-08 20:09:00+00:00,78511.359375,BTC
2026-09-08 20:10:00+00:00,78538.59375,BTC
2026-09-08 20:11:00+00:00,78592.4921875,BTC
2026-09-08 20:12:00+00:00,78594.546875,BTC
2026-09-08 20:13:00+00:00,78554.4921875,BTC
2026-09-08 20:14:00+00:00,78597.3515625,BTC
2026-09-08 20:15:00+00:00,78541.3203125,BTC
2026-09-08 20:16:00+00:00,78529.9765625,BTC
2026-09-08 20:17:00+00:00,78531.5078125,BTC
2026-09-08 20:18:00+00:00,78506.6328125,BTC
2026-09-08 20:19:00+00:00,78514.7734375,BTC
2026-09-08 20:20:00+00:00,78477.15625,BTC
2026-09-08 20:21:00+00:00,78477.078125,BTC
2026-09-08 20:22:00+00:00,78516.859375,BTC
2026-09-08 20:23:00+00:00,78490.0,BTC
2026-09-08 20:24:00+00:00,78497.640625,BTC
2026-09-08 20:25:00+00:00,78504.609375,BTC
2026-09-08 20:26:00+00:00,78518.6875,BTC
2026-09-08 20:27:00+00:00,78546.421875,BTC
2026-09-08 20:28:00+00:00,78574.75,BTC
2026-09-08 20:29:00+00:00,78591.28125,BTC
2026-09-08 20:30:00+00:00,78541.359375,BTC
2026-09-08 20:31:00+00:00,78505.109375,BTC
2026-09-08 20:32:00+00:00,78481.6328125,BTC
2026-09-08 20:33:00+00:00,78450.0,BTC
2026-09-08 20:34:00+00:00,78427.578125,BTC
2026-09-08 20:35:00+00:00,78421.921875,BTC
2026-09-08 20:36:00+00:00,78481.609375,BTC
2026-09-08 20:37:00+00:00,78493.8828125,BTC
2026-09-08 20:38:00+00:00,78541.3203125,BTC
2026-09-08 20:39:00+00:00,78525.40625,BTC
2026-09-08 20:40:00+00:00,78491.1875,BTC
2026-09-08 20:41:00+00:00,78490.59375,BTC
2026-09-08 20:42:00+00:00,78525.359375,BTC
2026-09-08 20:43:00+00:00,78532.5078125,BTC
2026-09-08 20:44:00+00:00,78531.8515625,BTC
2026-09-08 20:45:00+00:00,78531.7734375,BTC
2026-09-08 20:46:00+00:00,78550.15625,BTC
2026-09-08 20:47:00+00:00,78547.75,BTC
2026-09-08 20:48:00+00:00,78522.8203125,BTC
2026-09-08 20:49:00+00:00,78529.2734375,BTC
2026-09-08 20:50:00+00:00,78524.046875,BTC
2026-09-08 20:51:00+00:00,78525.09375,BTC
2026-09-08 20:52:00+00:00,78550.8125,BTC
2026-09-08 20:53:00+00:00,78543.640625,BTC
2026-09-08 20:54:00+00:00,78476.953125,BTC
2026-09-08 20:55:00+00:00,78484.8828125,BTC
2026-09-08 20:56:00+00:00,78504.921875,BTC
2026-09-08 20:57:00+00:00,78507.2421875,BTC
2026-09-08 20:58:00+00:00,78494.5703125,BTC
2026-09-08 20:59:00+00:00,78482.453125,BTC
2026-09-08 21:00:00+00:00,78476.4765625,BTC
2026-09-08 21:01:00+00:00,78474.796875,BTC
2026-09-08 21:02:00+00:00,78572.6796875,BTC
2026-09-08 21:03:00+00:00,78517.4375,BTC
2026-09-08 21:04:00+00:00,78514.4375,BTC
2026-09-08 21:05:00+00:00,78511.2734375,BTC
2026-09-08 21:06:00+00:00,78530.921875,BTC
2026-09-08 21:07:00+00:00,78535.546875,BTC
2026-09-08 21:08:00+00:00,78521.9921875,BTC
2026-09-08 21:09:00+00:00,78540.328125,BTC
2026-09-08 21:10:00+00:00,78559.9921875,BTC
2026-09-08 21:11:00+00:00,78557.6015625,BTC
2026-09-08 21:12:00+00:00,78556.0,BTC
2026-09-08 21:13:00+00:00,78531.9296875,BTC
2026-09-08 21:14:00+00:00,78543.7890625,BTC
2026-09-08 21:15:00+00:00,78561.5625,BTC
2026-09-08 21:16:00+00:00,78561.5625,BTC
2026-09-08 21:17:00+00:00,78536.7265625,BTC
2026-09-08 21:18:00+00:00,78526.2109375,BTC
2026-09-08 21:19:00+00:00,78524.578125,BTC
2026-09-08 21:20:00+00:00,78529.921875,BTC
2026-09-08 21:21:00+00:00,78494.25,BTC
2026-09-08 21:22:00+00:00,78521.5390625,BTC
2026-09-08 21:23:00+00:00,78540.6796875,BTC
2026-09-08 21:24:00+00:00,78516.9765625,BTC
2026-09-08 21:25:00+00:00,78533.4765625,BTC
2026-09-08 21:26:00+00:00,78572.578125,BTC
2026-09-08 21:27:00+00:00,78584.53125,BTC
2026-09-08 21:28:00+00:00,78550.8515625,BTC
2026-09-08 21:29:00+00:00,78521.5234375,BTC
2026-09-08 21:30:00+00:00,78553.25,BTC
2026-09-08 21:31:00+00:00,78529.40625,BTC
2026-09-08 21:32:00+00:00,78521.53125,BTC
2026-09-08 21:33:00+00:00,78515.7578125,BTC
2026-09-08 21:34:00+00:00,78515.6875,BTC
2026-09-08 21:35:00+00:00,78467.0,BTC
2026-09-08 21:36:00+00:00,78485.3515625,BTC
2026-09-08 21:37:00+00:00,78480.2734375,BTC
2026-09-08 21:38:00+00:00,78488.3828125,BTC
2026-09-08 21:39:00+00:00,78517.4296875,BTC
2026-09-08 21:40:00+00:00,78469.671875,BTC
2026-09-08 21:41:00+00:00,78500.7109375,BTC
2026-09-08 21:42:00+00:00,78522.2109375,BTC
2026-09-08 21:43:00+00:00,78539.7265625,BTC
2026-09-08 21:44:00+00:00,78515.8515625,BTC
2026-09-08 21:45:00+00:00,78509.34375,BTC
2026-09-08 21:46:00+00:00,78504.21875,BTC
2026-09-08 21:47:00+00:00,78515.828125,BTC
2026-09-08 21:48:00+00:00,78516.2890625,BTC
2026-09-08 21:49:00+00:00,78503.8515625,BTC
2026-09-08 21:50:00+00:00,78430.1015625,BTC
2026-09-08 21:51:00+00:00,78435.1875,BTC
2026-09-08 21:52:00+00:00,78426.4765625,BTC
2026-09-08 21:53:00+00:00,78402.4375,BTC
2026-09-08 21:54:00+00:00,78430.2421875,BTC
2026-09-08 21:55:00+00:00,78450.71875,BTC
2026-09-08 21:56:00+00:00,78456.8125,BTC
2026-09-08 21:57:00+00:00,78441.2109375,BTC
2026-09-08 21:58:00+00:00,78464.46875,BTC
2026-09-08 21:59:00+00:00,78484.359375,BTC
2026-09-08 22:00:00+00:00,78544.0390625,BTC
2026-09-08 22:01:00+00:00,78589.0703125,BTC
2026-09-08 22:02:00+00:00,78622.2734375,BTC
2026-09-08 22:03:00+00:00,78617.703125,BTC
2026-09-08 22:04:00+00:00,78572.109375,BTC
2026-09-08 22:05:00+00:00,78567.8984375,BTC
2026-09-08 22:06:00+00:00,78536.9765625,BTC
2026-09-08 22:07:00+00:00,78512.3671875,BTC
2026-09-08 22:08:00+00:00,78452.6015625,BTC
2026-09-08 22:09:00+00:00,78469.90625,BTC
2026-09-08 22:10:00+00:00,78472.65625,BTC
2026-09-08 22:11:00+00:00,78461.0234375,BTC
2026-09-08 22:12:00+00:00,78464.28125,BTC
2026-09-08 22:13:00+00:00,78476.1875,BTC
2026-09-08 22:14:00+00:00,78488.1484375,BTC
2026-09-08 22:15:00+00:00,78486.28125,BTC
2026-09-08 22:16:00+00:00,78480.53125,BTC
2026-09-08 22:17:00+00:00,78464.6875,BTC
2026-09-08 22:18:00+00:00,78469.5234375,BTC
2026-09-08 22:19:00+00:00,78453.15625,BTC
2026-09-08 22:20:00+00:00,78486.140625,BTC
2026-09-08 22:21:00+00:00,78553.0625,BTC
2026-09-08 22:22:00+00:00,78534.90625,BTC
2026-09-08 22:23:00+00:00,78553.25,BTC
2026-09-08 22:24:00+00:00,78545.90625,BTC
2026-09-08 22:25:00+00:00,78507.453125,BTC
2026-09-08 22:26:00+00:00,78505.859375,BTC
2026-09-08 22:27:00+00:00,78511.921875,BTC
2026-09-08 22:28:00+00:00,78498.609375,BTC
2026-09-08 22:29:00+00:00,78487.9609375,BTC
2026-09-08 22:30:00+00:00,78476.65625,BTC
2026-09-08 22:31:00+00:00,78476.3984375,BTC
2026-09-08 22:32:00+00:00,78486.2734375,BTC
2026-09-08 22:33:00+00:00,78472.34375,BTC
2026-09-08 22:34:00+00:00,78477.5234375,BTC
2026-09-08 22:35:00+00:00,78454.5703125,BTC
2026-09-08 22:36:00+00:00,78477.5234375,BTC
2026-09-08 22:37:00+00:00,78493.5390625,BTC
2026-09-08 22:38:00+00:00,78467.390625,BTC
2026-09-08 22:39:00+00:00,78472.5390625,BTC
2026-09-08 22:40:00+00:00,78477.7578125,BTC
2026-09-08 22:41:00+00:00,78505.9296875,BTC
2026-09-08 22:42:00+00:00,78500.3828125,BTC
2026-09-08 22:43:00+00:00,78479.0,BTC
2026-09-08 22:44:00+00:00,78477.1484375,BTC
2026-09-08 22:45:00+00:00,78497.9296875,BTC
2026-09-08 22:46:00+00:00,78516.1328125,BTC
2026-09-08 22:47:00+00:00,78508.7578125,BTC
2026-09-08 22:48:00+00:00,78525.0390625,BTC
2026-09-08 22:49:00+00:00,78539.5625,BTC
2026-09-08 22:50:00+00:00,78517.9609375,BTC
2026-09-08 22:51:00+00:00,78564.8515625,BTC
2026-09-08 22:52:00+00:00,78545.34375,BTC
2026-09-08 22:53:00+00:00,78536.8515625,BTC
2026-09-08 22:54:00+00:00,78520.4765625,BTC
2026-09-08 22:55:00+00:00,78524.0,BTC
2026-09-08 22:56:00+00:00,78525.28125,BTC
2026-09-08 22:57:00+00:00,78547.90625,BTC
2026-09-08 22:58:00+00:00,78554.8828125,BTC
2026-09-08 22:59:00+00:00,78545.40625,BTC
2026-09-08 23:00:00+00:00,78546.6875,BTC
2026-09-08 23:01:00+00:00,78559.8828125,BTC
2026-09-08 23:02:00+00:00,78564.2734375,BTC
2026-09-08 23:03:00+00:00,78526.6484375,BTC
2026-09-08 23:04:00+00:00,78519.0625,BTC
2026-09-08 23:05:00+00:00,78508.71875,BTC
2026-09-08 23:06:00+00:00,78505.1015625,BTC
2026-09-08 23:07:00+00:00,78509.7578125,BTC
2026-09-08 23:08:00+00:00,78513.3671875,BTC
2026-09-08 23:09:00+00:00,78501.5234375,BTC
2026-09-08 23:10:00+00:00,78493.5625,BTC
2026-09-08 23:11:00+00:00,78450.0,BTC
2026-09-08 23:12:00+00:00,78505.28125,BTC
2026-09-08 23:13:00+00:00,78510.9609375,BTC
2026-09-08 23:14:00+00:00,78490.0,BTC
2026-09-08 23:15:00+00:00,78471.7734375,BTC
2026-09-08 23:16:00+00:00,78471.78125,BTC
2026-09-08 23:17:00+00:00,78480.2265625,BTC
2026-09-08 23:18:00+00:00,78460.8984375,BTC
2026-09-08 23:19:00+00:00,78466.6015625,BTC
2026-09-08 23:20:00+00:00,78453.5234375,BTC
2026-09-08 23:21:00+00:00,78440.0234375,BTC
2026-09-08 23:22:00+00:00,78479.5,BTC
2026-09-08 23:23:00+00:00,78461.5234375,BTC
2026-09-08 23:24:00+00:00,78450.7109375,BTC
2026-09-08 23:25:00+00:00,78440.6796875,BTC
2026-09-08 23:26:00+00:00,78433.890625,BTC
2026-09-08 23:27:00+00:00,78438.0,BTC
2026-09-08 23:28:00+00:00,78463.4375,BTC
2026-09-08 23:29:00+00:00,78463.4375,BTC
2026-09-08 23:30:00+00:00,78447.6484375,BTC
2026-09-08 23:31:00+00:00,78463.4375,BTC
2026-09-08 23:32:00+00:00,78447.203125,BTC
2026-09-08 23:33:00+00:00,78456.328125,BTC
2026-09-08 23:34:00+00:00,78454.078125,BTC
2026-09-08 23:35:00+00:00,78456.21875,BTC
2026-09-08 23:36:00+00:00,78447.703125,BTC
2026-09-08 23:37:00+00:00,78456.828125,BTC
2026-09-08 23:38:00+00:00,78435.34375,BTC
2026-09-08 23:39:00+00:00,78449.109375,BTC
2026-09-08 23:40:00+00:00,78447.5390625,BTC
2026-09-08 23:41:00+00:00,78447.75,BTC
2026-09-08 23:42:00+00:00,78440.109375,BTC
2026-09-08 23:43:00+00:00,78445.65625,BTC
2026-09-08 23:44:00+00:00,78442.96875,BTC
2026-09-08 23:45:00+00:00,78433.203125,BTC
2026-09-08 23:46:00+00:00,78433.078125,BTC
2026-09-08 23:47:00+00:00,78449.109375,BTC
2026-09-08 23:48:00+00:00,78437.046875,BTC
2026-09-08 23:49:00+00:00,78426.21875,BTC
2026-09-08 23:50:00+00:00,78425.0703125,BTC
2026-09-08 23:51:00+00:00,78428.59375,BTC
2026-09-08 23:52:00+00:00,78455.78125,BTC
2026-09-08 23:53:00+00:00,78426.6015625,BTC
2026-09-08 23:54:00+00:00,78408.1171875,BTC
2026-09-08 23:55:00+00:00,78409.5234375,BTC
2026-09-08 23:56:00+00:00,78401.0390625,BTC
2026-09-08 23:57:00+00:00,78431.2109375,BTC
2026-09-08 23:58:00+00:00,78441.890625,BTC
2026-09-09 00:00:00+00:00,78453.65625,BTC
2026-09-09 00:01:00+00:00,78489.890625,BTC
2026-09-09 00:02:00+00:00,78529.3828125,BTC
2026-09-09 00:03:00+00:00,78548.8984375,BTC
2026-09-09 00:04:00+00:00,78550.8671875,BTC
2026-09-09 00:05:00+00:00,78550.609375,BTC
2026-09-09 00:06:00+00:00,78588.0703125,BTC
2026-09-09 00:07:00+00:00,78606.84375,BTC
2026-09-09 00:08:00+00:00,78606.8125,BTC
2026-09-09 00:09:00+00:00,78615.453125,BTC
2026-09-09 00:10:00+00:00,78636.828125,BTC
2026-09-09 00:11:00+00:00,78700.390625,BTC
2026-09-09 00:12:00+00:00,78694.140625,BTC
2026-09-09 00:13:00+00:00,78720.0234375,BTC
2026-09-09 00:14:00+00:00,78719.296875,BTC
2026-09-09 00:15:00+00:00,78649.421875,BTC
2026-09-09 00:16:00+00:00,78660.7109375,BTC
2026-09-09 00:17:00+00:00,78677.9765625,BTC
2026-09-09 00:18:00+00:00,78687.78125,BTC
2026-09-09 00:19:00+00:00,78694.3984375,BTC
2026-09-09 00:20:00+00:00,78719.2109375,BTC
2026-09-09 00:21:00+00:00,78672.75,BTC
2026-09-09 00:22:00+00:00,78643.5,BTC
2026-09-09 00:23:00+00:00,78659.3671875,BTC
2026-09-09 00:24:00+00:00,78651.5,BTC
2026-09-09 00:25:00+00:00,78633.078125,BTC
2026-09-09 00:26:00+00:00,78611.390625,BTC
2026-09-09 00:27:00+00:00,78612.9609375,BTC
2026-09-09 00:28:00+00:00,78630.859375,BTC
2026-09-09 00:29:00+00:00,78624.4921875,BTC
2026-09-09 00:30:00+00:00,78601.7421875,BTC
2026-09-09 00:31:00+00:00,78570.7109375,BTC
2026-09-09 00:32:00+00:00,78582.5703125,BTC
2026-09-09 00:33:00+00:00,78609.84375,BTC
2026-09-09 00:34:00+00:00,78613.75,BTC
2026-09-09 00:35:00+00:00,78581.5234375,BTC
2026-09-09 00:36:00+00:00,78567.1875,BTC
2026-09-09 00:37:00+00:00,78607.40625,BTC
2026-09-09 00:38:00+00:00,78623.7109375,BTC
2026-09-09 00:39:00+00:00,78652.0078125,BTC
2026-09-09 00:40:00+00:00,78620.609375,BTC
2026-09-09 00:41:00+00:00,78613.796875,BTC
2026-09-09 00:42:00+00:00,78636.671875,BTC
2026-09-09 00:43:00+00:00,78659.34375,BTC
2026-09-09 00:44:00+00:00,78686.7578125,BTC
2026-09-09 00:45:00+00:00,78732.359375,BTC
2026-09-09 00:46:00+00:00,78727.3671875,BTC
2026-09-09 00:47:00+00:00,78741.171875,BTC
2026-09-09 00:48:00+00:00,78708.0625,BTC
2026-09-09 00:49:00+00:00,78749.90625,BTC
2026-09-09 00:50:00+00:00,78769.90625,BTC
2026-09-09 00:51:00+00:00,78759.578125,BTC
2026-09-09 00:52:00+00:00,78743.3125,BTC
2026-09-09 00:53:00+00:00,78765.78125,BTC
2026-09-09 00:54:00+00:00,78777.703125,BTC
2026-09-09 00:55:00+00:00,78766.296875,BTC
2026-09-09 00:56:00+00:00,78766.2890625,BTC
2026-09-09 00:57:00+00:00,78777.6875,BTC
2026-09-09 00:58:00+00:00,78792.0390625,BTC
2026-09-09 00:59:00+00:00,78765.5,BTC
2026-09-09 01:00:00+00:00,78725.90625,BTC
2026-09-09 01:01:00+00:00,78728.0390625,BTC
2026-09-09 01:02:00+00:00,78758.4921875,BTC
2026-09-09 01:03:00+00:00,78752.5625,BTC
2026-09-09 01:04:00+00:00,78700.1796875,BTC
2026-09-09 01:05:00+00:00,78758.84375,BTC
2026-09-09 01:06:00+00:00,78769.828125,BTC
2026-09-09 01:07:00+00:00,78747.3984375,BTC
2026-09-09 01:08:00+00:00,78746.671875,BTC
2026-09-09 01:09:00+00:00,78789.140625,BTC
2026-09-09 01:10:00+00:00,78802.890625,BTC
2026-09-09 01:11:00+00:00,78835.1015625,BTC
2026-09-09 01:12:00+00:00,78850.7734375,BTC
2026-09-09 01:13:00+00:00,78733.5078125,BTC
2026-09-09 01:14:00+00:00,78733.9375,BTC
2026-09-09 01:15:00+00:00,78743.171875,BTC
2026-09-09 01:16:00+00:00,78661.03125,BTC
2026-09-09 01:17:00+00:00,78643.5,BTC
2026-09-09 01:18:00+00:00,78646.1484375,BTC
2026-09-09 01:19:00+00:00,78635.4296875,BTC
2026-09-09 01:20:00+00:00,78696.5234375,BTC
2026-09-09 01:21:00+00:00,78636.7890625,BTC
2026-09-09 01:22:00+00:00,78645.2421875,BTC
2026-09-09 01:23:00+00:00,78653.2890625,BTC
2026-09-09 01:24:00+00:00,78676.578125,BTC
2026-09-09 01:25:00+00:00,78649.8984375,BTC
2026-09-09 01:26:00+00:00,78660.3984375,BTC
2026-09-09 01:27:00+00:00,78765.703125,BTC
2026-09-09 01:28:00+00:00,78750.34375,BTC
2026-09-09 01:29:00+00:00,78736.1171875,BTC
2026-09-09 01:30:00+00:00,78720.421875,BTC
2026-09-09 01:31:00+00:00,78710.09375,BTC
2026-09-09 01:32:00+00:00,78725.3125,BTC
2026-09-09 01:33:00+00:00,78738.7421875,BTC
2026-09-09 01:34:00+00:00,78760.0390625,BTC
2026-09-09 01:35:00+00:00,78772.3984375,BTC
2026-09-09 01:36:00+00:00,78778.9296875,BTC
2026-09-09 01:37:00+00:00,78865.9765625,BTC
2026-09-09 01:38:00+00:00,78812.78125,BTC
2026-09-09 01:39:00+00:00,78830.5703125,BTC
2026-09-09 01:40:00+00:00,78830.40625,BTC
2026-09-09 01:41:00+00:00,78804.0078125,BTC
2026-09-09 01:42:00+00:00,78803.6875,BTC
2026-09-09 01:43:00+00:00,78835.3671875,BTC
2026-09-09 01:44:00+00:00,78837.1875,BTC
2026-09-09 01:45:00+00:00,78856.203125,BTC
2026-09-09 01:46:00+00:00,78859.0078125,BTC
2026-09-09 01:47:00+00:00,78863.5,BTC
2026-09-09 01:48:00+00:00,78845.78125,BTC
2026-09-09 01:49:00+00:00,78860.3984375,BTC
2026-09-09 01:50:00+00:00,78873.2265625,BTC
2026-09-09 01:51:00+00:00,78855.890625,BTC
2026-09-09 01:52:00+00:00,78819.921875,BTC
2026-09-09 01:53:00+00:00,78884.9921875,BTC
2026-09-09 01:54:00+00:00,78879.671875,BTC
2026-09-09 01:55:00+00:00,78848.6484375,BTC
2026-09-09 01:56:00+00:00,78875.59375,BTC
2026-09-09 01:57:00+00:00,78882.4375,BTC
2026-09-09 01:58:00+00:00,78837.2890625,BTC
2026-09-09 01:59:00+00:00,78879.703125,BTC
2026-09-09 02:00:00+00:00,78895.28125,BTC
2026-09-09 02:01:00+00:00,78904.28125,BTC
2026-09-09 02:02:00+00:00,78886.1484375,BTC
2026-09-09 02:03:00+00:00,78832.1328125,BTC
2026-09-09 02:04:00+00:00,78879.15625,BTC
2026-09-09 02:05:00+00:00,78850.84375,BTC
2026-09-09 02:06:00+00:00,78876.703125,BTC
2026-09-09 02:07:00+00:00,78894.6796875,BTC
2026-09-09 02:08:00+00:00,78896.609375,BTC
2026-09-09 02:09:00+00:00,78901.5703125,BTC
2026-09-09 02:10:00+00:00,78908.859375,BTC
2026-09-09 02:11:00+00:00,78835.046875,BTC
2026-09-09 02:12:00+00:00,78807.921875,BTC
2026-09-09 02:13:00+00:00,78790.9296875,BTC
2026-09-09 02:14:00+00:00,78789.7890625,BTC
2026-09-09 02:15:00+00:00,78785.109375,BTC
2026-09-09 02:16:00+00:00,78696.5390625,BTC
2026-09-09 02:17:00+00:00,78691.8125,BTC
2026-09-09 02:18:00+00:00,78782.359375,BTC
2026-09-09 02:19:00+00:00,78748.453125,BTC
2026-09-09 02:20:00+00:00,78709.0703125,BTC
2026-09-09 02:21:00+00:00,78697.578125,BTC
2026-09-09 02:22:00+00:00,78734.9921875,BTC
2026-09-09 02:23:00+00:00,78778.671875,BTC
2026-09-09 02:24:00+00:00,78824.21875,BTC
2026-09-09 02:25:00+00:00,78778.6484375,BTC
2026-09-09 02:26:00+00:00,78794.8203125,BTC
2026-09-09 02:27:00+00:00,78803.578125,BTC
2026-09-09 02:28:00+00:00,78802.0,BTC
2026-09-09 02:29:00+00:00,78815.9375,BTC
2026-09-09 02:30:00+00:00,78804.4609375,BTC
2026-09-09 02:31:00+00:00,78800.6796875,BTC
2026-09-09 02:32:00+00:00,78821.28125,BTC
2026-09-09 02:33:00+00:00,78791.7890625,BTC
2026-09-09 02:34:00+00:00,78770.15625,BTC
2026-09-09 02:35:00+00:00,78765.4296875,BTC
2026-09-09 02:36:00+00:00,78762.5078125,BTC
2026-09-09 02:37:00+00:00,78773.5625,BTC
2026-09-09 02:38:00+00:00,78768.0390625,BTC
2026-09-09 02:39:00+00:00,78759.640625,BTC
2026-09-09 02:40:00+00:00,78761.5703125,BTC
2026-09-09 02:41:00+00:00,78761.5078125,BTC
2026-09-09 02:42:00+00:00,78765.4765625,BTC
2026-09-09 02:43:00+00:00,78786.5625,BTC
2026-09-09 02:44:00+00:00,78788.5234375,BTC
2026-09-09 02:45:00+00:00,78772.0078125,BTC
2026-09-09 02:46:00+00:00,78770.5,BTC
2026-09-09 02:47:00+00:00,78780.4921875,BTC
2026-09-09 02:48:00+00:00,78795.1015625,BTC
2026-09-09 02:49:00+00:00,78764.203125,BTC
2026-09-09 02:50:00+00:00,78763.4921875,BTC
2026-09-09 02:51:00+00:00,78756.8984375,BTC
2026-09-09 02:52:00+00:00,78777.8671875,BTC
2026-09-09 02:53:00+00:00,78771.3828125,BTC
2026-09-09 02:54:00+00:00,78771.2734375,BTC
2026-09-09 02:55:00+00:00,78738.4375,BTC
2026-09-09 02:56:00+00:00,78736.6015625,BTC
2026-09-09 02:57:00+00:00,78736.609375,BTC
2026-09-09 02:58:00+00:00,78736.6015625,BTC
2026-09-09 02:59:00+00:00,78730.15625,BTC
2026-09-09 03:00:00+00:00,78698.3125,BTC
2026-09-09 03:01:00+00:00,78662.3984375,BTC
2026-09-09 03:02:00+00:00,78671.8828125,BTC
2026-09-09 03:03:00+00:00,78669.421875,BTC
2026-09-09 03:04:00+00:00,78660.7890625,BTC
2026-09-09 03:05:00+00:00,78685.859375,BTC
2026-09-09 03:06:00+00:00,78679.2421875,BTC
2026-09-09 03:07:00+00:00,78655.109375,BTC
2026-09-09 03:08:00+00:00,78638.4609375,BTC
2026-09-09 03:09:00+00:00,78633.703125,BTC
2026-09-09 03:10:00+00:00,78587.5234375,BTC
2026-09-09 03:11:00+00:00,78638.78125,BTC
2026-09-09 03:12:00+00:00,78589.046875,BTC
2026-09-09 03:13:00+00:00,78608.59375,BTC
2026-09-09 03:14:00+00:00,78582.0703125,BTC
2026-09-09 03:15:00+00:00,78600.65625,BTC
2026-09-09 03:16:00+00:00,78575.671875,BTC
2026-09-09 03:17:00+00:00,78590.84375,BTC
2026-09-09 03:18:00+00:00,78607.890625,BTC
2026-09-09 03:19:00+00:00,78577.140625,BTC
2026-09-09 03:20:00+00:00,78604.2890625,BTC
2026-09-09 03:21:00+00:00,78586.671875,BTC
2026-09-09 03:22:00+00:00,78569.25,BTC
2026-09-09 03:23:00+00:00,78575.6171875,BTC
2026-09-09 03:24:00+00:00,78576.3203125,BTC
2026-09-09 03:25:00+00:00,78575.9921875,BTC
2026-09-09 03:26:00+00:00,78537.1171875,BTC
2026-09-09 03:27:00+00:00,78557.046875,BTC
2026-09-09 03:28:00+00:00,78570.109375,BTC
2026-09-09 03:29:00+00:00,78569.1796875,BTC
2026-09-09 03:30:00+00:00,78572.46875,BTC
2026-09-09 03:31:00+00:00,78580.453125,BTC
2026-09-09 03:32:00+00:00,78578.75,BTC
2026-09-09 03:33:00+00:00,78587.140625,BTC
2026-09-09 03:34:00+00:00,78580.6171875,BTC
2026-09-09 03:35:00+00:00,78586.46875,BTC
2026-09-09 03:36:00+00:00,78594.859375,BTC
2026-09-09 03:37:00+00:00,78582.640625,BTC
2026-09-09 03:38:00+00:00,78586.3203125,BTC
2026-09-09 03:39:00+00:00,78587.5625,BTC
2026-09-09 03:40:00+00:00,78603.828125,BTC
2026-09-09 03:41:00+00:00,78648.671875,BTC
2026-09-09 03:42:00+00:00,78650.0078125,BTC
2026-09-09 03:43:00+00:00,78641.296875,BTC
2026-09-09 03:44:00+00:00,78639.9921875,BTC
2026-09-09 03:45:00+00:00,78633.203125,BTC
2026-09-09 03:46:00+00:00,78626.390625,BTC
2026-09-09 03:47:00+00:00,78646.6171875,BTC
2026-09-09 03:48:00+00:00,78624.5078125,BTC
2026-09-09 03:49:00+00:00,78634.21875,BTC
2026-09-09 03:50:00+00:00,78620.328125,BTC
2026-09-09 03:51:00+00:00,78592.28125,BTC
2026-09-09 03:52:00+00:00,78606.28125,BTC
2026-09-09 03:53:00+00:00,78645.4296875,BTC
2026-09-09 03:54:00+00:00,78635.140625,BTC
2026-09-09 03:55:00+00:00,78622.4609375,BTC
2026-09-09 03:56:00+00:00,78592.328125,BTC
2026-09-09 03:57:00+00:00,78643.1328125,BTC
2026-09-09 03:58:00+00:00,78648.59375,BTC
2026-09-09 03:59:00+00:00,78619.7109375,BTC
2026-09-09 04:00:00+00:00,78763.8515625,BTC
2026-09-09 04:01:00+00:00,78852.609375,BTC
2026-09-09 04:02:00+00:00,78842.9609375,BTC
2026-09-09 04:03:00+00:00,78869.2109375,BTC
2026-09-09 04:04:00+00:00,78914.9296875,BTC
2026-09-09 04:05:00+00:00,78900.140625,BTC
2026-09-09 04:06:00+00:00,78885.3515625,BTC
2026-09-09 04:07:00+00:00,78819.6796875,BTC
2026-09-09 04:08:00+00:00,78798.96875,BTC
2026-09-09 04:09:00+00:00,78756.2421875,BTC
2026-09-09 04:10:00+00:00,78740.15625,BTC
2026-09-09 04:11:00+00:00,78786.5078125,BTC
2026-09-09 04:12:00+00:00,78796.84375,BTC
2026-09-09 04:13:00+00:00,78793.4375,BTC
2026-09-09 04:14:00+00:00,78823.90625,BTC
2026-09-09 04:15:00+00:00,78819.4296875,BTC
2026-09-09 04:16:00+00:00,78787.0234375,BTC
2026-09-09 04:17:00+00:00,78777.0,BTC
2026-09-09 04:18:00+00:00,78826.703125,BTC
2026-09-09 04:19:00+00:00,78812.078125,BTC
2026-09-09 04:20:00+00:00,78805.6484375,BTC
2026-09-09 04:21:00+00:00,78811.7734375,BTC
2026-09-09 04:22:00+00:00,78866.7421875,BTC
2026-09-09 04:23:00+00:00,78878.1171875,BTC
2026-09-09 04:24:00+00:00,78907.84375,BTC
2026-09-09 04:25:00+00:00,78909.1328125,BTC
2026-09-09 04:26:00+00:00,78884.53125,BTC
2026-09-09 04:27:00+00:00,78888.3671875,BTC
2026-09-09 04:28:00+00:00,78916.0,BTC
2026-09-09 04:29:00+00:00,78875.640625,BTC
2026-09-09 04:30:00+00:00,78872.671875,BTC
2026-09-09 04:31:00+00:00,78867.7421875,BTC
2026-09-09 04:32:00+00:00,78883.5390625,BTC
2026-09-09 04:33:00+00:00,78875.359375,BTC
2026-09-09 04:34:00+00:00,78899.4296875,BTC
2026-09-09 04:35:00+00:00,78895.1328125,BTC
2026-09-09 04:36:00+00:00,78914.6015625,BTC
2026-09-09 04:37:00+00:00,78919.8203125,BTC
2026-09-09 04:38:00+00:00,78928.171875,BTC
2026-09-09 04:39:00+00:00,78904.90625,BTC
2026-09-09 04:40:00+00:00,78903.3203125,BTC
2026-09-09 04:41:00+00:00,78928.6484375,BTC
2026-09-09 04:42:00+00:00,78915.03125,BTC
2026-09-09 04:43:00+00:00,79163.7890625,BTC
2026-09-09 04:44:00+00:00,79177.6171875,BTC
2026-09-09 04:45:00+00:00,79126.3671875,BTC
2026-09-09 04:46:00+00:00,79085.15625,BTC
2026-09-09 04:47:00+00:00,79151.3671875,BTC
2026-09-09 04:48:00+00:00,79120.4921875,BTC
2026-09-09 04:49:00+00:00,79110.796875,BTC
2026-09-09 04:50:00+00:00,79119.640625,BTC
2026-09-09 04:51:00+00:00,79141.390625,BTC
2026-09-09 04:52:00+00:00,79148.7265625,BTC
2026-09-09 04:53:00+00:00,79170.5390625,BTC
2026-09-09 04:54:00+00:00,79158.9609375,BTC
2026-09-09 04:55:00+00:00,79167.796875,BTC
2026-09-09 04:56:00+00:00,79181.453125,BTC
2026-09-09 04:57:00+00:00,79171.2265625,BTC
2026-09-09 04:58:00+00:00,79159.421875,BTC
2026-09-09 04:59:00+00:00,79159.109375,BTC
2026-09-09 05:00:00+00:00,79114.296875,BTC
2026-09-09 05:01:00+00:00,79107.6015625,BTC
2026-09-09 05:02:00+00:00,79045.1796875,BTC
2026-09-09 05:03:00+00:00,79071.5703125,BTC
2026-09-09 05:04:00+00:00,79121.6328125,BTC
2026-09-09 05:05:00+00:00,79111.6015625,BTC
2026-09-09 05:06:00+00:00,79085.9765625,BTC
2026-09-09 05:07:00+00:00,79116.9765625,BTC
2026-09-09 05:08:00+00:00,79105.0,BTC
2026-09-09 05:09:00+00:00,79114.4921875,BTC
2026-09-09 05:10:00+00:00,79092.921875,BTC
2026-09-09 05:11:00+00:00,79120.8203125,BTC
2026-09-09 05:12:00+00:00,79130.1796875,BTC
2026-09-09 05:13:00+00:00,79172.5234375,BTC
2026-09-09 05:14:00+00:00,79260.9296875,BTC
2026-09-09 05:15:00+00:00,79288.6484375,BTC
2026-09-09 05:16:00+00:00,79353.7421875,BTC
2026-09-09 05:17:00+00:00,79300.0,BTC
2026-09-09 05:18:00+00:00,79285.15625,BTC
2026-09-09 05:19:00+00:00,79301.34375,BTC
2026-09-09 05:20:00+00:00,79301.34375,BTC
2026-09-09 05:21:00+00:00,79236.921875,BTC
2026-09-09 05:22:00+00:00,79203.5703125,BTC
2026-09-09 05:23:00+00:00,79176.296875,BTC
2026-09-09 05:24:00+00:00,79172.8515625,BTC
2026-09-09 05:25:00+00:00,79140.5078125,BTC
2026-09-09 05:26:00+00:00,79142.6796875,BTC
2026-09-09 05:27:00+00:00,79150.2578125,BTC
2026-09-09 05:28:00+00:00,79117.6484375,BTC
2026-09-09 05:29:00+00:00,79115.0390625,BTC
2026-09-09 05:30:00+00:00,79078.6171875,BTC
2026-09-09 05:31:00+00:00,78971.6015625,BTC
2026-09-09 05:32:00+00:00,78981.609375,BTC
2026-09-09 05:33:00+00:00,78989.1875,BTC
2026-09-09 05:34:00+00:00,79018.90625,BTC
2026-09-09 05:35:00+00:00,78964.78125,BTC
2026-09-09 05:36:00+00:00,79025.328125,BTC
2026-09-09 05:37:00+00:00,79007.7578125,BTC
2026-09-09 05:38:00+00:00,78956.5625,BTC
2026-09-09 05:39:00+00:00,78934.9375,BTC
2026-09-09 05:40:00+00:00,78923.4609375,BTC
2026-09-09 05:41:00+00:00,78900.0078125,BTC
2026-09-09 05:42:00+00:00,78911.4609375,BTC
2026-09-09 05:43:00+00:00,78899.9765625,BTC
2026-09-09 05:44:00+00:00,78912.3828125,BTC
2026-09-09 05:45:00+00:00,78888.796875,BTC
2026-09-09 05:46:00+00:00,78864.25,BTC
2026-09-09 05:47:00+00:00,78829.0625,BTC
2026-09-09 05:48:00+00:00,78858.6484375,BTC
2026-09-09 05:49:00+00:00,78832.53125,BTC
2026-09-09 05:50:00+00:00,78849.46875,BTC
2026-09-09 05:51:00+00:00,78841.2265625,BTC
2026-09-09 05:52:00+00:00,78865.9765625,BTC
2026-09-09 05:53:00+00:00,78891.5703125,BTC
2026-09-09 05:54:00+00:00,78911.453125,BTC
2026-09-09 05:55:00+00:00,78910.296875,BTC
2026-09-09 05:56:00+00:00,78928.1796875,BTC
2026-09-09 05:57:00+00:00,78916.59375,BTC
2026-09-09 05:58:00+00:00,78912.3203125,BTC
2026-09-09 05:59:00+00:00,78914.359375,BTC
2026-09-09 06:00:00+00:00,78925.140625,BTC
2026-09-09 06:01:00+00:00,78894.8984375,BTC
2026-09-09 06:02:00+00:00,78879.5625,BTC
2026-09-09 06:03:00+00:00,78854.25,BTC
2026-09-09 06:04:00+00:00,78871.2421875,BTC
2026-09-09 06:05:00+00:00,78904.9921875,BTC
2026-09-09 06:06:00+00:00,78913.96875,BTC
2026-09-09 06:07:00+00:00,78947.2890625,BTC
2026-09-09 06:08:00+00:00,78954.9765625,BTC
2026-09-09 06:09:00+00:00,78936.859375,BTC
2026-09-09 06:10:00+00:00,78988.171875,BTC
2026-09-09 06:11:00+00:00,79055.8984375,BTC
2026-09-09 06:12:00+00:00,79088.7734375,BTC
2026-09-09 06:13:00+00:00,79050.59375,BTC
2026-09-09 06:14:00+00:00,79105.8203125,BTC
2026-09-09 06:15:00+00:00,79090.90625,BTC
2026-09-09 06:16:00+00:00,79159.75,BTC
2026-09-09 06:17:00+00:00,79145.0,BTC
2026-09-09 06:18:00+00:00,79158.9921875,BTC
2026-09-09 06:19:00+00:00,79158.8515625,BTC
2026-09-09 06:20:00+00:00,79152.5078125,BTC
2026-09-09 06:21:00+00:00,79152.2421875,BTC
2026-09-09 06:22:00+00:00,79217.328125,BTC
2026-09-09 06:23:00+00:00,79269.6484375,BTC
2026-09-09 06:24:00+00:00,79212.3125,BTC
2026-09-09 06:25:00+00:00,79187.8515625,BTC
2026-09-09 06:26:00+00:00,79175.8671875,BTC
2026-09-09 06:27:00+00:00,79157.6171875,BTC
2026-09-09 06:28:00+00:00,79155.328125,BTC
2026-09-09 06:29:00+00:00,79143.5390625,BTC
2026-09-09 06:30:00+00:00,79186.078125,BTC
2026-09-09 06:31:00+00:00,79174.140625,BTC
2026-09-09 06:32:00+00:00,79126.3828125,BTC
2026-09-09 06:33:00+00:00,79141.09375,BTC
2026-09-09 06:34:00+00:00,79174.1328125,BTC
2026-09-09 06:35:00+00:00,79222.9921875,BTC
2026-09-09 06:36:00+00:00,79201.6328125,BTC
2026-09-09 06:37:00+00:00,79209.9765625,BTC
2026-09-09 06:38:00+00:00,79206.5234375,BTC
2026-09-09 06:39:00+00:00,79201.7734375,BTC
2026-09-09 06:40:00+00:00,79186.078125,BTC
2026-09-09 06:41:00+00:00,79167.4765625,BTC
2026-09-09 06:42:00+00:00,79170.25,BTC
2026-09-09 06:43:00+00:00,79172.796875,BTC
2026-09-09 06:44:00+00:00,79173.9296875,BTC
2026-09-09 06:45:00+00:00,79142.7890625,BTC
2026-09-09 06:46:00+00:00,79161.1484375,BTC
2026-09-09 06:47:00+00:00,79138.25,BTC
2026-09-09 06:48:00+00:00,79143.1171875,BTC
2026-09-09 06:49:00+00:00,79120.9921875,BTC
2026-09-09 06:50:00+00:00,79152.0234375,BTC
2026-09-09 06:51:00+00:00,79125.0,BTC
2026-09-09 06:52:00+00:00,79122.34375,BTC
2026-09-09 06:53:00+00:00,79113.34375,BTC
2026-09-09 06:54:00+00:00,79116.78125,BTC
2026-09-09 06:55:00+00:00,79126.7734375,BTC
2026-09-09 06:56:00+00:00,79102.5,BTC
2026-09-09 06:57:00+00:00,79145.4609375,BTC
2026-09-09 06:58:00+00:00,79162.1875,BTC
2026-09-09 06:59:00+00:00,79150.25,BTC
2026-09-09 07:00:00+00:00,79150.25,BTC
2026-09-09 07:01:00+00:00,79160.5390625,BTC
2026-09-09 07:02:00+00:00,79164.1875,BTC
2026-09-09 07:03:00+00:00,79164.203125,BTC
2026-09-09 07:04:00+00:00,79193.1015625,BTC
2026-09-09 07:05:00+00:00,79270.421875,BTC
2026-09-09 07:06:00+00:00,79309.9921875,BTC
2026-09-09 07:07:00+00:00,79305.4765625,BTC
2026-09-09 07:08:00+00:00,79289.296875,BTC
2026-09-09 07:09:00+00:00,79301.71875,BTC
2026-09-09 07:10:00+00:00,79314.5,BTC
2026-09-09 07:11:00+00:00,79298.890625,BTC
2026-09-09 07:12:00+00:00,79307.1796875,BTC
2026-09-09 07:13:00+00:00,79245.78125,BTC
2026-09-09 07:14:00+00:00,79240.7578125,BTC
2026-09-09 07:15:00+00:00,79282.15625,BTC
2026-09-09 07:16:00+00:00,79229.609375,BTC
2026-09-09 07:17:00+00:00,79243.96875,BTC
2026-09-09 07:18:00+00:00,79233.71875,BTC
2026-09-09 07:19:00+00:00,79232.8515625,BTC
2026-09-09 07:20:00+00:00,79277.4375,BTC
2026-09-09 07:21:00+00:00,79277.4375,BTC
2026-09-09 07:22:00+00:00,79281.59375,BTC
2026-09-09 07:23:00+00:00,79281.59375,BTC
2026-09-09 07:24:00+00:00,79285.8984375,BTC
2026-09-09 07:25:00+00:00,79252.640625,BTC
2026-09-09 07:26:00+00:00,79256.09375,BTC
2026-09-09 07:27:00+00:00,79273.421875,BTC
2026-09-09 07:28:00+00:00,79247.6171875,BTC
2026-09-09 07:29:00+00:00,79262.828125,BTC
2026-09-09 07:30:00+00:00,79260.828125,BTC
2026-09-09 07:31:00+00:00,79234.4765625,BTC
2026-09-09 07:32:00+00:00,79235.53125,BTC
2026-09-09 07:33:00+00:00,79219.75,BTC
2026-09-09 07:34:00+00:00,79211.6796875,BTC
2026-09-09 07:35:00+00:00,79209.9609375,BTC
2026-09-09 07:36:00+00:00,79209.96875,BTC
2026-09-09 07:37:00+00:00,79215.296875,BTC
2026-09-09 07:38:00+00:00,79231.8515625,BTC
2026-09-09 07:39:00+00:00,79214.4296875,BTC
2026-09-09 07:40:00+00:00,79219.21875,BTC
2026-09-09 07:41:00+00:00,79222.453125,BTC
2026-09-09 07:42:00+00:00,79218.6171875,BTC
2026-09-09 07:43:00+00:00,79183.9921875,BTC
2026-09-09 07:44:00+00:00,79185.5078125,BTC
2026-09-09 07:45:00+00:00,79189.5078125,BTC
2026-09-09 07:46:00+00:00,79234.1875,BTC
2026-09-09 07:47:00+00:00,79204.3515625,BTC
2026-09-09 07:48:00+00:00,79198.03125,BTC
2026-09-09 07:49:00+00:00,79186.078125,BTC
2026-09-09 07:50:00+00:00,79216.21875,BTC
2026-09-09 07:51:00+00:00,79245.7734375,BTC
2026-09-09 07:52:00+00:00,79239.796875,BTC
2026-09-09 07:53:00+00:00,79247.9296875,BTC
2026-09-09 07:54:00+00:00,79238.4375,BTC
2026-09-09 07:55:00+00:00,79239.59375,BTC
2026-09-09 07:56:00+00:00,79239.296875,BTC
2026-09-09 07:57:00+00:00,79242.421875,BTC
2026-09-09 07:58:00+00:00,79257.7109375,BTC
2026-09-09 07:59:00+00:00,79258.7890625,BTC
2026-09-09 08:00:00+00:00,79272.453125,BTC
2026-09-09 08:01:00+00:00,79315.0,BTC
2026-09-09 08:02:00+00:00,79405.609375,BTC
2026-09-09 08:03:00+00:00,79355.0078125,BTC
2026-09-09 08:04:00+00:00,79415.953125,BTC
2026-09-09 08:05:00+00:00,79409.5390625,BTC
2026-09-09 08:06:00+00:00,79391.25,BTC
2026-09-09 08:07:00+00:00,79385.0,BTC
2026-09-09 08:08:00+00:00,79423.0078125,BTC
2026-09-09 08:09:00+00:00,79458.1171875,BTC
2026-09-09 08:10:00+00:00,79499.9921875,BTC
2026-09-09 08:11:00+00:00,79503.0234375,BTC
2026-09-09 08:12:00+00:00,79493.4296875,BTC
2026-09-09 08:13:00+00:00,79463.4375,BTC
2026-09-09 08:14:00+00:00,79394.609375,BTC
2026-09-09 08:15:00+00:00,79466.4765625,BTC
2026-09-09 08:16:00+00:00,79465.609375,BTC
2026-09-09 08:17:00+00:00,79474.1484375,BTC
2026-09-09 08:18:00+00:00,79474.140625,BTC
2026-09-09 08:19:00+00:00,79488.2109375,BTC
2026-09-09 08:20:00+00:00,79480.8203125,BTC
2026-09-09 08:21:00+00:00,79589.2890625,BTC
2026-09-09 08:22:00+00:00,79573.2578125,BTC
2026-09-09 08:23:00+00:00,79573.3515625,BTC
2026-09-09 08:24:00+00:00,79553.2109375,BTC
2026-09-09 08:25:00+00:00,79572.140625,BTC
2026-09-09 08:26:00+00:00,79603.96875,BTC
2026-09-09 08:27:00+00:00,79608.453125,BTC
2026-09-09 08:28:00+00:00,79665.0,BTC
2026-09-09 08:29:00+00:00,79683.1171875,BTC
2026-09-09 08:30:00+00:00,79635.5078125,BTC
2026-09-09 08:31:00+00:00,79649.140625,BTC
2026-09-09 08:32:00+00:00,79645.9921875,BTC
2026-09-09 08:33:00+00:00,79675.609375,BTC
2026-09-09 08:34:00+00:00,79677.75,BTC
2026-09-09 08:35:00+00:00,79696.453125,BTC
2026-09-09 08:36:00+00:00,79671.0078125,BTC
2026-09-09 08:37:00+00:00,79627.8515625,BTC
2026-09-09 08:38:00+00:00,79637.03125,BTC
2026-09-09 08:39:00+00:00,79610.90625,BTC
2026-09-09 08:40:00+00:00,79668.2734375,BTC
2026-09-09 08:41:00+00:00,79632.09375,BTC
2026-09-09 08:42:00+00:00,79651.140625,BTC
2026-09-09 08:43:00+00:00,79622.0078125,BTC
2026-09-09 08:44:00+00:00,79633.3828125,BTC
2026-09-09 08:45:00+00:00,79633.390625,BTC
2026-09-09 08:46:00+00:00,79659.9921875,BTC
2026-09-09 08:47:00+00:00,79664.7578125,BTC
2026-09-09 08:48:00+00:00,79647.6484375,BTC
2026-09-09 08:49:00+00:00,79611.78125,BTC
2026-09-09 08:50:00+00:00,79605.6796875,BTC
2026-09-09 08:51:00+00:00,79654.6171875,BTC
2026-09-09 08:52:00+00:00,79641.25,BTC
2026-09-09 08:53:00+00:00,79699.3125,BTC
2026-09-09 08:54:00+00:00,79691.96875,BTC
2026-09-09 08:55:00+00:00,79664.0234375,BTC
2026-09-09 08:56:00+00:00,79667.609375,BTC
2026-09-09 08:57:00+00:00,79677.1875,BTC
2026-09-09 08:58:00+00:00,79695.3828125,BTC
2026-09-09 08:59:00+00:00,79695.390625,BTC
2026-09-09 09:00:00+00:00,79645.3671875,BTC
2026-09-09 09:01:00+00:00,79637.3984375,BTC
2026-09-09 09:02:00+00:00,79616.046875,BTC
2026-09-09 09:03:00+00:00,79646.390625,BTC
2026-09-09 09:04:00+00:00,79643.578125,BTC
2026-09-09 09:05:00+00:00,79598.3515625,BTC
2026-09-09 09:06:00+00:00,79598.3828125,BTC
2026-09-09 09:07:00+00:00,79576.46875,BTC
2026-09-09 09:08:00+00:00,79532.34375,BTC
2026-09-09 09:09:00+00:00,79494.796875,BTC
2026-09-09 09:10:00+00:00,79482.921875,BTC
2026-09-09 09:11:00+00:00,79496.5078125,BTC
2026-09-09 09:12:00+00:00,79532.328125,BTC
2026-09-09 09:13:00+00:00,79522.953125,BTC
2026-09-09 09:14:00+00:00,79524.1328125,BTC
2026-09-09 09:15:00+00:00,79497.953125,BTC
2026-09-09 09:16:00+00:00,79517.0234375,BTC
2026-09-09 09:17:00+00:00,79484.578125,BTC
2026-09-09 09:18:00+00:00,79466.890625,BTC
2026-09-09 09:19:00+00:00,79480.90625,BTC
2026-09-09 09:20:00+00:00,79458.421875,BTC
2026-09-09 09:21:00+00:00,79473.4921875,BTC
2026-09-09 09:22:00+00:00,79458.0234375,BTC
2026-09-09 09:23:00+00:00,79457.9921875,BTC
2026-09-09 09:24:00+00:00,79447.359375,BTC
2026-09-09 09:25:00+00:00,79440.0078125,BTC
2026-09-09 09:26:00+00:00,79451.953125,BTC
2026-09-09 09:27:00+00:00,79441.640625,BTC
2026-09-09 09:28:00+00:00,79439.3828125,BTC
2026-09-09 09:29:00+00:00,79408.640625,BTC
2026-09-09 09:30:00+00:00,79392.0078125,BTC
2026-09-09 09:31:00+00:00,79403.859375,BTC
2026-09-09 09:32:00+00:00,79390.671875,BTC
2026-09-09 09:33:00+00:00,79387.2890625,BTC
2026-09-09 09:34:00+00:00,79389.6015625,BTC
2026-09-09 09:35:00+00:00,79344.03125,BTC
2026-09-09 09:36:00+00:00,79353.7734375,BTC
2026-09-09 09:37:00+00:00,79330.2109375,BTC
2026-09-09 09:38:00+00:00,79322.75,BTC
2026-09-09 09:39:00+00:00,79307.890625,BTC
2026-09-09 09:40:00+00:00,79257.7109375,BTC
2026-09-09 09:41:00+00:00,79107.4609375,BTC
2026-09-09 09:42:00+00:00,79118.8828125,BTC
2026-09-09 09:43:00+00:00,79149.6875,BTC
2026-09-09 09:44:00+00:00,79068.1171875,BTC
2026-09-09 09:45:00+00:00,79093.8984375,BTC
2026-09-09 09:46:00+00:00,79024.2578125,BTC
2026-09-09 09:47:00+00:00,79040.671875,BTC
2026-09-09 09:48:00+00:00,78995.7578125,BTC
2026-09-09 09:49:00+00:00,79006.71875,BTC
2026-09-09 09:50:00+00:00,79003.8984375,BTC
2026-09-09 09:51:00+00:00,79027.5234375,BTC
2026-09-09 09:52:00+00:00,79003.078125,BTC
2026-09-09 09:53:00+00:00,79003.28125,BTC
2026-09-09 09:54:00+00:00,78950.046875,BTC
2026-09-09 09:55:00+00:00,78898.2421875,BTC
2026-09-09 09:56:00+00:00,78928.40625,BTC
2026-09-09 09:57:00+00:00,78923.671875,BTC
2026-09-09 09:58:00+00:00,78947.2734375,BTC
2026-09-09 09:59:00+00:00,78940.0,BTC
2026-09-09 10:00:00+00:00,78995.046875,BTC
2026-09-09 10:01:00+00:00,78997.078125,BTC
2026-09-09 10:02:00+00:00,79019.5078125,BTC
2026-09-09 10:03:00+00:00,79022.3828125,BTC
2026-09-09 10:04:00+00:00,79022.390625,BTC
2026-09-09 10:05:00+00:00,78995.0390625,BTC
2026-09-09 10:06:00+00:00,79026.3203125,BTC
2026-09-09 10:07:00+00:00,78991.5,BTC
2026-09-09 10:08:00+00:00,78945.328125,BTC
2026-09-09 10:09:00+00:00,78949.4375,BTC
2026-09-09 10:10:00+00:00,79002.4296875,BTC
2026-09-09 10:11:00+00:00,79000.890625,BTC
2026-09-09 10:12:00+00:00,78980.0,BTC
2026-09-09 10:13:00+00:00,78998.0078125,BTC
2026-09-09 10:14:00+00:00,78999.5,BTC
2026-09-09 10:15:00+00:00,78936.8125,BTC
2026-09-09 10:16:00+00:00,78941.0703125,BTC
2026-09-09 10:17:00+00:00,78989.8203125,BTC
2026-09-09 10:18:00+00:00,79002.5703125,BTC
2026-09-09 10:19:00+00:00,79042.7890625,BTC
2026-09-09 10:20:00+00:00,79102.4921875,BTC
2026-09-09 10:21:00+00:00,79113.9921875,BTC
2026-09-09 10:22:00+00:00,79066.6796875,BTC
2026-09-09 10:23:00+00:00,79063.4765625,BTC
2026-09-09 10:24:00+00:00,79067.9765625,BTC
2026-09-09 10:25:00+00:00,79059.0625,BTC
2026-09-09 10:26:00+00:00,79082.0234375,BTC
2026-09-09 10:27:00+00:00,79076.1328125,BTC
2026-09-09 10:28:00+00:00,79097.9765625,BTC
2026-09-09 10:29:00+00:00,79070.0078125,BTC
2026-09-09 10:30:00+00:00,79092.0625,BTC
2026-09-09 10:31:00+00:00,79108.96875,BTC
2026-09-09 10:32:00+00:00,79102.328125,BTC
2026-09-09 10:33:00+00:00,79094.8125,BTC
2026-09-09 10:34:00+00:00,79137.5,BTC
2026-09-09 10:35:00+00:00,79112.8671875,BTC
2026-09-09 10:36:00+00:00,79058.25,BTC
2026-09-09 10:37:00+00:00,79122.5234375,BTC
2026-09-09 10:38:00+00:00,79162.1796875,BTC
2026-09-09 10:39:00+00:00,79120.1875,BTC
2026-09-09 10:40:00+00:00,79100.21875,BTC
2026-09-09 10:41:00+00:00,79049.0078125,BTC
2026-09-09 10:42:00+00:00,79075.7578125,BTC
2026-09-09 10:43:00+00:00,79069.5234375,BTC
2026-09-09 10:44:00+00:00,79060.359375,BTC
2026-09-09 10:45:00+00:00,79000.75,BTC
2026-09-09 10:46:00+00:00,79031.0078125,BTC
2026-09-09 10:47:00+00:00,79018.3515625,BTC
2026-09-09 10:48:00+00:00,79028.109375,BTC
2026-09-09 10:49:00+00:00,79026.7109375,BTC
2026-09-09 10:50:00+00:00,78986.9375,BTC
2026-09-09 10:51:00+00:00,78967.8515625,BTC
2026-09-09 10:52:00+00:00,78917.3984375,BTC
2026-09-09 10:53:00+00:00,78884.390625,BTC
2026-09-09 10:54:00+00:00,78859.703125,BTC
2026-09-09 10:55:00+00:00,78879.9296875,BTC
2026-09-09 10:56:00+00:00,78931.046875,BTC
2026-09-09 10:57:00+00:00,78910.2890625,BTC
2026-09-09 10:58:00+00:00,78897.0078125,BTC
2026-09-09 10:59:00+00:00,78901.7578125,BTC
2026-09-09 11:00:00+00:00,78891.9765625,BTC
2026-09-09 11:01:00+00:00,78830.2109375,BTC
2026-09-09 11:02:00+00:00,78768.1796875,BTC
2026-09-09 11:03:00+00:00,78765.9921875,BTC
2026-09-09 11:04:00+00:00,78778.5625,BTC
2026-09-09 11:05:00+00:00,78757.4921875,BTC
2026-09-09 11:06:00+00:00,78756.671875,BTC
2026-09-09 11:07:00+00:00,78790.2890625,BTC
2026-09-09 11:08:00+00:00,78816.8515625,BTC
2026-09-09 11:09:00+00:00,78837.96875,BTC
2026-09-09 11:10:00+00:00,78828.3671875,BTC
2026-09-09 11:11:00+00:00,78865.7734375,BTC
2026-09-09 11:12:00+00:00,78848.71875,BTC
2026-09-09 11:13:00+00:00,78863.703125,BTC
2026-09-09 11:14:00+00:00,78847.8125,BTC
2026-09-09 11:15:00+00:00,78828.0078125,BTC
2026-09-09 11:16:00+00:00,78804.25,BTC
2026-09-09 11:17:00+00:00,78798.890625,BTC
2026-09-09 11:18:00+00:00,78807.28125,BTC
2026-09-09 11:19:00+00:00,78800.640625,BTC
2026-09-09 11:20:00+00:00,78799.9609375,BTC
2026-09-09 11:21:00+00:00,78800.5625,BTC
2026-09-09 11:22:00+00:00,78790.671875,BTC
2026-09-09 11:23:00+00:00,78855.7109375,BTC
2026-09-09 11:24:00+00:00,78908.9765625,BTC
2026-09-09 11:25:00+00:00,78901.5,BTC
2026-09-09 11:26:00+00:00,78908.390625,BTC
2026-09-09 11:27:00+00:00,78950.859375,BTC
2026-09-09 11:28:00+00:00,78962.6328125,BTC
2026-09-09 11:29:00+00:00,78970.90625,BTC
2026-09-09 11:30:00+00:00,78996.3203125,BTC
2026-09-09 11:31:00+00:00,78952.578125,BTC
2026-09-09 11:32:00+00:00,78985.046875,BTC
2026-09-09 11:33:00+00:00,79057.5703125,BTC
2026-09-09 11:34:00+00:00,79053.0234375,BTC
2026-09-09 11:35:00+00:00,79028.2890625,BTC
2026-09-09 11:36:00+00:00,79040.59375,BTC
2026-09-09 11:37:00+00:00,79020.46875,BTC
2026-09-09 11:38:00+00:00,79018.4921875,BTC
2026-09-09 11:39:00+00:00,79028.453125,BTC
2026-09-09 11:40:00+00:00,79016.6015625,BTC
2026-09-09 11:41:00+00:00,78983.1015625,BTC
2026-09-09 11:42:00+00:00,78987.3203125,BTC
2026-09-09 11:43:00+00:00,79033.578125,BTC
2026-09-09 11:44:00+00:00,78999.140625,BTC
2026-09-09 11:45:00+00:00,79059.796875,BTC
2026-09-09 11:46:00+00:00,79060.1328125,BTC
2026-09-09 11:47:00+00:00,79058.84375,BTC
2026-09-09 11:48:00+00:00,79082.171875,BTC
2026-09-09 11:49:00+00:00,79134.0234375,BTC
2026-09-09 11:50:00+00:00,79245.1875,BTC
2026-09-09 11:51:00+00:00,79315.5234375,BTC
2026-09-09 11:52:00+00:00,79299.9375,BTC
2026-09-09 11:53:00+00:00,79322.96875,BTC
2026-09-09 11:54:00+00:00,79280.4296875,BTC
2026-09-09 11:55:00+00:00,79263.53125,BTC
2026-09-09 11:56:00+00:00,79280.640625,BTC
2026-09-09 11:57:00+00:00,79282.8515625,BTC
2026-09-09 11:58:00+00:00,79328.9921875,BTC
2026-09-09 11:59:00+00:00,79294.2578125,BTC
2026-09-09 12:00:00+00:00,79367.421875,BTC
2026-09-09 12:01:00+00:00,79338.953125,BTC
2026-09-09 12:02:00+00:00,79337.3671875,BTC
2026-09-09 12:03:00+00:00,79306.4921875,BTC
2026-09-09 12:04:00+00:00,79294.609375,BTC
2026-09-09 12:05:00+00:00,79299.0625,BTC
2026-09-09 12:06:00+00:00,79345.0078125,BTC
2026-09-09 12:07:00+00:00,79382.828125,BTC
2026-09-09 12:08:00+00:00,79430.078125,BTC
2026-09-09 12:09:00+00:00,79399.6796875,BTC
2026-09-09 12:10:00+00:00,79413.7578125,BTC
2026-09-09 12:11:00+00:00,79386.359375,BTC
2026-09-09 12:12:00+00:00,79365.0078125,BTC
2026-09-09 12:13:00+00:00,79360.0,BTC
2026-09-09 12:14:00+00:00,79368.0,BTC
2026-09-09 12:15:00+00:00,79389.9921875,BTC
2026-09-09 12:16:00+00:00,79399.6796875,BTC
2026-09-09 12:17:00+00:00,79394.9765625,BTC
2026-09-09 12:18:00+00:00,79339.8984375,BTC
2026-09-09 12:19:00+00:00,79339.7421875,BTC
2026-09-09 12:20:00+00:00,79374.8515625,BTC
2026-09-09 12:21:00+00:00,79373.9921875,BTC
2026-09-09 12:22:00+00:00,79409.59375,BTC
2026-09-09 12:23:00+00:00,79396.1875,BTC
2026-09-09 12:24:00+00:00,79366.421875,BTC
2026-09-09 12:25:00+00:00,79363.2734375,BTC
2026-09-09 12:26:00+00:00,79385.1796875,BTC
2026-09-09 12:27:00+00:00,79360.3203125,BTC
2026-09-09 12:28:00+00:00,79344.421875,BTC
2026-09-09 12:29:00+00:00,79384.9921875,BTC
2026-09-09 12:30:00+00:00,79412.3984375,BTC
2026-09-09 12:31:00+00:00,79451.203125,BTC
2026-09-09 12:32:00+00:00,79479.0234375,BTC
2026-09-09 12:33:00+00:00,79479.0390625,BTC
2026-09-09 12:34:00+00:00,79494.9921875,BTC
2026-09-09 12:35:00+00:00,79548.4609375,BTC
2026-09-09 12:36:00+00:00,79500.2109375,BTC
2026-09-09 12:37:00+00:00,79451.90625,BTC
2026-09-09 12:38:00+00:00,79480.0078125,BTC
2026-09-09 12:39:00+00:00,79503.0078125,BTC
2026-09-09 12:40:00+00:00,79483.0234375,BTC
2026-09-09 12:41:00+00:00,79557.4609375,BTC
2026-09-09 12:42:00+00:00,79538.078125,BTC
2026-09-09 12:43:00+00:00,79521.28125,BTC
2026-09-09 12:44:00+00:00,79489.1171875,BTC
2026-09-09 12:45:00+00:00,79528.6328125,BTC
2026-09-09 12:46:00+00:00,79570.7421875,BTC
2026-09-09 12:47:00+00:00,79568.390625,BTC
2026-09-09 12:48:00+00:00,79539.9609375,BTC
2026-09-09 12:49:00+00:00,79601.9765625,BTC
2026-09-09 12:50:00+00:00,79617.0234375,BTC
2026-09-09 12:51:00+00:00,79575.96875,BTC
2026-09-09 12:52:00+00:00,79606.3515625,BTC
2026-09-09 12:53:00+00:00,79625.6328125,BTC
2026-09-09 12:54:00+00:00,79588.15625,BTC
2026-09-09 12:55:00+00:00,79574.9921875,BTC
2026-09-09 12:56:00+00:00,79597.921875,BTC
2026-09-09 12:57:00+00:00,79608.7109375,BTC
2026-09-09 12:58:00+00:00,79584.609375,BTC
2026-09-09 12:59:00+00:00,79579.9921875,BTC
2026-09-09 13:00:00+00:00,79513.0,BTC
2026-09-09 13:01:00+00:00,79515.5703125,BTC
2026-09-09 13:02:00+00:00,79535.9921875,BTC
2026-09-09 13:03:00+00:00,79506.1796875,BTC
2026-09-09 13:04:00+00:00,79610.46875,BTC
2026-09-09 13:05:00+00:00,79560.4921875,BTC
2026-09-09 13:06:00+00:00,79561.8828125,BTC
2026-09-09 13:07:00+00:00,79520.4609375,BTC
2026-09-09 13:08:00+00:00,79569.0703125,BTC
2026-09-09 13:09:00+00:00,79527.0078125,BTC
2026-09-09 13:10:00+00:00,79495.546875,BTC
2026-09-09 13:11:00+00:00,79480.0078125,BTC
2026-09-09 13:12:00+00:00,79487.953125,BTC
2026-09-09 13:13:00+00:00,79500.2421875,BTC
2026-09-09 13:14:00+00:00,79494.8125,BTC
2026-09-09 13:15:00+00:00,79451.2578125,BTC
2026-09-09 13:16:00+00:00,79458.9609375,BTC
2026-09-09 13:17:00+00:00,79469.2578125,BTC
2026-09-09 13:18:00+00:00,79469.3203125,BTC
2026-09-09 13:19:00+00:00,79495.421875,BTC
2026-09-09 13:20:00+00:00,79555.5234375,BTC
2026-09-09 13:21:00+00:00,79571.03125,BTC
2026-09-09 13:22:00+00:00,79533.0078125,BTC
2026-09-09 13:23:00+00:00,79529.6796875,BTC
2026-09-09 13:24:00+00:00,79532.2734375,BTC
2026-09-09 13:25:00+00:00,79549.3125,BTC
2026-09-09 13:26:00+00:00,79551.78125,BTC
2026-09-09 13:27:00+00:00,79582.8984375,BTC
2026-09-09 13:28:00+00:00,79604.546875,BTC
2026-09-09 13:29:00+00:00,79598.75,BTC
2026-09-09 13:30:00+00:00,79568.3203125,BTC
2026-09-09 13:31:00+00:00,79514.0,BTC
2026-09-09 13:32:00+00:00,79590.5234375,BTC
2026-09-09 13:33:00+00:00,79617.90625,BTC
2026-09-09 13:34:00+00:00,79661.7734375,BTC
2026-09-09 13:35:00+00:00,79449.3203125,BTC
2026-09-09 13:36:00+00:00,79389.203125,BTC
2026-09-09 13:37:00+00:00,79312.0,BTC
2026-09-09 13:38:00+00:00,79280.640625,BTC
2026-09-09 13:39:00+00:00,79328.9609375,BTC
2026-09-09 13:40:00+00:00,79402.9609375,BTC
2026-09-09 13:41:00+00:00,79328.5078125,BTC
2026-09-09 13:42:00+00:00,79180.7734375,BTC
2026-09-09 13:43:00+00:00,79111.9765625,BTC
2026-09-09 13:44:00+00:00,79221.703125,BTC
2026-09-09 13:45:00+00:00,79214.453125,BTC
2026-09-09 13:46:00+00:00,79320.3125,BTC
2026-09-09 13:47:00+00:00,79300.71875,BTC
2026-09-09 13:48:00+00:00,79347.96875,BTC
2026-09-09 13:49:00+00:00,79284.9765625,BTC
2026-09-09 13:50:00+00:00,79319.2578125,BTC
2026-09-09 13:51:00+00:00,79303.84375,BTC
2026-09-09 13:52:00+00:00,79334.90625,BTC
2026-09-09 13:53:00+00:00,79264.203125,BTC
2026-09-09 13:54:00+00:00,79157.3828125,BTC
2026-09-09 13:55:00+00:00,79187.03125,BTC
2026-09-09 13:56:00+00:00,79198.5625,BTC
2026-09-09 13:57:00+00:00,79231.9765625,BTC
2026-09-09 13:58:00+00:00,79187.171875,BTC
2026-09-09 13:59:00+00:00,79117.6484375,BTC
2026-09-09 14:00:00+00:00,79069.5078125,BTC
2026-09-09 14:01:00+00:00,78908.84375,BTC
2026-09-09 14:02:00+00:00,78931.7265625,BTC
2026-09-09 14:03:00+00:00,78914.9921875,BTC
2026-09-09 14:04:00+00:00,79041.28125,BTC
2026-09-09 14:05:00+00:00,79127.9921875,BTC
2026-09-09 14:06:00+00:00,79011.109375,BTC
2026-09-09 14:07:00+00:00,78992.953125,BTC
2026-09-09 14:08:00+00:00,79022.71875,BTC
2026-09-09 14:09:00+00:00,78971.421875,BTC
2026-09-09 14:10:00+00:00,78943.359375,BTC
2026-09-09 14:11:00+00:00,78888.96875,BTC
2026-09-09 14:12:00+00:00,78926.2734375,BTC
2026-09-09 14:13:00+00:00,79035.21875,BTC
2026-09-09 14:14:00+00:00,79059.9921875,BTC
2026-09-09 14:15:00+00:00,79052.453125,BTC
2026-09-09 14:16:00+00:00,78983.0703125,BTC
2026-09-09 14:17:00+00:00,79016.6875,BTC
2026-09-09 14:18:00+00:00,78979.7265625,BTC
2026-09-09 14:19:00+00:00,78943.3515625,BTC
2026-09-09 14:20:00+00:00,78889.34375,BTC
2026-09-09 14:21:00+00:00,78974.546875,BTC
2026-09-09 14:22:00+00:00,78940.03125,BTC
2026-09-09 14:23:00+00:00,78898.609375,BTC
2026-09-09 14:24:00+00:00,78933.3828125,BTC
2026-09-09 14:25:00+00:00,78999.96875,BTC
2026-09-09 14:26:00+00:00,79099.1875,BTC
2026-09-09 14:27:00+00:00,79124.796875,BTC
2026-09-09 14:28:00+00:00,79220.3125,BTC
2026-09-09 14:29:00+00:00,79223.0625,BTC
2026-09-09 14:30:00+00:00,79221.1171875,BTC
2026-09-09 14:31:00+00:00,79238.078125,BTC
2026-09-09 14:32:00+00:00,79240.96875,BTC
2026-09-09 14:33:00+00:00,79306.703125,BTC
2026-09-09 14:34:00+00:00,79280.2734375,BTC
2026-09-09 14:35:00+00:00,79359.9921875,BTC
2026-09-09 14:36:00+00:00,79280.640625,BTC
2026-09-09 14:37:00+00:00,79223.609375,BTC
2026-09-09 14:38:00+00:00,79230.0078125,BTC
2026-09-09 14:39:00+00:00,79276.7578125,BTC
2026-09-09 14:40:00+00:00,79244.7265625,BTC
2026-09-09 14:41:00+00:00,79136.7734375,BTC
2026-09-09 14:42:00+00:00,79125.0,BTC
2026-09-09 14:43:00+00:00,79079.5390625,BTC
2026-09-09 14:44:00+00:00,78972.34375,BTC
2026-09-09 14:45:00+00:00,79017.21875,BTC
2026-09-09 14:46:00+00:00,79079.359375,BTC
2026-09-09 14:47:00+00:00,79012.796875,BTC
2026-09-09 14:48:00+00:00,79000.8984375,BTC
2026-09-09 14:49:00+00:00,79116.34375,BTC
2026-09-09 14:50:00+00:00,79065.65625,BTC
2026-09-09 14:51:00+00:00,79031.71875,BTC
2026-09-09 14:52:00+00:00,78935.453125,BTC
2026-09-09 14:53:00+00:00,78946.6796875,BTC
2026-09-09 14:54:00+00:00,78893.390625,BTC
2026-09-09 14:55:00+00:00,78908.828125,BTC
2026-09-09 14:56:00+00:00,78882.5234375,BTC
2026-09-09 14:57:00+00:00,78899.78125,BTC
2026-09-09 14:58:00+00:00,78914.0,BTC
2026-09-09 14:59:00+00:00,78941.828125,BTC
2026-09-09 15:00:00+00:00,79404.4609375,BTC
2026-09-09 15:01:00+00:00,78749.84375,BTC
2026-09-09 15:02:00+00:00,78726.2734375,BTC
2026-09-09 15:03:00+00:00,78813.859375,BTC
2026-09-09 15:04:00+00:00,78793.46875,BTC
2026-09-09 15:05:00+00:00,78705.5234375,BTC
2026-09-09 15:06:00+00:00,78658.0625,BTC
2026-09-09 15:07:00+00:00,78560.796875,BTC
2026-09-09 15:08:00+00:00,78630.75,BTC
2026-09-09 15:09:00+00:00,78595.5625,BTC
2026-09-09 15:10:00+00:00,78506.8828125,BTC
2026-09-09 15:11:00+00:00,78295.03125,BTC
2026-09-09 15:12:00+00:00,78339.1796875,BTC
2026-09-09 15:13:00+00:00,78440.4609375,BTC
2026-09-09 15:14:00+00:00,78470.2578125,BTC
2026-09-09 15:15:00+00:00,78594.1171875,BTC
2026-09-09 15:16:00+00:00,78583.9609375,BTC
2026-09-09 15:17:00+00:00,78592.203125,BTC
2026-09-09 15:18:00+00:00,78520.953125,BTC
2026-09-09 15:19:00+00:00,78509.953125,BTC
2026-09-09 15:20:00+00:00,78477.1328125,BTC
2026-09-09 15:21:00+00:00,78286.3203125,BTC
2026-09-09 15:22:00+00:00,78114.0625,BTC
2026-09-09 15:23:00+00:00,78106.6796875,BTC
2026-09-09 15:24:00+00:00,78047.578125,BTC
2026-09-09 15:25:00+00:00,78130.640625,BTC
2026-09-09 15:26:00+00:00,78222.0078125,BTC
2026-09-09 15:27:00+00:00,78230.5625,BTC
2026-09-09 15:28:00+00:00,78351.3984375,BTC
2026-09-09 15:29:00+00:00,78351.046875,BTC
2026-09-09 15:30:00+00:00,78417.59375,BTC
2026-09-09 15:31:00+00:00,78380.09375,BTC
2026-09-09 15:32:00+00:00,78427.5234375,BTC
2026-09-09 15:33:00+00:00,78454.96875,BTC
2026-09-09 15:34:00+00:00,78568.71875,BTC
2026-09-09 15:35:00+00:00,78573.859375,BTC
2026-09-09 15:36:00+00:00,78662.9765625,BTC
2026-09-09 15:37:00+00:00,78633.96875,BTC
2026-09-09 15:38:00+00:00,78577.2421875,BTC
2026-09-09 15:39:00+00:00,78675.421875,BTC
2026-09-09 15:40:00+00:00,78628.0,BTC
2026-09-09 15:41:00+00:00,78640.578125,BTC
2026-09-09 15:42:00+00:00,78603.7421875,BTC
2026-09-09 15:43:00+00:00,78660.2109375,BTC
2026-09-09 15:44:00+00:00,78627.78125,BTC
2026-09-09 15:45:00+00:00,78576.328125,BTC
2026-09-09 15:46:00+00:00,78635.8515625,BTC
2026-09-09 15:47:00+00:00,78575.03125,BTC
2026-09-09 15:48:00+00:00,78537.546875,BTC
2026-09-09 15:49:00+00:00,78587.8515625,BTC
2026-09-09 15:50:00+00:00,78578.03125,BTC
2026-09-09 15:51:00+00:00,78558.078125,BTC
2026-09-09 15:52:00+00:00,78576.140625,BTC
2026-09-09 15:53:00+00:00,78587.75,BTC
2026-09-09 15:54:00+00:00,78655.6796875,BTC
2026-09-09 15:55:00+00:00,78586.2421875,BTC
2026-09-09 15:56:00+00:00,78591.4296875,BTC
2026-09-09 15:57:00+00:00,78623.609375,BTC
2026-09-09 15:58:00+00:00,78600.390625,BTC
2026-09-09 15:59:00+00:00,78576.40625,BTC
2026-09-09 16:00:00+00:00,78579.578125,BTC
2026-09-09 16:01:00+00:00,78609.203125,BTC
2026-09-09 16:02:00+00:00,78667.65625,BTC
2026-09-09 16:03:00+00:00,78716.6328125,BTC
2026-09-09 16:04:00+00:00,78729.2109375,BTC
2026-09-09 16:05:00+00:00,78754.8671875,BTC
2026-09-09 16:06:00+00:00,78694.671875,BTC
2026-09-09 16:07:00+00:00,78660.8515625,BTC
2026-09-09 16:08:00+00:00,78541.421875,BTC
2026-09-09 16:09:00+00:00,78483.640625,BTC
2026-09-09 16:10:00+00:00,78518.7421875,BTC
2026-09-09 16:11:00+00:00,78512.3828125,BTC
2026-09-09 16:12:00+00:00,78585.0,BTC
2026-09-09 16:13:00+00:00,78587.2265625,BTC
2026-09-09 16:14:00+00:00,78645.7265625,BTC
2026-09-09 16:15:00+00:00,78536.9375,BTC
2026-09-09 16:16:00+00:00,78519.171875,BTC
2026-09-09 16:17:00+00:00,78490.90625,BTC
2026-09-09 16:18:00+00:00,78504.578125,BTC
2026-09-09 16:19:00+00:00,78535.9921875,BTC
2026-09-09 16:20:00+00:00,78578.90625,BTC
2026-09-09 16:21:00+00:00,78606.078125,BTC
2026-09-09 16:22:00+00:00,78471.109375,BTC
2026-09-09 16:23:00+00:00,78457.9296875,BTC
2026-09-09 16:24:00+00:00,78485.3984375,BTC
2026-09-09 16:25:00+00:00,78537.84375,BTC
2026-09-09 16:26:00+00:00,78554.921875,BTC
2026-09-09 16:27:00+00:00,78603.1015625,BTC
2026-09-09 16:28:00+00:00,78578.6484375,BTC
2026-09-09 16:29:00+00:00,78607.59375,BTC
2026-09-09 16:30:00+00:00,78691.453125,BTC
2026-09-09 16:31:00+00:00,78744.0,BTC
2026-09-09 16:32:00+00:00,78744.953125,BTC
2026-09-09 16:33:00+00:00,78766.5234375,BTC
2026-09-09 16:34:00+00:00,78855.59375,BTC
2026-09-09 16:35:00+00:00,78833.1484375,BTC
2026-09-09 16:36:00+00:00,78837.2109375,BTC
2026-09-09 16:37:00+00:00,78778.1796875,BTC
2026-09-09 16:38:00+00:00,78774.046875,BTC
2026-09-09 16:39:00+00:00,78795.3203125,BTC
2026-09-09 16:40:00+00:00,78758.546875,BTC
2026-09-09 16:41:00+00:00,78770.3828125,BTC
2026-09-09 16:42:00+00:00,78739.5703125,BTC
2026-09-09 16:43:00+00:00,78752.1015625,BTC
2026-09-09 16:44:00+00:00,78791.7734375,BTC
2026-09-09 16:45:00+00:00,78767.3671875,BTC
2026-09-09 16:46:00+00:00,78770.953125,BTC
2026-09-09 16:47:00+00:00,78774.6015625,BTC
2026-09-09 16:48:00+00:00,78763.0,BTC
2026-09-09 16:49:00+00:00,78729.578125,BTC
2026-09-09 16:50:00+00:00,78746.6328125,BTC
2026-09-09 16:51:00+00:00,78743.4765625,BTC
2026-09-09 16:52:00+00:00,78744.9609375,BTC
2026-09-09 16:53:00+00:00,78733.5,BTC
2026-09-09 16:54:00+00:00,78717.0,BTC
2026-09-09 16:55:00+00:00,78719.6171875,BTC
2026-09-09 16:56:00+00:00,78740.7421875,BTC
2026-09-09 16:57:00+00:00,78752.15625,BTC
2026-09-09 16:58:00+00:00,78784.640625,BTC
2026-09-09 16:59:00+00:00,78783.1796875,BTC
2026-09-09 17:00:00+00:00,78767.609375,BTC
2026-09-09 17:01:00+00:00,78712.09375,BTC
2026-09-09 17:02:00+00:00,78794.7265625,BTC
2026-09-09 17:03:00+00:00,78728.671875,BTC
2026-09-09 17:04:00+00:00,78708.0,BTC
2026-09-09 17:05:00+00:00,78767.2890625,BTC
2026-09-09 17:06:00+00:00,78787.640625,BTC
2026-09-09 17:07:00+00:00,78727.578125,BTC
2026-09-09 17:08:00+00:00,78766.46875,BTC
2026-09-09 17:09:00+00:00,78775.1796875,BTC
2026-09-09 17:10:00+00:00,78783.203125,BTC
2026-09-09 17:11:00+00:00,78839.7578125,BTC
2026-09-09 17:12:00+00:00,78855.0078125,BTC
2026-09-09 17:13:00+00:00,78862.7109375,BTC
2026-09-09 17:14:00+00:00,78846.578125,BTC
2026-09-09 17:15:00+00:00,78863.9921875,BTC
2026-09-09 17:16:00+00:00,78832.953125,BTC
2026-09-09 17:17:00+00:00,78805.0,BTC
2026-09-09 17:18:00+00:00,78837.8125,BTC
2026-09-09 17:19:00+00:00,78805.90625,BTC
2026-09-09 17:20:00+00:00,78797.546875,BTC
2026-09-09 17:21:00+00:00,78785.0234375,BTC
2026-09-09 17:22:00+00:00,78775.0390625,BTC
2026-09-09 17:23:00+00:00,78788.7734375,BTC
2026-09-09 17:24:00+00:00,78834.2265625,BTC
2026-09-09 17:25:00+00:00,78882.34375,BTC
2026-09-09 17:26:00+00:00,78873.8828125,BTC
2026-09-09 17:27:00+00:00,78833.0078125,BTC
2026-09-09 17:28:00+00:00,78864.9921875,BTC
2026-09-09 17:29:00+00:00,78839.6171875,BTC
2026-09-09 17:30:00+00:00,78824.0078125,BTC
2026-09-09 17:31:00+00:00,78762.53125,BTC
2026-09-09 17:32:00+00:00,78755.640625,BTC
2026-09-09 17:33:00+00:00,78781.5390625,BTC
2026-09-09 17:34:00+00:00,78790.78125,BTC
2026-09-09 17:35:00+00:00,78794.546875,BTC
2026-09-09 17:36:00+00:00,78807.8515625,BTC
2026-09-09 17:37:00+00:00,78786.5625,BTC
2026-09-09 17:38:00+00:00,78739.0703125,BTC
2026-09-09 17:39:00+00:00,78715.296875,BTC
2026-09-09 17:40:00+00:00,78715.296875,BTC
2026-09-09 17:41:00+00:00,78679.15625,BTC
2026-09-09 17:42:00+00:00,78695.3515625,BTC
2026-09-09 17:43:00+00:00,78692.1484375,BTC
2026-09-09 17:44:00+00:00,78685.8828125,BTC
2026-09-09 17:45:00+00:00,78696.9609375,BTC
2026-09-09 17:46:00+00:00,78696.1875,BTC
2026-09-09 17:47:00+00:00,78724.28125,BTC
2026-09-09 17:48:00+00:00,78716.1875,BTC
2026-09-09 17:49:00+00:00,78749.7421875,BTC
2026-09-09 17:50:00+00:00,78728.296875,BTC
2026-09-09 17:51:00+00:00,78708.0625,BTC
2026-09-09 17:52:00+00:00,78726.9296875,BTC
2026-09-09 17:53:00+00:00,78748.4375,BTC
2026-09-09 17:54:00+00:00,78786.2734375,BTC
2026-09-09 17:55:00+00:00,78776.0390625,BTC
2026-09-09 17:56:00+00:00,78773.703125,BTC
2026-09-09 17:57:00+00:00,78796.390625,BTC
2026-09-09 17:58:00+00:00,78799.390625,BTC
2026-09-09 17:59:00+00:00,78754.8828125,BTC
2026-09-09 18:00:00+00:00,78743.8671875,BTC
2026-09-09 18:01:00+00:00,78768.1484375,BTC
2026-09-09 18:02:00+00:00,78750.2421875,BTC
2026-09-09 18:03:00+00:00,78731.1796875,BTC
2026-09-09 18:04:00+00:00,78720.078125,BTC
2026-09-09 18:05:00+00:00,78744.5078125,BTC
2026-09-09 18:06:00+00:00,78694.9921875,BTC
2026-09-09 18:07:00+00:00,78660.2109375,BTC
2026-09-09 18:08:00+00:00,78642.7265625,BTC
2026-09-09 18:09:00+00:00,78665.7890625,BTC
2026-09-09 18:10:00+00:00,78662.0625,BTC
2026-09-09 18:11:00+00:00,78624.6484375,BTC
2026-09-09 18:12:00+00:00,78614.8125,BTC
2026-09-09 18:13:00+00:00,78592.390625,BTC
2026-09-09 18:14:00+00:00,78587.7109375,BTC
2026-09-09 18:15:00+00:00,78587.8671875,BTC
2026-09-09 18:16:00+00:00,78600.1171875,BTC
2026-09-09 18:17:00+00:00,78615.9921875,BTC
2026-09-09 18:18:00+00:00,78606.4296875,BTC
2026-09-09 18:19:00+00:00,78555.4765625,BTC
2026-09-09 18:20:00+00:00,78576.3515625,BTC
2026-09-09 18:21:00+00:00,78627.8515625,BTC
2026-09-09 18:22:00+00:00,78589.8125,BTC
2026-09-09 18:23:00+00:00,78550.0,BTC
2026-09-09 18:24:00+00:00,78590.59375,BTC
2026-09-09 18:25:00+00:00,78585.9765625,BTC
2026-09-09 18:26:00+00:00,78577.0703125,BTC
2026-09-09 18:27:00+00:00,78599.9921875,BTC
2026-09-09 18:28:00+00:00,78600.671875,BTC
2026-09-09 18:29:00+00:00,78608.2890625,BTC
2026-09-09 18:30:00+00:00,78593.953125,BTC
2026-09-09 18:31:00+00:00,78595.546875,BTC
2026-09-09 18:32:00+00:00,78584.3828125,BTC
2026-09-09 18:33:00+00:00,78619.4609375,BTC
2026-09-09 18:34:00+00:00,78566.3984375,BTC
2026-09-09 18:35:00+00:00,78534.28125,BTC
2026-09-09 18:36:00+00:00,78541.6015625,BTC
2026-09-09 18:37:00+00:00,78528.8984375,BTC
2026-09-09 18:38:00+00:00,78556.46875,BTC
2026-09-09 18:39:00+00:00,78533.9921875,BTC
2026-09-09 18:40:00+00:00,78537.3515625,BTC
2026-09-09 18:41:00+00:00,78515.28125,BTC
2026-09-09 18:42:00+00:00,78488.4296875,BTC
2026-09-09 18:43:00+00:00,78522.2890625,BTC
2026-09-09 18:44:00+00:00,78521.921875,BTC
2026-09-09 18:45:00+00:00,78485.0078125,BTC
2026-09-09 18:46:00+00:00,78516.7890625,BTC
2026-09-09 18:47:00+00:00,78514.9921875,BTC
2026-09-09 18:48:00+00:00,78510.71875,BTC
2026-09-09 18:49:00+00:00,78520.9609375,BTC
2026-09-09 18:50:00+00:00,78523.8515625,BTC
2026-09-09 18:51:00+00:00,78487.0390625,BTC
2026-09-09 18:52:00+00:00,78471.8828125,BTC
2026-09-09 18:53:00+00:00,78463.0703125,BTC
2026-09-09 18:54:00+00:00,78411.4765625,BTC
2026-09-09 18:55:00+00:00,78475.03125,BTC
2026-09-09 18:56:00+00:00,78442.2578125,BTC
2026-09-09 18:57:00+00:00,78445.0,BTC
2026-09-09 18:58:00+00:00,78454.5234375,BTC
2026-09-09 18:59:00+00:00,78399.3515625,BTC
2026-09-09 19:00:00+00:00,78436.421875,BTC
2026-09-09 19:01:00+00:00,78459.25,BTC
2026-09-09 19:02:00+00:00,78437.4921875,BTC
2026-09-09 19:03:00+00:00,78359.046875,BTC
2026-09-09 19:04:00+00:00,78369.0078125,BTC
2026-09-09 19:05:00+00:00,78377.34375,BTC
2026-09-09 19:06:00+00:00,78405.1171875,BTC
2026-09-09 19:07:00+00:00,78385.8984375,BTC
2026-09-09 19:08:00+00:00,78370.328125,BTC
2026-09-09 19:09:00+00:00,78374.0,BTC
2026-09-09 19:10:00+00:00,78392.5234375,BTC
2026-09-09 19:11:00+00:00,78406.6484375,BTC
2026-09-09 19:12:00+00:00,78438.671875,BTC
2026-09-09 19:13:00+00:00,78448.5078125,BTC
2026-09-09 19:14:00+00:00,78470.3828125,BTC
2026-09-09 19:15:00+00:00,78506.328125,BTC
2026-09-09 19:16:00+00:00,78493.4296875,BTC
2026-09-09 19:17:00+00:00,78481.2421875,BTC
2026-09-09 19:18:00+00:00,78484.78125,BTC
2026-09-09 19:19:00+00:00,78504.796875,BTC
2026-09-09 19:20:00+00:00,78485.1796875,BTC
2026-09-09 19:21:00+00:00,78491.09375,BTC
2026-09-09 19:22:00+00:00,78504.8828125,BTC
2026-09-09 19:23:00+00:00,78536.640625,BTC
2026-09-09 19:24:00+00:00,78554.15625,BTC
2026-09-09 19:25:00+00:00,78562.578125,BTC
2026-09-09 19:26:00+00:00,78551.421875,BTC
2026-09-09 19:27:00+00:00,78516.9609375,BTC
2026-09-09 19:28:00+00:00,78515.140625,BTC
2026-09-09 19:29:00+00:00,78512.4921875,BTC
2026-09-09 19:30:00+00:00,78514.09375,BTC
2026-09-09 19:31:00+00:00,78512.2578125,BTC
2026-09-09 19:32:00+00:00,78531.2265625,BTC
2026-09-09 19:33:00+00:00,78502.59375,BTC
2026-09-09 19:34:00+00:00,78519.65625,BTC
2026-09-09 19:35:00+00:00,78485.7421875,BTC
2026-09-09 19:36:00+00:00,78423.0078125,BTC
2026-09-09 19:37:00+00:00,78390.0234375,BTC
2026-09-09 19:38:00+00:00,78353.65625,BTC
2026-09-09 19:39:00+00:00,78328.3203125,BTC
2026-09-09 19:40:00+00:00,78345.6328125,BTC
2026-09-09 19:41:00+00:00,78340.296875,BTC
2026-09-09 19:42:00+00:00,78348.640625,BTC
2026-09-09 19:43:00+00:00,78365.4765625,BTC
2026-09-09 19:44:00+00:00,78282.171875,BTC
2026-09-09 19:45:00+00:00,78275.0,BTC
2026-09-09 19:46:00+00:00,78279.3984375,BTC
2026-09-09 19:47:00+00:00,78300.0078125,BTC
2026-09-09 19:48:00+00:00,78295.5,BTC
2026-09-09 19:49:00+00:00,78320.71875,BTC
2026-09-09 19:50:00+00:00,78227.3984375,BTC
2026-09-09 19:51:00+00:00,78286.140625,BTC
2026-09-09 19:52:00+00:00,78203.203125,BTC
2026-09-09 19:53:00+00:00,78150.5625,BTC
2026-09-09 19:54:00+00:00,78215.90625,BTC
2026-09-09 19:55:00+00:00,78214.5625,BTC
2026-09-09 19:56:00+00:00,78201.1328125,BTC
2026-09-09 19:57:00+00:00,78195.1171875,BTC
2026-09-09 19:58:00+00:00,78212.2421875,BTC
2026-09-09 19:59:00+00:00,78216.75,BTC
2026-09-09 20:00:00+00:00,78245.703125,BTC
2026-09-09 20:01:00+00:00,78238.6875,BTC
2026-09-09 20:02:00+00:00,78256.921875,BTC
2026-09-09 20:03:00+00:00,78222.671875,BTC
2026-09-09 20:04:00+00:00,78183.3125,BTC
2026-09-09 20:05:00+00:00,78242.921875,BTC
2026-09-09 20:06:00+00:00,78241.640625,BTC
2026-09-09 20:07:00+00:00,78198.3125,BTC
2026-09-09 20:08:00+00:00,78232.3203125,BTC
2026-09-09 20:09:00+00:00,78252.0625,BTC
2026-09-09 20:10:00+00:00,78251.546875,BTC
2026-09-09 20:11:00+00:00,78274.8203125,BTC
2026-09-09 20:12:00+00:00,78261.65625,BTC
2026-09-09 20:13:00+00:00,78222.4921875,BTC
2026-09-09 20:14:00+00:00,78239.0,BTC
2026-09-09 20:15:00+00:00,78268.78125,BTC
2026-09-09 20:16:00+00:00,78245.1328125,BTC
2026-09-09 20:17:00+00:00,78293.9609375,BTC
2026-09-09 20:18:00+00:00,78261.1796875,BTC
2026-09-09 20:19:00+00:00,78250.0078125,BTC
2026-09-09 20:20:00+00:00,78248.859375,BTC
2026-09-09 20:21:00+00:00,78232.09375,BTC
2026-09-09 20:22:00+00:00,78219.2109375,BTC
2026-09-09 20:23:00+00:00,78215.0078125,BTC
2026-09-09 20:24:00+00:00,78207.0703125,BTC
2026-09-09 20:25:00+00:00,78133.1328125,BTC
2026-09-09 20:26:00+00:00,78124.5625,BTC
2026-09-09 20:27:00+00:00,78186.453125,BTC
2026-09-09 20:28:00+00:00,78219.03125,BTC
2026-09-09 20:29:00+00:00,78100.15625,BTC
2026-09-09 20:30:00+00:00,78194.4375,BTC
2026-09-09 20:31:00+00:00,78228.578125,BTC
2026-09-09 20:32:00+00:00,78244.40625,BTC
2026-09-09 20:33:00+00:00,78265.8671875,BTC
2026-09-09 20:34:00+00:00,78225.109375,BTC
2026-09-09 20:35:00+00:00,78297.0078125,BTC
2026-09-09 20:36:00+00:00,78287.9609375,BTC
2026-09-09 20:37:00+00:00,78287.25,BTC
2026-09-09 20:38:00+00:00,78304.6171875,BTC
2026-09-09 20:39:00+00:00,78295.296875,BTC
2026-09-09 20:40:00+00:00,78289.59375,BTC
2026-09-09 20:41:00+00:00,78289.578125,BTC
2026-09-09 20:42:00+00:00,78224.0078125,BTC
2026-09-09 20:43:00+00:00,78263.4609375,BTC
2026-09-09 20:44:00+00:00,78268.453125,BTC
2026-09-09 20:45:00+00:00,78268.7109375,BTC
2026-09-09 20:46:00+00:00,78255.0078125,BTC
2026-09-09 20:47:00+00:00,78222.75,BTC
2026-09-09 20:48:00+00:00,78121.671875,BTC
2026-09-09 20:49:00+00:00,78097.2890625,BTC
2026-09-09 20:50:00+00:00,78179.5,BTC
2026-09-09 20:51:00+00:00,78179.5078125,BTC
2026-09-09 20:52:00+00:00,78205.1015625,BTC
2026-09-09 20:53:00+00:00,78175.609375,BTC
2026-09-09 20:54:00+00:00,78189.4296875,BTC
2026-09-09 20:55:00+00:00,78239.203125,BTC
2026-09-09 20:56:00+00:00,78257.640625,BTC
2026-09-09 20:57:00+00:00,78281.296875,BTC
2026-09-09 20:58:00+00:00,78296.3984375,BTC
2026-09-09 20:59:00+00:00,78303.890625,BTC
2026-09-09 21:00:00+00:00,78294.1484375,BTC
2026-09-09 21:01:00+00:00,78298.546875,BTC
2026-09-09 21:02:00+00:00,78278.109375,BTC
2026-09-09 21:03:00+00:00,78274.203125,BTC
2026-09-09 21:04:00+00:00,78298.546875,BTC
2026-09-09 21:05:00+00:00,78318.6796875,BTC
2026-09-09 21:06:00+00:00,78284.140625,BTC
2026-09-09 21:07:00+00:00,78258.8671875,BTC
2026-09-09 21:08:00+00:00,78251.90625,BTC
2026-09-09 21:09:00+00:00,78243.8828125,BTC
2026-09-09 21:10:00+00:00,78237.4765625,BTC
2026-09-09 21:11:00+00:00,78166.171875,BTC
2026-09-09 21:12:00+00:00,78205.5,BTC
2026-09-09 21:13:00+00:00,78214.078125,BTC
2026-09-09 21:14:00+00:00,78224.5703125,BTC
2026-09-09 21:15:00+00:00,78226.1171875,BTC
2026-09-09 21:16:00+00:00,78195.2265625,BTC
2026-09-09 21:17:00+00:00,78148.9296875,BTC
2026-09-09 21:18:00+00:00,78138.7890625,BTC
2026-09-09 21:19:00+00:00,78162.5703125,BTC
2026-09-09 21:20:00+00:00,78116.640625,BTC
2026-09-09 21:21:00+00:00,78131.6484375,BTC
2026-09-09 21:22:00+00:00,78156.8828125,BTC
2026-09-09 21:23:00+00:00,78208.28125,BTC
2026-09-09 21:24:00+00:00,78229.1171875,BTC
2026-09-09 21:25:00+00:00,78249.90625,BTC
2026-09-09 21:26:00+00:00,78278.3828125,BTC
2026-09-09 21:27:00+00:00,78268.53125,BTC
2026-09-09 21:28:00+00:00,78256.203125,BTC
2026-09-09 21:29:00+00:00,78266.4296875,BTC
2026-09-09 21:30:00+00:00,78239.84375,BTC
2026-09-09 21:31:00+00:00,78241.9609375,BTC
2026-09-09 21:32:00+00:00,78230.0,BTC
2026-09-09 21:33:00+00:00,78181.9765625,BTC
2026-09-09 21:34:00+00:00,78159.7578125,BTC
2026-09-09 21:35:00+00:00,78159.6328125,BTC
2026-09-09 21:36:00+00:00,78139.84375,BTC
2026-09-09 21:37:00+00:00,78210.09375,BTC
2026-09-09 21:38:00+00:00,78215.9921875,BTC
2026-09-09 21:39:00+00:00,78221.7734375,BTC
2026-09-09 21:40:00+00:00,78218.6875,BTC
2026-09-09 21:41:00+00:00,78236.8984375,BTC
2026-09-09 21:42:00+00:00,78239.546875,BTC
2026-09-09 21:43:00+00:00,78236.7265625,BTC
2026-09-09 21:44:00+00:00,78225.1328125,BTC
2026-09-09 21:45:00+00:00,78153.1875,BTC
2026-09-09 21:46:00+00:00,78142.1328125,BTC
2026-09-09 21:47:00+00:00,78124.1171875,BTC
2026-09-09 21:48:00+00:00,78092.65625,BTC
2026-09-09 21:49:00+00:00,78083.8515625,BTC
2026-09-09 21:50:00+00:00,78000.34375,BTC
2026-09-09 21:51:00+00:00,78075.0078125,BTC
2026-09-09 21:52:00+00:00,78071.796875,BTC
2026-09-09 21:53:00+00:00,78108.7734375,BTC
2026-09-09 21:54:00+00:00,78114.046875,BTC
2026-09-09 21:55:00+00:00,78078.40625,BTC
2026-09-09 21:56:00+00:00,78094.2109375,BTC
2026-09-09 21:57:00+00:00,78090.0078125,BTC
2026-09-09 21:58:00+00:00,78099.046875,BTC
2026-09-09 21:59:00+00:00,78128.28125,BTC
2026-09-09 22:00:00+00:00,78138.5078125,BTC
2026-09-09 22:01:00+00:00,78139.8203125,BTC
2026-09-09 22:02:00+00:00,78078.3671875,BTC
2026-09-09 22:03:00+00:00,78031.203125,BTC
2026-09-09 22:04:00+00:00,78065.9609375,BTC
2026-09-09 22:05:00+00:00,78000.0,BTC
2026-09-09 22:06:00+00:00,77990.6171875,BTC
2026-09-09 22:07:00+00:00,77954.1796875,BTC
2026-09-09 22:08:00+00:00,77800.0,BTC
2026-09-09 22:09:00+00:00,77838.9765625,BTC
2026-09-09 22:10:00+00:00,77894.7265625,BTC
2026-09-09 22:11:00+00:00,77925.4296875,BTC
2026-09-09 22:12:00+00:00,77875.703125,BTC
2026-09-09 22:13:00+00:00,77884.578125,BTC
2026-09-09 22:14:00+00:00,77845.4609375,BTC
2026-09-09 22:15:00+00:00,77823.421875,BTC
2026-09-09 22:16:00+00:00,77877.1015625,BTC
2026-09-09 22:17:00+00:00,77847.8203125,BTC
2026-09-09 22:18:00+00:00,77908.4765625,BTC
2026-09-09 22:19:00+00:00,77945.0625,BTC
2026-09-09 22:20:00+00:00,77988.7734375,BTC
2026-09-09 22:21:00+00:00,78016.4375,BTC
2026-09-09 22:22:00+00:00,77980.75,BTC
2026-09-09 22:23:00+00:00,77993.0,BTC
2026-09-09 22:24:00+00:00,78018.5234375,BTC
2026-09-09 22:25:00+00:00,78000.2109375,BTC
2026-09-09 22:26:00+00:00,78018.9375,BTC
2026-09-09 22:27:00+00:00,78012.71875,BTC
2026-09-09 22:28:00+00:00,78009.3125,BTC
2026-09-09 22:29:00+00:00,78016.46875,BTC
2026-09-09 22:30:00+00:00,77984.9375,BTC
2026-09-09 22:31:00+00:00,77987.046875,BTC
2026-09-09 22:32:00+00:00,77961.6875,BTC
2026-09-09 22:33:00+00:00,77941.1015625,BTC
2026-09-09 22:34:00+00:00,77980.3125,BTC
2026-09-09 22:35:00+00:00,77955.609375,BTC
2026-09-09 22:36:00+00:00,77922.2578125,BTC
2026-09-09 22:37:00+00:00,77994.578125,BTC
2026-09-09 22:38:00+00:00,78003.1328125,BTC
2026-09-09 22:39:00+00:00,78021.34375,BTC
2026-09-09 22:40:00+00:00,78039.90625,BTC
2026-09-09 22:41:00+00:00,77981.1328125,BTC
2026-09-09 22:42:00+00:00,77987.953125,BTC
2026-09-09 22:43:00+00:00,78004.171875,BTC
2026-09-09 22:44:00+00:00,78014.53125,BTC
2026-09-09 22:45:00+00:00,78005.421875,BTC
2026-09-09 22:46:00+00:00,78017.7734375,BTC
2026-09-09 22:47:00+00:00,78020.3984375,BTC
2026-09-09 22:48:00+00:00,78007.5,BTC
2026-09-09 22:49:00+00:00,77986.921875,BTC
2026-09-09 22:50:00+00:00,78006.5078125,BTC
2026-09-09 22:51:00+00:00,78008.0625,BTC
2026-09-09 22:52:00+00:00,77955.6484375,BTC
2026-09-09 22:53:00+00:00,77943.359375,BTC
2026-09-09 22:54:00+00:00,77937.859375,BTC
2026-09-09 22:55:00+00:00,77919.15625,BTC
2026-09-09 22:56:00+00:00,77923.5,BTC
2026-09-09 22:57:00+00:00,77891.3671875,BTC
2026-09-09 22:58:00+00:00,77883.796875,BTC
2026-09-09 22:59:00+00:00,77897.6015625,BTC
2026-09-09 23:00:00+00:00,77940.40625,BTC
2026-09-09 23:01:00+00:00,77968.9375,BTC
2026-09-09 23:02:00+00:00,77999.9765625,BTC
2026-09-09 23:03:00+00:00,78056.7734375,BTC
2026-09-09 23:04:00+00:00,78099.5,BTC
2026-09-09 23:05:00+00:00,78110.5390625,BTC
2026-09-09 23:06:00+00:00,78126.0703125,BTC
2026-09-09 23:07:00+00:00,78101.2734375,BTC
2026-09-09 23:08:00+00:00,78134.5234375,BTC
2026-09-09 23:09:00+00:00,78167.671875,BTC
2026-09-09 23:10:00+00:00,78149.7578125,BTC
2026-09-09 23:11:00+00:00,78150.90625,BTC
2026-09-09 23:12:00+00:00,78132.640625,BTC
2026-09-09 23:13:00+00:00,78123.59375,BTC
2026-09-09 23:14:00+00:00,78131.65625,BTC
2026-09-09 23:15:00+00:00,78090.9765625,BTC
2026-09-09 23:16:00+00:00,78083.9609375,BTC
2026-09-09 23:17:00+00:00,78099.09375,BTC
2026-09-09 23:18:00+00:00,78121.96875,BTC
2026-09-09 23:19:00+00:00,78149.78125,BTC
2026-09-09 23:20:00+00:00,78127.4296875,BTC
2026-09-09 23:21:00+00:00,78150.203125,BTC
2026-09-09 23:22:00+00:00,78091.84375,BTC
2026-09-09 23:23:00+00:00,78092.3984375,BTC
2026-09-09 23:24:00+00:00,78094.328125,BTC
2026-09-09 23:25:00+00:00,78118.890625,BTC
2026-09-09 23:26:00+00:00,78119.28125,BTC
2026-09-09 23:27:00+00:00,78117.3203125,BTC
2026-09-09 23:28:00+00:00,78121.390625,BTC
2026-09-09 23:29:00+00:00,78169.59375,BTC
2026-09-09 23:30:00+00:00,78159.5625,BTC
2026-09-09 23:31:00+00:00,78162.3203125,BTC
2026-09-09 23:32:00+00:00,78187.9296875,BTC
2026-09-09 23:33:00+00:00,78196.8125,BTC
2026-09-09 23:34:00+00:00,78216.71875,BTC
2026-09-09 23:35:00+00:00,78220.0,BTC
2026-09-09 23:36:00+00:00,78225.5703125,BTC
2026-09-09 23:37:00+00:00,78209.671875,BTC
2026-09-09 23:38:00+00:00,78194.84375,BTC
2026-09-09 23:39:00+00:00,78213.0234375,BTC
2026-09-09 23:40:00+00:00,78200.6796875,BTC
2026-09-09 23:41:00+00:00,78192.9609375,BTC
2026-09-09 23:42:00+00:00,78197.71875,BTC
2026-09-09 23:43:00+00:00,78201.8671875,BTC
2026-09-09 23:44:00+00:00,78205.1796875,BTC
2026-09-09 23:45:00+00:00,78216.28125,BTC
2026-09-09 23:46:00+00:00,78216.9921875,BTC
2026-09-09 23:47:00+00:00,78235.140625,BTC
2026-09-09 23:48:00+00:00,78240.25,BTC
2026-09-09 23:49:00+00:00,78247.0234375,BTC
2026-09-09 23:50:00+00:00,78248.34375,BTC
2026-09-09 23:51:00+00:00,78240.0078125,BTC
2026-09-09 23:52:00+00:00,78248.796875,BTC
2026-09-09 23:53:00+00:00,78270.7578125,BTC
2026-09-09 23:54:00+00:00,78274.8984375,BTC
2026-09-09 23:55:00+00:00,78243.2265625,BTC
2026-09-09 23:56:00+00:00,78247.546875,BTC
2026-09-09 23:57:00+00:00,78263.34375,BTC
2026-09-09 23:58:00+00:00,78266.0234375,BTC
2026-09-10 00:00:00+00:00,78289.9921875,BTC
2026-09-10 00:01:00+00:00,78301.578125,BTC
2026-09-10 00:02:00+00:00,78321.453125,BTC
2026-09-10 00:03:00+00:00,78303.59375,BTC
2026-09-10 00:04:00+00:00,78330.2578125,BTC
2026-09-10 00:05:00+00:00,78326.5,BTC
2026-09-10 00:06:00+00:00,78309.28125,BTC
2026-09-10 00:07:00+00:00,78303.7265625,BTC
2026-09-10 00:08:00+00:00,78299.2109375,BTC
2026-09-10 00:09:00+00:00,78298.03125,BTC
2026-09-10 00:10:00+00:00,78318.390625,BTC
2026-09-10 00:11:00+00:00,78337.8515625,BTC
2026-09-10 00:12:00+00:00,78305.1484375,BTC
2026-09-10 00:13:00+00:00,78264.1796875,BTC
2026-09-10 00:14:00+00:00,78253.7578125,BTC
2026-09-10 00:15:00+00:00,78265.1171875,BTC
2026-09-10 00:16:00+00:00,78248.9609375,BTC
2026-09-10 00:17:00+00:00,78234.9609375,BTC
2026-09-10 00:18:00+00:00,78237.3984375,BTC
2026-09-10 00:19:00+00:00,78228.8671875,BTC
2026-09-10 00:20:00+00:00,78199.7421875,BTC
2026-09-10 00:21:00+00:00,78228.0234375,BTC
2026-09-10 00:22:00+00:00,78210.7890625,BTC
2026-09-10 00:23:00+00:00,78284.2109375,BTC
2026-09-10 00:24:00+00:00,78258.8671875,BTC
2026-09-10 00:25:00+00:00,78226.5625,BTC
2026-09-10 00:26:00+00:00,78230.90625,BTC
2026-09-10 00:27:00+00:00,78252.2578125,BTC
2026-09-10 00:28:00+00:00,78284.71875,BTC
2026-09-10 00:29:00+00:00,78308.4921875,BTC
2026-09-10 00:30:00+00:00,78267.96875,BTC
2026-09-10 00:31:00+00:00,78223.953125,BTC
2026-09-10 00:32:00+00:00,78198.609375,BTC
2026-09-10 00:33:00+00:00,78219.1875,BTC
2026-09-10 00:34:00+00:00,78234.6171875,BTC
2026-09-10 00:35:00+00:00,78223.5234375,BTC
2026-09-10 00:36:00+00:00,78254.296875,BTC
2026-09-10 00:37:00+00:00,78241.9296875,BTC
2026-09-10 00:38:00+00:00,78258.7578125,BTC
2026-09-10 00:39:00+00:00,78231.796875,BTC
2026-09-10 00:40:00+00:00,78186.21875,BTC
2026-09-10 00:41:00+00:00,78185.7109375,BTC
2026-09-10 00:42:00+00:00,78150.0,BTC
2026-09-10 00:43:00+00:00,78145.8125,BTC
2026-09-10 00:44:00+00:00,78146.359375,BTC
2026-09-10 00:45:00+00:00,78113.96875,BTC
2026-09-10 00:46:00+00:00,78178.5,BTC
2026-09-10 00:47:00+00:00,78184.2734375,BTC
2026-09-10 00:48:00+00:00,78172.5234375,BTC
2026-09-10 00:49:00+00:00,78149.171875,BTC
2026-09-10 00:50:00+00:00,78113.7109375,BTC
2026-09-10 00:51:00+00:00,78155.5625,BTC
2026-09-10 00:52:00+00:00,78154.1015625,BTC
2026-09-10 00:53:00+00:00,78119.9375,BTC
2026-09-10 00:54:00+00:00,78119.15625,BTC
2026-09-10 00:55:00+00:00,78130.96875,BTC
2026-09-10 00:56:00+00:00,78103.90625,BTC
2026-09-10 00:57:00+00:00,78096.34375,BTC
2026-09-10 00:58:00+00:00,78162.7734375,BTC
2026-09-10 00:59:00+00:00,78151.71875,BTC
2026-09-10 01:00:00+00:00,78174.421875,BTC
2026-09-10 01:01:00+00:00,78179.5234375,BTC
2026-09-10 01:02:00+00:00,78216.640625,BTC
2026-09-10 01:03:00+00:00,78259.03125,BTC
2026-09-10 01:04:00+00:00,78282.1484375,BTC
2026-09-10 01:05:00+00:00,78369.0,BTC
2026-09-10 01:06:00+00:00,78351.3984375,BTC
2026-09-10 01:07:00+00:00,78398.359375,BTC
2026-09-10 01:08:00+00:00,78467.859375,BTC
2026-09-10 01:09:00+00:00,78393.2578125,BTC
2026-09-10 01:10:00+00:00,78398.578125,BTC
2026-09-10 01:11:00+00:00,78355.6484375,BTC
2026-09-10 01:12:00+00:00,78310.0234375,BTC
2026-09-10 01:13:00+00:00,78298.5625,BTC
2026-09-10 01:14:00+00:00,78314.9296875,BTC
2026-09-10 01:15:00+00:00,78276.921875,BTC
2026-09-10 01:16:00+00:00,78263.8671875,BTC
2026-09-10 01:17:00+00:00,78230.0078125,BTC
2026-09-10 01:18:00+00:00,78154.1171875,BTC
2026-09-10 01:19:00+00:00,78258.78125,BTC
2026-09-10 01:20:00+00:00,78177.3828125,BTC
2026-09-10 01:21:00+00:00,78183.859375,BTC
2026-09-10 01:22:00+00:00,78165.4609375,BTC
2026-09-10 01:23:00+00:00,78246.2890625,BTC
2026-09-10 01:24:00+00:00,78220.828125,BTC
2026-09-10 01:25:00+00:00,78207.0078125,BTC
2026-09-10 01:26:00+00:00,78184.78125,BTC
2026-09-10 01:27:00+00:00,78182.0,BTC
2026-09-10 01:28:00+00:00,78157.8984375,BTC
2026-09-10 01:29:00+00:00,78145.5234375,BTC
2026-09-10 01:30:00+00:00,78149.8515625,BTC
2026-09-10 01:31:00+00:00,78141.0625,BTC
2026-09-10 01:32:00+00:00,78084.53125,BTC
2026-09-10 01:33:00+00:00,78022.1875,BTC
2026-09-10 01:34:00+00:00,78016.9296875,BTC
2026-09-10 01:35:00+00:00,77970.203125,BTC
2026-09-10 01:36:00+00:00,78010.71875,BTC
2026-09-10 01:37:00+00:00,77978.78125,BTC
2026-09-10 01:38:00+00:00,77936.28125,BTC
2026-09-10 01:39:00+00:00,77934.9921875,BTC
2026-09-10 01:40:00+00:00,78017.03125,BTC
2026-09-10 01:41:00+00:00,78189.4296875,BTC
2026-09-10 01:42:00+00:00,78158.3125,BTC
2026-09-10 01:43:00+00:00,78123.2265625,BTC
2026-09-10 01:44:00+00:00,78143.75,BTC
2026-09-10 01:45:00+00:00,78087.1875,BTC
2026-09-10 01:46:00+00:00,78063.71875,BTC
2026-09-10 01:47:00+00:00,78135.1875,BTC
2026-09-10 01:48:00+00:00,78090.3984375,BTC
2026-09-10 01:49:00+00:00,78069.3515625,BTC
2026-09-10 01:50:00+00:00,78054.1015625,BTC
2026-09-10 01:51:00+00:00,78038.7578125,BTC
2026-09-10 01:52:00+00:00,77989.9921875,BTC
2026-09-10 01:53:00+00:00,77961.40625,BTC
2026-09-10 01:54:00+00:00,77985.03125,BTC
2026-09-10 01:55:00+00:00,78039.8828125,BTC
2026-09-10 01:56:00+00:00,78051.328125,BTC
2026-09-10 01:57:00+00:00,78088.71875,BTC
2026-09-10 01:58:00+00:00,78099.0390625,BTC
2026-09-10 01:59:00+00:00,78070.3984375,BTC
2026-09-10 02:00:00+00:00,78054.109375,BTC
2026-09-10 02:01:00+00:00,78037.09375,BTC
2026-09-10 02:02:00+00:00,78028.9375,BTC
2026-09-10 02:03:00+00:00,78045.1875,BTC
2026-09-10 02:04:00+00:00,77998.96875,BTC
2026-09-10 02:05:00+00:00,78032.7734375,BTC
2026-09-10 02:06:00+00:00,78036.9375,BTC
2026-09-10 02:07:00+00:00,78052.90625,BTC
2026-09-10 02:08:00+00:00,78006.96875,BTC
2026-09-10 02:09:00+00:00,78019.9921875,BTC
2026-09-10 02:10:00+00:00,78006.65625,BTC
2026-09-10 02:11:00+00:00,78035.171875,BTC
2026-09-10 02:12:00+00:00,77981.1328125,BTC
2026-09-10 02:13:00+00:00,78012.3671875,BTC
2026-09-10 02:14:00+00:00,78018.140625,BTC
2026-09-10 02:15:00+00:00,78024.6015625,BTC
2026-09-10 02:16:00+00:00,77991.0390625,BTC
2026-09-10 02:17:00+00:00,77980.9765625,BTC
2026-09-10 02:18:00+00:00,77994.3671875,BTC
2026-09-10 02:19:00+00:00,78020.1796875,BTC
2026-09-10 02:20:00+00:00,78010.8828125,BTC
2026-09-10 02:21:00+00:00,78001.0234375,BTC
2026-09-10 02:22:00+00:00,78024.6015625,BTC
2026-09-10 02:23:00+00:00,78001.0234375,BTC
2026-09-10 02:24:00+00:00,77964.78125,BTC
2026-09-10 02:25:00+00:00,77982.65625,BTC
2026-09-10 02:26:00+00:00,77959.859375,BTC
2026-09-10 02:27:00+00:00,77965.828125,BTC
2026-09-10 02:28:00+00:00,77977.8125,BTC
2026-09-10 02:29:00+00:00,77991.8671875,BTC
2026-09-10 02:30:00+00:00,78015.1171875,BTC
2026-09-10 02:31:00+00:00,78033.2265625,BTC
2026-09-10 02:32:00+00:00,78084.5234375,BTC
2026-09-10 02:33:00+00:00,78094.359375,BTC
2026-09-10 02:34:00+00:00,78132.078125,BTC
2026-09-10 02:35:00+00:00,78128.6015625,BTC
2026-09-10 02:36:00+00:00,78121.5,BTC
2026-09-10 02:37:00+00:00,78148.7265625,BTC
2026-09-10 02:38:00+00:00,78190.4765625,BTC
2026-09-10 02:39:00+00:00,78153.6171875,BTC
2026-09-10 02:40:00+00:00,78180.7109375,BTC
2026-09-10 02:41:00+00:00,78190.3984375,BTC
2026-09-10 02:42:00+00:00,78208.921875,BTC
2026-09-10 02:43:00+00:00,78235.2890625,BTC
2026-09-10 02:44:00+00:00,78238.703125,BTC
2026-09-10 02:45:00+00:00,78233.3125,BTC
2026-09-10 02:46:00+00:00,78234.203125,BTC
2026-09-10 02:47:00+00:00,78249.671875,BTC
2026-09-10 02:48:00+00:00,78263.9609375,BTC
2026-09-10 02:49:00+00:00,78286.25,BTC
2026-09-10 02:50:00+00:00,78256.328125,BTC
2026-09-10 02:51:00+00:00,78285.9609375,BTC
2026-09-10 02:52:00+00:00,78291.546875,BTC
2026-09-10 02:53:00+00:00,78317.7734375,BTC
2026-09-10 02:54:00+00:00,78330.6171875,BTC
2026-09-10 02:55:00+00:00,78342.203125,BTC
2026-09-10 02:56:00+00:00,78319.6015625,BTC
2026-09-10 02:57:00+00:00,78315.1796875,BTC
2026-09-10 02:58:00+00:00,78313.03125,BTC
2026-09-10 02:59:00+00:00,78326.1015625,BTC
2026-09-10 03:00:00+00:00,78326.1015625,BTC
2026-09-10 03:01:00+00:00,78324.1015625,BTC
2026-09-10 03:02:00+00:00,78425.8984375,BTC
2026-09-10 03:03:00+00:00,78418.2421875,BTC
2026-09-10 03:04:00+00:00,78478.21875,BTC
2026-09-10 03:05:00+00:00,78432.03125,BTC
2026-09-10 03:06:00+00:00,78384.6171875,BTC
2026-09-10 03:07:00+00:00,78395.7265625,BTC
2026-09-10 03:08:00+00:00,78387.8671875,BTC
2026-09-10 03:09:00+00:00,78378.828125,BTC
2026-09-10 03:10:00+00:00,78384.8984375,BTC
2026-09-10 03:11:00+00:00,78373.4765625,BTC
2026-09-10 03:12:00+00:00,78369.796875,BTC
2026-09-10 03:13:00+00:00,78367.9921875,BTC
2026-09-10 03:14:00+00:00,78352.2578125,BTC
2026-09-10 03:15:00+00:00,78331.3515625,BTC
2026-09-10 03:16:00+00:00,78320.296875,BTC
2026-09-10 03:17:00+00:00,78327.0078125,BTC
2026-09-10 03:18:00+00:00,78357.796875,BTC
2026-09-10 03:19:00+00:00,78333.921875,BTC
2026-09-10 03:20:00+00:00,78346.5234375,BTC
2026-09-10 03:21:00+00:00,78346.34375,BTC
2026-09-10 03:22:00+00:00,78349.640625,BTC
2026-09-10 03:23:00+00:00,78300.0,BTC
2026-09-10 03:24:00+00:00,78297.7265625,BTC
2026-09-10 03:25:00+00:00,78297.0,BTC
2026-09-10 03:26:00+00:00,78272.796875,BTC
2026-09-10 03:27:00+00:00,78275.2890625,BTC
2026-09-10 03:28:00+00:00,78363.59375,BTC
2026-09-10 03:29:00+00:00,78357.7890625,BTC
2026-09-10 03:30:00+00:00,78339.9921875,BTC
2026-09-10 03:31:00+00:00,78330.0078125,BTC
2026-09-10 03:32:00+00:00,78373.1015625,BTC
2026-09-10 03:33:00+00:00,78402.7734375,BTC
2026-09-10 03:34:00+00:00,78427.0703125,BTC
2026-09-10 03:35:00+00:00,78312.2109375,BTC
2026-09-10 03:36:00+00:00,78297.0,BTC
2026-09-10 03:37:00+00:00,78348.1484375,BTC
2026-09-10 03:38:00+00:00,78333.8125,BTC
2026-09-10 03:39:00+00:00,78324.8515625,BTC
2026-09-10 03:40:00+00:00,78319.359375,BTC
2026-09-10 03:41:00+00:00,78306.0234375,BTC
2026-09-10 03:42:00+00:00,78338.2421875,BTC
2026-09-10 03:43:00+00:00,78344.5234375,BTC
2026-09-10 03:44:00+00:00,78344.5234375,BTC
2026-09-10 03:45:00+00:00,78338.296875,BTC
2026-09-10 03:46:00+00:00,78361.046875,BTC
2026-09-10 03:47:00+00:00,78395.5234375,BTC
2026-09-10 03:48:00+00:00,78417.7734375,BTC
2026-09-10 03:49:00+00:00,78417.7734375,BTC
2026-09-10 03:50:00+00:00,78336.859375,BTC
2026-09-10 03:51:00+00:00,78316.5078125,BTC
2026-09-10 03:52:00+00:00,78304.171875,BTC
2026-09-10 03:53:00+00:00,78310.0703125,BTC
2026-09-10 03:54:00+00:00,78310.0703125,BTC
2026-09-10 03:55:00+00:00,78255.75,BTC
2026-09-10 03:56:00+00:00,78267.703125,BTC
2026-09-10 03:57:00+00:00,78259.8984375,BTC
2026-09-10 03:58:00+00:00,78248.9609375,BTC
2026-09-10 03:59:00+00:00,78297.1484375,BTC
2026-09-10 04:00:00+00:00,78302.90625,BTC
2026-09-10 04:01:00+00:00,78301.578125,BTC
2026-09-10 04:02:00+00:00,78301.5,BTC
2026-09-10 04:03:00+00:00,78318.390625,BTC
2026-09-10 04:04:00+00:00,78331.25,BTC
2026-09-10 04:05:00+00:00,78368.1875,BTC
2026-09-10 04:06:00+00:00,78345.0078125,BTC
2026-09-10 04:07:00+00:00,78351.171875,BTC
2026-09-10 04:08:00+00:00,78333.578125,BTC
2026-09-10 04:09:00+00:00,78344.2421875,BTC
2026-09-10 04:10:00+00:00,78331.0,BTC
2026-09-10 04:11:00+00:00,78313.03125,BTC
2026-09-10 04:12:00+00:00,78306.0234375,BTC
2026-09-10 04:13:00+00:00,78308.3984375,BTC
2026-09-10 04:14:00+00:00,78314.15625,BTC
2026-09-10 04:15:00+00:00,78345.4375,BTC
2026-09-10 04:16:00+00:00,78346.1328125,BTC
2026-09-10 04:17:00+00:00,78346.1328125,BTC
2026-09-10 04:18:00+00:00,78368.0,BTC
2026-09-10 04:19:00+00:00,78383.828125,BTC
2026-09-10 04:20:00+00:00,78366.3984375,BTC
2026-09-10 04:21:00+00:00,78367.609375,BTC
2026-09-10 04:22:00+00:00,78362.6015625,BTC
2026-09-10 04:23:00+00:00,78350.0,BTC
2026-09-10 04:24:00+00:00,78344.2578125,BTC
2026-09-10 04:25:00+00:00,78339.4609375,BTC
2026-09-10 04:26:00+00:00,78339.4609375,BTC
2026-09-10 04:27:00+00:00,78339.46875,BTC
2026-09-10 04:28:00+00:00,78382.6484375,BTC
2026-09-10 04:29:00+00:00,78354.078125,BTC
2026-09-10 04:30:00+00:00,78351.8671875,BTC
2026-09-10 04:31:00+00:00,78386.671875,BTC
2026-09-10 04:32:00+00:00,78378.7890625,BTC
2026-09-10 04:33:00+00:00,78367.65625,BTC
2026-09-10 04:34:00+00:00,78374.296875,BTC
2026-09-10 04:35:00+00:00,78339.8671875,BTC
2026-09-10 04:36:00+00:00,78339.0,BTC
2026-09-10 04:37:00+00:00,78339.0,BTC
2026-09-10 04:38:00+00:00,78336.4609375,BTC
2026-09-10 04:39:00+00:00,78327.90625,BTC
2026-09-10 04:40:00+00:00,78324.953125,BTC
2026-09-10 04:41:00+00:00,78335.8671875,BTC
2026-09-10 04:42:00+00:00,78309.4296875,BTC
2026-09-10 04:43:00+00:00,78322.65625,BTC
2026-09-10 04:44:00+00:00,78304.2734375,BTC
2026-09-10 04:45:00+00:00,78306.921875,BTC
2026-09-10 04:46:00+00:00,78334.5,BTC
2026-09-10 04:47:00+00:00,78314.578125,BTC
2026-09-10 04:48:00+00:00,78308.359375,BTC
2026-09-10 04:49:00+00:00,78320.2578125,BTC
2026-09-10 04:50:00+00:00,78306.25,BTC
2026-09-10 04:51:00+00:00,78298.296875,BTC
2026-09-10 04:52:00+00:00,78275.0078125,BTC
2026-09-10 04:53:00+00:00,78303.7265625,BTC
2026-09-10 04:54:00+00:00,78311.4609375,BTC
2026-09-10 04:55:00+00:00,78296.3125,BTC
2026-09-10 04:56:00+00:00,78310.3203125,BTC
2026-09-10 04:57:00+00:00,78371.1796875,BTC
2026-09-10 04:58:00+00:00,78390.0,BTC
2026-09-10 04:59:00+00:00,78368.71875,BTC
2026-09-10 05:00:00+00:00,78364.2578125,BTC
2026-09-10 05:01:00+00:00,78349.75,BTC
2026-09-10 05:02:00+00:00,78328.5390625,BTC
2026-09-10 05:03:00+00:00,78279.203125,BTC
2026-09-10 05:04:00+00:00,78244.828125,BTC
2026-09-10 05:05:00+00:00,78270.4296875,BTC
2026-09-10 05:06:00+00:00,78261.75,BTC
2026-09-10 05:07:00+00:00,78269.328125,BTC
2026-09-10 05:08:00+00:00,78283.0,BTC
2026-09-10 05:09:00+00:00,78283.5,BTC
2026-09-10 05:10:00+00:00,78318.3671875,BTC
2026-09-10 05:11:00+00:00,78347.8125,BTC
2026-09-10 05:12:00+00:00,78387.828125,BTC
2026-09-10 05:13:00+00:00,78398.7578125,BTC
2026-09-10 05:14:00+00:00,78447.3515625,BTC
2026-09-10 05:15:00+00:00,78417.6015625,BTC
2026-09-10 05:16:00+00:00,78360.15625,BTC
2026-09-10 05:17:00+00:00,78369.2265625,BTC
2026-09-10 05:18:00+00:00,78349.7109375,BTC
2026-09-10 05:19:00+00:00,78355.9609375,BTC
2026-09-10 05:20:00+00:00,78332.296875,BTC
2026-09-10 05:21:00+00:00,78335.65625,BTC
2026-09-10 05:22:00+00:00,78325.3671875,BTC
2026-09-10 05:23:00+00:00,78341.8984375,BTC
2026-09-10 05:24:00+00:00,78357.25,BTC
2026-09-10 05:25:00+00:00,78323.828125,BTC
2026-09-10 05:26:00+00:00,78333.2578125,BTC
2026-09-10 05:27:00+00:00,78333.703125,BTC
2026-09-10 05:28:00+00:00,78467.21875,BTC
2026-09-10 05:29:00+00:00,78447.3125,BTC
2026-09-10 05:30:00+00:00,78434.328125,BTC
2026-09-10 05:31:00+00:00,78472.9609375,BTC
2026-09-10 05:32:00+00:00,78479.2890625,BTC
2026-09-10 05:33:00+00:00,78451.1796875,BTC
2026-09-10 05:34:00+00:00,78446.3671875,BTC
2026-09-10 05:35:00+00:00,78477.109375,BTC
2026-09-10 05:36:00+00:00,78487.03125,BTC
2026-09-10 05:37:00+00:00,78457.28125,BTC
2026-09-10 05:38:00+00:00,78426.2421875,BTC
2026-09-10 05:39:00+00:00,78419.0,BTC
2026-09-10 05:40:00+00:00,78387.96875,BTC
2026-09-10 05:41:00+00:00,78385.2734375,BTC
2026-09-10 05:42:00+00:00,78391.6328125,BTC
2026-09-10 05:43:00+00:00,78386.5234375,BTC
2026-09-10 05:44:00+00:00,78393.109375,BTC
2026-09-10 05:45:00+00:00,78393.109375,BTC
2026-09-10 05:46:00+00:00,78407.6796875,BTC
2026-09-10 05:47:00+00:00,78393.0625,BTC
2026-09-10 05:48:00+00:00,78386.359375,BTC
2026-09-10 05:49:00+00:00,78382.609375,BTC
2026-09-10 05:50:00+00:00,78397.7265625,BTC
2026-09-10 05:51:00+00:00,78398.1015625,BTC
2026-09-10 05:52:00+00:00,78448.90625,BTC
2026-09-10 05:53:00+00:00,78471.8515625,BTC
2026-09-10 05:54:00+00:00,78496.96875,BTC
2026-09-10 05:55:00+00:00,78500.9921875,BTC
2026-09-10 05:56:00+00:00,78471.25,BTC
2026-09-10 05:57:00+00:00,78489.921875,BTC
2026-09-10 05:58:00+00:00,78516.21875,BTC
2026-09-10 05:59:00+00:00,78499.0390625,BTC
2026-09-10 06:00:00+00:00,78487.046875,BTC
2026-09-10 06:01:00+00:00,78487.640625,BTC
2026-09-10 06:02:00+00:00,78465.453125,BTC
2026-09-10 06:03:00+00:00,78452.96875,BTC
2026-09-10 06:04:00+00:00,78418.203125,BTC
2026-09-10 06:05:00+00:00,78392.84375,BTC
2026-09-10 06:06:00+00:00,78426.8984375,BTC
2026-09-10 06:07:00+00:00,78387.859375,BTC
2026-09-10 06:08:00+00:00,78400.0,BTC
2026-09-10 06:09:00+00:00,78389.4296875,BTC
2026-09-10 06:10:00+00:00,78298.4921875,BTC
2026-09-10 06:11:00+00:00,78290.46875,BTC
2026-09-10 06:12:00+00:00,78279.9375,BTC
2026-09-10 06:13:00+00:00,78278.71875,BTC
2026-09-10 06:14:00+00:00,78281.0,BTC
2026-09-10 06:15:00+00:00,78262.390625,BTC
2026-09-10 06:16:00+00:00,78235.6796875,BTC
2026-09-10 06:17:00+00:00,78181.4921875,BTC
2026-09-10 06:18:00+00:00,78174.6328125,BTC
2026-09-10 06:19:00+00:00,78196.2421875,BTC
2026-09-10 06:20:00+00:00,78188.109375,BTC
2026-09-10 06:21:00+00:00,78200.0,BTC
2026-09-10 06:22:00+00:00,78179.5703125,BTC
2026-09-10 06:23:00+00:00,78167.9609375,BTC
2026-09-10 06:24:00+00:00,78192.0,BTC
2026-09-10 06:25:00+00:00,78205.0078125,BTC
2026-09-10 06:26:00+00:00,78203.3125,BTC
2026-09-10 06:27:00+00:00,78204.4609375,BTC
2026-09-10 06:28:00+00:00,78180.53125,BTC
2026-09-10 06:29:00+00:00,78190.0703125,BTC
2026-09-10 06:30:00+00:00,78204.0625,BTC
2026-09-10 06:31:00+00:00,78157.1796875,BTC
2026-09-10 06:32:00+00:00,78151.296875,BTC
2026-09-10 06:33:00+00:00,78141.3125,BTC
2026-09-10 06:34:00+00:00,78139.640625,BTC
2026-09-10 06:35:00+00:00,78154.5078125,BTC
2026-09-10 06:36:00+00:00,78154.5078125,BTC
2026-09-10 06:37:00+00:00,78153.3515625,BTC
2026-09-10 06:38:00+00:00,78153.2109375,BTC
2026-09-10 06:39:00+00:00,78176.28125,BTC
2026-09-10 06:40:00+00:00,78221.5390625,BTC
2026-09-10 06:41:00+00:00,78230.828125,BTC
2026-09-10 06:42:00+00:00,78245.1875,BTC
2026-09-10 06:43:00+00:00,78167.6796875,BTC
2026-09-10 06:44:00+00:00,78177.2109375,BTC
2026-09-10 06:45:00+00:00,78205.0,BTC
2026-09-10 06:46:00+00:00,78308.46875,BTC
2026-09-10 06:47:00+00:00,78367.9921875,BTC
2026-09-10 06:48:00+00:00,78368.8515625,BTC
2026-09-10 06:49:00+00:00,78427.5078125,BTC
2026-09-10 06:50:00+00:00,78498.7890625,BTC
2026-09-10 06:51:00+00:00,78472.203125,BTC
2026-09-10 06:52:00+00:00,78437.4375,BTC
2026-09-10 06:53:00+00:00,78410.1171875,BTC
2026-09-10 06:54:00+00:00,78397.7578125,BTC
2026-09-10 06:55:00+00:00,78417.59375,BTC
2026-09-10 06:56:00+00:00,78435.796875,BTC
2026-09-10 06:57:00+00:00,78417.078125,BTC
2026-09-10 06:58:00+00:00,78397.2734375,BTC
2026-09-10 06:59:00+00:00,78389.703125,BTC
2026-09-10 07:00:00+00:00,78347.328125,BTC
2026-09-10 07:01:00+00:00,78301.2734375,BTC
2026-09-10 07:02:00+00:00,78283.5234375,BTC
2026-09-10 07:03:00+00:00,78283.5234375,BTC
2026-09-10 07:04:00+00:00,78234.7265625,BTC
2026-09-10 07:05:00+00:00,78157.5625,BTC
2026-09-10 07:06:00+00:00,78197.9296875,BTC
2026-09-10 07:07:00+00:00,78163.90625,BTC
2026-09-10 07:08:00+00:00,78135.9296875,BTC
2026-09-10 07:09:00+00:00,78174.9765625,BTC
2026-09-10 07:10:00+00:00,78209.2578125,BTC
2026-09-10 07:11:00+00:00,78202.8984375,BTC
2026-09-10 07:12:00+00:00,78202.8984375,BTC
2026-09-10 07:13:00+00:00,78198.5234375,BTC
2026-09-10 07:14:00+00:00,78191.0390625,BTC
2026-09-10 07:15:00+00:00,78179.8828125,BTC
2026-09-10 07:16:00+00:00,78163.390625,BTC
2026-09-10 07:17:00+00:00,78169.078125,BTC
2026-09-10 07:18:00+00:00,78169.078125,BTC
2026-09-10 07:19:00+00:00,78169.6015625,BTC
2026-09-10 07:20:00+00:00,78132.2421875,BTC
2026-09-10 07:21:00+00:00,78101.21875,BTC
2026-09-10 07:22:00+00:00,78070.40625,BTC
2026-09-10 07:23:00+00:00,78084.578125,BTC
2026-09-10 07:24:00+00:00,78065.6796875,BTC
2026-09-10 07:25:00+00:00,78029.3125,BTC
2026-09-10 07:26:00+00:00,78038.6875,BTC
2026-09-10 07:27:00+00:00,78039.9609375,BTC
2026-09-10 07:28:00+00:00,78013.1875,BTC
2026-09-10 07:29:00+00:00,77998.390625,BTC
2026-09-10 07:30:00+00:00,78010.96875,BTC
2026-09-10 07:31:00+00:00,77997.328125,BTC
2026-09-10 07:32:00+00:00,77969.609375,BTC
2026-09-10 07:33:00+00:00,77931.25,BTC
2026-09-10 07:34:00+00:00,77906.8828125,BTC
2026-09-10 07:35:00+00:00,77961.390625,BTC
2026-09-10 07:36:00+00:00,77937.7109375,BTC
2026-09-10 07:37:00+00:00,77955.140625,BTC
2026-09-10 07:38:00+00:00,77965.5625,BTC
2026-09-10 07:39:00+00:00,77935.9296875,BTC
2026-09-10 07:40:00+00:00,77951.359375,BTC
2026-09-10 07:41:00+00:00,77961.2734375,BTC
2026-09-10 07:42:00+00:00,77953.1484375,BTC
2026-09-10 07:43:00+00:00,77965.921875,BTC
2026-09-10 07:44:00+00:00,77979.9921875,BTC
2026-09-10 07:45:00+00:00,78019.7734375,BTC
2026-09-10 07:46:00+00:00,78010.8671875,BTC
2026-09-10 07:47:00+00:00,78030.7109375,BTC
2026-09-10 07:48:00+00:00,78033.3515625,BTC
2026-09-10 07:49:00+00:00,78039.3984375,BTC
2026-09-10 07:50:00+00:00,78060.4375,BTC
2026-09-10 07:51:00+00:00,78069.5,BTC
2026-09-10 07:52:00+00:00,78118.4609375,BTC
2026-09-10 07:53:00+00:00,78080.3203125,BTC
2026-09-10 07:54:00+00:00,78090.8984375,BTC
2026-09-10 07:55:00+00:00,78093.1171875,BTC
2026-09-10 07:56:00+00:00,78078.296875,BTC
2026-09-10 07:57:00+00:00,78086.5,BTC
2026-09-10 07:58:00+00:00,78085.8125,BTC
2026-09-10 07:59:00+00:00,78079.5078125,BTC
2026-09-10 08:00:00+00:00,78106.390625,BTC
2026-09-10 08:01:00+00:00,78072.6015625,BTC
2026-09-10 08:02:00+00:00,78110.59375,BTC
2026-09-10 08:03:00+00:00,78082.0234375,BTC
2026-09-10 08:04:00+00:00,78093.34375,BTC
2026-09-10 08:05:00+00:00,78099.7890625,BTC
2026-09-10 08:06:00+00:00,78071.9375,BTC
2026-09-10 08:07:00+00:00,78111.3828125,BTC
2026-09-10 08:08:00+00:00,78135.5,BTC
2026-09-10 08:09:00+00:00,78111.3828125,BTC
2026-09-10 08:10:00+00:00,78115.3984375,BTC
2026-09-10 08:11:00+00:00,78094.6875,BTC
2026-09-10 08:12:00+00:00,78083.578125,BTC
2026-09-10 08:13:00+00:00,78048.96875,BTC
2026-09-10 08:14:00+00:00,78049.7578125,BTC
2026-09-10 08:15:00+00:00,78027.3203125,BTC
2026-09-10 08:16:00+00:00,78060.9609375,BTC
2026-09-10 08:17:00+00:00,78065.1328125,BTC
2026-09-10 08:18:00+00:00,78023.109375,BTC
2026-09-10 08:19:00+00:00,78043.8984375,BTC
2026-09-10 08:20:00+00:00,78059.9765625,BTC
2026-09-10 08:21:00+00:00,78099.0625,BTC
2026-09-10 08:22:00+00:00,78100.921875,BTC
2026-09-10 08:23:00+00:00,78123.6875,BTC
2026-09-10 08:24:00+00:00,78132.1875,BTC
2026-09-10 08:25:00+00:00,78091.953125,BTC
2026-09-10 08:26:00+00:00,78109.4765625,BTC
2026-09-10 08:27:00+00:00,78080.390625,BTC
2026-09-10 08:28:00+00:00,78146.2109375,BTC
2026-09-10 08:29:00+00:00,78146.21875,BTC
2026-09-10 08:30:00+00:00,78114.8671875,BTC
2026-09-10 08:31:00+00:00,78089.5625,BTC
2026-09-10 08:32:00+00:00,78042.171875,BTC
2026-09-10 08:33:00+00:00,78084.3515625,BTC
2026-09-10 08:34:00+00:00,78088.3984375,BTC
2026-09-10 08:35:00+00:00,78076.1875,BTC
2026-09-10 08:36:00+00:00,78111.578125,BTC
2026-09-10 08:37:00+00:00,78121.953125,BTC
2026-09-10 08:38:00+00:00,78104.1796875,BTC
2026-09-10 08:39:00+00:00,78096.0234375,BTC
2026-09-10 08:40:00+00:00,78086.1015625,BTC
2026-09-10 08:41:00+00:00,78059.15625,BTC
2026-09-10 08:42:00+00:00,78053.1328125,BTC
2026-09-10 08:43:00+00:00,78056.953125,BTC
2026-09-10 08:44:00+00:00,78076.203125,BTC
2026-09-10 08:45:00+00:00,78066.796875,BTC
2026-09-10 08:46:00+00:00,78081.9609375,BTC
2026-09-10 08:47:00+00:00,78089.84375,BTC
2026-09-10 08:48:00+00:00,78069.5078125,BTC
2026-09-10 08:49:00+00:00,78072.78125,BTC
2026-09-10 08:50:00+00:00,78065.4609375,BTC
2026-09-10 08:51:00+00:00,78117.71875,BTC
2026-09-10 08:52:00+00:00,78124.4765625,BTC
2026-09-10 08:53:00+00:00,78128.796875,BTC
2026-09-10 08:54:00+00:00,78137.5390625,BTC
2026-09-10 08:55:00+00:00,78113.5078125,BTC
2026-09-10 08:56:00+00:00,78091.53125,BTC
2026-09-10 08:57:00+00:00,78078.1796875,BTC
2026-09-10 08:58:00+00:00,78085.0703125,BTC
2026-09-10 08:59:00+00:00,78085.4609375,BTC
2026-09-10 09:00:00+00:00,78100.9296875,BTC
2026-09-10 09:01:00+00:00,78123.890625,BTC
2026-09-10 09:02:00+00:00,78116.8671875,BTC
2026-09-10 09:03:00+00:00,78148.34375,BTC
2026-09-10 09:04:00+00:00,78150.796875,BTC
2026-09-10 09:05:00+00:00,78131.3125,BTC
2026-09-10 09:06:00+00:00,78158.4609375,BTC
2026-09-10 09:07:00+00:00,78172.6171875,BTC
2026-09-10 09:08:00+00:00,78123.71875,BTC
2026-09-10 09:09:00+00:00,78079.921875,BTC
2026-09-10 09:10:00+00:00,78087.1171875,BTC
2026-09-10 09:11:00+00:00,78106.5390625,BTC
2026-09-10 09:12:00+00:00,78118.640625,BTC
2026-09-10 09:13:00+00:00,78102.1015625,BTC
2026-09-10 09:14:00+00:00,78129.03125,BTC
2026-09-10 09:15:00+00:00,78124.40625,BTC
2026-09-10 09:16:00+00:00,78127.1875,BTC
2026-09-10 09:17:00+00:00,78131.7734375,BTC
2026-09-10 09:18:00+00:00,78155.921875,BTC
2026-09-10 09:19:00+00:00,78156.7890625,BTC
2026-09-10 09:20:00+00:00,78160.78125,BTC
2026-09-10 09:21:00+00:00,78150.2265625,BTC
2026-09-10 09:22:00+00:00,78154.9765625,BTC
2026-09-10 09:23:00+00:00,78170.1484375,BTC
2026-09-10 09:24:00+00:00,78164.2890625,BTC
2026-09-10 09:25:00+00:00,78139.109375,BTC
2026-09-10 09:26:00+00:00,78134.671875,BTC
2026-09-10 09:27:00+00:00,78187.046875,BTC
2026-09-10 09:28:00+00:00,78174.703125,BTC
2026-09-10 09:29:00+00:00,78173.109375,BTC
2026-09-10 09:30:00+00:00,78126.1875,BTC
2026-09-10 09:31:00+00:00,78080.6015625,BTC
2026-09-10 09:32:00+00:00,78067.8515625,BTC
2026-09-10 09:33:00+00:00,78073.0625,BTC
2026-09-10 09:34:00+00:00,78099.1484375,BTC
2026-09-10 09:35:00+00:00,78036.4609375,BTC
2026-09-10 09:36:00+00:00,78045.5078125,BTC
2026-09-10 09:37:00+00:00,78030.421875,BTC
2026-09-10 09:38:00+00:00,77963.609375,BTC
2026-09-10 09:39:00+00:00,77963.609375,BTC
2026-09-10 09:40:00+00:00,77934.34375,BTC
2026-09-10 09:41:00+00:00,77911.2890625,BTC
2026-09-10 09:42:00+00:00,77909.40625,BTC
2026-09-10 09:43:00+00:00,77954.4765625,BTC
2026-09-10 09:44:00+00:00,77934.8203125,BTC
2026-09-10 09:45:00+00:00,77933.1484375,BTC
2026-09-10 09:46:00+00:00,77963.953125,BTC
2026-09-10 09:47:00+00:00,77957.96875,BTC
2026-09-10 09:48:00+00:00,77956.71875,BTC
2026-09-10 09:49:00+00:00,77966.7734375,BTC
2026-09-10 09:50:00+00:00,77960.8203125,BTC
2026-09-10 09:51:00+00:00,77950.15625,BTC
2026-09-10 09:52:00+00:00,77975.140625,BTC
2026-09-10 09:53:00+00:00,77993.4609375,BTC
2026-09-10 09:54:00+00:00,77976.9765625,BTC
2026-09-10 09:55:00+00:00,77955.5390625,BTC
2026-09-10 09:56:00+00:00,77979.65625,BTC
2026-09-10 09:57:00+00:00,77921.8203125,BTC
2026-09-10 09:58:00+00:00,77933.2578125,BTC
2026-09-10 09:59:00+00:00,77941.96875,BTC
2026-09-10 10:00:00+00:00,77944.9375,BTC
2026-09-10 10:01:00+00:00,77931.6484375,BTC
2026-09-10 10:02:00+00:00,77987.1171875,BTC
2026-09-10 10:03:00+00:00,78004.7265625,BTC
2026-09-10 10:04:00+00:00,77984.8125,BTC
2026-09-10 10:05:00+00:00,77975.1796875,BTC
2026-09-10 10:06:00+00:00,77995.28125,BTC
2026-09-10 10:07:00+00:00,77958.609375,BTC
2026-09-10 10:08:00+00:00,77968.609375,BTC
2026-09-10 10:09:00+00:00,77931.328125,BTC
2026-09-10 10:10:00+00:00,77952.3984375,BTC
2026-09-10 10:11:00+00:00,77962.7890625,BTC
2026-09-10 10:12:00+00:00,77932.796875,BTC
2026-09-10 10:13:00+00:00,77934.5234375,BTC
2026-09-10 10:14:00+00:00,77962.53125,BTC
2026-09-10 10:15:00+00:00,77982.1171875,BTC
2026-09-10 10:16:00+00:00,77964.3828125,BTC
2026-09-10 10:17:00+00:00,77949.5234375,BTC
2026-09-10 10:18:00+00:00,77949.6328125,BTC
2026-09-10 10:19:00+00:00,77972.7265625,BTC
2026-09-10 10:20:00+00:00,77975.75,BTC
2026-09-10 10:21:00+00:00,77992.546875,BTC
2026-09-10 10:22:00+00:00,77969.1875,BTC
2026-09-10 10:23:00+00:00,77938.84375,BTC
2026-09-10 10:24:00+00:00,77915.703125,BTC
2026-09-10 10:25:00+00:00,77941.2890625,BTC
2026-09-10 10:26:00+00:00,77930.4609375,BTC
2026-09-10 10:27:00+00:00,77931.359375,BTC
2026-09-10 10:28:00+00:00,77953.0390625,BTC
2026-09-10 10:29:00+00:00,77954.6171875,BTC
2026-09-10 10:30:00+00:00,77917.6171875,BTC
2026-09-10 10:31:00+00:00,77900.0078125,BTC
2026-09-10 10:32:00+00:00,77882.96875,BTC
2026-09-10 10:33:00+00:00,77855.96875,BTC
2026-09-10 10:34:00+00:00,77861.953125,BTC
2026-09-10 10:35:00+00:00,77885.0,BTC
2026-09-10 10:36:00+00:00,77918.8515625,BTC
2026-09-10 10:37:00+00:00,77978.8984375,BTC
2026-09-10 10:38:00+00:00,77988.6328125,BTC
2026-09-10 10:39:00+00:00,77985.21875,BTC
2026-09-10 10:40:00+00:00,78008.5390625,BTC
2026-09-10 10:41:00+00:00,78009.96875,BTC
2026-09-10 10:42:00+00:00,77989.296875,BTC
2026-09-10 10:43:00+00:00,77955.171875,BTC
2026-09-10 10:44:00+00:00,77962.890625,BTC
2026-09-10 10:45:00+00:00,77950.7109375,BTC
2026-09-10 10:46:00+00:00,77948.578125,BTC
2026-09-10 10:47:00+00:00,77949.9609375,BTC
2026-09-10 10:48:00+00:00,77948.8515625,BTC
2026-09-10 10:49:00+00:00,77948.84375,BTC
2026-09-10 10:50:00+00:00,77942.890625,BTC
2026-09-10 10:51:00+00:00,77898.03125,BTC
2026-09-10 10:52:00+00:00,77879.78125,BTC
2026-09-10 10:53:00+00:00,77871.6015625,BTC
2026-09-10 10:54:00+00:00,77865.0625,BTC
2026-09-10 10:55:00+00:00,77849.96875,BTC
2026-09-10 10:56:00+00:00,77978.0703125,BTC
2026-09-10 10:57:00+00:00,77912.0234375,BTC
2026-09-10 10:58:00+00:00,77857.2421875,BTC
2026-09-10 10:59:00+00:00,77825.7265625,BTC
2026-09-10 11:00:00+00:00,77825.8125,BTC
2026-09-10 11:01:00+00:00,77805.8828125,BTC
2026-09-10 11:02:00+00:00,77793.671875,BTC
2026-09-10 11:03:00+00:00,77829.46875,BTC
2026-09-10 11:04:00+00:00,77714.0078125,BTC
2026-09-10 11:05:00+00:00,77719.2578125,BTC
2026-09-10 11:06:00+00:00,77720.859375,BTC
2026-09-10 11:07:00+00:00,77784.40625,BTC
2026-09-10 11:08:00+00:00,77809.1796875,BTC
2026-09-10 11:09:00+00:00,77788.6328125,BTC
2026-09-10 11:10:00+00:00,77829.9765625,BTC
2026-09-10 11:11:00+00:00,77798.8515625,BTC
2026-09-10 11:12:00+00:00,77802.0625,BTC
2026-09-10 11:13:00+00:00,77861.328125,BTC
2026-09-10 11:14:00+00:00,77894.390625,BTC
2026-09-10 11:15:00+00:00,77982.3515625,BTC
2026-09-10 11:16:00+00:00,77957.671875,BTC
2026-09-10 11:17:00+00:00,77943.4609375,BTC
2026-09-10 11:18:00+00:00,77953.96875,BTC
2026-09-10 11:19:00+00:00,77941.5625,BTC
2026-09-10 11:20:00+00:00,77974.6484375,BTC
2026-09-10 11:21:00+00:00,77953.1171875,BTC
2026-09-10 11:22:00+00:00,77968.328125,BTC
2026-09-10 11:23:00+00:00,77971.0078125,BTC
2026-09-10 11:24:00+00:00,77998.5078125,BTC
2026-09-10 11:25:00+00:00,77982.3203125,BTC
2026-09-10 11:26:00+00:00,77945.7265625,BTC
2026-09-10 11:27:00+00:00,77964.3828125,BTC
2026-09-10 11:28:00+00:00,77967.8203125,BTC
2026-09-10 11:29:00+00:00,77984.8203125,BTC
2026-09-10 11:30:00+00:00,77993.828125,BTC
2026-09-10 11:31:00+00:00,77983.40625,BTC
2026-09-10 11:32:00+00:00,78018.96875,BTC
2026-09-10 11:33:00+00:00,78019.453125,BTC
2026-09-10 11:34:00+00:00,78027.7578125,BTC
2026-09-10 11:35:00+00:00,78018.75,BTC
2026-09-10 11:36:00+00:00,77994.6796875,BTC
2026-09-10 11:37:00+00:00,77985.640625,BTC
2026-09-10 11:38:00+00:00,78001.6328125,BTC
2026-09-10 11:39:00+00:00,78016.1171875,BTC
2026-09-10 11:40:00+00:00,77999.4921875,BTC
2026-09-10 11:41:00+00:00,78005.40625,BTC
2026-09-10 11:42:00+00:00,78010.546875,BTC
2026-09-10 11:43:00+00:00,77970.5390625,BTC
2026-09-10 11:44:00+00:00,77978.203125,BTC
2026-09-10 11:45:00+00:00,77971.25,BTC
2026-09-10 11:46:00+00:00,77952.6015625,BTC
2026-09-10 11:47:00+00:00,77873.578125,BTC
2026-09-10 11:48:00+00:00,77902.359375,BTC
2026-09-10 11:49:00+00:00,77934.5,BTC
2026-09-10 11:50:00+00:00,77868.6328125,BTC
2026-09-10 11:51:00+00:00,77842.59375,BTC
2026-09-10 11:52:00+00:00,77861.9609375,BTC
2026-09-10 11:53:00+00:00,77941.609375,BTC
2026-09-10 11:54:00+00:00,77883.859375,BTC
2026-09-10 11:55:00+00:00,77835.34375,BTC
2026-09-10 11:56:00+00:00,77800.0,BTC
2026-09-10 11:57:00+00:00,77832.65625,BTC
2026-09-10 11:58:00+00:00,77854.203125,BTC
2026-09-10 11:59:00+00:00,77820.75,BTC
2026-09-10 12:00:00+00:00,77830.5703125,BTC
2026-09-10 12:01:00+00:00,77824.6796875,BTC
2026-09-10 12:02:00+00:00,77811.4921875,BTC
2026-09-10 12:03:00+00:00,77777.78125,BTC
2026-09-10 12:04:00+00:00,77760.09375,BTC
2026-09-10 12:05:00+00:00,77758.9296875,BTC
2026-09-10 12:06:00+00:00,77720.859375,BTC
2026-09-10 12:07:00+00:00,77710.328125,BTC
2026-09-10 12:08:00+00:00,77694.8984375,BTC
2026-09-10 12:09:00+00:00,77697.65625,BTC
2026-09-10 12:10:00+00:00,77701.34375,BTC
2026-09-10 12:11:00+00:00,77704.15625,BTC
2026-09-10 12:12:00+00:00,77696.3203125,BTC
2026-09-10 12:13:00+00:00,77789.7578125,BTC
2026-09-10 12:14:00+00:00,77801.1015625,BTC
2026-09-10 12:15:00+00:00,77763.0,BTC
2026-09-10 12:16:00+00:00,77719.40625,BTC
2026-09-10 12:17:00+00:00,77727.1484375,BTC
2026-09-10 12:18:00+00:00,77758.6171875,BTC
2026-09-10 12:19:00+00:00,77700.0,BTC
2026-09-10 12:20:00+00:00,77653.46875,BTC
2026-09-10 12:21:00+00:00,77676.7890625,BTC
2026-09-10 12:22:00+00:00,77691.2578125,BTC
2026-09-10 12:23:00+00:00,77727.1484375,BTC
2026-09-10 12:24:00+00:00,77703.4921875,BTC
2026-09-10 12:25:00+00:00,77726.7109375,BTC
2026-09-10 12:26:00+00:00,77714.3671875,BTC
2026-09-10 12:27:00+00:00,77695.53125,BTC
2026-09-10 12:28:00+00:00,77710.078125,BTC
2026-09-10 12:29:00+00:00,77732.65625,BTC
2026-09-10 12:30:00+00:00,77708.4921875,BTC
2026-09-10 12:31:00+00:00,77555.0078125,BTC
2026-09-10 12:32:00+00:00,77474.2265625,BTC
2026-09-10 12:33:00+00:00,77448.546875,BTC
2026-09-10 12:34:00+00:00,77355.7734375,BTC
2026-09-10 12:35:00+00:00,77400.0,BTC
2026-09-10 12:36:00+00:00,77345.0078125,BTC
2026-09-10 12:37:00+00:00,77281.578125,BTC
2026-09-10 12:38:00+00:00,77089.0,BTC
2026-09-10 12:39:00+00:00,77053.96875,BTC
2026-09-10 12:40:00+00:00,77144.296875,BTC
2026-09-10 12:41:00+00:00,77145.03125,BTC
2026-09-10 12:42:00+00:00,77172.3828125,BTC
2026-09-10 12:43:00+00:00,77119.828125,BTC
2026-09-10 12:44:00+00:00,77096.5,BTC
2026-09-10 12:45:00+00:00,77076.0625,BTC
2026-09-10 12:46:00+00:00,76900.0,BTC
2026-09-10 12:47:00+00:00,76913.46875,BTC
2026-09-10 12:48:00+00:00,76928.7890625,BTC
2026-09-10 12:49:00+00:00,77003.1875,BTC
2026-09-10 12:50:00+00:00,77085.546875,BTC
2026-09-10 12:51:00+00:00,77001.5625,BTC
2026-09-10 12:52:00+00:00,76939.7265625,BTC
2026-09-10 12:53:00+00:00,76838.2265625,BTC
2026-09-10 12:54:00+00:00,76817.7421875,BTC
2026-09-10 12:55:00+00:00,76690.7578125,BTC
2026-09-10 12:56:00+00:00,76716.0625,BTC
2026-09-10 12:57:00+00:00,76867.5234375,BTC
2026-09-10 12:58:00+00:00,76815.8203125,BTC
2026-09-10 12:59:00+00:00,76867.2421875,BTC
2026-09-10 13:00:00+00:00,76926.3203125,BTC
2026-09-10 13:01:00+00:00,76965.2421875,BTC
2026-09-10 13:02:00+00:00,77053.96875,BTC
2026-09-10 13:03:00+00:00,77023.03125,BTC
2026-09-10 13:04:00+00:00,77028.75,BTC
2026-09-10 13:05:00+00:00,77004.1875,BTC
2026-09-10 13:06:00+00:00,77049.640625,BTC
2026-09-10 13:07:00+00:00,76972.421875,BTC
2026-09-10 13:08:00+00:00,76940.3203125,BTC
2026-09-10 13:09:00+00:00,76946.7734375,BTC
2026-09-10 13:10:00+00:00,76937.5078125,BTC
2026-09-10 13:11:00+00:00,76922.828125,BTC
2026-09-10 13:12:00+00:00,76789.546875,BTC
2026-09-10 13:13:00+00:00,76756.6875,BTC
2026-09-10 13:14:00+00:00,76808.0078125,BTC
2026-09-10 13:15:00+00:00,76830.0,BTC
2026-09-10 13:16:00+00:00,76840.5390625,BTC
2026-09-10 13:17:00+00:00,76819.53125,BTC
2026-09-10 13:18:00+00:00,76792.2109375,BTC
2026-09-10 13:19:00+00:00,76730.703125,BTC
2026-09-10 13:20:00+00:00,76757.5234375,BTC
2026-09-10 13:21:00+00:00,76869.3671875,BTC
2026-09-10 13:22:00+00:00,76904.0078125,BTC
2026-09-10 13:23:00+00:00,76899.6328125,BTC
2026-09-10 13:24:00+00:00,76860.5234375,BTC
2026-09-10 13:25:00+00:00,76832.6015625,BTC
2026-09-10 13:26:00+00:00,76873.109375,BTC
2026-09-10 13:27:00+00:00,76885.4296875,BTC
2026-09-10 13:28:00+00:00,76937.25,BTC
2026-09-10 13:29:00+00:00,76904.6796875,BTC
2026-09-10 13:30:00+00:00,76776.4375,BTC
2026-09-10 13:31:00+00:00,76738.2890625,BTC
2026-09-10 13:32:00+00:00,76854.59375,BTC
2026-09-10 13:33:00+00:00,76857.046875,BTC
2026-09-10 13:34:00+00:00,76904.09375,BTC
2026-09-10 13:35:00+00:00,76910.0,BTC
2026-09-10 13:36:00+00:00,77055.15625,BTC
2026-09-10 13:37:00+00:00,76974.3125,BTC
2026-09-10 13:38:00+00:00,76969.296875,BTC
2026-09-10 13:39:00+00:00,77026.359375,BTC
2026-09-10 13:40:00+00:00,76960.6875,BTC
2026-09-10 13:41:00+00:00,76974.9609375,BTC
2026-09-10 13:42:00+00:00,76918.640625,BTC
2026-09-10 13:43:00+00:00,76960.3125,BTC
2026-09-10 13:44:00+00:00,76905.640625,BTC
2026-09-10 13:45:00+00:00,76956.203125,BTC
2026-09-10 13:46:00+00:00,77000.7578125,BTC
2026-09-10 13:47:00+00:00,77035.1484375,BTC
2026-09-10 13:48:00+00:00,76987.1484375,BTC
2026-09-10 13:49:00+00:00,77060.1328125,BTC
2026-09-10 13:50:00+00:00,76943.0234375,BTC
2026-09-10 13:51:00+00:00,76930.7109375,BTC
2026-09-10 13:52:00+00:00,77095.96875,BTC
2026-09-10 13:53:00+00:00,77165.34375,BTC
2026-09-10 13:54:00+00:00,77122.2578125,BTC
2026-09-10 13:55:00+00:00,77131.3828125,BTC
2026-09-10 13:56:00+00:00,77151.7734375,BTC
2026-09-10 13:57:00+00:00,77165.5390625,BTC
2026-09-10 13:58:00+00:00,77188.3828125,BTC
2026-09-10 13:59:00+00:00,77145.0234375,BTC
2026-09-10 14:00:00+00:00,77244.9921875,BTC
2026-09-10 14:01:00+00:00,77277.9375,BTC
2026-09-10 14:02:00+00:00,77271.21875,BTC
2026-09-10 14:03:00+00:00,77243.3125,BTC
2026-09-10 14:04:00+00:00,77213.2890625,BTC
2026-09-10 14:05:00+00:00,77106.4375,BTC
2026-09-10 14:06:00+00:00,77108.2890625,BTC
2026-09-10 14:07:00+00:00,77002.7265625,BTC
2026-09-10 14:08:00+00:00,76968.2578125,BTC
2026-09-10 14:09:00+00:00,77018.390625,BTC
2026-09-10 14:10:00+00:00,76974.3203125,BTC
2026-09-10 14:11:00+00:00,77055.90625,BTC
2026-09-10 14:12:00+00:00,77093.71875,BTC
2026-09-10 14:13:00+00:00,77089.578125,BTC
2026-09-10 14:14:00+00:00,77052.8125,BTC
2026-09-10 14:15:00+00:00,77010.7578125,BTC
2026-09-10 14:16:00+00:00,76999.9375,BTC
2026-09-10 14:17:00+00:00,76953.7265625,BTC
2026-09-10 14:18:00+00:00,76920.96875,BTC
2026-09-10 14:19:00+00:00,77033.9921875,BTC
2026-09-10 14:20:00+00:00,77035.6328125,BTC
2026-09-10 14:21:00+00:00,77016.703125,BTC
2026-09-10 14:22:00+00:00,77128.28125,BTC
2026-09-10 14:23:00+00:00,77119.1015625,BTC
2026-09-10 14:24:00+00:00,77225.328125,BTC
2026-09-10 14:25:00+00:00,77333.9921875,BTC
2026-09-10 14:26:00+00:00,77258.8125,BTC
2026-09-10 14:27:00+00:00,77263.2265625,BTC
2026-09-10 14:28:00+00:00,77339.4921875,BTC
2026-09-10 14:29:00+00:00,77245.90625,BTC
2026-09-10 14:30:00+00:00,77243.1171875,BTC
2026-09-10 14:31:00+00:00,77236.6328125,BTC
2026-09-10 14:32:00+00:00,77245.8125,BTC
2026-09-10 14:33:00+00:00,77266.71875,BTC
2026-09-10 14:34:00+00:00,77264.828125,BTC
2026-09-10 14:35:00+00:00,77300.34375,BTC
2026-09-10 14:36:00+00:00,77304.328125,BTC
2026-09-10 14:37:00+00:00,77302.6875,BTC
2026-09-10 14:38:00+00:00,77232.140625,BTC
2026-09-10 14:39:00+00:00,77217.2109375,BTC
2026-09-10 14:40:00+00:00,77250.546875,BTC
2026-09-10 14:41:00+00:00,77281.59375,BTC
2026-09-10 14:42:00+00:00,77242.0625,BTC
2026-09-10 14:43:00+00:00,77243.203125,BTC
2026-09-10 14:44:00+00:00,77251.5078125,BTC
2026-09-10 14:45:00+00:00,77293.359375,BTC
2026-09-10 14:46:00+00:00,77374.7578125,BTC
2026-09-10 14:47:00+00:00,77307.6875,BTC
2026-09-10 14:48:00+00:00,77321.6328125,BTC
2026-09-10 14:49:00+00:00,77290.0078125,BTC
2026-09-10 14:50:00+00:00,77258.8203125,BTC
2026-09-10 14:51:00+00:00,77251.2734375,BTC
2026-09-10 14:52:00+00:00,77312.578125,BTC
2026-09-10 14:53:00+00:00,77353.4609375,BTC
2026-09-10 14:54:00+00:00,77367.3203125,BTC
2026-09-10 14:55:00+00:00,77363.40625,BTC
2026-09-10 14:56:00+00:00,77403.671875,BTC
2026-09-10 14:57:00+00:00,77371.6796875,BTC
2026-09-10 14:58:00+00:00,77361.21875,BTC
2026-09-10 14:59:00+00:00,77390.796875,BTC
2026-09-10 15:00:00+00:00,77301.09375,BTC
2026-09-10 15:01:00+00:00,77247.1328125,BTC
2026-09-10 15:02:00+00:00,77240.2109375,BTC
2026-09-10 15:03:00+00:00,77297.7890625,BTC
2026-09-10 15:04:00+00:00,77257.2578125,BTC
2026-09-10 15:05:00+00:00,77335.640625,BTC
2026-09-10 15:06:00+00:00,77296.6171875,BTC
2026-09-10 15:07:00+00:00,77319.9921875,BTC
2026-09-10 15:08:00+00:00,77331.046875,BTC
2026-09-10 15:09:00+00:00,77315.75,BTC
2026-09-10 15:10:00+00:00,77379.359375,BTC
2026-09-10 15:11:00+00:00,77319.6328125,BTC
2026-09-10 15:12:00+00:00,77304.34375,BTC
2026-09-10 15:13:00+00:00,77315.0,BTC
2026-09-10 15:14:00+00:00,77309.40625,BTC
2026-09-10 15:15:00+00:00,77303.671875,BTC
2026-09-10 15:16:00+00:00,77300.0,BTC
2026-09-10 15:17:00+00:00,77228.359375,BTC
2026-09-10 15:18:00+00:00,77210.7265625,BTC
2026-09-10 15:19:00+00:00,77227.078125,BTC
2026-09-10 15:20:00+00:00,77175.9609375,BTC
2026-09-10 15:21:00+00:00,77176.6171875,BTC
2026-09-10 15:22:00+00:00,77185.4375,BTC
2026-09-10 15:23:00+00:00,77152.8671875,BTC
2026-09-10 15:24:00+00:00,77142.75,BTC
2026-09-10 15:25:00+00:00,77106.3984375,BTC
2026-09-10 15:26:00+00:00,77078.7109375,BTC
2026-09-10 15:27:00+00:00,77099.4921875,BTC
2026-09-10 15:28:00+00:00,77101.7734375,BTC
2026-09-10 15:29:00+00:00,77075.8515625,BTC
2026-09-10 15:30:00+00:00,77107.578125,BTC
2026-09-10 15:31:00+00:00,77105.9296875,BTC
2026-09-10 15:32:00+00:00,77109.34375,BTC
2026-09-10 15:33:00+00:00,77164.5390625,BTC
2026-09-10 15:34:00+00:00,77130.4296875,BTC
2026-09-10 15:35:00+00:00,77147.703125,BTC
2026-09-10 15:36:00+00:00,77247.0,BTC
2026-09-10 15:37:00+00:00,77291.2421875,BTC
2026-09-10 15:38:00+00:00,77278.2265625,BTC
2026-09-10 15:39:00+00:00,77244.3828125,BTC
2026-09-10 15:40:00+00:00,77184.0078125,BTC
2026-09-10 15:41:00+00:00,77192.296875,BTC
2026-09-10 15:42:00+00:00,77193.5234375,BTC
2026-09-10 15:43:00+00:00,77198.21875,BTC
2026-09-10 15:44:00+00:00,77185.59375,BTC
2026-09-10 15:45:00+00:00,77212.09375,BTC
2026-09-10 15:46:00+00:00,77100.0078125,BTC
2026-09-10 15:47:00+00:00,77084.9375,BTC
2026-09-10 15:48:00+00:00,77107.1015625,BTC
2026-09-10 15:49:00+00:00,77152.3828125,BTC
2026-09-10 15:50:00+00:00,77158.7421875,BTC
2026-09-10 15:51:00+00:00,77125.921875,BTC
2026-09-10 15:52:00+00:00,77172.109375,BTC
2026-09-10 15:53:00+00:00,77130.09375,BTC
2026-09-10 15:54:00+00:00,77111.0078125,BTC
2026-09-10 15:55:00+00:00,77117.2109375,BTC
2026-09-10 15:56:00+00:00,77166.9765625,BTC
2026-09-10 15:57:00+00:00,77175.28125,BTC
2026-09-10 15:58:00+00:00,77191.96875,BTC
2026-09-10 15:59:00+00:00,77218.7421875,BTC
2026-09-10 16:00:00+00:00,77258.8125,BTC
2026-09-10 16:01:00+00:00,77213.7734375,BTC
2026-09-10 16:02:00+00:00,77129.703125,BTC
2026-09-10 16:03:00+00:00,77069.59375,BTC
2026-09-10 16:04:00+00:00,77059.6015625,BTC
2026-09-10 16:05:00+00:00,77073.96875,BTC
2026-09-10 16:06:00+00:00,77055.28125,BTC
2026-09-10 16:07:00+00:00,76992.0078125,BTC
2026-09-10 16:08:00+00:00,76921.84375,BTC
2026-09-10 16:09:00+00:00,76880.9921875,BTC
2026-09-10 16:10:00+00:00,76906.328125,BTC
2026-09-10 16:11:00+00:00,76876.609375,BTC
2026-09-10 16:12:00+00:00,76947.7265625,BTC
2026-09-10 16:13:00+00:00,76953.4765625,BTC
2026-09-10 16:14:00+00:00,76943.34375,BTC
2026-09-10 16:15:00+00:00,76951.078125,BTC
2026-09-10 16:16:00+00:00,76901.28125,BTC
2026-09-10 16:17:00+00:00,76879.8203125,BTC
2026-09-10 16:18:00+00:00,76860.7734375,BTC
2026-09-10 16:19:00+00:00,76874.890625,BTC
2026-09-10 16:20:00+00:00,77008.453125,BTC
2026-09-10 16:21:00+00:00,77012.4609375,BTC
2026-09-10 16:22:00+00:00,76954.65625,BTC
2026-09-10 16:23:00+00:00,76964.453125,BTC
2026-09-10 16:24:00+00:00,76937.46875,BTC
2026-09-10 16:25:00+00:00,76954.6484375,BTC
2026-09-10 16:26:00+00:00,76890.0078125,BTC
2026-09-10 16:27:00+00:00,76893.3671875,BTC
2026-09-10 16:28:00+00:00,76895.1015625,BTC
2026-09-10 16:29:00+00:00,76890.2421875,BTC
2026-09-10 16:30:00+00:00,76914.28125,BTC
2026-09-10 16:31:00+00:00,76924.2578125,BTC
2026-09-10 16:32:00+00:00,76895.203125,BTC
2026-09-10 16:33:00+00:00,76874.5,BTC
2026-09-10 16:34:00+00:00,76809.5390625,BTC
2026-09-10 16:35:00+00:00,76770.71875,BTC
2026-09-10 16:36:00+00:00,76839.609375,BTC
2026-09-10 16:37:00+00:00,76933.953125,BTC
2026-09-10 16:38:00+00:00,76917.4296875,BTC
2026-09-10 16:39:00+00:00,76977.828125,BTC
2026-09-10 16:40:00+00:00,77008.4609375,BTC
2026-09-10 16:41:00+00:00,77019.40625,BTC
2026-09-10 16:42:00+00:00,76993.3125,BTC
2026-09-10 16:43:00+00:00,76950.609375,BTC
2026-09-10 16:44:00+00:00,77003.0625,BTC
2026-09-10 16:45:00+00:00,77062.203125,BTC
2026-09-10 16:46:00+00:00,77144.8125,BTC
2026-09-10 16:47:00+00:00,77179.171875,BTC
2026-09-10 16:48:00+00:00,77126.4296875,BTC
2026-09-10 16:49:00+00:00,77088.671875,BTC
2026-09-10 16:50:00+00:00,77064.828125,BTC
2026-09-10 16:51:00+00:00,77076.34375,BTC
2026-09-10 16:52:00+00:00,77034.34375,BTC
2026-09-10 16:53:00+00:00,77051.7265625,BTC
2026-09-10 16:54:00+00:00,77059.6171875,BTC
2026-09-10 16:55:00+00:00,77097.921875,BTC
2026-09-10 16:56:00+00:00,77112.328125,BTC
2026-09-10 16:57:00+00:00,77119.15625,BTC
2026-09-10 16:58:00+00:00,77164.9765625,BTC
2026-09-10 16:59:00+00:00,77160.21875,BTC
2026-09-10 17:00:00+00:00,77144.609375,BTC
2026-09-10 17:01:00+00:00,77106.7421875,BTC
2026-09-10 17:02:00+00:00,77137.46875,BTC
2026-09-10 17:03:00+00:00,77084.609375,BTC
2026-09-10 17:04:00+00:00,77095.171875,BTC
2026-09-10 17:05:00+00:00,77115.6875,BTC
2026-09-10 17:06:00+00:00,77100.28125,BTC
2026-09-10 17:07:00+00:00,77106.0703125,BTC
2026-09-10 17:08:00+00:00,77099.953125,BTC
2026-09-10 17:09:00+00:00,77090.34375,BTC
2026-09-10 17:10:00+00:00,77135.796875,BTC
2026-09-10 17:11:00+00:00,77156.078125,BTC
2026-09-10 17:12:00+00:00,77150.1484375,BTC
2026-09-10 17:13:00+00:00,77120.5390625,BTC
2026-09-10 17:14:00+00:00,77123.9921875,BTC
2026-09-10 17:15:00+00:00,77112.0390625,BTC
2026-09-10 17:16:00+00:00,77104.9375,BTC
2026-09-10 17:17:00+00:00,77110.0234375,BTC
2026-09-10 17:18:00+00:00,77105.0078125,BTC
2026-09-10 17:19:00+00:00,77121.4375,BTC
2026-09-10 17:20:00+00:00,77173.1171875,BTC
2026-09-10 17:21:00+00:00,77190.9921875,BTC
2026-09-10 17:22:00+00:00,77181.3203125,BTC
2026-09-10 17:23:00+00:00,77213.65625,BTC
2026-09-10 17:24:00+00:00,77247.46875,BTC
2026-09-10 17:25:00+00:00,77205.1328125,BTC
2026-09-10 17:26:00+00:00,77214.5078125,BTC
2026-09-10 17:27:00+00:00,77247.3984375,BTC
2026-09-10 17:28:00+00:00,77293.5078125,BTC
2026-09-10 17:29:00+00:00,77287.2109375,BTC
2026-09-10 17:30:00+00:00,77323.6015625,BTC
2026-09-10 17:31:00+00:00,77341.328125,BTC
2026-09-10 17:32:00+00:00,77382.8828125,BTC
2026-09-10 17:33:00+00:00,77375.0625,BTC
2026-09-10 17:34:00+00:00,77470.578125,BTC
2026-09-10 17:35:00+00:00,77508.796875,BTC
2026-09-10 17:36:00+00:00,77454.8984375,BTC
2026-09-10 17:37:00+00:00,77408.0390625,BTC
2026-09-10 17:38:00+00:00,77354.4296875,BTC
2026-09-10 17:39:00+00:00,77328.3984375,BTC
2026-09-10 17:40:00+00:00,77320.96875,BTC
2026-09-10 17:41:00+00:00,77335.6328125,BTC
2026-09-10 17:42:00+00:00,77297.78125,BTC
2026-09-10 17:43:00+00:00,77311.390625,BTC
2026-09-10 17:44:00+00:00,77328.1328125,BTC
2026-09-10 17:45:00+00:00,77328.1171875,BTC
2026-09-10 17:46:00+00:00,77291.078125,BTC
2026-09-10 17:47:00+00:00,77299.1875,BTC
2026-09-10 17:48:00+00:00,77349.828125,BTC
2026-09-10 17:49:00+00:00,77355.9921875,BTC
2026-09-10 17:50:00+00:00,77332.7421875,BTC
2026-09-10 17:51:00+00:00,77381.2578125,BTC
2026-09-10 17:52:00+00:00,77385.46875,BTC
2026-09-10 17:53:00+00:00,77365.5234375,BTC
2026-09-10 17:54:00+00:00,77366.6171875,BTC
2026-09-10 17:55:00+00:00,77332.453125,BTC
2026-09-10 17:56:00+00:00,77334.390625,BTC
2026-09-10 17:57:00+00:00,77307.65625,BTC
2026-09-10 17:58:00+00:00,77309.6328125,BTC
2026-09-10 17:59:00+00:00,77294.2578125,BTC
2026-09-10 18:00:00+00:00,77295.6875,BTC
2026-09-10 18:01:00+00:00,77236.1171875,BTC
2026-09-10 18:02:00+00:00,77208.75,BTC
2026-09-10 18:03:00+00:00,77159.1171875,BTC
2026-09-10 18:04:00+00:00,77136.0,BTC
2026-09-10 18:05:00+00:00,77159.0,BTC
2026-09-10 18:06:00+00:00,77139.9921875,BTC
2026-09-10 18:07:00+00:00,77121.1484375,BTC
2026-09-10 18:08:00+00:00,77080.796875,BTC
2026-09-10 18:09:00+00:00,76956.3125,BTC
2026-09-10 18:10:00+00:00,76993.1171875,BTC
2026-09-10 18:11:00+00:00,77005.546875,BTC
2026-09-10 18:12:00+00:00,77002.71875,BTC
2026-09-10 18:13:00+00:00,76983.109375,BTC
2026-09-10 18:14:00+00:00,76978.3671875,BTC
2026-09-10 18:15:00+00:00,77000.0,BTC
2026-09-10 18:16:00+00:00,77015.2109375,BTC
2026-09-10 18:17:00+00:00,76969.7109375,BTC
2026-09-10 18:18:00+00:00,76991.859375,BTC
2026-09-10 18:19:00+00:00,77016.1171875,BTC
2026-09-10 18:20:00+00:00,77038.46875,BTC
2026-09-10 18:21:00+00:00,77060.4375,BTC
2026-09-10 18:22:00+00:00,77102.421875,BTC
2026-09-10 18:23:00+00:00,77070.0078125,BTC
2026-09-10 18:24:00+00:00,77069.890625,BTC
2026-09-10 18:25:00+00:00,77072.1328125,BTC
2026-09-10 18:26:00+00:00,77043.453125,BTC
2026-09-10 18:27:00+00:00,77058.34375,BTC
2026-09-10 18:28:00+00:00,77076.5390625,BTC
2026-09-10 18:29:00+00:00,77033.1875,BTC
2026-09-10 18:30:00+00:00,77030.4609375,BTC
2026-09-10 18:31:00+00:00,77038.0,BTC
2026-09-10 18:32:00+00:00,77057.2109375,BTC
2026-09-10 18:33:00+00:00,77008.5,BTC
2026-09-10 18:34:00+00:00,77047.6796875,BTC
2026-09-10 18:35:00+00:00,77046.6484375,BTC
2026-09-10 18:36:00+00:00,77099.9921875,BTC
2026-09-10 18:37:00+00:00,77092.3515625,BTC
2026-09-10 18:38:00+00:00,77119.078125,BTC
2026-09-10 18:39:00+00:00,77124.5703125,BTC
2026-09-10 18:40:00+00:00,77096.71875,BTC
2026-09-10 18:41:00+00:00,77115.7109375,BTC
2026-09-10 18:42:00+00:00,77111.7890625,BTC
2026-09-10 18:43:00+00:00,77099.59375,BTC
2026-09-10 18:44:00+00:00,77119.9921875,BTC
2026-09-10 18:45:00+00:00,77106.3515625,BTC
2026-09-10 18:46:00+00:00,77103.0703125,BTC
2026-09-10 18:47:00+00:00,77089.1875,BTC
2026-09-10 18:48:00+00:00,77062.2421875,BTC
2026-09-10 18:49:00+00:00,77091.40625,BTC
2026-09-10 18:50:00+00:00,77094.96875,BTC
2026-09-10 18:51:00+00:00,77180.9921875,BTC
2026-09-10 18:52:00+00:00,77194.9921875,BTC
2026-09-10 18:53:00+00:00,77234.546875,BTC
2026-09-10 18:54:00+00:00,77250.1328125,BTC
2026-09-10 18:55:00+00:00,77230.96875,BTC
2026-09-10 18:56:00+00:00,77204.3828125,BTC
2026-09-10 18:57:00+00:00,77174.4296875,BTC
2026-09-10 18:58:00+00:00,77182.78125,BTC
2026-09-10 18:59:00+00:00,77222.53125,BTC
2026-09-10 19:00:00+00:00,77167.7890625,BTC
2026-09-10 19:01:00+00:00,77147.0625,BTC
2026-09-10 19:02:00+00:00,77148.21875,BTC
2026-09-10 19:03:00+00:00,77184.7421875,BTC
2026-09-10 19:04:00+00:00,77179.59375,BTC
2026-09-10 19:05:00+00:00,77135.15625,BTC
2026-09-10 19:06:00+00:00,77128.328125,BTC
2026-09-10 19:07:00+00:00,77133.640625,BTC
2026-09-10 19:08:00+00:00,77126.109375,BTC
2026-09-10 19:09:00+00:00,77174.7578125,BTC
2026-09-10 19:10:00+00:00,77120.6015625,BTC
2026-09-10 19:11:00+00:00,77093.890625,BTC
2026-09-10 19:12:00+00:00,77092.34375,BTC
2026-09-10 19:13:00+00:00,77114.53125,BTC
2026-09-10 19:14:00+00:00,77138.7265625,BTC
2026-09-10 19:15:00+00:00,77134.2265625,BTC
2026-09-10 19:16:00+00:00,77131.5703125,BTC
2026-09-10 19:17:00+00:00,77113.640625,BTC
2026-09-10 19:18:00+00:00,77112.8515625,BTC
2026-09-10 19:19:00+00:00,77121.8828125,BTC
2026-09-10 19:20:00+00:00,77090.3984375,BTC
2026-09-10 19:21:00+00:00,77099.0234375,BTC
2026-09-10 19:22:00+00:00,77116.7421875,BTC
2026-09-10 19:23:00+00:00,77080.0,BTC
2026-09-10 19:24:00+00:00,77160.28125,BTC
2026-09-10 19:25:00+00:00,77186.09375,BTC
2026-09-10 19:26:00+00:00,77182.15625,BTC
2026-09-10 19:27:00+00:00,77181.953125,BTC
2026-09-10 19:28:00+00:00,77190.5390625,BTC
2026-09-10 19:29:00+00:00,77159.1875,BTC
2026-09-10 19:30:00+00:00,77102.9296875,BTC
2026-09-10 19:31:00+00:00,77088.1015625,BTC
2026-09-10 19:32:00+00:00,77093.4765625,BTC
2026-09-10 19:33:00+00:00,77105.59375,BTC
2026-09-10 19:34:00+00:00,77123.96875,BTC
2026-09-10 19:35:00+00:00,77157.359375,BTC
2026-09-10 19:36:00+00:00,77151.421875,BTC
2026-09-10 19:37:00+00:00,77109.171875,BTC
2026-09-10 19:38:00+00:00,77128.796875,BTC
2026-09-10 19:39:00+00:00,77137.328125,BTC
2026-09-10 19:40:00+00:00,77203.6875,BTC
2026-09-10 19:41:00+00:00,77201.6015625,BTC
2026-09-10 19:42:00+00:00,77207.703125,BTC
2026-09-10 19:43:00+00:00,77252.90625,BTC
2026-09-10 19:44:00+00:00,77224.6796875,BTC
2026-09-10 19:45:00+00:00,77195.703125,BTC
2026-09-10 19:46:00+00:00,77144.9921875,BTC
2026-09-10 19:47:00+00:00,77148.0703125,BTC
2026-09-10 19:48:00+00:00,77136.09375,BTC
2026-09-10 19:49:00+00:00,77120.8984375,BTC
2026-09-10 19:50:00+00:00,77056.34375,BTC
2026-09-10 19:51:00+00:00,77110.8125,BTC
2026-09-10 19:52:00+00:00,77048.7265625,BTC
2026-09-10 19:53:00+00:00,77062.03125,BTC
2026-09-10 19:54:00+00:00,77065.0,BTC
2026-09-10 19:55:00+00:00,77113.796875,BTC
2026-09-10 19:56:00+00:00,77101.21875,BTC
2026-09-10 19:57:00+00:00,77112.8828125,BTC
2026-09-10 19:58:00+00:00,77153.3671875,BTC
2026-09-10 19:59:00+00:00,77119.53125,BTC
2026-09-10 20:00:00+00:00,77140.1796875,BTC
2026-09-10 20:01:00+00:00,77158.4921875,BTC
2026-09-10 20:02:00+00:00,77127.71875,BTC
2026-09-10 20:03:00+00:00,77134.7421875,BTC
2026-09-10 20:04:00+00:00,77137.140625,BTC
2026-09-10 20:05:00+00:00,77149.8125,BTC
2026-09-10 20:06:00+00:00,77140.6015625,BTC
2026-09-10 20:07:00+00:00,77194.890625,BTC
2026-09-10 20:08:00+00:00,77214.9375,BTC
2026-09-10 20:09:00+00:00,77264.6796875,BTC
2026-09-10 20:10:00+00:00,77269.7578125,BTC
2026-09-10 20:11:00+00:00,77254.28125,BTC
2026-09-10 20:12:00+00:00,77257.5390625,BTC
2026-09-10 20:13:00+00:00,77263.9765625,BTC
2026-09-10 20:14:00+00:00,77297.4921875,BTC
2026-09-10 20:15:00+00:00,77297.546875,BTC
2026-09-10 20:16:00+00:00,77276.6328125,BTC
2026-09-10 20:17:00+00:00,77283.9296875,BTC
2026-09-10 20:18:00+00:00,77291.9375,BTC
2026-09-10 20:19:00+00:00,77299.953125,BTC
2026-09-10 20:20:00+00:00,77314.796875,BTC
2026-09-10 20:21:00+00:00,77323.90625,BTC
2026-09-10 20:22:00+00:00,77323.140625,BTC
2026-09-10 20:23:00+00:00,77310.3203125,BTC
2026-09-10 20:24:00+00:00,77243.46875,BTC
2026-09-10 20:25:00+00:00,77246.2734375,BTC
2026-09-10 20:26:00+00:00,77244.640625,BTC
2026-09-10 20:27:00+00:00,77267.1015625,BTC
2026-09-10 20:28:00+00:00,77247.40625,BTC
2026-09-10 20:29:00+00:00,77259.96875,BTC
2026-09-10 20:30:00+00:00,77255.71875,BTC
2026-09-10 20:31:00+00:00,77211.453125,BTC
2026-09-10 20:32:00+00:00,77216.5234375,BTC
2026-09-10 20:33:00+00:00,77247.7890625,BTC
2026-09-10 20:34:00+00:00,77223.140625,BTC
2026-09-10 20:35:00+00:00,77213.8828125,BTC
2026-09-10 20:36:00+00:00,77215.421875,BTC
2026-09-10 20:37:00+00:00,77236.71875,BTC
2026-09-10 20:38:00+00:00,77232.2578125,BTC
2026-09-10 20:39:00+00:00,77249.6484375,BTC
2026-09-10 20:40:00+00:00,77240.4296875,BTC
2026-09-10 20:41:00+00:00,77246.9375,BTC
2026-09-10 20:42:00+00:00,77250.0234375,BTC
2026-09-10 20:43:00+00:00,77269.0078125,BTC
2026-09-10 20:44:00+00:00,77273.4609375,BTC
2026-09-10 20:45:00+00:00,77265.5078125,BTC
2026-09-10 20:46:00+00:00,77266.25,BTC
2026-09-10 20:47:00+00:00,77226.046875,BTC
2026-09-10 20:48:00+00:00,77203.890625,BTC
2026-09-10 20:49:00+00:00,77226.03125,BTC
2026-09-10 20:50:00+00:00,77236.3828125,BTC
2026-09-10 20:51:00+00:00,77235.6796875,BTC
2026-09-10 20:52:00+00:00,77247.4296875,BTC
2026-09-10 20:53:00+00:00,77259.4296875,BTC
2026-09-10 20:54:00+00:00,77273.5,BTC
2026-09-10 20:55:00+00:00,77278.2890625,BTC
2026-09-10 20:56:00+00:00,77270.5625,BTC
2026-09-10 20:57:00+00:00,77253.21875,BTC
2026-09-10 20:58:00+00:00,77246.078125,BTC
2026-09-10 20:59:00+00:00,77239.0078125,BTC
2026-09-10 21:00:00+00:00,77264.3203125,BTC
2026-09-10 21:01:00+00:00,77228.9296875,BTC
2026-09-10 21:02:00+00:00,77220.8515625,BTC
2026-09-10 21:03:00+00:00,77210.890625,BTC
2026-09-10 21:04:00+00:00,77210.359375,BTC
2026-09-10 21:05:00+00:00,77235.0,BTC
2026-09-10 21:06:00+00:00,77234.171875,BTC
2026-09-10 21:07:00+00:00,77200.9375,BTC
2026-09-10 21:08:00+00:00,77235.671875,BTC
2026-09-10 21:09:00+00:00,77255.3984375,BTC
2026-09-10 21:10:00+00:00,77274.2421875,BTC
2026-09-10 21:11:00+00:00,77257.9921875,BTC
2026-09-10 21:12:00+00:00,77273.8125,BTC
2026-09-10 21:13:00+00:00,77222.90625,BTC
2026-09-10 21:14:00+00:00,77226.796875,BTC
2026-09-10 21:15:00+00:00,77216.6171875,BTC
2026-09-10 21:16:00+00:00,77225.5234375,BTC
2026-09-10 21:17:00+00:00,77199.0,BTC
2026-09-10 21:18:00+00:00,77172.40625,BTC
2026-09-10 21:19:00+00:00,77175.390625,BTC
2026-09-10 21:20:00+00:00,77179.2734375,BTC
2026-09-10 21:21:00+00:00,77172.8671875,BTC
2026-09-10 21:22:00+00:00,77173.1328125,BTC
2026-09-10 21:23:00+00:00,77197.0078125,BTC
2026-09-10 21:24:00+00:00,77198.4296875,BTC
2026-09-10 21:25:00+00:00,77201.53125,BTC
2026-09-10 21:26:00+00:00,77201.890625,BTC
2026-09-10 21:27:00+00:00,77200.8515625,BTC
2026-09-10 21:28:00+00:00,77206.203125,BTC
2026-09-10 21:29:00+00:00,77206.203125,BTC
2026-09-10 21:30:00+00:00,77208.546875,BTC
2026-09-10 21:31:00+00:00,77184.2109375,BTC
2026-09-10 21:32:00+00:00,77184.9296875,BTC
2026-09-10 21:33:00+00:00,77168.75,BTC
2026-09-10 21:34:00+00:00,77181.796875,BTC
2026-09-10 21:35:00+00:00,77184.2890625,BTC
2026-09-10 21:36:00+00:00,77164.5703125,BTC
2026-09-10 21:37:00+00:00,77169.8828125,BTC
2026-09-10 21:38:00+00:00,77159.7265625,BTC
2026-09-10 21:39:00+00:00,77169.25,BTC
2026-09-10 21:40:00+00:00,77169.3671875,BTC
2026-09-10 21:41:00+00:00,77170.109375,BTC
2026-09-10 21:42:00+00:00,77152.34375,BTC
2026-09-10 21:43:00+00:00,77117.6796875,BTC
2026-09-10 21:44:00+00:00,77126.7421875,BTC
2026-09-10 21:45:00+00:00,77123.2421875,BTC
2026-09-10 21:46:00+00:00,77160.0234375,BTC
2026-09-10 21:47:00+00:00,77168.9765625,BTC
2026-09-10 21:48:00+00:00,77155.4375,BTC
2026-09-10 21:49:00+00:00,77129.6484375,BTC
2026-09-10 21:50:00+00:00,77145.1171875,BTC
2026-09-10 21:51:00+00:00,77145.1171875,BTC
2026-09-10 21:52:00+00:00,77128.2109375,BTC
2026-09-10 21:53:00+00:00,77130.421875,BTC
2026-09-10 21:54:00+00:00,77110.921875,BTC
2026-09-10 21:55:00+00:00,77116.359375,BTC
2026-09-10 21:56:00+00:00,77103.4609375,BTC
2026-09-10 21:57:00+00:00,77128.7578125,BTC
2026-09-10 21:58:00+00:00,77105.4375,BTC
2026-09-10 21:59:00+00:00,77110.0390625,BTC
2026-09-10 22:00:00+00:00,77072.0078125,BTC
2026-09-10 22:01:00+00:00,77096.0234375,BTC
2026-09-10 22:02:00+00:00,77072.0078125,BTC
2026-09-10 22:03:00+00:00,77100.0390625,BTC
2026-09-10 22:04:00+00:00,77133.1015625,BTC
2026-09-10 22:05:00+00:00,77098.3828125,BTC
2026-09-10 22:06:00+00:00,77092.65625,BTC
2026-09-10 22:07:00+00:00,77100.7109375,BTC
2026-09-10 22:08:00+00:00,77146.96875,BTC
2026-09-10 22:09:00+00:00,77148.8984375,BTC
2026-09-10 22:10:00+00:00,77161.390625,BTC
2026-09-10 22:11:00+00:00,77153.84375,BTC
2026-09-10 22:12:00+00:00,77112.5078125,BTC
2026-09-10 22:13:00+00:00,77084.7421875,BTC
2026-09-10 22:14:00+00:00,77127.078125,BTC
2026-09-10 22:15:00+00:00,77143.90625,BTC
2026-09-10 22:16:00+00:00,77168.203125,BTC
2026-09-10 22:17:00+00:00,77178.1171875,BTC
2026-09-10 22:18:00+00:00,77168.71875,BTC
2026-09-10 22:19:00+00:00,77169.2109375,BTC
2026-09-10 22:20:00+00:00,77177.828125,BTC
2026-09-10 22:21:00+00:00,77192.078125,BTC
2026-09-10 22:22:00+00:00,77153.1796875,BTC
2026-09-10 22:23:00+00:00,77139.28125,BTC
2026-09-10 22:24:00+00:00,77139.28125,BTC
2026-09-10 22:25:00+00:00,77127.2734375,BTC
2026-09-10 22:26:00+00:00,77112.046875,BTC
2026-09-10 22:27:00+00:00,77109.828125,BTC
2026-09-10 22:28:00+00:00,77081.9296875,BTC
2026-09-10 22:29:00+00:00,77048.5,BTC
2026-09-10 22:30:00+00:00,77046.6328125,BTC
2026-09-10 22:31:00+00:00,77042.8828125,BTC
2026-09-10 22:32:00+00:00,77000.046875,BTC
2026-09-10 22:33:00+00:00,76972.578125,BTC
2026-09-10 22:34:00+00:00,76960.7734375,BTC
2026-09-10 22:35:00+00:00,76978.40625,BTC
2026-09-10 22:36:00+00:00,76927.2109375,BTC
2026-09-10 22:37:00+00:00,76916.1171875,BTC
2026-09-10 22:38:00+00:00,76848.4921875,BTC
2026-09-10 22:39:00+00:00,76886.7265625,BTC
2026-09-10 22:40:00+00:00,76840.453125,BTC
2026-09-10 22:41:00+00:00,76838.40625,BTC
2026-09-10 22:42:00+00:00,76834.15625,BTC
2026-09-10 22:43:00+00:00,76832.0078125,BTC
2026-09-10 22:44:00+00:00,76834.8515625,BTC
2026-09-10 22:45:00+00:00,76850.0703125,BTC
2026-09-10 22:46:00+00:00,76900.4921875,BTC
2026-09-10 22:47:00+00:00,76929.0625,BTC
2026-09-10 22:48:00+00:00,76925.546875,BTC
2026-09-10 22:49:00+00:00,76948.3125,BTC
2026-09-10 22:50:00+00:00,76931.1796875,BTC
2026-09-10 22:51:00+00:00,76913.5234375,BTC
2026-09-10 22:52:00+00:00,76880.15625,BTC
2026-09-10 22:53:00+00:00,76885.2421875,BTC
2026-09-10 22:54:00+00:00,76890.0,BTC
2026-09-10 22:55:00+00:00,76843.0234375,BTC
2026-09-10 22:56:00+00:00,76844.7109375,BTC
2026-09-10 22:57:00+00:00,76850.0,BTC
2026-09-10 22:58:00+00:00,76830.7578125,BTC
2026-09-10 22:59:00+00:00,76807.109375,BTC
2026-09-10 23:00:00+00:00,76841.4375,BTC
2026-09-10 23:01:00+00:00,76825.5625,BTC
2026-09-10 23:02:00+00:00,76845.3125,BTC
2026-09-10 23:03:00+00:00,76780.609375,BTC
2026-09-10 23:04:00+00:00,76756.4921875,BTC
2026-09-10 23:05:00+00:00,76835.6796875,BTC
2026-09-10 23:06:00+00:00,76796.59375,BTC
2026-09-10 23:07:00+00:00,76716.9375,BTC
2026-09-10 23:08:00+00:00,76594.078125,BTC
2026-09-10 23:09:00+00:00,76675.8515625,BTC
2026-09-10 23:10:00+00:00,76673.9609375,BTC
2026-09-10 23:11:00+00:00,76668.859375,BTC
2026-09-10 23:12:00+00:00,76726.296875,BTC
2026-09-10 23:13:00+00:00,76647.8125,BTC
2026-09-10 23:14:00+00:00,76543.7421875,BTC
2026-09-10 23:15:00+00:00,76617.46875,BTC
2026-09-10 23:16:00+00:00,76596.40625,BTC
2026-09-10 23:17:00+00:00,76672.0078125,BTC
2026-09-10 23:18:00+00:00,76610.109375,BTC
2026-09-10 23:19:00+00:00,76625.609375,BTC
2026-09-10 23:20:00+00:00,76738.5,BTC
2026-09-10 23:21:00+00:00,76715.109375,BTC
2026-09-10 23:22:00+00:00,76715.109375,BTC
2026-09-10 23:23:00+00:00,76702.40625,BTC
2026-09-10 23:24:00+00:00,76686.671875,BTC
2026-09-10 23:25:00+00:00,76697.109375,BTC
2026-09-10 23:26:00+00:00,76711.46875,BTC
2026-09-10 23:27:00+00:00,76750.4921875,BTC
2026-09-10 23:28:00+00:00,76752.7265625,BTC
2026-09-10 23:29:00+00:00,76710.5,BTC
2026-09-10 23:30:00+00:00,76758.4296875,BTC
2026-09-10 23:31:00+00:00,76734.5,BTC
2026-09-10 23:32:00+00:00,76728.34375,BTC
2026-09-10 23:33:00+00:00,76763.140625,BTC
2026-09-10 23:34:00+00:00,76754.1015625,BTC
2026-09-10 23:35:00+00:00,76734.40625,BTC
2026-09-10 23:36:00+00:00,76745.921875,BTC
2026-09-10 23:37:00+00:00,76744.0390625,BTC
2026-09-10 23:38:00+00:00,76756.640625,BTC
2026-09-10 23:39:00+00:00,76734.3984375,BTC
2026-09-10 23:40:00+00:00,76707.703125,BTC
2026-09-10 23:41:00+00:00,76687.390625,BTC
2026-09-10 23:42:00+00:00,76725.6328125,BTC
2026-09-10 23:43:00+00:00,76724.8515625,BTC
2026-09-10 23:44:00+00:00,76750.4296875,BTC
2026-09-10 23:45:00+00:00,76735.6171875,BTC
2026-09-10 23:46:00+00:00,76754.6328125,BTC
2026-09-10 23:47:00+00:00,76729.7265625,BTC
2026-09-10 23:48:00+00:00,76708.4921875,BTC
2026-09-10 23:49:00+00:00,76692.203125,BTC
2026-09-10 23:50:00+00:00,76712.828125,BTC
2026-09-10 23:51:00+00:00,76686.2109375,BTC
2026-09-10 23:52:00+00:00,76666.5390625,BTC
2026-09-10 23:53:00+00:00,76664.296875,BTC
2026-09-10 23:54:00+00:00,76600.6796875,BTC
2026-09-10 23:55:00+00:00,76577.0,BTC
2026-09-10 23:56:00+00:00,76623.7421875,BTC
2026-09-10 23:57:00+00:00,76609.3203125,BTC
2026-09-10 23:58:00+00:00,76565.09375,BTC
2026-09-11 00:00:00+00:00,76618.4921875,BTC
2026-09-11 00:01:00+00:00,76593.8671875,BTC
2026-09-11 00:02:00+00:00,76630.6328125,BTC
2026-09-11 00:03:00+00:00,76674.9921875,BTC
2026-09-11 00:04:00+00:00,76620.328125,BTC
2026-09-11 00:05:00+00:00,76615.359375,BTC
2026-09-11 00:06:00+00:00,76670.3671875,BTC
2026-09-11 00:07:00+00:00,76725.4296875,BTC
2026-09-11 00:08:00+00:00,76743.4765625,BTC
2026-09-11 00:09:00+00:00,76764.09375,BTC
2026-09-11 00:10:00+00:00,76775.109375,BTC
2026-09-11 00:11:00+00:00,76789.578125,BTC
2026-09-11 00:12:00+00:00,76810.40625,BTC
2026-09-11 00:13:00+00:00,76795.4296875,BTC
2026-09-11 00:14:00+00:00,76790.1015625,BTC
2026-09-11 00:15:00+00:00,76770.5,BTC
2026-09-11 00:16:00+00:00,76764.9375,BTC
2026-09-11 00:17:00+00:00,76804.8125,BTC
2026-09-11 00:18:00+00:00,76766.7890625,BTC
2026-09-11 00:19:00+00:00,76776.0625,BTC
2026-09-11 00:20:00+00:00,76746.1796875,BTC
2026-09-11 00:21:00+00:00,76781.921875,BTC
2026-09-11 00:22:00+00:00,76795.5390625,BTC
2026-09-11 00:23:00+00:00,76833.03125,BTC
2026-09-11 00:24:00+00:00,76812.2890625,BTC
2026-09-11 00:25:00+00:00,76784.3828125,BTC
2026-09-11 00:26:00+00:00,76814.75,BTC
2026-09-11 00:27:00+00:00,76828.359375,BTC
2026-09-11 00:28:00+00:00,76773.03125,BTC
2026-09-11 00:29:00+00:00,76816.6796875,BTC
2026-09-11 00:30:00+00:00,76754.703125,BTC
2026-09-11 00:31:00+00:00,76669.921875,BTC
2026-09-11 00:32:00+00:00,76705.140625,BTC
2026-09-11 00:33:00+00:00,76686.2109375,BTC
2026-09-11 00:34:00+00:00,76764.109375,BTC
2026-09-11 00:35:00+00:00,76772.953125,BTC
2026-09-11 00:36:00+00:00,76780.21875,BTC
2026-09-11 00:37:00+00:00,76756.8515625,BTC
2026-09-11 00:38:00+00:00,76795.8984375,BTC
2026-09-11 00:39:00+00:00,76771.5078125,BTC
2026-09-11 00:40:00+00:00,76753.9375,BTC
2026-09-11 00:41:00+00:00,76707.59375,BTC
2026-09-11 00:42:00+00:00,76709.359375,BTC
2026-09-11 00:43:00+00:00,76751.65625,BTC
2026-09-11 00:44:00+00:00,76734.390625,BTC
2026-09-11 00:45:00+00:00,76755.078125,BTC
2026-09-11 00:46:00+00:00,76745.4765625,BTC
2026-09-11 00:47:00+00:00,76726.3515625,BTC
2026-09-11 00:48:00+00:00,76742.21875,BTC
2026-09-11 00:49:00+00:00,76745.7265625,BTC
2026-09-11 00:50:00+00:00,76799.9921875,BTC
2026-09-11 00:51:00+00:00,76794.6484375,BTC
2026-09-11 00:52:00+00:00,76780.2734375,BTC
2026-09-11 00:53:00+00:00,76824.9765625,BTC
2026-09-11 00:54:00+00:00,76874.5625,BTC
2026-09-11 00:55:00+00:00,76885.2109375,BTC
2026-09-11 00:56:00+00:00,76898.2734375,BTC
2026-09-11 00:57:00+00:00,76882.5234375,BTC
2026-09-11 00:58:00+00:00,76859.71875,BTC
2026-09-11 00:59:00+00:00,76878.71875,BTC
2026-09-11 01:00:00+00:00,76898.25,BTC
2026-09-11 01:01:00+00:00,76920.4921875,BTC
2026-09-11 01:02:00+00:00,76932.1484375,BTC
2026-09-11 01:03:00+00:00,76970.0,BTC
2026-09-11 01:04:00+00:00,76965.7109375,BTC
2026-09-11 01:05:00+00:00,76917.8671875,BTC
2026-09-11 01:06:00+00:00,76927.171875,BTC
2026-09-11 01:07:00+00:00,76947.7890625,BTC
2026-09-11 01:08:00+00:00,76922.4765625,BTC
2026-09-11 01:09:00+00:00,76956.109375,BTC
2026-09-11 01:10:00+00:00,76934.4296875,BTC
2026-09-11 01:11:00+00:00,76952.0,BTC
2026-09-11 01:12:00+00:00,76933.3125,BTC
2026-09-11 01:13:00+00:00,76923.0,BTC
2026-09-11 01:14:00+00:00,76872.96875,BTC
2026-09-11 01:15:00+00:00,76834.0,BTC
2026-09-11 01:16:00+00:00,76851.65625,BTC
2026-09-11 01:17:00+00:00,76879.859375,BTC
2026-09-11 01:18:00+00:00,76874.703125,BTC
2026-09-11 01:19:00+00:00,76885.9609375,BTC
2026-09-11 01:20:00+00:00,76927.1875,BTC
2026-09-11 01:21:00+00:00,76792.25,BTC
2026-09-11 01:22:00+00:00,76774.0625,BTC
2026-09-11 01:23:00+00:00,76784.5078125,BTC
2026-09-11 01:24:00+00:00,76852.859375,BTC
2026-09-11 01:25:00+00:00,76877.2109375,BTC
2026-09-11 01:26:00+00:00,76830.2890625,BTC
2026-09-11 01:27:00+00:00,76811.4921875,BTC
2026-09-11 01:28:00+00:00,76783.296875,BTC
2026-09-11 01:29:00+00:00,76783.2890625,BTC
2026-09-11 01:30:00+00:00,76756.28125,BTC
2026-09-11 01:31:00+00:00,76734.828125,BTC
2026-09-11 01:32:00+00:00,76704.4765625,BTC
2026-09-11 01:33:00+00:00,76658.109375,BTC
2026-09-11 01:34:00+00:00,76715.109375,BTC
2026-09-11 01:35:00+00:00,76864.921875,BTC
2026-09-11 01:36:00+00:00,76808.359375,BTC
2026-09-11 01:37:00+00:00,76762.8515625,BTC
2026-09-11 01:38:00+00:00,76746.9375,BTC
2026-09-11 01:39:00+00:00,76741.5,BTC
2026-09-11 01:40:00+00:00,76709.6015625,BTC
2026-09-11 01:41:00+00:00,76668.109375,BTC
2026-09-11 01:42:00+00:00,76738.640625,BTC
2026-09-11 01:43:00+00:00,76831.796875,BTC
2026-09-11 01:44:00+00:00,76839.640625,BTC
2026-09-11 01:45:00+00:00,76813.078125,BTC
2026-09-11 01:46:00+00:00,76792.09375,BTC
2026-09-11 01:47:00+00:00,76801.359375,BTC
2026-09-11 01:48:00+00:00,76863.34375,BTC
2026-09-11 01:49:00+00:00,76878.9765625,BTC
2026-09-11 01:50:00+00:00,76876.6875,BTC
2026-09-11 01:51:00+00:00,76874.9921875,BTC
2026-09-11 01:52:00+00:00,76899.5625,BTC
2026-09-11 01:53:00+00:00,76905.6171875,BTC
2026-09-11 01:54:00+00:00,76933.640625,BTC
2026-09-11 01:55:00+00:00,76915.359375,BTC
2026-09-11 01:56:00+00:00,76941.140625,BTC
2026-09-11 01:57:00+00:00,76936.8203125,BTC
2026-09-11 01:58:00+00:00,76933.5078125,BTC
2026-09-11 01:59:00+00:00,76948.2734375,BTC
2026-09-11 02:00:00+00:00,76919.4375,BTC
2026-09-11 02:01:00+00:00,76917.3984375,BTC
2026-09-11 02:02:00+00:00,76898.28125,BTC
2026-09-11 02:03:00+00:00,76894.203125,BTC
2026-09-11 02:04:00+00:00,76956.0078125,BTC
2026-09-11 02:05:00+00:00,76964.65625,BTC
2026-09-11 02:06:00+00:00,76916.34375,BTC
2026-09-11 02:07:00+00:00,76876.546875,BTC
2026-09-11 02:08:00+00:00,76923.5703125,BTC
2026-09-11 02:09:00+00:00,76895.5390625,BTC
2026-09-11 02:10:00+00:00,76898.2734375,BTC
2026-09-11 02:11:00+00:00,76889.9921875,BTC
2026-09-11 02:12:00+00:00,76903.671875,BTC
2026-09-11 02:13:00+00:00,76958.421875,BTC
2026-09-11 02:14:00+00:00,76960.4609375,BTC
2026-09-11 02:15:00+00:00,76898.3125,BTC
2026-09-11 02:16:00+00:00,76908.96875,BTC
2026-09-11 02:17:00+00:00,76869.359375,BTC
2026-09-11 02:18:00+00:00,76854.90625,BTC
2026-09-11 02:19:00+00:00,76859.03125,BTC
2026-09-11 02:20:00+00:00,76858.90625,BTC
2026-09-11 02:21:00+00:00,76869.359375,BTC
2026-09-11 02:22:00+00:00,76870.0,BTC
2026-09-11 02:23:00+00:00,76840.3671875,BTC
2026-09-11 02:24:00+00:00,76816.1171875,BTC
2026-09-11 02:25:00+00:00,76782.6015625,BTC
2026-09-11 02:26:00+00:00,76761.8515625,BTC
2026-09-11 02:27:00+00:00,76772.953125,BTC
2026-09-11 02:28:00+00:00,76794.078125,BTC
2026-09-11 02:29:00+00:00,76776.9375,BTC
2026-09-11 02:30:00+00:00,76777.5703125,BTC
2026-09-11 02:31:00+00:00,76771.4296875,BTC
2026-09-11 02:32:00+00:00,76775.8984375,BTC
2026-09-11 02:33:00+00:00,76760.0390625,BTC
2026-09-11 02:34:00+00:00,76778.203125,BTC
2026-09-11 02:35:00+00:00,76774.859375,BTC
2026-09-11 02:36:00+00:00,76820.1484375,BTC
2026-09-11 02:37:00+00:00,76868.140625,BTC
2026-09-11 02:38:00+00:00,76895.59375,BTC
2026-09-11 02:39:00+00:00,76891.640625,BTC
2026-09-11 02:40:00+00:00,76866.3984375,BTC
2026-09-11 02:41:00+00:00,76865.15625,BTC
2026-09-11 02:42:00+00:00,76884.1796875,BTC
2026-09-11 02:43:00+00:00,76839.28125,BTC
2026-09-11 02:44:00+00:00,76835.7734375,BTC
2026-09-11 02:45:00+00:00,76846.46875,BTC
2026-09-11 02:46:00+00:00,76856.921875,BTC
2026-09-11 02:47:00+00:00,76875.0,BTC
2026-09-11 02:48:00+00:00,76896.21875,BTC
2026-09-11 02:49:00+00:00,76899.9765625,BTC
2026-09-11 02:50:00+00:00,76879.0,BTC
2026-09-11 02:51:00+00:00,76886.7890625,BTC
2026-09-11 02:52:00+00:00,76861.59375,BTC
2026-09-11 02:53:00+00:00,76848.3828125,BTC
2026-09-11 02:54:00+00:00,76824.609375,BTC
2026-09-11 02:55:00+00:00,76830.7890625,BTC
2026-09-11 02:56:00+00:00,76851.2109375,BTC
2026-09-11 02:57:00+00:00,76823.1875,BTC
2026-09-11 02:58:00+00:00,76815.3671875,BTC
2026-09-11 02:59:00+00:00,76813.6796875,BTC
2026-09-11 03:00:00+00:00,76833.25,BTC
2026-09-11 03:01:00+00:00,76829.9921875,BTC
2026-09-11 03:02:00+00:00,76833.9609375,BTC
2026-09-11 03:03:00+00:00,76826.921875,BTC
2026-09-11 03:04:00+00:00,76775.0,BTC
2026-09-11 03:05:00+00:00,76710.0078125,BTC
2026-09-11 03:06:00+00:00,76690.5234375,BTC
2026-09-11 03:07:00+00:00,76681.5078125,BTC
2026-09-11 03:08:00+00:00,76676.859375,BTC
2026-09-11 03:09:00+00:00,76682.828125,BTC
2026-09-11 03:10:00+00:00,76719.28125,BTC
2026-09-11 03:11:00+00:00,76687.109375,BTC
2026-09-11 03:12:00+00:00,76715.390625,BTC
2026-09-11 03:13:00+00:00,76850.0078125,BTC
2026-09-11 03:14:00+00:00,76851.578125,BTC
2026-09-11 03:15:00+00:00,76785.2578125,BTC
2026-09-11 03:16:00+00:00,76760.8828125,BTC
2026-09-11 03:17:00+00:00,76756.4765625,BTC
2026-09-11 03:18:00+00:00,76807.140625,BTC
2026-09-11 03:19:00+00:00,76812.1796875,BTC
2026-09-11 03:20:00+00:00,76821.15625,BTC
2026-09-11 03:21:00+00:00,76753.6796875,BTC
2026-09-11 03:22:00+00:00,76751.21875,BTC
2026-09-11 03:23:00+00:00,76734.40625,BTC
2026-09-11 03:24:00+00:00,76747.59375,BTC
2026-09-11 03:25:00+00:00,76735.90625,BTC
2026-09-11 03:26:00+00:00,76754.4921875,BTC
2026-09-11 03:27:00+00:00,76776.046875,BTC
2026-09-11 03:28:00+00:00,76782.609375,BTC
2026-09-11 03:29:00+00:00,76791.328125,BTC
2026-09-11 03:30:00+00:00,76747.296875,BTC
2026-09-11 03:31:00+00:00,76736.46875,BTC
2026-09-11 03:32:00+00:00,76716.921875,BTC
2026-09-11 03:33:00+00:00,76687.1328125,BTC
2026-09-11 03:34:00+00:00,76742.0625,BTC
2026-09-11 03:35:00+00:00,76723.78125,BTC
2026-09-11 03:36:00+00:00,76758.8671875,BTC
2026-09-11 03:37:00+00:00,76786.4296875,BTC
2026-09-11 03:38:00+00:00,76837.7578125,BTC
2026-09-11 03:39:00+00:00,76826.6875,BTC
2026-09-11 03:40:00+00:00,76853.296875,BTC
2026-09-11 03:41:00+00:00,76847.9375,BTC
2026-09-11 03:42:00+00:00,76864.7890625,BTC
2026-09-11 03:43:00+00:00,76821.9921875,BTC
2026-09-11 03:44:00+00:00,76847.1875,BTC
2026-09-11 03:45:00+00:00,76815.46875,BTC
2026-09-11 03:46:00+00:00,76811.46875,BTC
2026-09-11 03:47:00+00:00,76777.4296875,BTC
2026-09-11 03:48:00+00:00,76780.0,BTC
2026-09-11 03:49:00+00:00,76763.2734375,BTC
2026-09-11 03:50:00+00:00,76766.578125,BTC
2026-09-11 03:51:00+00:00,76776.7734375,BTC
2026-09-11 03:52:00+00:00,76751.546875,BTC
2026-09-11 03:53:00+00:00,76773.09375,BTC
2026-09-11 03:54:00+00:00,76787.7265625,BTC
2026-09-11 03:55:00+00:00,76817.640625,BTC
2026-09-11 03:56:00+00:00,76840.4296875,BTC
2026-09-11 03:57:00+00:00,76838.8515625,BTC
2026-09-11 03:58:00+00:00,76857.28125,BTC
2026-09-11 03:59:00+00:00,76863.65625,BTC
2026-09-11 04:00:00+00:00,76859.71875,BTC
2026-09-11 04:01:00+00:00,76871.7734375,BTC
2026-09-11 04:02:00+00:00,76865.140625,BTC
2026-09-11 04:03:00+00:00,76866.2421875,BTC
2026-09-11 04:04:00+00:00,76914.46875,BTC
2026-09-11 04:05:00+00:00,76926.8828125,BTC
2026-09-11 04:06:00+00:00,76964.4375,BTC
2026-09-11 04:07:00+00:00,76953.0390625,BTC
2026-09-11 04:08:00+00:00,76946.46875,BTC
2026-09-11 04:09:00+00:00,76927.75,BTC
2026-09-11 04:10:00+00:00,76926.15625,BTC
2026-09-11 04:11:00+00:00,76902.3125,BTC
2026-09-11 04:12:00+00:00,76897.546875,BTC
2026-09-11 04:13:00+00:00,76948.7578125,BTC
2026-09-11 04:14:00+00:00,76946.953125,BTC
2026-09-11 04:15:00+00:00,76944.78125,BTC
2026-09-11 04:16:00+00:00,76968.1015625,BTC
2026-09-11 04:17:00+00:00,76933.84375,BTC
2026-09-11 04:18:00+00:00,76927.3984375,BTC
2026-09-11 04:19:00+00:00,76947.4375,BTC
2026-09-11 04:20:00+00:00,76991.8515625,BTC
2026-09-11 04:21:00+00:00,76966.078125,BTC
2026-09-11 04:22:00+00:00,76985.6484375,BTC
2026-09-11 04:23:00+00:00,77000.5390625,BTC
2026-09-11 04:24:00+00:00,77042.8671875,BTC
2026-09-11 04:25:00+00:00,77080.34375,BTC
2026-09-11 04:26:00+00:00,77103.8125,BTC
2026-09-11 04:27:00+00:00,77146.6328125,BTC
2026-09-11 04:28:00+00:00,77121.6484375,BTC
2026-09-11 04:29:00+00:00,77147.28125,BTC
2026-09-11 04:30:00+00:00,77160.0,BTC
2026-09-11 04:31:00+00:00,77144.3203125,BTC
2026-09-11 04:32:00+00:00,77123.0234375,BTC
2026-09-11 04:33:00+00:00,77124.640625,BTC
2026-09-11 04:34:00+00:00,77110.3125,BTC
2026-09-11 04:35:00+00:00,77102.09375,BTC
2026-09-11 04:36:00+00:00,77106.15625,BTC
2026-09-11 04:37:00+00:00,77076.2890625,BTC
2026-09-11 04:38:00+00:00,77069.21875,BTC
2026-09-11 04:39:00+00:00,77081.7421875,BTC
2026-09-11 04:40:00+00:00,77082.890625,BTC
2026-09-11 04:41:00+00:00,77098.7578125,BTC
2026-09-11 04:42:00+00:00,77105.03125,BTC
2026-09-11 04:43:00+00:00,77065.3203125,BTC
2026-09-11 04:44:00+00:00,77071.390625,BTC
2026-09-11 04:45:00+00:00,77071.40625,BTC
2026-09-11 04:46:00+00:00,77074.9921875,BTC
2026-09-11 04:47:00+00:00,77071.0703125,BTC
2026-09-11 04:48:00+00:00,77085.421875,BTC
2026-09-11 04:49:00+00:00,77080.203125,BTC
2026-09-11 04:50:00+00:00,77090.1484375,BTC
2026-09-11 04:51:00+00:00,77098.7734375,BTC
2026-09-11 04:52:00+00:00,77098.0,BTC
2026-09-11 04:53:00+00:00,77106.859375,BTC
2026-09-11 04:54:00+00:00,77103.9375,BTC
2026-09-11 04:55:00+00:00,77111.0078125,BTC
2026-09-11 04:56:00+00:00,77116.328125,BTC
2026-09-11 04:57:00+00:00,77105.671875,BTC
2026-09-11 04:58:00+00:00,77096.8828125,BTC
2026-09-11 04:59:00+00:00,77086.0,BTC
2026-09-11 05:00:00+00:00,77069.46875,BTC
2026-09-11 05:01:00+00:00,77062.171875,BTC
2026-09-11 05:02:00+00:00,77061.0,BTC
2026-09-11 05:03:00+00:00,77053.578125,BTC
2026-09-11 05:04:00+00:00,77041.6328125,BTC
2026-09-11 05:05:00+00:00,77052.6171875,BTC
2026-09-11 05:06:00+00:00,77061.7578125,BTC
2026-09-11 05:07:00+00:00,77064.6328125,BTC
2026-09-11 05:08:00+00:00,77043.546875,BTC
2026-09-11 05:09:00+00:00,77070.8828125,BTC
2026-09-11 05:10:00+00:00,77080.640625,BTC
2026-09-11 05:11:00+00:00,77108.046875,BTC
2026-09-11 05:12:00+00:00,77069.6171875,BTC
2026-09-11 05:13:00+00:00,77058.109375,BTC
2026-09-11 05:14:00+00:00,77116.0,BTC
2026-09-11 05:15:00+00:00,77092.2734375,BTC
2026-09-11 05:16:00+00:00,77111.8203125,BTC
2026-09-11 05:17:00+00:00,77100.109375,BTC
2026-09-11 05:18:00+00:00,77102.828125,BTC
2026-09-11 05:19:00+00:00,77104.3828125,BTC
2026-09-11 05:20:00+00:00,77098.8125,BTC
2026-09-11 05:21:00+00:00,77070.3125,BTC
2026-09-11 05:22:00+00:00,77089.953125,BTC
2026-09-11 05:23:00+00:00,77085.25,BTC
2026-09-11 05:24:00+00:00,77088.1171875,BTC
2026-09-11 05:25:00+00:00,77071.0625,BTC
2026-09-11 05:26:00+00:00,77065.90625,BTC
2026-09-11 05:27:00+00:00,77090.4609375,BTC
2026-09-11 05:28:00+00:00,77072.3203125,BTC
2026-09-11 05:29:00+00:00,77065.359375,BTC
2026-09-11 05:30:00+00:00,77095.9375,BTC
2026-09-11 05:31:00+00:00,77106.0234375,BTC
2026-09-11 05:32:00+00:00,77049.21875,BTC
2026-09-11 05:33:00+00:00,77058.46875,BTC
2026-09-11 05:34:00+00:00,77083.9296875,BTC
2026-09-11 05:35:00+00:00,77111.8984375,BTC
2026-09-11 05:36:00+00:00,77123.890625,BTC
2026-09-11 05:37:00+00:00,77137.1875,BTC
2026-09-11 05:38:00+00:00,77117.6796875,BTC
2026-09-11 05:39:00+00:00,77141.9296875,BTC
2026-09-11 05:40:00+00:00,77139.9609375,BTC
2026-09-11 05:41:00+00:00,77137.3203125,BTC
2026-09-11 05:42:00+00:00,77131.546875,BTC
2026-09-11 05:43:00+00:00,77154.921875,BTC
2026-09-11 05:44:00+00:00,77162.96875,BTC
2026-09-11 05:45:00+00:00,77131.6171875,BTC
2026-09-11 05:46:00+00:00,77159.7578125,BTC
2026-09-11 05:47:00+00:00,77165.6875,BTC
2026-09-11 05:48:00+00:00,77157.171875,BTC
2026-09-11 05:49:00+00:00,77167.7890625,BTC
2026-09-11 05:50:00+00:00,77169.9765625,BTC
2026-09-11 05:51:00+00:00,77169.9765625,BTC
2026-09-11 05:52:00+00:00,77151.71875,BTC
2026-09-11 05:53:00+00:00,77158.9375,BTC
2026-09-11 05:54:00+00:00,77177.828125,BTC
2026-09-11 05:55:00+00:00,77196.0,BTC
2026-09-11 05:56:00+00:00,77194.3515625,BTC
2026-09-11 05:57:00+00:00,77198.71875,BTC
2026-09-11 05:58:00+00:00,77221.1875,BTC
2026-09-11 05:59:00+00:00,77225.28125,BTC
2026-09-11 06:00:00+00:00,77199.1875,BTC
2026-09-11 06:01:00+00:00,77218.7734375,BTC
2026-09-11 06:02:00+00:00,77223.71875,BTC
2026-09-11 06:03:00+00:00,77211.421875,BTC
2026-09-11 06:04:00+00:00,77242.0703125,BTC
2026-09-11 06:05:00+00:00,77225.65625,BTC
2026-09-11 06:06:00+00:00,77233.578125,BTC
2026-09-11 06:07:00+00:00,77254.953125,BTC
2026-09-11 06:08:00+00:00,77261.078125,BTC
2026-09-11 06:09:00+00:00,77257.2734375,BTC
2026-09-11 06:10:00+00:00,77261.0703125,BTC
2026-09-11 06:11:00+00:00,77267.2265625,BTC
2026-09-11 06:12:00+00:00,77276.96875,BTC
2026-09-11 06:13:00+00:00,77349.4375,BTC
2026-09-11 06:14:00+00:00,77369.6796875,BTC
2026-09-11 06:15:00+00:00,77353.078125,BTC
2026-09-11 06:16:00+00:00,77355.203125,BTC
2026-09-11 06:17:00+00:00,77332.078125,BTC
2026-09-11 06:18:00+00:00,77293.5234375,BTC
2026-09-11 06:19:00+00:00,77280.6015625,BTC
2026-09-11 06:20:00+00:00,77283.8828125,BTC
2026-09-11 06:21:00+00:00,77263.59375,BTC
2026-09-11 06:22:00+00:00,77283.8671875,BTC
2026-09-11 06:23:00+00:00,77235.03125,BTC
2026-09-11 06:24:00+00:00,77241.78125,BTC
2026-09-11 06:25:00+00:00,77239.3984375,BTC
2026-09-11 06:26:00+00:00,77229.796875,BTC
2026-09-11 06:27:00+00:00,77229.796875,BTC
2026-09-11 06:28:00+00:00,77254.3828125,BTC
2026-09-11 06:29:00+00:00,77245.8984375,BTC
2026-09-11 06:30:00+00:00,77215.78125,BTC
2026-09-11 06:31:00+00:00,77232.796875,BTC
2026-09-11 06:32:00+00:00,77183.203125,BTC
2026-09-11 06:33:00+00:00,77160.46875,BTC
2026-09-11 06:34:00+00:00,77151.8671875,BTC
2026-09-11 06:35:00+00:00,77165.9609375,BTC
2026-09-11 06:36:00+00:00,77177.84375,BTC
2026-09-11 06:37:00+00:00,77200.1328125,BTC
2026-09-11 06:38:00+00:00,77220.96875,BTC
2026-09-11 06:39:00+00:00,77222.0625,BTC
2026-09-11 06:40:00+00:00,77197.4765625,BTC
2026-09-11 06:41:00+00:00,77195.5234375,BTC
2026-09-11 06:42:00+00:00,77190.421875,BTC
2026-09-11 06:43:00+00:00,77185.90625,BTC
2026-09-11 06:44:00+00:00,77202.5078125,BTC
2026-09-11 06:45:00+00:00,77215.5625,BTC
2026-09-11 06:46:00+00:00,77215.5234375,BTC
2026-09-11 06:47:00+00:00,77217.40625,BTC
2026-09-11 06:48:00+00:00,77231.5703125,BTC
2026-09-11 06:49:00+00:00,77254.5625,BTC
2026-09-11 06:50:00+00:00,77252.8515625,BTC
2026-09-11 06:51:00+00:00,77258.59375,BTC
2026-09-11 06:52:00+00:00,77258.2109375,BTC
2026-09-11 06:53:00+00:00,77240.1796875,BTC
2026-09-11 06:54:00+00:00,77242.09375,BTC
2026-09-11 06:55:00+00:00,77242.09375,BTC
2026-09-11 06:56:00+00:00,77260.9921875,BTC
2026-09-11 06:57:00+00:00,77263.5625,BTC
2026-09-11 06:58:00+00:00,77257.96875,BTC
2026-09-11 06:59:00+00:00,77265.1171875,BTC
2026-09-11 07:00:00+00:00,77260.4375,BTC
2026-09-11 07:01:00+00:00,77257.296875,BTC
2026-09-11 07:02:00+00:00,77264.828125,BTC
2026-09-11 07:03:00+00:00,77261.15625,BTC
2026-09-11 07:04:00+00:00,77289.0,BTC
2026-09-11 07:05:00+00:00,77294.5390625,BTC
2026-09-11 07:06:00+00:00,77312.796875,BTC
2026-09-11 07:07:00+00:00,77314.3125,BTC
2026-09-11 07:08:00+00:00,77332.0703125,BTC
2026-09-11 07:09:00+00:00,77338.1796875,BTC
2026-09-11 07:10:00+00:00,77351.6328125,BTC
2026-09-11 07:11:00+00:00,77324.6796875,BTC
2026-09-11 07:12:00+00:00,77344.2890625,BTC
2026-09-11 07:13:00+00:00,77294.7734375,BTC
2026-09-11 07:14:00+00:00,77285.296875,BTC
2026-09-11 07:15:00+00:00,77295.0703125,BTC
2026-09-11 07:16:00+00:00,77301.6015625,BTC
2026-09-11 07:17:00+00:00,77302.4921875,BTC
2026-09-11 07:18:00+00:00,77333.046875,BTC
2026-09-11 07:19:00+00:00,77312.7890625,BTC
2026-09-11 07:20:00+00:00,77310.25,BTC
2026-09-11 07:21:00+00:00,77321.15625,BTC
2026-09-11 07:22:00+00:00,77304.703125,BTC
2026-09-11 07:23:00+00:00,77341.7109375,BTC
2026-09-11 07:24:00+00:00,77325.03125,BTC
2026-09-11 07:25:00+00:00,77267.4375,BTC
2026-09-11 07:26:00+00:00,77301.46875,BTC
2026-09-11 07:27:00+00:00,77303.0703125,BTC
2026-09-11 07:28:00+00:00,77304.890625,BTC
2026-09-11 07:29:00+00:00,77306.75,BTC
2026-09-11 07:30:00+00:00,77305.9609375,BTC
2026-09-11 07:31:00+00:00,77267.6171875,BTC
2026-09-11 07:32:00+00:00,77263.46875,BTC
2026-09-11 07:33:00+00:00,77239.8125,BTC
2026-09-11 07:34:00+00:00,77264.609375,BTC
2026-09-11 07:35:00+00:00,77255.140625,BTC
2026-09-11 07:36:00+00:00,77269.8828125,BTC
2026-09-11 07:37:00+00:00,77269.703125,BTC
2026-09-11 07:38:00+00:00,77246.0625,BTC
2026-09-11 07:39:00+00:00,77226.421875,BTC
2026-09-11 07:40:00+00:00,77242.953125,BTC
2026-09-11 07:41:00+00:00,77242.796875,BTC
2026-09-11 07:42:00+00:00,77241.796875,BTC
2026-09-11 07:43:00+00:00,77241.7421875,BTC
2026-09-11 07:44:00+00:00,77236.7265625,BTC
2026-09-11 07:45:00+00:00,77210.1015625,BTC
2026-09-11 07:46:00+00:00,77216.3984375,BTC
2026-09-11 07:47:00+00:00,77226.03125,BTC
2026-09-11 07:48:00+00:00,77207.578125,BTC
2026-09-11 07:49:00+00:00,77211.671875,BTC
2026-09-11 07:50:00+00:00,77225.9765625,BTC
2026-09-11 07:51:00+00:00,77204.25,BTC
2026-09-11 07:52:00+00:00,77193.5703125,BTC
2026-09-11 07:53:00+00:00,77181.65625,BTC
2026-09-11 07:54:00+00:00,77181.65625,BTC
2026-09-11 07:55:00+00:00,77168.6796875,BTC
2026-09-11 07:56:00+00:00,77229.3671875,BTC
2026-09-11 07:57:00+00:00,77207.609375,BTC
2026-09-11 07:58:00+00:00,77207.53125,BTC
2026-09-11 07:59:00+00:00,77199.53125,BTC
2026-09-11 08:00:00+00:00,77202.9296875,BTC
2026-09-11 08:01:00+00:00,77216.3984375,BTC
2026-09-11 08:02:00+00:00,77209.2890625,BTC
2026-09-11 08:03:00+00:00,77165.96875,BTC
2026-09-11 08:04:00+00:00,77148.921875,BTC
2026-09-11 08:05:00+00:00,77137.4375,BTC
2026-09-11 08:06:00+00:00,77148.703125,BTC
2026-09-11 08:07:00+00:00,77143.0234375,BTC
2026-09-11 08:08:00+00:00,77132.40625,BTC
2026-09-11 08:09:00+00:00,77116.359375,BTC
2026-09-11 08:10:00+00:00,77127.9765625,BTC
2026-09-11 08:11:00+00:00,77108.5625,BTC
2026-09-11 08:12:00+00:00,77129.6171875,BTC
2026-09-11 08:13:00+00:00,77139.2734375,BTC
2026-09-11 08:14:00+00:00,77150.46875,BTC
2026-09-11 08:15:00+00:00,77177.828125,BTC
2026-09-11 08:16:00+00:00,77193.9375,BTC
2026-09-11 08:17:00+00:00,77216.3828125,BTC
2026-09-11 08:18:00+00:00,77206.7578125,BTC
2026-09-11 08:19:00+00:00,77198.796875,BTC
2026-09-11 08:20:00+00:00,77213.3828125,BTC
2026-09-11 08:21:00+00:00,77224.3671875,BTC
2026-09-11 08:22:00+00:00,77238.34375,BTC
2026-09-11 08:23:00+00:00,77245.9921875,BTC
2026-09-11 08:24:00+00:00,77394.8671875,BTC
2026-09-11 08:25:00+00:00,77349.46875,BTC
2026-09-11 08:26:00+00:00,77324.9765625,BTC
2026-09-11 08:27:00+00:00,77299.359375,BTC
2026-09-11 08:28:00+00:00,77319.859375,BTC
2026-09-11 08:29:00+00:00,77357.7734375,BTC
2026-09-11 08:30:00+00:00,77435.0,BTC
2026-09-11 08:31:00+00:00,77451.5390625,BTC
2026-09-11 08:32:00+00:00,77422.609375,BTC
2026-09-11 08:33:00+00:00,77385.203125,BTC
2026-09-11 08:34:00+00:00,77362.1328125,BTC
2026-09-11 08:35:00+00:00,77350.0390625,BTC
2026-09-11 08:36:00+00:00,77339.8984375,BTC
2026-09-11 08:37:00+00:00,77336.0234375,BTC
2026-09-11 08:38:00+00:00,77375.1015625,BTC
2026-09-11 08:39:00+00:00,77368.8515625,BTC
2026-09-11 08:40:00+00:00,77384.640625,BTC
2026-09-11 08:41:00+00:00,77409.1796875,BTC
2026-09-11 08:42:00+00:00,77401.1875,BTC
2026-09-11 08:43:00+00:00,77392.25,BTC
2026-09-11 08:44:00+00:00,77393.453125,BTC
2026-09-11 08:45:00+00:00,77397.6015625,BTC
2026-09-11 08:46:00+00:00,77371.296875,BTC
2026-09-11 08:47:00+00:00,77369.421875,BTC
2026-09-11 08:48:00+00:00,77355.421875,BTC
2026-09-11 08:49:00+00:00,77340.921875,BTC
2026-09-11 08:50:00+00:00,77320.46875,BTC
2026-09-11 08:51:00+00:00,77342.640625,BTC
2026-09-11 08:52:00+00:00,77348.890625,BTC
2026-09-11 08:53:00+00:00,77347.140625,BTC
2026-09-11 08:54:00+00:00,77315.09375,BTC
2026-09-11 08:55:00+00:00,77318.2734375,BTC
2026-09-11 08:56:00+00:00,77333.96875,BTC
2026-09-11 08:57:00+00:00,77339.1328125,BTC
2026-09-11 08:58:00+00:00,77336.5390625,BTC
2026-09-11 08:59:00+00:00,77337.0703125,BTC
2026-09-11 09:00:00+00:00,77336.5,BTC
2026-09-11 09:01:00+00:00,77340.6171875,BTC
2026-09-11 09:02:00+00:00,77330.6796875,BTC
2026-09-11 09:03:00+00:00,77307.15625,BTC
2026-09-11 09:04:00+00:00,77306.9921875,BTC
2026-09-11 09:05:00+00:00,77292.0,BTC
2026-09-11 09:06:00+00:00,77290.15625,BTC
2026-09-11 09:07:00+00:00,77296.53125,BTC
2026-09-11 09:08:00+00:00,77260.1484375,BTC
2026-09-11 09:09:00+00:00,77248.0625,BTC
2026-09-11 09:10:00+00:00,77245.0,BTC
2026-09-11 09:11:00+00:00,77251.4609375,BTC
2026-09-11 09:12:00+00:00,77235.40625,BTC
2026-09-11 09:13:00+00:00,77264.8125,BTC
2026-09-11 09:14:00+00:00,77247.171875,BTC
2026-09-11 09:15:00+00:00,77261.7734375,BTC
2026-09-11 09:16:00+00:00,77257.5234375,BTC
2026-09-11 09:17:00+00:00,77260.59375,BTC
2026-09-11 09:18:00+00:00,77259.5,BTC
2026-09-11 09:19:00+00:00,77242.7265625,BTC
2026-09-11 09:20:00+00:00,77249.828125,BTC
2026-09-11 09:21:00+00:00,77239.75,BTC
2026-09-11 09:22:00+00:00,77221.8515625,BTC
2026-09-11 09:23:00+00:00,77203.90625,BTC
2026-09-11 09:24:00+00:00,77178.2578125,BTC
2026-09-11 09:25:00+00:00,77161.4921875,BTC
2026-09-11 09:26:00+00:00,77153.96875,BTC
2026-09-11 09:27:00+00:00,77152.8671875,BTC
2026-09-11 09:28:00+00:00,77152.7578125,BTC
2026-09-11 09:29:00+00:00,77110.0625,BTC
2026-09-11 09:30:00+00:00,77104.7890625,BTC
2026-09-11 09:31:00+00:00,77110.578125,BTC
2026-09-11 09:32:00+00:00,77141.6484375,BTC
2026-09-11 09:33:00+00:00,77131.1484375,BTC
2026-09-11 09:34:00+00:00,77062.4921875,BTC
2026-09-11 09:35:00+00:00,76994.03125,BTC
2026-09-11 09:36:00+00:00,76952.0,BTC
2026-09-11 09:37:00+00:00,76914.5078125,BTC
2026-09-11 09:38:00+00:00,76927.1875,BTC
2026-09-11 09:39:00+00:00,76898.828125,BTC
2026-09-11 09:40:00+00:00,76833.8125,BTC
2026-09-11 09:41:00+00:00,76867.8671875,BTC
2026-09-11 09:42:00+00:00,76913.3984375,BTC
2026-09-11 09:43:00+00:00,76914.6015625,BTC
2026-09-11 09:44:00+00:00,76932.25,BTC
2026-09-11 09:45:00+00:00,76966.28125,BTC
2026-09-11 09:46:00+00:00,76966.1484375,BTC
2026-09-11 09:47:00+00:00,76994.671875,BTC
2026-09-11 09:48:00+00:00,76998.6484375,BTC
2026-09-11 09:49:00+00:00,76999.9765625,BTC
2026-09-11 09:50:00+00:00,76973.9296875,BTC
2026-09-11 09:51:00+00:00,77013.953125,BTC
2026-09-11 09:52:00+00:00,77021.328125,BTC
2026-09-11 09:53:00+00:00,77004.3203125,BTC
2026-09-11 09:54:00+00:00,77019.921875,BTC
2026-09-11 09:55:00+00:00,76998.7109375,BTC
2026-09-11 09:56:00+00:00,77003.90625,BTC
2026-09-11 09:57:00+00:00,77013.953125,BTC
2026-09-11 09:58:00+00:00,77038.7734375,BTC
2026-09-11 09:59:00+00:00,77021.9765625,BTC
2026-09-11 10:00:00+00:00,77033.2265625,BTC
2026-09-11 10:01:00+00:00,77049.6015625,BTC
2026-09-11 10:02:00+00:00,77066.0390625,BTC
2026-09-11 10:03:00+00:00,77096.546875,BTC
2026-09-11 10:04:00+00:00,77129.640625,BTC
2026-09-11 10:05:00+00:00,77075.703125,BTC
2026-09-11 10:06:00+00:00,77089.5390625,BTC
2026-09-11 10:07:00+00:00,77092.578125,BTC
2026-09-11 10:08:00+00:00,77113.171875,BTC
2026-09-11 10:09:00+00:00,77059.28125,BTC
2026-09-11 10:10:00+00:00,77083.15625,BTC
2026-09-11 10:11:00+00:00,77069.5625,BTC
2026-09-11 10:12:00+00:00,77032.8671875,BTC
2026-09-11 10:13:00+00:00,77005.40625,BTC
2026-09-11 10:14:00+00:00,77057.71875,BTC
2026-09-11 10:15:00+00:00,77090.640625,BTC
2026-09-11 10:16:00+00:00,77065.46875,BTC
2026-09-11 10:17:00+00:00,77095.7734375,BTC
2026-09-11 10:18:00+00:00,77109.921875,BTC
2026-09-11 10:19:00+00:00,77103.890625,BTC
2026-09-11 10:20:00+00:00,77081.421875,BTC
2026-09-11 10:21:00+00:00,77100.71875,BTC
2026-09-11 10:22:00+00:00,77091.0703125,BTC
2026-09-11 10:23:00+00:00,77067.2109375,BTC
2026-09-11 10:24:00+00:00,77069.75,BTC
2026-09-11 10:25:00+00:00,77056.5390625,BTC
2026-09-11 10:26:00+00:00,77033.8671875,BTC
2026-09-11 10:27:00+00:00,77019.7421875,BTC
2026-09-11 10:28:00+00:00,77019.109375,BTC
2026-09-11 10:29:00+00:00,77006.4609375,BTC
2026-09-11 10:30:00+00:00,77007.1484375,BTC
2026-09-11 10:31:00+00:00,77004.546875,BTC
2026-09-11 10:32:00+00:00,76953.40625,BTC
2026-09-11 10:33:00+00:00,76994.6015625,BTC
2026-09-11 10:34:00+00:00,77019.6796875,BTC
2026-09-11 10:35:00+00:00,77025.0234375,BTC
2026-09-11 10:36:00+00:00,76980.8515625,BTC
2026-09-11 10:37:00+00:00,76989.9609375,BTC
2026-09-11 10:38:00+00:00,77000.6875,BTC
2026-09-11 10:39:00+00:00,77016.9765625,BTC
2026-09-11 10:40:00+00:00,77013.9609375,BTC
2026-09-11 10:41:00+00:00,76994.6796875,BTC
2026-09-11 10:42:00+00:00,77000.71875,BTC
2026-09-11 10:43:00+00:00,76990.609375,BTC
2026-09-11 10:44:00+00:00,76978.0,BTC
2026-09-11 10:45:00+00:00,76989.859375,BTC
2026-09-11 10:46:00+00:00,77014.2265625,BTC
2026-09-11 10:47:00+00:00,76977.3828125,BTC
2026-09-11 10:48:00+00:00,76985.7890625,BTC
2026-09-11 10:49:00+00:00,76977.3671875,BTC
2026-09-11 10:50:00+00:00,76977.7734375,BTC
2026-09-11 10:51:00+00:00,76999.0,BTC
2026-09-11 10:52:00+00:00,77004.0078125,BTC
2026-09-11 10:53:00+00:00,77000.421875,BTC
2026-09-11 10:54:00+00:00,76999.8671875,BTC
2026-09-11 10:55:00+00:00,76999.90625,BTC
2026-09-11 10:56:00+00:00,77008.1171875,BTC
2026-09-11 10:57:00+00:00,77002.8828125,BTC
2026-09-11 10:58:00+00:00,76974.8203125,BTC
2026-09-11 10:59:00+00:00,76966.640625,BTC
2026-09-11 11:00:00+00:00,76960.0,BTC
2026-09-11 11:01:00+00:00,76937.7890625,BTC
2026-09-11 11:02:00+00:00,76898.796875,BTC
2026-09-11 11:03:00+00:00,76879.0078125,BTC
2026-09-11 11:04:00+00:00,76855.828125,BTC
2026-09-11 11:05:00+00:00,76864.2890625,BTC
2026-09-11 11:06:00+00:00,76842.0078125,BTC
2026-09-11 11:07:00+00:00,76792.28125,BTC
2026-09-11 11:08:00+00:00,76769.3125,BTC
2026-09-11 11:09:00+00:00,76756.109375,BTC
2026-09-11 11:10:00+00:00,76792.2265625,BTC
2026-09-11 11:11:00+00:00,76746.46875,BTC
2026-09-11 11:12:00+00:00,76767.921875,BTC
2026-09-11 11:13:00+00:00,76795.828125,BTC
2026-09-11 11:14:00+00:00,76758.578125,BTC
2026-09-11 11:15:00+00:00,76782.59375,BTC
2026-09-11 11:16:00+00:00,76756.3125,BTC
2026-09-11 11:17:00+00:00,76781.6484375,BTC
2026-09-11 11:18:00+00:00,76783.2109375,BTC
2026-09-11 11:19:00+00:00,76790.640625,BTC
2026-09-11 11:20:00+00:00,76775.53125,BTC
2026-09-11 11:21:00+00:00,76775.5390625,BTC
2026-09-11 11:22:00+00:00,76769.9921875,BTC
2026-09-11 11:23:00+00:00,76798.171875,BTC
2026-09-11 11:24:00+00:00,76792.09375,BTC
2026-09-11 11:25:00+00:00,76865.0,BTC
2026-09-11 11:26:00+00:00,76867.59375,BTC
2026-09-11 11:27:00+00:00,76849.8515625,BTC
2026-09-11 11:28:00+00:00,76818.9921875,BTC
2026-09-11 11:29:00+00:00,76815.953125,BTC
2026-09-11 11:30:00+00:00,76806.46875,BTC
2026-09-11 11:31:00+00:00,76801.8828125,BTC
2026-09-11 11:32:00+00:00,76791.2734375,BTC
2026-09-11 11:33:00+00:00,76809.59375,BTC
2026-09-11 11:34:00+00:00,76760.6015625,BTC
2026-09-11 11:35:00+00:00,76782.59375,BTC
2026-09-11 11:36:00+00:00,76801.8515625,BTC
2026-09-11 11:37:00+00:00,76850.0703125,BTC
2026-09-11 11:38:00+00:00,76832.046875,BTC
2026-09-11 11:39:00+00:00,76821.203125,BTC
2026-09-11 11:40:00+00:00,76857.6875,BTC
2026-09-11 11:41:00+00:00,76871.7421875,BTC
2026-09-11 11:42:00+00:00,76853.3984375,BTC
2026-09-11 11:43:00+00:00,76850.0078125,BTC
2026-09-11 11:44:00+00:00,76873.8671875,BTC
2026-09-11 11:45:00+00:00,76902.15625,BTC
2026-09-11 11:46:00+00:00,76954.9921875,BTC
2026-09-11 11:47:00+00:00,76913.640625,BTC
2026-09-11 11:48:00+00:00,76909.8203125,BTC
2026-09-11 11:49:00+00:00,76913.203125,BTC
2026-09-11 11:50:00+00:00,76899.1015625,BTC
2026-09-11 11:51:00+00:00,76898.3515625,BTC
2026-09-11 11:52:00+00:00,76945.6015625,BTC
2026-09-11 11:53:00+00:00,76944.7578125,BTC
2026-09-11 11:54:00+00:00,76944.0234375,BTC
2026-09-11 11:55:00+00:00,76926.96875,BTC
2026-09-11 11:56:00+00:00,76955.2265625,BTC
2026-09-11 11:57:00+00:00,76979.96875,BTC
2026-09-11 11:58:00+00:00,76988.1015625,BTC
2026-09-11 11:59:00+00:00,77014.8828125,BTC
2026-09-11 12:00:00+00:00,76985.21875,BTC
2026-09-11 12:01:00+00:00,77049.59375,BTC
2026-09-11 12:02:00+00:00,77088.6484375,BTC
2026-09-11 12:03:00+00:00,77042.8828125,BTC
2026-09-11 12:04:00+00:00,77052.5234375,BTC
2026-09-11 12:05:00+00:00,76992.6171875,BTC
2026-09-11 12:06:00+00:00,76935.7890625,BTC
2026-09-11 12:07:00+00:00,76909.3671875,BTC
2026-09-11 12:08:00+00:00,76907.9296875,BTC
2026-09-11 12:09:00+00:00,76890.6796875,BTC
2026-09-11 12:10:00+00:00,76922.6328125,BTC
2026-09-11 12:11:00+00:00,76936.828125,BTC
2026-09-11 12:12:00+00:00,76901.6328125,BTC
2026-09-11 12:13:00+00:00,76886.4921875,BTC
2026-09-11 12:14:00+00:00,76894.1875,BTC
2026-09-11 12:15:00+00:00,76923.7890625,BTC
2026-09-11 12:16:00+00:00,76951.46875,BTC
2026-09-11 12:17:00+00:00,76983.5234375,BTC
2026-09-11 12:18:00+00:00,77019.4921875,BTC
2026-09-11 12:19:00+00:00,76939.1171875,BTC
2026-09-11 12:20:00+00:00,77006.578125,BTC
2026-09-11 12:21:00+00:00,76970.6875,BTC
2026-09-11 12:22:00+00:00,76966.8125,BTC
2026-09-11 12:23:00+00:00,76981.8203125,BTC
2026-09-11 12:24:00+00:00,76933.078125,BTC
2026-09-11 12:25:00+00:00,76987.609375,BTC
2026-09-11 12:26:00+00:00,76971.53125,BTC
2026-09-11 12:27:00+00:00,77000.140625,BTC
2026-09-11 12:28:00+00:00,76949.5234375,BTC
2026-09-11 12:29:00+00:00,77119.71875,BTC
2026-09-11 12:30:00+00:00,76432.4609375,BTC
2026-09-11 12:31:00+00:00,76425.90625,BTC
2026-09-11 12:32:00+00:00,76690.0,BTC
2026-09-11 12:33:00+00:00,76980.109375,BTC
2026-09-11 12:34:00+00:00,77105.828125,BTC
2026-09-11 12:35:00+00:00,77057.078125,BTC
2026-09-11 12:36:00+00:00,77216.40625,BTC
2026-09-11 12:37:00+00:00,77370.640625,BTC
2026-09-11 12:38:00+00:00,77382.9921875,BTC
2026-09-11 12:39:00+00:00,77528.5,BTC
2026-09-11 12:40:00+00:00,77500.3828125,BTC
2026-09-11 12:41:00+00:00,77484.6171875,BTC
2026-09-11 12:42:00+00:00,77508.328125,BTC
2026-09-11 12:43:00+00:00,77579.3125,BTC
2026-09-11 12:44:00+00:00,77563.4375,BTC
2026-09-11 12:45:00+00:00,77601.1171875,BTC
2026-09-11 12:46:00+00:00,77760.5078125,BTC
2026-09-11 12:47:00+00:00,77971.75,BTC
2026-09-11 12:48:00+00:00,77883.0234375,BTC
2026-09-11 12:49:00+00:00,77825.6875,BTC
2026-09-11 12:50:00+00:00,77978.6484375,BTC
2026-09-11 12:51:00+00:00,77924.25,BTC
2026-09-11 12:52:00+00:00,77974.890625,BTC
2026-09-11 12:53:00+00:00,78001.9921875,BTC
2026-09-11 12:54:00+00:00,77910.4765625,BTC
2026-09-11 12:55:00+00:00,77951.140625,BTC
2026-09-11 12:56:00+00:00,77884.7578125,BTC
2026-09-11 12:57:00+00:00,77858.4609375,BTC
2026-09-11 12:58:00+00:00,77910.046875,BTC
2026-09-11 12:59:00+00:00,77990.859375,BTC
2026-09-11 13:00:00+00:00,77852.6484375,BTC
2026-09-11 13:01:00+00:00,77823.7890625,BTC
2026-09-11 13:02:00+00:00,77804.3984375,BTC
2026-09-11 13:03:00+00:00,77778.5390625,BTC
2026-09-11 13:04:00+00:00,77727.2109375,BTC
2026-09-11 13:05:00+00:00,77800.0,BTC
2026-09-11 13:06:00+00:00,77866.03125,BTC
2026-09-11 13:07:00+00:00,77785.2578125,BTC
2026-09-11 13:08:00+00:00,77630.1484375,BTC
2026-09-11 13:09:00+00:00,77551.796875,BTC
2026-09-11 13:10:00+00:00,77584.25,BTC
2026-09-11 13:11:00+00:00,77563.4375,BTC
2026-09-11 13:12:00+00:00,77592.59375,BTC
2026-09-11 13:13:00+00:00,77650.1796875,BTC
2026-09-11 13:14:00+00:00,77683.703125,BTC
2026-09-11 13:15:00+00:00,77611.6484375,BTC
2026-09-11 13:16:00+00:00,77627.2890625,BTC
2026-09-11 13:17:00+00:00,77602.0078125,BTC
2026-09-11 13:18:00+00:00,77681.25,BTC
2026-09-11 13:19:00+00:00,77679.3203125,BTC
2026-09-11 13:20:00+00:00,77656.578125,BTC
2026-09-11 13:21:00+00:00,77748.71875,BTC
2026-09-11 13:22:00+00:00,77785.171875,BTC
2026-09-11 13:23:00+00:00,77731.0234375,BTC
2026-09-11 13:24:00+00:00,77690.5703125,BTC
2026-09-11 13:25:00+00:00,77651.9921875,BTC
2026-09-11 13:26:00+00:00,77654.171875,BTC
2026-09-11 13:27:00+00:00,77535.6171875,BTC
2026-09-11 13:28:00+00:00,77543.109375,BTC
2026-09-11 13:29:00+00:00,77499.21875,BTC
2026-09-11 13:30:00+00:00,77656.9609375,BTC
2026-09-11 13:31:00+00:00,77458.1796875,BTC
2026-09-11 13:32:00+00:00,77411.921875,BTC
2026-09-11 13:33:00+00:00,77424.2734375,BTC
2026-09-11 13:34:00+00:00,77486.3125,BTC
2026-09-11 13:35:00+00:00,77432.8203125,BTC
2026-09-11 13:36:00+00:00,77244.2890625,BTC
2026-09-11 13:37:00+00:00,77389.0703125,BTC
2026-09-11 13:38:00+00:00,77472.609375,BTC
2026-09-11 13:39:00+00:00,77600.0,BTC
2026-09-11 13:40:00+00:00,77598.96875,BTC
2026-09-11 13:41:00+00:00,77794.796875,BTC
2026-09-11 13:42:00+00:00,77867.4375,BTC
2026-09-11 13:43:00+00:00,77785.1484375,BTC
2026-09-11 13:44:00+00:00,77765.2734375,BTC
2026-09-11 13:45:00+00:00,77804.453125,BTC
2026-09-11 13:46:00+00:00,77860.1171875,BTC
2026-09-11 13:47:00+00:00,77978.84375,BTC
2026-09-11 13:48:00+00:00,78161.7265625,BTC
2026-09-11 13:49:00+00:00,78558.609375,BTC
2026-09-11 13:50:00+00:00,78419.9609375,BTC
2026-09-11 13:51:00+00:00,78513.6796875,BTC
2026-09-11 13:52:00+00:00,78729.8671875,BTC
2026-09-11 13:53:00+00:00,78730.0390625,BTC
2026-09-11 13:54:00+00:00,78639.6796875,BTC
2026-09-11 13:55:00+00:00,78774.8828125,BTC
2026-09-11 13:56:00+00:00,78749.8515625,BTC
2026-09-11 13:57:00+00:00,78736.5390625,BTC
2026-09-11 13:58:00+00:00,78955.2265625,BTC
2026-09-11 13:59:00+00:00,79206.5625,BTC
2026-09-11 14:00:00+00:00,79327.546875,BTC
2026-09-11 14:01:00+00:00,79394.21875,BTC
2026-09-11 14:02:00+00:00,79577.46875,BTC
2026-09-11 14:03:00+00:00,79418.859375,BTC
2026-09-11 14:04:00+00:00,79502.4765625,BTC
2026-09-11 14:05:00+00:00,79366.9921875,BTC
2026-09-11 14:06:00+00:00,79252.546875,BTC
2026-09-11 14:07:00+00:00,79050.6796875,BTC
2026-09-11 14:08:00+00:00,78902.1015625,BTC
2026-09-11 14:09:00+00:00,79011.59375,BTC
2026-09-11 14:10:00+00:00,78884.1171875,BTC
2026-09-11 14:11:00+00:00,78814.421875,BTC
2026-09-11 14:12:00+00:00,78975.5234375,BTC
2026-09-11 14:13:00+00:00,79112.7109375,BTC
2026-09-11 14:14:00+00:00,79033.421875,BTC
2026-09-11 14:15:00+00:00,79020.1171875,BTC
2026-09-11 14:16:00+00:00,78965.4375,BTC
2026-09-11 14:17:00+00:00,79074.2890625,BTC
2026-09-11 14:18:00+00:00,79159.96875,BTC
2026-09-11 14:19:00+00:00,79144.0703125,BTC
2026-09-11 14:20:00+00:00,79144.390625,BTC
2026-09-11 14:21:00+00:00,79118.109375,BTC
2026-09-11 14:22:00+00:00,79034.75,BTC
2026-09-11 14:23:00+00:00,79049.3671875,BTC
2026-09-11 14:24:00+00:00,79013.3203125,BTC
2026-09-11 14:25:00+00:00,79043.8828125,BTC
2026-09-11 14:26:00+00:00,78958.59375,BTC
2026-09-11 14:27:00+00:00,79018.84375,BTC
2026-09-11 14:28:00+00:00,79011.4375,BTC
2026-09-11 14:29:00+00:00,79025.1796875,BTC
2026-09-11 14:30:00+00:00,78980.71875,BTC
2026-09-11 14:31:00+00:00,78926.7421875,BTC
2026-09-11 14:32:00+00:00,78979.296875,BTC
2026-09-11 14:33:00+00:00,78853.0390625,BTC
2026-09-11 14:34:00+00:00,78730.3125,BTC
2026-09-11 14:35:00+00:00,78667.9609375,BTC
2026-09-11 14:36:00+00:00,78563.0234375,BTC
2026-09-11 14:37:00+00:00,78744.046875,BTC
2026-09-11 14:38:00+00:00,78671.7734375,BTC
2026-09-11 14:39:00+00:00,78721.0625,BTC
2026-09-11 14:40:00+00:00,78687.8515625,BTC
2026-09-11 14:41:00+00:00,78651.25,BTC
2026-09-11 14:42:00+00:00,78598.140625,BTC
2026-09-11 14:43:00+00:00,78535.2109375,BTC
2026-09-11 14:44:00+00:00,78616.7890625,BTC
2026-09-11 14:45:00+00:00,78699.921875,BTC
2026-09-11 14:46:00+00:00,78680.8828125,BTC
2026-09-11 14:47:00+00:00,78645.0,BTC
2026-09-11 14:48:00+00:00,78590.6875,BTC
2026-09-11 14:49:00+00:00,78654.78125,BTC
2026-09-11 14:50:00+00:00,78555.0,BTC
2026-09-11 14:51:00+00:00,78688.140625,BTC
2026-09-11 14:52:00+00:00,78814.0,BTC
2026-09-11 14:53:00+00:00,78849.140625,BTC
2026-09-11 14:54:00+00:00,78812.0390625,BTC
2026-09-11 14:55:00+00:00,78779.0390625,BTC
2026-09-11 14:56:00+00:00,78782.25,BTC
2026-09-11 14:57:00+00:00,78828.28125,BTC
2026-09-11 14:58:00+00:00,78795.8515625,BTC
2026-09-11 14:59:00+00:00,78789.5078125,BTC
2026-09-11 15:00:00+00:00,78740.6796875,BTC
2026-09-11 15:01:00+00:00,78553.7265625,BTC
2026-09-11 15:02:00+00:00,78709.9609375,BTC
2026-09-11 15:03:00+00:00,78647.453125,BTC
2026-09-11 15:04:00+00:00,78645.46875,BTC
2026-09-11 15:05:00+00:00,78674.5703125,BTC
2026-09-11 15:06:00+00:00,78751.90625,BTC
2026-09-11 15:07:00+00:00,78632.0703125,BTC
2026-09-11 15:08:00+00:00,78648.2265625,BTC
2026-09-11 15:09:00+00:00,78635.9609375,BTC
2026-09-11 15:10:00+00:00,78566.7109375,BTC
2026-09-11 15:11:00+00:00,78548.5234375,BTC
2026-09-11 15:12:00+00:00,78592.078125,BTC
2026-09-11 15:13:00+00:00,78592.078125,BTC
2026-09-11 15:14:00+00:00,78491.3515625,BTC
2026-09-11 15:15:00+00:00,78603.25,BTC
2026-09-11 15:16:00+00:00,78581.2265625,BTC
2026-09-11 15:17:00+00:00,78582.421875,BTC
2026-09-11 15:18:00+00:00,78613.4765625,BTC
2026-09-11 15:19:00+00:00,78651.1171875,BTC
2026-09-11 15:20:00+00:00,78665.0,BTC
2026-09-11 15:21:00+00:00,78635.9765625,BTC
2026-09-11 15:22:00+00:00,78582.1328125,BTC
2026-09-11 15:23:00+00:00,78711.6875,BTC
2026-09-11 15:24:00+00:00,78677.7734375,BTC
2026-09-11 15:25:00+00:00,78665.2421875,BTC
2026-09-11 15:26:00+00:00,78704.3984375,BTC
2026-09-11 15:27:00+00:00,78748.8671875,BTC
2026-09-11 15:28:00+00:00,78751.8984375,BTC
2026-09-11 15:29:00+00:00,78697.5703125,BTC
2026-09-11 15:30:00+00:00,78682.6171875,BTC
2026-09-11 15:31:00+00:00,78708.53125,BTC
2026-09-11 15:32:00+00:00,78770.1328125,BTC
2026-09-11 15:33:00+00:00,78794.3203125,BTC
2026-09-11 15:34:00+00:00,78822.3671875,BTC
2026-09-11 15:35:00+00:00,78769.84375,BTC
2026-09-11 15:36:00+00:00,78663.0078125,BTC
2026-09-11 15:37:00+00:00,78694.9765625,BTC
2026-09-11 15:38:00+00:00,78739.78125,BTC
2026-09-11 15:39:00+00:00,78761.0,BTC
2026-09-11 15:40:00+00:00,78723.8125,BTC
2026-09-11 15:41:00+00:00,78748.8125,BTC
2026-09-11 15:42:00+00:00,78701.8984375,BTC
2026-09-11 15:43:00+00:00,78668.34375,BTC
2026-09-11 15:44:00+00:00,78636.6328125,BTC
2026-09-11 15:45:00+00:00,78573.0078125,BTC
2026-09-11 15:46:00+00:00,78641.25,BTC
2026-09-11 15:47:00+00:00,78583.7265625,BTC
2026-09-11 15:48:00+00:00,78532.296875,BTC
2026-09-11 15:49:00+00:00,78518.96875,BTC
2026-09-11 15:50:00+00:00,78454.3125,BTC
2026-09-11 15:51:00+00:00,78204.328125,BTC
2026-09-11 15:52:00+00:00,78144.890625,BTC
2026-09-11 15:53:00+00:00,77822.8125,BTC
2026-09-11 15:54:00+00:00,77628.21875,BTC
2026-09-11 15:55:00+00:00,77363.21875,BTC
2026-09-11 15:56:00+00:00,77561.2578125,BTC
2026-09-11 15:57:00+00:00,77703.34375,BTC
2026-09-11 15:58:00+00:00,77610.59375,BTC
2026-09-11 15:59:00+00:00,77703.3515625,BTC
2026-09-11 16:00:00+00:00,77912.953125,BTC
2026-09-11 16:01:00+00:00,77952.4375,BTC
2026-09-11 16:02:00+00:00,77972.9375,BTC
2026-09-11 16:03:00+00:00,77825.9921875,BTC
2026-09-11 16:04:00+00:00,77812.59375,BTC
2026-09-11 16:05:00+00:00,77974.3671875,BTC
2026-09-11 16:06:00+00:00,78031.453125,BTC
2026-09-11 16:07:00+00:00,77949.2734375,BTC
2026-09-11 16:08:00+00:00,77914.4765625,BTC
2026-09-11 16:09:00+00:00,77940.3671875,BTC
2026-09-11 16:10:00+00:00,77823.96875,BTC
2026-09-11 16:11:00+00:00,77836.140625,BTC
2026-09-11 16:12:00+00:00,77833.09375,BTC
2026-09-11 16:13:00+00:00,77832.7890625,BTC
2026-09-11 16:14:00+00:00,77775.359375,BTC
2026-09-11 16:15:00+00:00,77742.9609375,BTC
2026-09-11 16:16:00+00:00,77814.7109375,BTC
2026-09-11 16:17:00+00:00,77699.3671875,BTC
2026-09-11 16:18:00+00:00,77599.0,BTC
2026-09-11 16:19:00+00:00,77495.2578125,BTC
2026-09-11 16:20:00+00:00,77417.296875,BTC
2026-09-11 16:21:00+00:00,77426.203125,BTC
2026-09-11 16:22:00+00:00,77506.3828125,BTC
2026-09-11 16:23:00+00:00,77467.2890625,BTC
2026-09-11 16:24:00+00:00,77468.5,BTC
2026-09-11 16:25:00+00:00,77631.9921875,BTC
2026-09-11 16:26:00+00:00,77619.140625,BTC
2026-09-11 16:27:00+00:00,77675.078125,BTC
2026-09-11 16:28:00+00:00,77715.609375,BTC
2026-09-11 16:29:00+00:00,77639.4609375,BTC
2026-09-11 16:30:00+00:00,77649.9375,BTC
2026-09-11 16:31:00+00:00,77585.8125,BTC
2026-09-11 16:32:00+00:00,77529.359375,BTC
2026-09-11 16:33:00+00:00,77665.171875,BTC
2026-09-11 16:34:00+00:00,77730.796875,BTC
2026-09-11 16:35:00+00:00,77688.0234375,BTC
2026-09-11 16:36:00+00:00,77659.7421875,BTC
2026-09-11 16:37:00+00:00,77632.0703125,BTC
2026-09-11 16:38:00+00:00,77632.71875,BTC
2026-09-11 16:39:00+00:00,77620.6796875,BTC
2026-09-11 16:40:00+00:00,77717.890625,BTC
2026-09-11 16:41:00+00:00,77716.3125,BTC
2026-09-11 16:42:00+00:00,77745.828125,BTC
2026-09-11 16:43:00+00:00,77761.9765625,BTC
2026-09-11 16:44:00+00:00,77780.9765625,BTC
2026-09-11 16:45:00+00:00,77841.5234375,BTC
2026-09-11 16:46:00+00:00,77869.0390625,BTC
2026-09-11 16:47:00+00:00,77910.6328125,BTC
2026-09-11 16:48:00+00:00,77943.2734375,BTC
2026-09-11 16:49:00+00:00,77883.390625,BTC
2026-09-11 16:50:00+00:00,77859.9921875,BTC
2026-09-11 16:51:00+00:00,77908.890625,BTC
2026-09-11 16:52:00+00:00,77873.359375,BTC
2026-09-11 16:53:00+00:00,77873.7578125,BTC
2026-09-11 16:54:00+00:00,77879.90625,BTC
2026-09-11 16:55:00+00:00,77889.828125,BTC
2026-09-11 16:56:00+00:00,77877.8828125,BTC
2026-09-11 16:57:00+00:00,77878.71875,BTC
2026-09-11 16:58:00+00:00,77940.3515625,BTC
2026-09-11 16:59:00+00:00,77904.1171875,BTC
2026-09-11 17:00:00+00:00,77873.75,BTC
2026-09-11 17:01:00+00:00,77896.4296875,BTC
2026-09-11 17:02:00+00:00,77877.1328125,BTC
2026-09-11 17:03:00+00:00,77838.703125,BTC
2026-09-11 17:04:00+00:00,77844.1171875,BTC
2026-09-11 17:05:00+00:00,77785.1484375,BTC
2026-09-11 17:06:00+00:00,77808.03125,BTC
2026-09-11 17:07:00+00:00,77837.8515625,BTC
2026-09-11 17:08:00+00:00,77832.09375,BTC
2026-09-11 17:09:00+00:00,77785.34375,BTC
2026-09-11 17:10:00+00:00,77780.359375,BTC
2026-09-11 17:11:00+00:00,77806.2578125,BTC
2026-09-11 17:12:00+00:00,77829.78125,BTC
2026-09-11 17:13:00+00:00,77803.09375,BTC
2026-09-11 17:14:00+00:00,77734.6328125,BTC
2026-09-11 17:15:00+00:00,77761.84375,BTC
2026-09-11 17:16:00+00:00,77829.7734375,BTC
2026-09-11 17:17:00+00:00,77801.4765625,BTC
2026-09-11 17:18:00+00:00,77817.0,BTC
2026-09-11 17:19:00+00:00,77814.9921875,BTC
2026-09-11 17:20:00+00:00,77790.9765625,BTC
2026-09-11 17:21:00+00:00,77719.859375,BTC
2026-09-11 17:22:00+00:00,77742.40625,BTC
2026-09-11 17:23:00+00:00,77833.890625,BTC
2026-09-11 17:24:00+00:00,77824.4609375,BTC
2026-09-11 17:25:00+00:00,77849.21875,BTC
2026-09-11 17:26:00+00:00,77877.3125,BTC
2026-09-11 17:27:00+00:00,77845.96875,BTC
2026-09-11 17:28:00+00:00,77825.2890625,BTC
2026-09-11 17:29:00+00:00,77822.9609375,BTC
2026-09-11 17:30:00+00:00,77840.0,BTC
2026-09-11 17:31:00+00:00,77810.3828125,BTC
2026-09-11 17:32:00+00:00,77784.9921875,BTC
2026-09-11 17:33:00+00:00,77796.109375,BTC
2026-09-11 17:34:00+00:00,77794.296875,BTC
2026-09-11 17:35:00+00:00,77748.3125,BTC
2026-09-11 17:36:00+00:00,77680.1875,BTC
2026-09-11 17:37:00+00:00,77659.40625,BTC
2026-09-11 17:38:00+00:00,77616.6015625,BTC
2026-09-11 17:39:00+00:00,77564.703125,BTC
2026-09-11 17:40:00+00:00,77617.90625,BTC
2026-09-11 17:41:00+00:00,77577.828125,BTC
2026-09-11 17:42:00+00:00,77580.859375,BTC
2026-09-11 17:43:00+00:00,77623.9375,BTC
2026-09-11 17:44:00+00:00,77585.3671875,BTC
2026-09-11 17:45:00+00:00,77569.8828125,BTC
2026-09-11 17:46:00+00:00,77574.9921875,BTC
2026-09-11 17:47:00+00:00,77549.828125,BTC
2026-09-11 17:48:00+00:00,77602.359375,BTC
2026-09-11 17:49:00+00:00,77566.4375,BTC
2026-09-11 17:50:00+00:00,77529.2109375,BTC
2026-09-11 17:51:00+00:00,77512.7421875,BTC
2026-09-11 17:52:00+00:00,77522.328125,BTC
2026-09-11 17:53:00+00:00,77502.7109375,BTC
2026-09-11 17:54:00+00:00,77484.8203125,BTC
2026-09-11 17:55:00+00:00,77483.9296875,BTC
2026-09-11 17:56:00+00:00,77546.5,BTC
2026-09-11 17:57:00+00:00,77540.34375,BTC
2026-09-11 17:58:00+00:00,77518.2734375,BTC
2026-09-11 17:59:00+00:00,77505.1796875,BTC
2026-09-11 18:00:00+00:00,77477.8515625,BTC
2026-09-11 18:01:00+00:00,77396.0,BTC
2026-09-11 18:02:00+00:00,77316.5390625,BTC
2026-09-11 18:03:00+00:00,77129.078125,BTC
2026-09-11 18:04:00+00:00,77120.7109375,BTC
2026-09-11 18:05:00+00:00,76974.4296875,BTC
2026-09-11 18:06:00+00:00,77066.9921875,BTC
2026-09-11 18:07:00+00:00,77124.5,BTC
2026-09-11 18:08:00+00:00,77118.4375,BTC
2026-09-11 18:09:00+00:00,77041.34375,BTC
2026-09-11 18:10:00+00:00,77086.359375,BTC
2026-09-11 18:11:00+00:00,77060.0,BTC
2026-09-11 18:12:00+00:00,77015.84375,BTC
2026-09-11 18:13:00+00:00,77060.0078125,BTC
2026-09-11 18:14:00+00:00,77041.3828125,BTC
2026-09-11 18:15:00+00:00,77100.7578125,BTC
2026-09-11 18:16:00+00:00,77142.96875,BTC
2026-09-11 18:17:00+00:00,77196.9921875,BTC
2026-09-11 18:18:00+00:00,77209.5625,BTC
2026-09-11 18:19:00+00:00,77225.40625,BTC
2026-09-11 18:20:00+00:00,77172.078125,BTC
2026-09-11 18:21:00+00:00,77165.2578125,BTC
2026-09-11 18:22:00+00:00,77142.1015625,BTC
2026-09-11 18:23:00+00:00,77126.8984375,BTC
2026-09-11 18:24:00+00:00,77143.3203125,BTC
2026-09-11 18:25:00+00:00,77133.7890625,BTC
2026-09-11 18:26:00+00:00,77145.6171875,BTC
2026-09-11 18:27:00+00:00,77096.8828125,BTC
2026-09-11 18:28:00+00:00,77159.2109375,BTC
2026-09-11 18:29:00+00:00,77189.1015625,BTC
2026-09-11 18:30:00+00:00,77157.6875,BTC
2026-09-11 18:31:00+00:00,77166.0,BTC
2026-09-11 18:32:00+00:00,77159.109375,BTC
2026-09-11 18:33:00+00:00,77193.96875,BTC
2026-09-11 18:34:00+00:00,77233.9765625,BTC
2026-09-11 18:35:00+00:00,77194.78125,BTC
2026-09-11 18:36:00+00:00,77236.1015625,BTC
2026-09-11 18:37:00+00:00,77198.9765625,BTC
2026-09-11 18:38:00+00:00,77164.703125,BTC
2026-09-11 18:39:00+00:00,77202.140625,BTC
2026-09-11 18:40:00+00:00,77185.15625,BTC
2026-09-11 18:41:00+00:00,77089.0703125,BTC
2026-09-11 18:42:00+00:00,77122.59375,BTC
2026-09-11 18:43:00+00:00,77081.5625,BTC
2026-09-11 18:44:00+00:00,77088.640625,BTC
2026-09-11 18:45:00+00:00,77096.40625,BTC
2026-09-11 18:46:00+00:00,77059.6328125,BTC
2026-09-11 18:47:00+00:00,77060.53125,BTC
2026-09-11 18:48:00+00:00,77027.53125,BTC
2026-09-11 18:49:00+00:00,77052.078125,BTC
2026-09-11 18:50:00+00:00,77001.0078125,BTC
2026-09-11 18:51:00+00:00,76976.21875,BTC
2026-09-11 18:52:00+00:00,76963.921875,BTC
2026-09-11 18:53:00+00:00,76962.2109375,BTC
2026-09-11 18:54:00+00:00,76946.046875,BTC
2026-09-11 18:55:00+00:00,76980.203125,BTC
2026-09-11 18:56:00+00:00,77014.2265625,BTC
2026-09-11 18:57:00+00:00,77025.6328125,BTC
2026-09-11 18:58:00+00:00,77027.5078125,BTC
2026-09-11 18:59:00+00:00,77017.671875,BTC
2026-09-11 19:00:00+00:00,77054.4375,BTC
2026-09-11 19:01:00+00:00,77003.65625,BTC
2026-09-11 19:02:00+00:00,77059.703125,BTC
2026-09-11 19:03:00+00:00,77103.5234375,BTC
2026-09-11 19:04:00+00:00,77135.75,BTC
2026-09-11 19:05:00+00:00,77187.796875,BTC
2026-09-11 19:06:00+00:00,77185.2890625,BTC
2026-09-11 19:07:00+00:00,77149.203125,BTC
2026-09-11 19:08:00+00:00,77207.90625,BTC
2026-09-11 19:09:00+00:00,77153.421875,BTC
2026-09-11 19:10:00+00:00,77121.953125,BTC
2026-09-11 19:11:00+00:00,77134.171875,BTC
2026-09-11 19:12:00+00:00,77193.9921875,BTC
2026-09-11 19:13:00+00:00,77187.5,BTC
2026-09-11 19:14:00+00:00,77190.9609375,BTC
2026-09-11 19:15:00+00:00,77117.796875,BTC
2026-09-11 19:16:00+00:00,77090.8828125,BTC
2026-09-11 19:17:00+00:00,77136.3125,BTC
2026-09-11 19:18:00+00:00,77167.0703125,BTC
2026-09-11 19:19:00+00:00,77130.4296875,BTC
2026-09-11 19:20:00+00:00,77122.8671875,BTC
2026-09-11 19:21:00+00:00,77155.9921875,BTC
2026-09-11 19:22:00+00:00,77184.5390625,BTC
2026-09-11 19:23:00+00:00,77194.9921875,BTC
2026-09-11 19:24:00+00:00,77249.2265625,BTC
2026-09-11 19:25:00+00:00,77227.0625,BTC
2026-09-11 19:26:00+00:00,77258.9375,BTC
2026-09-11 19:27:00+00:00,77244.0,BTC
2026-09-11 19:28:00+00:00,77226.6875,BTC
2026-09-11 19:29:00+00:00,77207.75,BTC
2026-09-11 19:30:00+00:00,77206.5390625,BTC
2026-09-11 19:31:00+00:00,77183.078125,BTC
2026-09-11 19:32:00+00:00,77201.75,BTC
2026-09-11 19:33:00+00:00,77181.3984375,BTC
2026-09-11 19:34:00+00:00,77201.34375,BTC
2026-09-11 19:35:00+00:00,77221.6875,BTC
2026-09-11 19:36:00+00:00,77227.546875,BTC
2026-09-11 19:37:00+00:00,77244.6875,BTC
2026-09-11 19:38:00+00:00,77182.0703125,BTC
2026-09-11 19:39:00+00:00,77240.7265625,BTC
2026-09-11 19:40:00+00:00,77263.6796875,BTC
2026-09-11 19:41:00+00:00,77271.5390625,BTC
2026-09-11 19:42:00+00:00,77268.296875,BTC
2026-09-11 19:43:00+00:00,77263.578125,BTC
2026-09-11 19:44:00+00:00,77284.7578125,BTC
2026-09-11 19:45:00+00:00,77276.8515625,BTC
2026-09-11 19:46:00+00:00,77235.4765625,BTC
2026-09-11 19:47:00+00:00,77255.03125,BTC
2026-09-11 19:48:00+00:00,77269.3203125,BTC
2026-09-11 19:49:00+00:00,77303.03125,BTC
2026-09-11 19:50:00+00:00,77328.421875,BTC
2026-09-11 19:51:00+00:00,77355.140625,BTC
2026-09-11 19:52:00+00:00,77316.109375,BTC
2026-09-11 19:53:00+00:00,77283.359375,BTC
2026-09-11 19:54:00+00:00,77330.640625,BTC
2026-09-11 19:55:00+00:00,77304.546875,BTC
2026-09-11 19:56:00+00:00,77323.0,BTC
2026-09-11 19:57:00+00:00,77319.1015625,BTC
2026-09-11 19:58:00+00:00,77302.65625,BTC
2026-09-11 19:59:00+00:00,77282.859375,BTC
2026-09-11 20:00:00+00:00,77255.0234375,BTC
2026-09-11 20:01:00+00:00,77290.9765625,BTC
2026-09-11 20:02:00+00:00,77405.7734375,BTC
2026-09-11 20:03:00+00:00,77415.1171875,BTC
2026-09-11 20:04:00+00:00,77429.109375,BTC
2026-09-11 20:05:00+00:00,77421.9765625,BTC
2026-09-11 20:06:00+00:00,77448.1328125,BTC
2026-09-11 20:07:00+00:00,77411.28125,BTC
2026-09-11 20:08:00+00:00,77414.2265625,BTC
2026-09-11 20:09:00+00:00,77395.03125,BTC
2026-09-11 20:10:00+00:00,77391.6015625,BTC
2026-09-11 20:11:00+00:00,77430.953125,BTC
2026-09-11 20:12:00+00:00,77429.6015625,BTC
2026-09-11 20:13:00+00:00,77448.75,BTC
2026-09-11 20:14:00+00:00,77430.96875,BTC
2026-09-11 20:15:00+00:00,77430.71875,BTC
2026-09-11 20:16:00+00:00,77395.3828125,BTC
2026-09-11 20:17:00+00:00,77391.6328125,BTC
2026-09-11 20:18:00+00:00,77363.5390625,BTC
2026-09-11 20:19:00+00:00,77371.5625,BTC
2026-09-11 20:20:00+00:00,77365.25,BTC
2026-09-11 20:21:00+00:00,77392.71875,BTC
2026-09-11 20:22:00+00:00,77414.25,BTC
2026-09-11 20:23:00+00:00,77409.1875,BTC
2026-09-11 20:24:00+00:00,77421.1171875,BTC
2026-09-11 20:25:00+00:00,77401.453125,BTC
2026-09-11 20:26:00+00:00,77413.8671875,BTC
2026-09-11 20:27:00+00:00,77420.7578125,BTC
2026-09-11 20:28:00+00:00,77381.7578125,BTC
2026-09-11 20:29:00+00:00,77372.9296875,BTC
2026-09-11 20:30:00+00:00,77352.2421875,BTC
2026-09-11 20:31:00+00:00,77307.96875,BTC
2026-09-11 20:32:00+00:00,77312.8828125,BTC
2026-09-11 20:33:00+00:00,77335.7578125,BTC
2026-09-11 20:34:00+00:00,77360.1875,BTC
2026-09-11 20:35:00+00:00,77370.421875,BTC
2026-09-11 20:36:00+00:00,77351.21875,BTC
2026-09-11 20:37:00+00:00,77406.6875,BTC
2026-09-11 20:38:00+00:00,77420.9296875,BTC
2026-09-11 20:39:00+00:00,77426.859375,BTC
2026-09-11 20:40:00+00:00,77428.859375,BTC
2026-09-11 20:41:00+00:00,77365.0234375,BTC
2026-09-11 20:42:00+00:00,77360.8828125,BTC
2026-09-11 20:43:00+00:00,77403.59375,BTC
2026-09-11 20:44:00+00:00,77391.84375,BTC
2026-09-11 20:45:00+00:00,77386.46875,BTC
2026-09-11 20:46:00+00:00,77354.6015625,BTC
2026-09-11 20:47:00+00:00,77341.78125,BTC
2026-09-11 20:48:00+00:00,77295.8203125,BTC
2026-09-11 20:49:00+00:00,77249.109375,BTC
2026-09-11 20:50:00+00:00,77245.0625,BTC
2026-09-11 20:51:00+00:00,77194.03125,BTC
2026-09-11 20:52:00+00:00,77265.4921875,BTC
2026-09-11 20:53:00+00:00,77261.03125,BTC
2026-09-11 20:54:00+00:00,77265.3828125,BTC
2026-09-11 20:55:00+00:00,77288.3984375,BTC
2026-09-11 20:56:00+00:00,77269.96875,BTC
2026-09-11 20:57:00+00:00,77283.1015625,BTC
2026-09-11 20:58:00+00:00,77311.1328125,BTC
2026-09-11 20:59:00+00:00,77305.953125,BTC
2026-09-11 21:00:00+00:00,77301.859375,BTC
2026-09-11 21:01:00+00:00,77307.84375,BTC
2026-09-11 21:02:00+00:00,77315.7890625,BTC
2026-09-11 21:03:00+00:00,77323.90625,BTC
2026-09-11 21:04:00+00:00,77327.09375,BTC
2026-09-11 21:05:00+00:00,77327.3203125,BTC
2026-09-11 21:06:00+00:00,77331.7109375,BTC
2026-09-11 21:07:00+00:00,77366.03125,BTC
2026-09-11 21:08:00+00:00,77373.90625,BTC
2026-09-11 21:09:00+00:00,77371.0703125,BTC
2026-09-11 21:10:00+00:00,77375.140625,BTC
2026-09-11 21:11:00+00:00,77374.90625,BTC
2026-09-11 21:12:00+00:00,77368.5234375,BTC
2026-09-11 21:13:00+00:00,77306.921875,BTC
2026-09-11 21:14:00+00:00,77340.890625,BTC
2026-09-11 21:15:00+00:00,77351.84375,BTC
2026-09-11 21:16:00+00:00,77369.7734375,BTC
2026-09-11 21:17:00+00:00,77390.640625,BTC
2026-09-11 21:18:00+00:00,77383.2109375,BTC
2026-09-11 21:19:00+00:00,77373.796875,BTC
2026-09-11 21:20:00+00:00,77379.7578125,BTC
2026-09-11 21:21:00+00:00,77380.8984375,BTC
2026-09-11 21:22:00+00:00,77383.3828125,BTC
2026-09-11 21:23:00+00:00,77378.9296875,BTC
2026-09-11 21:24:00+00:00,77363.2109375,BTC
2026-09-11 21:25:00+00:00,77400.9921875,BTC
2026-09-11 21:26:00+00:00,77398.2890625,BTC
2026-09-11 21:27:00+00:00,77383.8828125,BTC
2026-09-11 21:28:00+00:00,77337.7890625,BTC
2026-09-11 21:29:00+00:00,77342.6796875,BTC
2026-09-11 21:30:00+00:00,77335.59375,BTC
2026-09-11 21:31:00+00:00,77338.421875,BTC
2026-09-11 21:32:00+00:00,77357.3203125,BTC
2026-09-11 21:33:00+00:00,77350.96875,BTC
2026-09-11 21:34:00+00:00,77364.1328125,BTC
2026-09-11 21:35:00+00:00,77342.4296875,BTC
2026-09-11 21:36:00+00:00,77338.0703125,BTC
2026-09-11 21:37:00+00:00,77360.2578125,BTC
2026-09-11 21:38:00+00:00,77380.0,BTC
2026-09-11 21:39:00+00:00,77381.9921875,BTC
2026-09-11 21:40:00+00:00,77332.5703125,BTC
2026-09-11 21:41:00+00:00,77349.1875,BTC
2026-09-11 21:42:00+00:00,77337.109375,BTC
2026-09-11 21:43:00+00:00,77333.046875,BTC
2026-09-11 21:44:00+00:00,77334.4921875,BTC
2026-09-11 21:45:00+00:00,77340.609375,BTC
2026-09-11 21:46:00+00:00,77312.953125,BTC
2026-09-11 21:47:00+00:00,77308.359375,BTC
2026-09-11 21:48:00+00:00,77275.171875,BTC
2026-09-11 21:49:00+00:00,77260.40625,BTC
2026-09-11 21:50:00+00:00,77229.75,BTC
2026-09-11 21:51:00+00:00,77260.34375,BTC
2026-09-11 21:52:00+00:00,77218.0234375,BTC
2026-09-11 21:53:00+00:00,77228.9765625,BTC
2026-09-11 21:54:00+00:00,77212.46875,BTC
2026-09-11 21:55:00+00:00,77166.1015625,BTC
2026-09-11 21:56:00+00:00,77137.9296875,BTC
2026-09-11 21:57:00+00:00,77119.2734375,BTC
2026-09-11 21:58:00+00:00,77072.0625,BTC
2026-09-11 21:59:00+00:00,77104.1796875,BTC
2026-09-11 22:00:00+00:00,76988.359375,BTC
2026-09-11 22:01:00+00:00,77003.8125,BTC
2026-09-11 22:02:00+00:00,76983.8671875,BTC
2026-09-11 22:03:00+00:00,77061.890625,BTC
2026-09-11 22:04:00+00:00,77153.4296875,BTC
2026-09-11 22:05:00+00:00,77118.2734375,BTC
2026-09-11 22:06:00+00:00,77110.453125,BTC
2026-09-11 22:07:00+00:00,77106.25,BTC
2026-09-11 22:08:00+00:00,77084.9921875,BTC
2026-09-11 22:09:00+00:00,77071.53125,BTC
2026-09-11 22:10:00+00:00,77133.6875,BTC
2026-09-11 22:11:00+00:00,77156.75,BTC
2026-09-11 22:12:00+00:00,77163.75,BTC
2026-09-11 22:13:00+00:00,77152.6875,BTC
2026-09-11 22:14:00+00:00,77175.546875,BTC
2026-09-11 22:15:00+00:00,77114.9921875,BTC
2026-09-11 22:16:00+00:00,77151.1484375,BTC
2026-09-11 22:17:00+00:00,77150.453125,BTC
2026-09-11 22:18:00+00:00,77156.328125,BTC
2026-09-11 22:19:00+00:00,77174.03125,BTC
2026-09-11 22:20:00+00:00,77156.2578125,BTC
2026-09-11 22:21:00+00:00,77204.3203125,BTC
2026-09-11 22:22:00+00:00,77201.71875,BTC
2026-09-11 22:23:00+00:00,77174.8828125,BTC
2026-09-11 22:24:00+00:00,77184.3828125,BTC
2026-09-11 22:25:00+00:00,77148.2734375,BTC
2026-09-11 22:26:00+00:00,77215.53125,BTC
2026-09-11 22:27:00+00:00,77196.34375,BTC
2026-09-11 22:28:00+00:00,77098.2421875,BTC
2026-09-11 22:29:00+00:00,77114.5234375,BTC
2026-09-11 22:30:00+00:00,77114.2578125,BTC
2026-09-11 22:31:00+00:00,77143.328125,BTC
2026-09-11 22:32:00+00:00,77111.7734375,BTC
2026-09-11 22:33:00+00:00,77079.8828125,BTC
2026-09-11 22:34:00+00:00,77005.9375,BTC
2026-09-11 22:35:00+00:00,77049.046875,BTC
2026-09-11 22:36:00+00:00,77052.640625,BTC
2026-09-11 22:37:00+00:00,77097.1171875,BTC
2026-09-11 22:38:00+00:00,77148.65625,BTC
2026-09-11 22:39:00+00:00,77157.8984375,BTC
2026-09-11 22:40:00+00:00,77161.921875,BTC
2026-09-11 22:41:00+00:00,77174.0078125,BTC
2026-09-11 22:42:00+00:00,77179.9375,BTC
2026-09-11 22:43:00+00:00,77187.796875,BTC
2026-09-11 22:44:00+00:00,77096.8828125,BTC
2026-09-11 22:45:00+00:00,77081.921875,BTC
2026-09-11 22:46:00+00:00,77082.9296875,BTC
2026-09-11 22:47:00+00:00,77084.40625,BTC
2026-09-11 22:48:00+00:00,77058.7109375,BTC
2026-09-11 22:49:00+00:00,77037.3671875,BTC
2026-09-11 22:50:00+00:00,77029.3671875,BTC
2026-09-11 22:51:00+00:00,77012.65625,BTC
2026-09-11 22:52:00+00:00,77046.6484375,BTC
2026-09-11 22:53:00+00:00,77080.8203125,BTC
2026-09-11 22:54:00+00:00,77057.03125,BTC
2026-09-11 22:55:00+00:00,77134.53125,BTC
2026-09-11 22:56:00+00:00,77116.78125,BTC
2026-09-11 22:57:00+00:00,77050.5234375,BTC
2026-09-11 22:58:00+00:00,77134.34375,BTC
2026-09-11 22:59:00+00:00,77121.609375,BTC
2026-09-11 23:00:00+00:00,77100.0,BTC
2026-09-11 23:01:00+00:00,77146.40625,BTC
2026-09-11 23:02:00+00:00,77152.609375,BTC
2026-09-11 23:03:00+00:00,77159.0625,BTC
2026-09-11 23:04:00+00:00,77179.9921875,BTC
2026-09-11 23:05:00+00:00,77151.46875,BTC
2026-09-11 23:06:00+00:00,77126.046875,BTC
2026-09-11 23:07:00+00:00,77172.0703125,BTC
2026-09-11 23:08:00+00:00,77172.40625,BTC
2026-09-11 23:09:00+00:00,77169.203125,BTC
2026-09-11 23:10:00+00:00,77188.59375,BTC
2026-09-11 23:11:00+00:00,77170.34375,BTC
2026-09-11 23:12:00+00:00,77148.921875,BTC
2026-09-11 23:13:00+00:00,77134.109375,BTC
2026-09-11 23:14:00+00:00,77110.4609375,BTC
2026-09-11 23:15:00+00:00,77110.7734375,BTC
2026-09-11 23:16:00+00:00,77128.75,BTC
2026-09-11 23:17:00+00:00,77145.5234375,BTC
2026-09-11 23:18:00+00:00,77128.03125,BTC
2026-09-11 23:19:00+00:00,77146.40625,BTC
2026-09-11 23:20:00+00:00,77133.6875,BTC
2026-09-11 23:21:00+00:00,77132.9609375,BTC
2026-09-11 23:22:00+00:00,77145.171875,BTC
2026-09-11 23:23:00+00:00,77142.84375,BTC
2026-09-11 23:24:00+00:00,77123.6875,BTC
2026-09-11 23:25:00+00:00,77156.078125,BTC
2026-09-11 23:26:00+00:00,77178.1796875,BTC
2026-09-11 23:27:00+00:00,77165.546875,BTC
2026-09-11 23:28:00+00:00,77177.2421875,BTC
2026-09-11 23:29:00+00:00,77174.203125,BTC
2026-09-11 23:30:00+00:00,77189.15625,BTC
2026-09-11 23:31:00+00:00,77179.21875,BTC
2026-09-11 23:32:00+00:00,77189.15625,BTC
2026-09-11 23:33:00+00:00,77190.65625,BTC
2026-09-11 23:34:00+00:00,77188.1328125,BTC
2026-09-11 23:35:00+00:00,77195.84375,BTC
2026-09-11 23:36:00+00:00,77194.65625,BTC
2026-09-11 23:37:00+00:00,77186.3515625,BTC
2026-09-11 23:38:00+00:00,77188.96875,BTC
2026-09-11 23:39:00+00:00,77187.3828125,BTC
2026-09-11 23:40:00+00:00,77187.3671875,BTC
2026-09-11 23:41:00+00:00,77183.1015625,BTC
2026-09-11 23:42:00+00:00,77169.2265625,BTC
2026-09-11 23:43:00+00:00,77191.7578125,BTC
2026-09-11 23:44:00+00:00,77158.4921875,BTC
2026-09-11 23:45:00+00:00,77168.0703125,BTC
2026-09-11 23:46:00+00:00,77195.6484375,BTC
2026-09-11 23:47:00+00:00,77169.1015625,BTC
2026-09-11 23:48:00+00:00,77174.296875,BTC
2026-09-11 23:49:00+00:00,77168.546875,BTC
2026-09-11 23:50:00+00:00,77161.2265625,BTC
2026-09-11 23:51:00+00:00,77175.75,BTC
2026-09-11 23:52:00+00:00,77185.546875,BTC
2026-09-11 23:53:00+00:00,77170.75,BTC
2026-09-11 23:54:00+00:00,77184.0,BTC
2026-09-11 23:55:00+00:00,77191.5078125,BTC
2026-09-11 23:56:00+00:00,77188.75,BTC
2026-09-11 23:57:00+00:00,77192.9921875,BTC
2026-09-11 23:58:00+00:00,77187.046875,BTC
2026-09-12 00:00:00+00:00,77227.5,BTC
2026-09-12 00:01:00+00:00,77251.65625,BTC
2026-09-12 00:02:00+00:00,77266.4296875,BTC
2026-09-12 00:03:00+00:00,77273.3203125,BTC
2026-09-12 00:04:00+00:00,77280.328125,BTC
2026-09-12 00:05:00+00:00,77248.578125,BTC
2026-09-12 00:06:00+00:00,77262.8671875,BTC
2026-09-12 00:07:00+00:00,77257.8125,BTC
2026-09-12 00:08:00+00:00,77287.890625,BTC
2026-09-12 00:09:00+00:00,77278.171875,BTC
2026-09-12 00:10:00+00:00,77253.4296875,BTC
2026-09-12 00:11:00+00:00,77259.46875,BTC
2026-09-12 00:12:00+00:00,77260.1328125,BTC
2026-09-12 00:13:00+00:00,77270.75,BTC
2026-09-12 00:14:00+00:00,77272.453125,BTC
2026-09-12 00:15:00+00:00,77285.6171875,BTC
2026-09-12 00:16:00+00:00,77276.921875,BTC
2026-09-12 00:17:00+00:00,77276.953125,BTC
2026-09-12 00:18:00+00:00,77270.5703125,BTC
2026-09-12 00:19:00+00:00,77278.53125,BTC
2026-09-12 00:20:00+00:00,77270.5703125,BTC
2026-09-12 00:21:00+00:00,77263.6875,BTC
2026-09-12 00:22:00+00:00,77281.328125,BTC
2026-09-12 00:23:00+00:00,77279.59375,BTC
2026-09-12 00:24:00+00:00,77279.2734375,BTC
2026-09-12 00:25:00+00:00,77275.8203125,BTC
2026-09-12 00:26:00+00:00,77269.7421875,BTC
2026-09-12 00:27:00+00:00,77275.3125,BTC
2026-09-12 00:28:00+00:00,77265.6015625,BTC
2026-09-12 00:29:00+00:00,77254.5234375,BTC
2026-09-12 00:30:00+00:00,77231.078125,BTC
2026-09-12 00:31:00+00:00,77229.5390625,BTC
2026-09-12 00:32:00+00:00,77224.3203125,BTC
2026-09-12 00:33:00+00:00,77253.84375,BTC
2026-09-12 00:34:00+00:00,77256.140625,BTC
2026-09-12 00:35:00+00:00,77244.71875,BTC
2026-09-12 00:36:00+00:00,77259.96875,BTC
2026-09-12 00:37:00+00:00,77228.671875,BTC
2026-09-12 00:38:00+00:00,77231.5390625,BTC
2026-09-12 00:39:00+00:00,77252.6796875,BTC
2026-09-12 00:40:00+00:00,77252.6796875,BTC
2026-09-12 00:41:00+00:00,77247.296875,BTC
2026-09-12 00:42:00+00:00,77271.4609375,BTC
2026-09-12 00:43:00+00:00,77267.0,BTC
2026-09-12 00:44:00+00:00,77271.640625,BTC
2026-09-12 00:45:00+00:00,77271.65625,BTC
2026-09-12 00:46:00+00:00,77274.4921875,BTC
2026-09-12 00:47:00+00:00,77277.3125,BTC
2026-09-12 00:48:00+00:00,77277.4375,BTC
2026-09-12 00:49:00+00:00,77274.8515625,BTC
2026-09-12 00:50:00+00:00,77274.8515625,BTC
2026-09-12 00:51:00+00:00,77267.5390625,BTC
2026-09-12 00:52:00+00:00,77267.890625,BTC
2026-09-12 00:53:00+00:00,77278.6875,BTC
2026-09-12 00:54:00+00:00,77311.9921875,BTC
2026-09-12 00:55:00+00:00,77291.921875,BTC
2026-09-12 00:56:00+00:00,77296.5625,BTC
2026-09-12 00:57:00+00:00,77296.5703125,BTC
2026-09-12 00:58:00+00:00,77280.9921875,BTC
2026-09-12 00:59:00+00:00,77271.109375,BTC
2026-09-12 01:00:00+00:00,77237.2734375,BTC
2026-09-12 01:01:00+00:00,77252.4765625,BTC
2026-09-12 01:02:00+00:00,77244.65625,BTC
2026-09-12 01:03:00+00:00,77261.171875,BTC
2026-09-12 01:04:00+00:00,77266.546875,BTC
2026-09-12 01:05:00+00:00,77301.546875,BTC
2026-09-12 01:06:00+00:00,77308.8671875,BTC
2026-09-12 01:07:00+00:00,77322.0,BTC
2026-09-12 01:08:00+00:00,77327.296875,BTC
2026-09-12 01:09:00+00:00,77341.140625,BTC
2026-09-12 01:10:00+00:00,77347.359375,BTC
2026-09-12 01:11:00+00:00,77345.0703125,BTC
2026-09-12 01:12:00+00:00,77345.0390625,BTC
2026-09-12 01:13:00+00:00,77347.5,BTC
2026-09-12 01:14:00+00:00,77360.03125,BTC
2026-09-12 01:15:00+00:00,77361.609375,BTC
2026-09-12 01:16:00+00:00,77364.2421875,BTC
2026-09-12 01:17:00+00:00,77364.2421875,BTC
2026-09-12 01:18:00+00:00,77363.34375,BTC
2026-09-12 01:19:00+00:00,77347.359375,BTC
2026-09-12 01:20:00+00:00,77329.7421875,BTC
2026-09-12 01:21:00+00:00,77320.4375,BTC
2026-09-12 01:22:00+00:00,77310.0703125,BTC
2026-09-12 01:23:00+00:00,77302.796875,BTC
2026-09-12 01:24:00+00:00,77314.2109375,BTC
2026-09-12 01:25:00+00:00,77301.8203125,BTC
2026-09-12 01:26:00+00:00,77283.421875,BTC
2026-09-12 01:27:00+00:00,77284.390625,BTC
2026-09-12 01:28:00+00:00,77303.03125,BTC
2026-09-12 01:29:00+00:00,77310.3515625,BTC
2026-09-12 01:30:00+00:00,77299.5,BTC
2026-09-12 01:31:00+00:00,77305.0234375,BTC
2026-09-12 01:32:00+00:00,77303.828125,BTC
2026-09-12 01:33:00+00:00,77307.9921875,BTC
2026-09-12 01:34:00+00:00,77308.7578125,BTC
2026-09-12 01:35:00+00:00,77300.828125,BTC
2026-09-12 01:36:00+00:00,77309.5,BTC
2026-09-12 01:37:00+00:00,77301.21875,BTC
2026-09-12 01:38:00+00:00,77264.671875,BTC
2026-09-12 01:39:00+00:00,77284.90625,BTC
2026-09-12 01:40:00+00:00,77292.6796875,BTC
2026-09-12 01:41:00+00:00,77278.1484375,BTC
2026-09-12 01:42:00+00:00,77278.7421875,BTC
2026-09-12 01:43:00+00:00,77264.0625,BTC
2026-09-12 01:44:00+00:00,77261.6796875,BTC
2026-09-12 01:45:00+00:00,77264.8515625,BTC
2026-09-12 01:46:00+00:00,77272.3125,BTC
2026-09-12 01:47:00+00:00,77287.15625,BTC
2026-09-12 01:48:00+00:00,77287.15625,BTC
2026-09-12 01:49:00+00:00,77304.6015625,BTC
2026-09-12 01:50:00+00:00,77309.2890625,BTC
2026-09-12 01:51:00+00:00,77318.109375,BTC
2026-09-12 01:52:00+00:00,77252.828125,BTC
2026-09-12 01:53:00+00:00,77265.03125,BTC
2026-09-12 01:54:00+00:00,77281.7421875,BTC
2026-09-12 01:55:00+00:00,77273.671875,BTC
2026-09-12 01:56:00+00:00,77273.8125,BTC
2026-09-12 01:57:00+00:00,77265.2265625,BTC
2026-09-12 01:58:00+00:00,77251.7109375,BTC
2026-09-12 01:59:00+00:00,77250.0234375,BTC
2026-09-12 02:00:00+00:00,77257.8203125,BTC
2026-09-12 02:01:00+00:00,77292.4609375,BTC
2026-09-12 02:02:00+00:00,77282.078125,BTC
2026-09-12 02:03:00+00:00,77273.3984375,BTC
2026-09-12 02:04:00+00:00,77285.9375,BTC
2026-09-12 02:05:00+00:00,77287.453125,BTC
2026-09-12 02:06:00+00:00,77298.859375,BTC
2026-09-12 02:07:00+00:00,77300.8203125,BTC
2026-09-12 02:08:00+00:00,77301.5625,BTC
2026-09-12 02:09:00+00:00,77298.9609375,BTC
2026-09-12 02:10:00+00:00,77304.4375,BTC
2026-09-12 02:11:00+00:00,77303.453125,BTC
2026-09-12 02:12:00+00:00,77300.21875,BTC
2026-09-12 02:13:00+00:00,77301.640625,BTC
2026-09-12 02:14:00+00:00,77283.3671875,BTC
2026-09-12 02:15:00+00:00,77285.6171875,BTC
2026-09-12 02:16:00+00:00,77285.6171875,BTC
2026-09-12 02:17:00+00:00,77288.6875,BTC
2026-09-12 02:18:00+00:00,77292.8515625,BTC
2026-09-12 02:19:00+00:00,77295.1015625,BTC
2026-09-12 02:20:00+00:00,77287.140625,BTC
2026-09-12 02:21:00+00:00,77284.78125,BTC
2026-09-12 02:22:00+00:00,77290.6328125,BTC
2026-09-12 02:23:00+00:00,77296.21875,BTC
2026-09-12 02:24:00+00:00,77303.5,BTC
2026-09-12 02:25:00+00:00,77295.703125,BTC
2026-09-12 02:26:00+00:00,77297.2734375,BTC
2026-09-12 02:27:00+00:00,77310.0390625,BTC
2026-09-12 02:28:00+00:00,77290.828125,BTC
2026-09-12 02:29:00+00:00,77269.7421875,BTC
2026-09-12 02:30:00+00:00,77272.1875,BTC
2026-09-12 02:31:00+00:00,77275.453125,BTC
2026-09-12 02:32:00+00:00,77286.65625,BTC
2026-09-12 02:33:00+00:00,77279.4296875,BTC
2026-09-12 02:34:00+00:00,77255.046875,BTC
2026-09-12 02:35:00+00:00,77249.046875,BTC
2026-09-12 02:36:00+00:00,77249.046875,BTC
2026-09-12 02:37:00+00:00,77244.0,BTC
2026-09-12 02:38:00+00:00,77206.75,BTC
2026-09-12 02:39:00+00:00,77237.0078125,BTC
2026-09-12 02:40:00+00:00,77226.25,BTC
2026-09-12 02:41:00+00:00,77227.203125,BTC
2026-09-12 02:42:00+00:00,77216.9296875,BTC
2026-09-12 02:43:00+00:00,77230.8515625,BTC
2026-09-12 02:44:00+00:00,77223.109375,BTC
2026-09-12 02:45:00+00:00,77244.9921875,BTC
2026-09-12 02:46:00+00:00,77249.9765625,BTC
2026-09-12 02:47:00+00:00,77249.9765625,BTC
2026-09-12 02:48:00+00:00,77254.6484375,BTC
2026-09-12 02:49:00+00:00,77257.9375,BTC
2026-09-12 02:50:00+00:00,77269.2734375,BTC
2026-09-12 02:51:00+00:00,77219.8984375,BTC
2026-09-12 02:52:00+00:00,77247.3828125,BTC
2026-09-12 02:53:00+00:00,77243.859375,BTC
2026-09-12 02:54:00+00:00,77249.7265625,BTC
2026-09-12 02:55:00+00:00,77246.9609375,BTC
2026-09-12 02:56:00+00:00,77231.578125,BTC
2026-09-12 02:57:00+00:00,77231.59375,BTC
2026-09-12 02:58:00+00:00,77235.609375,BTC
2026-09-12 02:59:00+00:00,77286.3515625,BTC
2026-09-12 03:00:00+00:00,77240.140625,BTC
2026-09-12 03:01:00+00:00,77231.2421875,BTC
2026-09-12 03:02:00+00:00,77239.03125,BTC
2026-09-12 03:03:00+00:00,77278.2578125,BTC
2026-09-12 03:04:00+00:00,77307.59375,BTC
2026-09-12 03:05:00+00:00,77313.7890625,BTC
2026-09-12 03:06:00+00:00,77317.71875,BTC
2026-09-12 03:07:00+00:00,77286.3828125,BTC
2026-09-12 03:08:00+00:00,77260.0078125,BTC
2026-09-12 03:09:00+00:00,77279.296875,BTC
2026-09-12 03:10:00+00:00,77310.34375,BTC
2026-09-12 03:11:00+00:00,77293.71875,BTC
2026-09-12 03:12:00+00:00,77274.3671875,BTC
2026-09-12 03:13:00+00:00,77254.0390625,BTC
2026-09-12 03:14:00+00:00,77255.828125,BTC
2026-09-12 03:15:00+00:00,77296.59375,BTC
2026-09-12 03:16:00+00:00,77301.109375,BTC
2026-09-12 03:17:00+00:00,77278.7109375,BTC
2026-09-12 03:18:00+00:00,77283.640625,BTC
2026-09-12 03:19:00+00:00,77285.390625,BTC
2026-09-12 03:20:00+00:00,77255.796875,BTC
2026-09-12 03:21:00+00:00,77225.34375,BTC
2026-09-12 03:22:00+00:00,77225.09375,BTC
2026-09-12 03:23:00+00:00,77230.5234375,BTC
2026-09-12 03:24:00+00:00,77234.2109375,BTC
2026-09-12 03:25:00+00:00,77231.4921875,BTC
2026-09-12 03:26:00+00:00,77239.1484375,BTC
2026-09-12 03:27:00+00:00,77239.828125,BTC
2026-09-12 03:28:00+00:00,77266.109375,BTC
2026-09-12 03:29:00+00:00,77279.921875,BTC
2026-09-12 03:30:00+00:00,77278.40625,BTC
2026-09-12 03:31:00+00:00,77267.7265625,BTC
2026-09-12 03:32:00+00:00,77253.84375,BTC
2026-09-12 03:33:00+00:00,77254.5625,BTC
2026-09-12 03:34:00+00:00,77254.5625,BTC
2026-09-12 03:35:00+00:00,77243.21875,BTC
2026-09-12 03:36:00+00:00,77243.2109375,BTC
2026-09-12 03:37:00+00:00,77243.21875,BTC
2026-09-12 03:38:00+00:00,77243.21875,BTC
2026-09-12 03:39:00+00:00,77243.0078125,BTC
2026-09-12 03:40:00+00:00,77243.0078125,BTC
2026-09-12 03:41:00+00:00,77243.21875,BTC
2026-09-12 03:42:00+00:00,77223.8828125,BTC
2026-09-12 03:43:00+00:00,77223.8828125,BTC
2026-09-12 03:44:00+00:00,77243.9765625,BTC
2026-09-12 03:45:00+00:00,77226.46875,BTC
2026-09-12 03:46:00+00:00,77227.3671875,BTC
2026-09-12 03:47:00+00:00,77226.15625,BTC
2026-09-12 03:48:00+00:00,77225.4375,BTC
2026-09-12 03:49:00+00:00,77225.4296875,BTC
2026-09-12 03:50:00+00:00,77228.9921875,BTC
2026-09-12 03:51:00+00:00,77234.40625,BTC
2026-09-12 03:52:00+00:00,77246.96875,BTC
2026-09-12 03:53:00+00:00,77243.3671875,BTC
2026-09-12 03:54:00+00:00,77253.6328125,BTC
2026-09-12 03:55:00+00:00,77256.7578125,BTC
2026-09-12 03:56:00+00:00,77259.2265625,BTC
2026-09-12 03:57:00+00:00,77256.96875,BTC
2026-09-12 03:58:00+00:00,77259.2265625,BTC
2026-09-12 03:59:00+00:00,77259.2265625,BTC
2026-09-12 04:00:00+00:00,77259.2421875,BTC
2026-09-12 04:01:00+00:00,77266.5078125,BTC
2026-09-12 04:02:00+00:00,77291.84375,BTC
2026-09-12 04:03:00+00:00,77283.5703125,BTC
2026-09-12 04:04:00+00:00,77289.1171875,BTC
2026-09-12 04:05:00+00:00,77300.8125,BTC
2026-09-12 04:06:00+00:00,77304.7109375,BTC
2026-09-12 04:07:00+00:00,77289.1328125,BTC
2026-09-12 04:08:00+00:00,77292.2734375,BTC
2026-09-12 04:09:00+00:00,77289.109375,BTC
2026-09-12 04:10:00+00:00,77288.4921875,BTC
2026-09-12 04:11:00+00:00,77289.7578125,BTC
2026-09-12 04:12:00+00:00,77289.5234375,BTC
2026-09-12 04:13:00+00:00,77278.453125,BTC
2026-09-12 04:14:00+00:00,77284.7578125,BTC
2026-09-12 04:15:00+00:00,77274.5390625,BTC
2026-09-12 04:16:00+00:00,77247.40625,BTC
2026-09-12 04:17:00+00:00,77238.1171875,BTC
2026-09-12 04:18:00+00:00,77228.5,BTC
2026-09-12 04:19:00+00:00,77218.5,BTC
2026-09-12 04:20:00+00:00,77232.4375,BTC
2026-09-12 04:21:00+00:00,77233.9375,BTC
2026-09-12 04:22:00+00:00,77229.4765625,BTC
2026-09-12 04:23:00+00:00,77226.7421875,BTC
2026-09-12 04:24:00+00:00,77228.4375,BTC
2026-09-12 04:25:00+00:00,77222.0390625,BTC
2026-09-12 04:26:00+00:00,77214.546875,BTC
2026-09-12 04:27:00+00:00,77223.2578125,BTC
2026-09-12 04:28:00+00:00,77226.7109375,BTC
2026-09-12 04:29:00+00:00,77241.1015625,BTC
2026-09-12 04:30:00+00:00,77265.0,BTC
2026-09-12 04:31:00+00:00,77268.2421875,BTC
2026-09-12 04:32:00+00:00,77267.4375,BTC
2026-09-12 04:33:00+00:00,77267.046875,BTC
2026-09-12 04:34:00+00:00,77265.0078125,BTC
2026-09-12 04:35:00+00:00,77270.859375,BTC
2026-09-12 04:36:00+00:00,77270.9921875,BTC
2026-09-12 04:37:00+00:00,77280.2265625,BTC
2026-09-12 04:38:00+00:00,77281.4921875,BTC
2026-09-12 04:39:00+00:00,77279.5,BTC
2026-09-12 04:40:00+00:00,77277.1015625,BTC
2026-09-12 04:41:00+00:00,77279.7734375,BTC
2026-09-12 04:42:00+00:00,77223.078125,BTC
2026-09-12 04:43:00+00:00,77238.9375,BTC
2026-09-12 04:44:00+00:00,77238.90625,BTC
2026-09-12 04:45:00+00:00,77237.703125,BTC
2026-09-12 04:46:00+00:00,77222.421875,BTC
2026-09-12 04:47:00+00:00,77231.9921875,BTC
2026-09-12 04:48:00+00:00,77238.28125,BTC
2026-09-12 04:49:00+00:00,77250.78125,BTC
2026-09-12 04:50:00+00:00,77250.7734375,BTC
2026-09-12 04:51:00+00:00,77249.2109375,BTC
2026-09-12 04:52:00+00:00,77239.1875,BTC
2026-09-12 04:53:00+00:00,77228.890625,BTC
2026-09-12 04:54:00+00:00,77230.2421875,BTC
2026-09-12 04:55:00+00:00,77215.03125,BTC
2026-09-12 04:56:00+00:00,77213.2890625,BTC
2026-09-12 04:57:00+00:00,77217.2734375,BTC
2026-09-12 04:58:00+00:00,77214.6015625,BTC
2026-09-12 04:59:00+00:00,77206.75,BTC
2026-09-12 05:00:00+00:00,77208.828125,BTC
2026-09-12 05:01:00+00:00,77201.609375,BTC
2026-09-12 05:02:00+00:00,77199.9296875,BTC
2026-09-12 05:03:00+00:00,77202.3515625,BTC
2026-09-12 05:04:00+00:00,77188.90625,BTC
2026-09-12 05:05:00+00:00,77180.328125,BTC
2026-09-12 05:06:00+00:00,77171.6796875,BTC
2026-09-12 05:07:00+00:00,77168.7265625,BTC
2026-09-12 05:08:00+00:00,77177.71875,BTC
2026-09-12 05:09:00+00:00,77173.421875,BTC
2026-09-12 05:10:00+00:00,77173.4296875,BTC
2026-09-12 05:11:00+00:00,77196.78125,BTC
2026-09-12 05:12:00+00:00,77211.4921875,BTC
2026-09-12 05:13:00+00:00,77222.078125,BTC
2026-09-12 05:14:00+00:00,77214.4921875,BTC
2026-09-12 05:15:00+00:00,77195.0390625,BTC
2026-09-12 05:16:00+00:00,77215.3828125,BTC
2026-09-12 05:17:00+00:00,77224.8828125,BTC
2026-09-12 05:18:00+00:00,77226.2421875,BTC
2026-09-12 05:19:00+00:00,77224.6875,BTC
2026-09-12 05:20:00+00:00,77230.4296875,BTC
2026-09-12 05:21:00+00:00,77236.140625,BTC
2026-09-12 05:22:00+00:00,77187.0234375,BTC
2026-09-12 05:23:00+00:00,77193.3203125,BTC
2026-09-12 05:24:00+00:00,77208.7890625,BTC
2026-09-12 05:25:00+00:00,77185.0,BTC
2026-09-12 05:26:00+00:00,77215.2890625,BTC
2026-09-12 05:27:00+00:00,77236.3828125,BTC
2026-09-12 05:28:00+00:00,77204.96875,BTC
2026-09-12 05:29:00+00:00,77184.9609375,BTC
2026-09-12 05:30:00+00:00,77220.1328125,BTC
2026-09-12 05:31:00+00:00,77205.8125,BTC
2026-09-12 05:32:00+00:00,77204.2578125,BTC
2026-09-12 05:33:00+00:00,77212.03125,BTC
2026-09-12 05:34:00+00:00,77233.296875,BTC
2026-09-12 05:35:00+00:00,77248.9375,BTC
2026-09-12 05:36:00+00:00,77237.640625,BTC
2026-09-12 05:37:00+00:00,77239.4375,BTC
2026-09-12 05:38:00+00:00,77241.921875,BTC
2026-09-12 05:39:00+00:00,77224.328125,BTC
2026-09-12 05:40:00+00:00,77225.546875,BTC
2026-09-12 05:41:00+00:00,77214.8203125,BTC
2026-09-12 05:42:00+00:00,77225.1484375,BTC
2026-09-12 05:43:00+00:00,77222.1015625,BTC
2026-09-12 05:44:00+00:00,77223.53125,BTC
2026-09-12 05:45:00+00:00,77224.3828125,BTC
2026-09-12 05:46:00+00:00,77223.703125,BTC
2026-09-12 05:47:00+00:00,77223.7890625,BTC
2026-09-12 05:48:00+00:00,77227.1875,BTC
2026-09-12 05:49:00+00:00,77230.1796875,BTC
2026-09-12 05:50:00+00:00,77230.1796875,BTC
2026-09-12 05:51:00+00:00,77226.171875,BTC
2026-09-12 05:52:00+00:00,77226.171875,BTC
2026-09-12 05:53:00+00:00,77235.453125,BTC
2026-09-12 05:54:00+00:00,77235.453125,BTC
2026-09-12 05:55:00+00:00,77220.0,BTC
2026-09-12 05:56:00+00:00,77209.0390625,BTC
2026-09-12 05:57:00+00:00,77234.140625,BTC
2026-09-12 05:58:00+00:00,77205.96875,BTC
2026-09-12 05:59:00+00:00,77200.0,BTC
2026-09-12 06:00:00+00:00,77189.6875,BTC
2026-09-12 06:01:00+00:00,77205.96875,BTC
2026-09-12 06:02:00+00:00,77204.4609375,BTC
2026-09-12 06:03:00+00:00,77193.4921875,BTC
2026-09-12 06:04:00+00:00,77190.578125,BTC
2026-09-12 06:05:00+00:00,77199.2734375,BTC
2026-09-12 06:06:00+00:00,77196.796875,BTC
2026-09-12 06:07:00+00:00,77186.0078125,BTC
2026-09-12 06:08:00+00:00,77200.34375,BTC
2026-09-12 06:09:00+00:00,77200.34375,BTC
2026-09-12 06:10:00+00:00,77215.46875,BTC
2026-09-12 06:11:00+00:00,77199.3671875,BTC
2026-09-12 06:12:00+00:00,77201.203125,BTC
2026-09-12 06:13:00+00:00,77199.359375,BTC
2026-09-12 06:14:00+00:00,77193.71875,BTC
2026-09-12 06:15:00+00:00,77192.1796875,BTC
2026-09-12 06:16:00+00:00,77214.4765625,BTC
2026-09-12 06:17:00+00:00,77218.78125,BTC
2026-09-12 06:18:00+00:00,77224.140625,BTC
2026-09-12 06:19:00+00:00,77224.578125,BTC
2026-09-12 06:20:00+00:00,77225.7734375,BTC
2026-09-12 06:21:00+00:00,77226.5703125,BTC
2026-09-12 06:22:00+00:00,77226.5703125,BTC
2026-09-12 06:23:00+00:00,77226.6796875,BTC
2026-09-12 06:24:00+00:00,77225.78125,BTC
2026-09-12 06:25:00+00:00,77228.421875,BTC
2026-09-12 06:26:00+00:00,77228.421875,BTC
2026-09-12 06:27:00+00:00,77227.0703125,BTC
2026-09-12 06:28:00+00:00,77228.4296875,BTC
2026-09-12 06:29:00+00:00,77228.421875,BTC
2026-09-12 06:30:00+00:00,77272.4375,BTC
2026-09-12 06:31:00+00:00,77269.578125,BTC
2026-09-12 06:32:00+00:00,77271.296875,BTC
2026-09-12 06:33:00+00:00,77273.7109375,BTC
2026-09-12 06:34:00+00:00,77247.671875,BTC
2026-09-12 06:35:00+00:00,77245.46875,BTC
2026-09-12 06:36:00+00:00,77249.0078125,BTC
2026-09-12 06:37:00+00:00,77255.96875,BTC
2026-09-12 06:38:00+00:00,77256.953125,BTC
2026-09-12 06:39:00+00:00,77277.3828125,BTC
2026-09-12 06:40:00+00:00,77277.3671875,BTC
2026-09-12 06:41:00+00:00,77277.3828125,BTC
2026-09-12 06:42:00+00:00,77308.5078125,BTC
2026-09-12 06:43:00+00:00,77306.2578125,BTC
2026-09-12 06:44:00+00:00,77308.828125,BTC
2026-09-12 06:45:00+00:00,77312.6171875,BTC
2026-09-12 06:46:00+00:00,77312.6328125,BTC
2026-09-12 06:47:00+00:00,77343.3203125,BTC
2026-09-12 06:48:00+00:00,77310.6484375,BTC
2026-09-12 06:49:00+00:00,77310.1875,BTC
2026-09-12 06:50:00+00:00,77297.171875,BTC
2026-09-12 06:51:00+00:00,77298.546875,BTC
2026-09-12 06:52:00+00:00,77283.359375,BTC
2026-09-12 06:53:00+00:00,77292.890625,BTC
2026-09-12 06:54:00+00:00,77294.7734375,BTC
2026-09-12 06:55:00+00:00,77281.0,BTC
2026-09-12 06:56:00+00:00,77268.90625,BTC
2026-09-12 06:57:00+00:00,77277.6484375,BTC
2026-09-12 06:58:00+00:00,77280.0625,BTC
2026-09-12 06:59:00+00:00,77279.046875,BTC
2026-09-12 07:00:00+00:00,77285.828125,BTC
2026-09-12 07:01:00+00:00,77297.8828125,BTC
2026-09-12 07:02:00+00:00,77303.03125,BTC
2026-09-12 07:03:00+00:00,77301.0234375,BTC
2026-09-12 07:04:00+00:00,77312.078125,BTC
2026-09-12 07:05:00+00:00,77312.078125,BTC
2026-09-12 07:06:00+00:00,77312.84375,BTC
2026-09-12 07:07:00+00:00,77312.84375,BTC
2026-09-12 07:08:00+00:00,77314.9921875,BTC
2026-09-12 07:09:00+00:00,77332.5625,BTC
2026-09-12 07:10:00+00:00,77332.5703125,BTC
2026-09-12 07:11:00+00:00,77323.359375,BTC
2026-09-12 07:12:00+00:00,77323.359375,BTC
2026-09-12 07:13:00+00:00,77323.359375,BTC
2026-09-12 07:14:00+00:00,77321.8203125,BTC
2026-09-12 07:15:00+00:00,77321.828125,BTC
2026-09-12 07:16:00+00:00,77304.4765625,BTC
2026-09-12 07:17:00+00:00,77304.6796875,BTC
2026-09-12 07:18:00+00:00,77303.4375,BTC
2026-09-12 07:19:00+00:00,77297.2890625,BTC
2026-09-12 07:20:00+00:00,77302.6015625,BTC
2026-09-12 07:21:00+00:00,77320.921875,BTC
2026-09-12 07:22:00+00:00,77308.09375,BTC
2026-09-12 07:23:00+00:00,77308.09375,BTC
2026-09-12 07:24:00+00:00,77309.359375,BTC
2026-09-12 07:25:00+00:00,77308.09375,BTC
2026-09-12 07:26:00+00:00,77293.203125,BTC
2026-09-12 07:27:00+00:00,77293.203125,BTC
2026-09-12 07:28:00+00:00,77287.59375,BTC
2026-09-12 07:29:00+00:00,77287.59375,BTC
2026-09-12 07:30:00+00:00,77287.59375,BTC
2026-09-12 07:31:00+00:00,77281.03125,BTC
2026-09-12 07:32:00+00:00,77279.359375,BTC
2026-09-12 07:33:00+00:00,77280.9296875,BTC
2026-09-12 07:34:00+00:00,77273.828125,BTC
2026-09-12 07:35:00+00:00,77273.671875,BTC
2026-09-12 07:36:00+00:00,77275.2265625,BTC
2026-09-12 07:37:00+00:00,77260.46875,BTC
2026-09-12 07:38:00+00:00,77260.46875,BTC
2026-09-12 07:39:00+00:00,77260.46875,BTC
2026-09-12 07:40:00+00:00,77260.4765625,BTC
2026-09-12 07:41:00+00:00,77265.40625,BTC
2026-09-12 07:42:00+00:00,77263.0,BTC
2026-09-12 07:43:00+00:00,77263.0078125,BTC
2026-09-12 07:44:00+00:00,77263.0078125,BTC
2026-09-12 07:45:00+00:00,77244.0,BTC
2026-09-12 07:46:00+00:00,77261.859375,BTC
2026-09-12 07:47:00+00:00,77260.359375,BTC
2026-09-12 07:48:00+00:00,77259.7265625,BTC
2026-09-12 07:49:00+00:00,77259.7265625,BTC
2026-09-12 07:50:00+00:00,77262.0234375,BTC
2026-09-12 07:51:00+00:00,77256.640625,BTC
2026-09-12 07:52:00+00:00,77261.7421875,BTC
2026-09-12 07:53:00+00:00,77279.9609375,BTC
2026-09-12 07:54:00+00:00,77268.65625,BTC
2026-09-12 07:55:00+00:00,77268.6484375,BTC
2026-09-12 07:56:00+00:00,77268.65625,BTC
2026-09-12 07:57:00+00:00,77253.15625,BTC
2026-09-12 07:58:00+00:00,77271.6484375,BTC
2026-09-12 07:59:00+00:00,77257.0078125,BTC
2026-09-12 08:00:00+00:00,77261.890625,BTC
2026-09-12 08:01:00+00:00,77251.1171875,BTC
2026-09-12 08:02:00+00:00,77258.390625,BTC
2026-09-12 08:03:00+00:00,77283.9921875,BTC
2026-09-12 08:04:00+00:00,77273.2109375,BTC
2026-09-12 08:05:00+00:00,77299.9921875,BTC
2026-09-12 08:06:00+00:00,77305.1171875,BTC
2026-09-12 08:07:00+00:00,77305.1328125,BTC
2026-09-12 08:08:00+00:00,77313.4296875,BTC
2026-09-12 08:09:00+00:00,77313.421875,BTC
2026-09-12 08:10:00+00:00,77287.2421875,BTC
2026-09-12 08:11:00+00:00,77304.421875,BTC
2026-09-12 08:12:00+00:00,77324.25,BTC
2026-09-12 08:13:00+00:00,77256.1015625,BTC
2026-09-12 08:14:00+00:00,77279.9921875,BTC
2026-09-12 08:15:00+00:00,77280.0,BTC
2026-09-12 08:16:00+00:00,77326.8828125,BTC
2026-09-12 08:17:00+00:00,77304.609375,BTC
2026-09-12 08:18:00+00:00,77286.953125,BTC
2026-09-12 08:19:00+00:00,77297.9296875,BTC
2026-09-12 08:20:00+00:00,77297.9296875,BTC
2026-09-12 08:21:00+00:00,77303.7421875,BTC
2026-09-12 08:22:00+00:00,77305.453125,BTC
2026-09-12 08:23:00+00:00,77287.0078125,BTC
2026-09-12 08:24:00+00:00,77284.8671875,BTC
2026-09-12 08:25:00+00:00,77276.84375,BTC
2026-09-12 08:26:00+00:00,77285.7734375,BTC
2026-09-12 08:27:00+00:00,77279.2109375,BTC
2026-09-12 08:28:00+00:00,77288.7421875,BTC
2026-09-12 08:29:00+00:00,77282.6796875,BTC
2026-09-12 08:30:00+00:00,77295.8203125,BTC
2026-09-12 08:31:00+00:00,77292.1875,BTC
2026-09-12 08:32:00+00:00,77290.2109375,BTC
2026-09-12 08:33:00+00:00,77288.6875,BTC
2026-09-12 08:34:00+00:00,77288.6796875,BTC
2026-09-12 08:35:00+00:00,77292.2890625,BTC
2026-09-12 08:36:00+00:00,77298.578125,BTC
2026-09-12 08:37:00+00:00,77327.6015625,BTC
2026-09-12 08:38:00+00:00,77323.1875,BTC
2026-09-12 08:39:00+00:00,77323.1875,BTC
2026-09-12 08:40:00+00:00,77323.1875,BTC
2026-09-12 08:41:00+00:00,77326.3671875,BTC
2026-09-12 08:42:00+00:00,77329.1796875,BTC
2026-09-12 08:43:00+00:00,77327.6015625,BTC
2026-09-12 08:44:00+00:00,77332.5390625,BTC
2026-09-12 08:45:00+00:00,77334.9921875,BTC
2026-09-12 08:46:00+00:00,77329.921875,BTC
2026-09-12 08:47:00+00:00,77334.96875,BTC
2026-09-12 08:48:00+00:00,77334.8984375,BTC
2026-09-12 08:49:00+00:00,77341.3203125,BTC
2026-09-12 08:50:00+00:00,77344.078125,BTC
2026-09-12 08:51:00+00:00,77340.8125,BTC
2026-09-12 08:52:00+00:00,77344.078125,BTC
2026-09-12 08:53:00+00:00,77352.2265625,BTC
2026-09-12 08:54:00+00:00,77323.1796875,BTC
2026-09-12 08:55:00+00:00,77328.8515625,BTC
2026-09-12 08:56:00+00:00,77330.046875,BTC
2026-09-12 08:57:00+00:00,77317.7265625,BTC
2026-09-12 08:58:00+00:00,77343.453125,BTC
2026-09-12 08:59:00+00:00,77340.7265625,BTC
2026-09-12 09:00:00+00:00,77340.8671875,BTC
2026-09-12 09:01:00+00:00,77331.578125,BTC
2026-09-12 09:02:00+00:00,77336.3203125,BTC
2026-09-12 09:03:00+00:00,77345.5,BTC
2026-09-12 09:04:00+00:00,77345.5078125,BTC
2026-09-12 09:05:00+00:00,77362.078125,BTC
2026-09-12 09:06:00+00:00,77336.5703125,BTC
2026-09-12 09:07:00+00:00,77327.3125,BTC
2026-09-12 09:08:00+00:00,77328.8125,BTC
2026-09-12 09:09:00+00:00,77326.5234375,BTC
2026-09-12 09:10:00+00:00,77328.046875,BTC
2026-09-12 09:11:00+00:00,77352.0234375,BTC
2026-09-12 09:12:00+00:00,77346.890625,BTC
2026-09-12 09:13:00+00:00,77328.5625,BTC
2026-09-12 09:14:00+00:00,77342.75,BTC
2026-09-12 09:15:00+00:00,77342.75,BTC
2026-09-12 09:16:00+00:00,77359.9765625,BTC
2026-09-12 09:17:00+00:00,77328.4609375,BTC
2026-09-12 09:18:00+00:00,77347.9921875,BTC
2026-09-12 09:19:00+00:00,77338.3125,BTC
2026-09-12 09:20:00+00:00,77334.046875,BTC
2026-09-12 09:21:00+00:00,77335.96875,BTC
2026-09-12 09:22:00+00:00,77335.96875,BTC
2026-09-12 09:23:00+00:00,77326.3984375,BTC
2026-09-12 09:24:00+00:00,77360.8984375,BTC
2026-09-12 09:25:00+00:00,77344.5234375,BTC
2026-09-12 09:26:00+00:00,77348.0078125,BTC
2026-09-12 09:27:00+00:00,77354.1875,BTC
2026-09-12 09:28:00+00:00,77368.0625,BTC
2026-09-12 09:29:00+00:00,77330.328125,BTC
2026-09-12 09:30:00+00:00,77354.8828125,BTC
2026-09-12 09:31:00+00:00,77357.90625,BTC
2026-09-12 09:32:00+00:00,77357.90625,BTC
2026-09-12 09:33:00+00:00,77339.109375,BTC
2026-09-12 09:34:00+00:00,77330.4609375,BTC
2026-09-12 09:35:00+00:00,77309.9921875,BTC
2026-09-12 09:36:00+00:00,77310.7265625,BTC
2026-09-12 09:37:00+00:00,77310.7265625,BTC
2026-09-12 09:38:00+00:00,77343.5625,BTC
2026-09-12 09:39:00+00:00,77350.453125,BTC
2026-09-12 09:40:00+00:00,77343.5390625,BTC
2026-09-12 09:41:00+00:00,77343.53125,BTC
2026-09-12 09:42:00+00:00,77343.53125,BTC
2026-09-12 09:43:00+00:00,77323.328125,BTC
2026-09-12 09:44:00+00:00,77318.1171875,BTC
2026-09-12 09:45:00+00:00,77327.1171875,BTC
2026-09-12 09:46:00+00:00,77323.53125,BTC
2026-09-12 09:47:00+00:00,77323.5390625,BTC
2026-09-12 09:48:00+00:00,77310.921875,BTC
2026-09-12 09:49:00+00:00,77310.921875,BTC
2026-09-12 09:50:00+00:00,77330.4765625,BTC
2026-09-12 09:51:00+00:00,77324.359375,BTC
2026-09-12 09:52:00+00:00,77301.0078125,BTC
2026-09-12 09:53:00+00:00,77309.09375,BTC
2026-09-12 09:54:00+00:00,77309.09375,BTC
2026-09-12 09:55:00+00:00,77321.0078125,BTC
2026-09-12 09:56:00+00:00,77314.2734375,BTC
2026-09-12 09:57:00+00:00,77314.2734375,BTC
2026-09-12 09:58:00+00:00,77325.9296875,BTC
2026-09-12 09:59:00+00:00,77336.0234375,BTC
2026-09-12 10:00:00+00:00,77336.0234375,BTC
2026-09-12 10:01:00+00:00,77347.1484375,BTC
2026-09-12 10:02:00+00:00,77372.453125,BTC
2026-09-12 10:03:00+00:00,77374.1875,BTC
2026-09-12 10:04:00+00:00,77356.3203125,BTC
2026-09-12 10:05:00+00:00,77376.59375,BTC
2026-09-12 10:06:00+00:00,77376.59375,BTC
2026-09-12 10:07:00+00:00,77379.6015625,BTC
2026-09-12 10:08:00+00:00,77368.65625,BTC
2026-09-12 10:09:00+00:00,77368.6484375,BTC
2026-09-12 10:10:00+00:00,77372.828125,BTC
2026-09-12 10:11:00+00:00,77378.59375,BTC
2026-09-12 10:12:00+00:00,77380.53125,BTC
2026-09-12 10:13:00+00:00,77380.53125,BTC
2026-09-12 10:14:00+00:00,77380.53125,BTC
2026-09-12 10:15:00+00:00,77376.859375,BTC
2026-09-12 10:16:00+00:00,77374.671875,BTC
2026-09-12 10:17:00+00:00,77364.6875,BTC
2026-09-12 10:18:00+00:00,77369.8515625,BTC
2026-09-12 10:19:00+00:00,77371.6328125,BTC
2026-09-12 10:20:00+00:00,77371.2890625,BTC
2026-09-12 10:21:00+00:00,77361.171875,BTC
2026-09-12 10:22:00+00:00,77356.421875,BTC
2026-09-12 10:23:00+00:00,77356.421875,BTC
2026-09-12 10:24:00+00:00,77355.96875,BTC
2026-09-12 10:25:00+00:00,77356.40625,BTC
2026-09-12 10:26:00+00:00,77356.40625,BTC
2026-09-12 10:27:00+00:00,77356.203125,BTC
2026-09-12 10:28:00+00:00,77356.203125,BTC
2026-09-12 10:29:00+00:00,77356.203125,BTC
2026-09-12 10:30:00+00:00,77356.203125,BTC
2026-09-12 10:31:00+00:00,77339.0,BTC
2026-09-12 10:32:00+00:00,77339.0,BTC
2026-09-12 10:33:00+00:00,77339.0,BTC
2026-09-12 10:34:00+00:00,77332.890625,BTC
2026-09-12 10:35:00+00:00,77337.828125,BTC
2026-09-12 10:36:00+00:00,77337.796875,BTC
2026-09-12 10:37:00+00:00,77337.796875,BTC
2026-09-12 10:38:00+00:00,77337.8125,BTC
2026-09-12 10:39:00+00:00,77347.9609375,BTC
2026-09-12 10:40:00+00:00,77348.46875,BTC
2026-09-12 10:41:00+00:00,77364.7578125,BTC
2026-09-12 10:42:00+00:00,77345.96875,BTC
2026-09-12 10:43:00+00:00,77346.3828125,BTC
2026-09-12 10:44:00+00:00,77348.7421875,BTC
2026-09-12 10:45:00+00:00,77349.6328125,BTC
2026-09-12 10:46:00+00:00,77356.0234375,BTC
2026-09-12 10:47:00+00:00,77363.0,BTC
2026-09-12 10:48:00+00:00,77329.0625,BTC
2026-09-12 10:49:00+00:00,77332.6015625,BTC
2026-09-12 10:50:00+00:00,77331.890625,BTC
2026-09-12 10:51:00+00:00,77328.5703125,BTC
2026-09-12 10:52:00+00:00,77309.796875,BTC
2026-09-12 10:53:00+00:00,77309.828125,BTC
2026-09-12 10:54:00+00:00,77289.9921875,BTC
2026-09-12 10:55:00+00:00,77327.1875,BTC
2026-09-12 10:56:00+00:00,77309.28125,BTC
2026-09-12 10:57:00+00:00,77316.0,BTC
2026-09-12 10:58:00+00:00,77310.0390625,BTC
2026-09-12 10:59:00+00:00,77311.7109375,BTC
2026-09-12 11:00:00+00:00,77316.0,BTC
2026-09-12 11:01:00+00:00,77329.109375,BTC
2026-09-12 11:02:00+00:00,77288.2265625,BTC
2026-09-12 11:03:00+00:00,77283.359375,BTC
2026-09-12 11:04:00+00:00,77299.3203125,BTC
2026-09-12 11:05:00+00:00,77308.96875,BTC
2026-09-12 11:06:00+00:00,77308.96875,BTC
2026-09-12 11:07:00+00:00,77304.1484375,BTC
2026-09-12 11:08:00+00:00,77288.9765625,BTC
2026-09-12 11:09:00+00:00,77290.0,BTC
2026-09-12 11:10:00+00:00,77288.9765625,BTC
2026-09-12 11:11:00+00:00,77301.8984375,BTC
2026-09-12 11:12:00+00:00,77302.5703125,BTC
2026-09-12 11:13:00+00:00,77309.140625,BTC
2026-09-12 11:14:00+00:00,77308.671875,BTC
2026-09-12 11:15:00+00:00,77306.6796875,BTC
2026-09-12 11:16:00+00:00,77308.21875,BTC
2026-09-12 11:17:00+00:00,77283.3515625,BTC
2026-09-12 11:18:00+00:00,77278.4921875,BTC
2026-09-12 11:19:00+00:00,77278.0703125,BTC
2026-09-12 11:20:00+00:00,77278.0703125,BTC
2026-09-12 11:21:00+00:00,77286.78125,BTC
2026-09-12 11:22:00+00:00,77278.2109375,BTC
2026-09-12 11:23:00+00:00,77274.78125,BTC
2026-09-12 11:24:00+00:00,77283.5078125,BTC
2026-09-12 11:25:00+00:00,77271.4296875,BTC
2026-09-12 11:26:00+00:00,77270.3203125,BTC
2026-09-12 11:27:00+00:00,77271.46875,BTC
2026-09-12 11:28:00+00:00,77277.65625,BTC
2026-09-12 11:29:00+00:00,77279.3984375,BTC
2026-09-12 11:30:00+00:00,77275.171875,BTC
2026-09-12 11:31:00+00:00,77271.1484375,BTC
2026-09-12 11:32:00+00:00,77287.2734375,BTC
2026-09-12 11:33:00+00:00,77287.2734375,BTC
2026-09-12 11:34:00+00:00,77287.2734375,BTC
2026-09-12 11:35:00+00:00,77297.140625,BTC
2026-09-12 11:36:00+00:00,77308.7421875,BTC
2026-09-12 11:37:00+00:00,77303.34375,BTC
2026-09-12 11:38:00+00:00,77303.34375,BTC
2026-09-12 11:39:00+00:00,77302.328125,BTC
2026-09-12 11:40:00+00:00,77306.09375,BTC
2026-09-12 11:41:00+00:00,77311.71875,BTC
2026-09-12 11:42:00+00:00,77315.78125,BTC
2026-09-12 11:43:00+00:00,77329.203125,BTC
2026-09-12 11:44:00+00:00,77329.84375,BTC
2026-09-12 11:45:00+00:00,77332.109375,BTC
2026-09-12 11:46:00+00:00,77328.671875,BTC
2026-09-12 11:47:00+00:00,77331.703125,BTC
2026-09-12 11:48:00+00:00,77324.2734375,BTC
2026-09-12 11:49:00+00:00,77324.6328125,BTC
2026-09-12 11:50:00+00:00,77324.6015625,BTC
2026-09-12 11:51:00+00:00,77333.6484375,BTC
2026-09-12 11:52:00+00:00,77334.4609375,BTC
2026-09-12 11:53:00+00:00,77331.9921875,BTC
2026-09-12 11:54:00+00:00,77339.4765625,BTC
2026-09-12 11:55:00+00:00,77335.3828125,BTC
2026-09-12 11:56:00+00:00,77334.1484375,BTC
2026-09-12 11:57:00+00:00,77332.8671875,BTC
2026-09-12 11:58:00+00:00,77334.0625,BTC
2026-09-12 11:59:00+00:00,77339.796875,BTC
2026-09-12 12:00:00+00:00,77341.3203125,BTC
2026-09-12 12:01:00+00:00,77337.109375,BTC
2026-09-12 12:02:00+00:00,77327.3515625,BTC
2026-09-12 12:03:00+00:00,77328.8671875,BTC
2026-09-12 12:04:00+00:00,77330.40625,BTC
2026-09-12 12:05:00+00:00,77334.703125,BTC
2026-09-12 12:06:00+00:00,77336.2421875,BTC
2026-09-12 12:07:00+00:00,77336.2421875,BTC
2026-09-12 12:08:00+00:00,77338.703125,BTC
2026-09-12 12:09:00+00:00,77341.25,BTC
2026-09-12 12:10:00+00:00,77308.7265625,BTC
2026-09-12 12:11:00+00:00,77308.9765625,BTC
2026-09-12 12:12:00+00:00,77317.46875,BTC
2026-09-12 12:13:00+00:00,77310.7890625,BTC
2026-09-12 12:14:00+00:00,77314.5078125,BTC
2026-09-12 12:15:00+00:00,77302.046875,BTC
2026-09-12 12:16:00+00:00,77318.53125,BTC
2026-09-12 12:17:00+00:00,77316.796875,BTC
2026-09-12 12:18:00+00:00,77300.640625,BTC
2026-09-12 12:19:00+00:00,77296.5390625,BTC
2026-09-12 12:20:00+00:00,77292.078125,BTC
2026-09-12 12:21:00+00:00,77292.0,BTC
2026-09-12 12:22:00+00:00,77292.0,BTC
2026-09-12 12:23:00+00:00,77298.078125,BTC
2026-09-12 12:24:00+00:00,77298.0390625,BTC
2026-09-12 12:25:00+00:00,77308.3828125,BTC
2026-09-12 12:26:00+00:00,77301.7734375,BTC
2026-09-12 12:27:00+00:00,77306.3125,BTC
2026-09-12 12:28:00+00:00,77323.796875,BTC
2026-09-12 12:29:00+00:00,77310.0,BTC
2026-09-12 12:30:00+00:00,77308.6171875,BTC
2026-09-12 12:31:00+00:00,77307.8125,BTC
2026-09-12 12:32:00+00:00,77309.9921875,BTC
2026-09-12 12:33:00+00:00,77309.8125,BTC
2026-09-12 12:34:00+00:00,77314.1796875,BTC
2026-09-12 12:35:00+00:00,77320.2578125,BTC
2026-09-12 12:36:00+00:00,77316.96875,BTC
2026-09-12 12:37:00+00:00,77316.96875,BTC
2026-09-12 12:38:00+00:00,77322.8515625,BTC
2026-09-12 12:39:00+00:00,77321.28125,BTC
2026-09-12 12:40:00+00:00,77324.7421875,BTC
2026-09-12 12:41:00+00:00,77324.7421875,BTC
2026-09-12 12:42:00+00:00,77322.5625,BTC
2026-09-12 12:43:00+00:00,77324.703125,BTC
2026-09-12 12:44:00+00:00,77306.328125,BTC
2026-09-12 12:45:00+00:00,77309.828125,BTC
2026-09-12 12:46:00+00:00,77303.90625,BTC
2026-09-12 12:47:00+00:00,77320.1328125,BTC
2026-09-12 12:48:00+00:00,77320.6484375,BTC
2026-09-12 12:49:00+00:00,77300.0078125,BTC
2026-09-12 12:50:00+00:00,77290.0078125,BTC
2026-09-12 12:51:00+00:00,77275.2109375,BTC
2026-09-12 12:52:00+00:00,77276.5,BTC
2026-09-12 12:53:00+00:00,77278.5,BTC
2026-09-12 12:54:00+00:00,77272.640625,BTC
2026-09-12 12:55:00+00:00,77268.15625,BTC
2026-09-12 12:56:00+00:00,77265.25,BTC
2026-09-12 12:57:00+00:00,77275.1796875,BTC
2026-09-12 12:58:00+00:00,77287.6484375,BTC
2026-09-12 12:59:00+00:00,77318.0625,BTC
2026-09-12 13:00:00+00:00,77316.5,BTC
2026-09-12 13:01:00+00:00,77318.046875,BTC
2026-09-12 13:02:00+00:00,77306.6484375,BTC
2026-09-12 13:03:00+00:00,77319.71875,BTC
2026-09-12 13:04:00+00:00,77317.3828125,BTC
2026-09-12 13:05:00+00:00,77312.0234375,BTC
2026-09-12 13:06:00+00:00,77309.3671875,BTC
2026-09-12 13:07:00+00:00,77349.453125,BTC
2026-09-12 13:08:00+00:00,77370.8984375,BTC
2026-09-12 13:09:00+00:00,77348.9765625,BTC
2026-09-12 13:10:00+00:00,77340.1015625,BTC
2026-09-12 13:11:00+00:00,77323.453125,BTC
2026-09-12 13:12:00+00:00,77335.96875,BTC
2026-09-12 13:13:00+00:00,77292.890625,BTC
2026-09-12 13:14:00+00:00,77295.9296875,BTC
2026-09-12 13:15:00+00:00,77286.59375,BTC
2026-09-12 13:16:00+00:00,77287.40625,BTC
2026-09-12 13:17:00+00:00,77263.8125,BTC
2026-09-12 13:18:00+00:00,77256.65625,BTC
2026-09-12 13:19:00+00:00,77284.4609375,BTC
2026-09-12 13:20:00+00:00,77279.6328125,BTC
2026-09-12 13:21:00+00:00,77261.8671875,BTC
2026-09-12 13:22:00+00:00,77256.859375,BTC
2026-09-12 13:23:00+00:00,77268.6015625,BTC
2026-09-12 13:24:00+00:00,77266.9375,BTC
2026-09-12 13:25:00+00:00,77280.3203125,BTC
2026-09-12 13:26:00+00:00,77240.3828125,BTC
2026-09-12 13:27:00+00:00,77255.828125,BTC
2026-09-12 13:28:00+00:00,77273.4609375,BTC
2026-09-12 13:29:00+00:00,77288.5625,BTC
2026-09-12 13:30:00+00:00,77284.84375,BTC
2026-09-12 13:31:00+00:00,77276.4609375,BTC
2026-09-12 13:32:00+00:00,77248.7578125,BTC
2026-09-12 13:33:00+00:00,77281.7578125,BTC
2026-09-12 13:34:00+00:00,77289.6484375,BTC
2026-09-12 13:35:00+00:00,77294.4296875,BTC
2026-09-12 13:36:00+00:00,77290.5078125,BTC
2026-09-12 13:37:00+00:00,77278.46875,BTC
2026-09-12 13:38:00+00:00,77280.6875,BTC
2026-09-12 13:39:00+00:00,77269.703125,BTC
2026-09-12 13:40:00+00:00,77282.53125,BTC
2026-09-12 13:41:00+00:00,77282.53125,BTC
2026-09-12 13:42:00+00:00,77285.2734375,BTC
2026-09-12 13:43:00+00:00,77295.8671875,BTC
2026-09-12 13:44:00+00:00,77274.7109375,BTC
2026-09-12 13:45:00+00:00,77274.7109375,BTC
2026-09-12 13:46:00+00:00,77263.859375,BTC
2026-09-12 13:47:00+00:00,77263.859375,BTC
2026-09-12 13:48:00+00:00,77255.4609375,BTC
2026-09-12 13:49:00+00:00,77257.3828125,BTC
2026-09-12 13:50:00+00:00,77284.7578125,BTC
2026-09-12 13:51:00+00:00,77286.7734375,BTC
2026-09-12 13:52:00+00:00,77309.9921875,BTC
2026-09-12 13:53:00+00:00,77304.296875,BTC
2026-09-12 13:54:00+00:00,77320.1015625,BTC
2026-09-12 13:55:00+00:00,77326.8125,BTC
2026-09-12 13:56:00+00:00,77327.5234375,BTC
2026-09-12 13:57:00+00:00,77339.7109375,BTC
2026-09-12 13:58:00+00:00,77333.828125,BTC
2026-09-12 13:59:00+00:00,77351.6015625,BTC
2026-09-12 14:00:00+00:00,77349.3515625,BTC
2026-09-12 14:01:00+00:00,77350.0703125,BTC
2026-09-12 14:02:00+00:00,77351.6015625,BTC
2026-09-12 14:03:00+00:00,77357.1484375,BTC
2026-09-12 14:04:00+00:00,77360.0,BTC
2026-09-12 14:05:00+00:00,77365.4765625,BTC
2026-09-12 14:06:00+00:00,77365.0,BTC
2026-09-12 14:07:00+00:00,77365.9609375,BTC
2026-09-12 14:08:00+00:00,77365.0,BTC
2026-09-12 14:09:00+00:00,77364.0078125,BTC
2026-09-12 14:10:00+00:00,77360.0,BTC
2026-09-12 14:11:00+00:00,77350.078125,BTC
2026-09-12 14:12:00+00:00,77349.5234375,BTC
2026-09-12 14:13:00+00:00,77349.0078125,BTC
2026-09-12 14:14:00+00:00,77349.0,BTC
2026-09-12 14:15:00+00:00,77349.0,BTC
2026-09-12 14:16:00+00:00,77357.9921875,BTC
2026-09-12 14:17:00+00:00,77357.9921875,BTC
2026-09-12 14:18:00+00:00,77357.9765625,BTC
2026-09-12 14:19:00+00:00,77357.8125,BTC
2026-09-12 14:20:00+00:00,77370.7578125,BTC
2026-09-12 14:21:00+00:00,77371.9921875,BTC
2026-09-12 14:22:00+00:00,77369.1015625,BTC
2026-09-12 14:23:00+00:00,77369.1015625,BTC
2026-09-12 14:24:00+00:00,77369.9921875,BTC
2026-09-12 14:25:00+00:00,77385.359375,BTC
2026-09-12 14:26:00+00:00,77383.921875,BTC
2026-09-12 14:27:00+00:00,77408.15625,BTC
2026-09-12 14:28:00+00:00,77408.4765625,BTC
2026-09-12 14:29:00+00:00,77404.09375,BTC
2026-09-12 14:30:00+00:00,77428.0390625,BTC
2026-09-12 14:31:00+00:00,77426.6328125,BTC
2026-09-12 14:32:00+00:00,77453.0078125,BTC
2026-09-12 14:33:00+00:00,77459.9765625,BTC
2026-09-12 14:34:00+00:00,77415.2265625,BTC
2026-09-12 14:35:00+00:00,77412.1796875,BTC
2026-09-12 14:36:00+00:00,77411.1796875,BTC
2026-09-12 14:37:00+00:00,77429.578125,BTC
2026-09-12 14:38:00+00:00,77450.7578125,BTC
2026-09-12 14:39:00+00:00,77449.5703125,BTC
2026-09-12 14:40:00+00:00,77464.0390625,BTC
2026-09-12 14:41:00+00:00,77456.6171875,BTC
2026-09-12 14:42:00+00:00,77449.578125,BTC
2026-09-12 14:43:00+00:00,77449.5703125,BTC
2026-09-12 14:44:00+00:00,77424.75,BTC
2026-09-12 14:45:00+00:00,77438.5703125,BTC
2026-09-12 14:46:00+00:00,77445.2734375,BTC
2026-09-12 14:47:00+00:00,77463.7578125,BTC
2026-09-12 14:48:00+00:00,77469.453125,BTC
2026-09-12 14:49:00+00:00,77466.671875,BTC
2026-09-12 14:50:00+00:00,77454.609375,BTC
2026-09-12 14:51:00+00:00,77463.5,BTC
2026-09-12 14:52:00+00:00,77469.2734375,BTC
2026-09-12 14:53:00+00:00,77465.53125,BTC
2026-09-12 14:54:00+00:00,77453.109375,BTC
2026-09-12 14:55:00+00:00,77453.109375,BTC
2026-09-12 14:56:00+00:00,77444.2265625,BTC
2026-09-12 14:57:00+00:00,77443.7734375,BTC
2026-09-12 14:58:00+00:00,77437.5703125,BTC
2026-09-12 14:59:00+00:00,77444.0078125,BTC
2026-09-12 15:00:00+00:00,77450.3515625,BTC
2026-09-12 15:01:00+00:00,77443.109375,BTC
2026-09-12 15:02:00+00:00,77444.578125,BTC
2026-09-12 15:03:00+00:00,77444.578125,BTC
2026-09-12 15:04:00+00:00,77435.7265625,BTC
2026-09-12 15:05:00+00:00,77425.0078125,BTC
2026-09-12 15:06:00+00:00,77418.15625,BTC
2026-09-12 15:07:00+00:00,77423.703125,BTC
2026-09-12 15:08:00+00:00,77405.59375,BTC
2026-09-12 15:09:00+00:00,77412.9609375,BTC
2026-09-12 15:10:00+00:00,77412.2578125,BTC
2026-09-12 15:11:00+00:00,77395.9296875,BTC
2026-09-12 15:12:00+00:00,77386.296875,BTC
2026-09-12 15:13:00+00:00,77380.0078125,BTC
2026-09-12 15:14:00+00:00,77405.8203125,BTC
2026-09-12 15:15:00+00:00,77405.8203125,BTC
2026-09-12 15:16:00+00:00,77437.6796875,BTC
2026-09-12 15:17:00+00:00,77439.203125,BTC
2026-09-12 15:18:00+00:00,77439.2109375,BTC
2026-09-12 15:19:00+00:00,77419.5078125,BTC
2026-09-12 15:20:00+00:00,77422.0234375,BTC
2026-09-12 15:21:00+00:00,77416.75,BTC
2026-09-12 15:22:00+00:00,77416.7265625,BTC
2026-09-12 15:23:00+00:00,77416.7421875,BTC
2026-09-12 15:24:00+00:00,77418.8125,BTC
2026-09-12 15:25:00+00:00,77429.8671875,BTC
2026-09-12 15:26:00+00:00,77461.7890625,BTC
2026-09-12 15:27:00+00:00,77454.03125,BTC
2026-09-12 15:28:00+00:00,77454.03125,BTC
2026-09-12 15:29:00+00:00,77434.5625,BTC
2026-09-12 15:30:00+00:00,77433.8671875,BTC
2026-09-12 15:31:00+00:00,77433.8671875,BTC
2026-09-12 15:32:00+00:00,77434.203125,BTC
2026-09-12 15:33:00+00:00,77386.2734375,BTC
2026-09-12 15:34:00+00:00,77388.609375,BTC
2026-09-12 15:35:00+00:00,77388.1796875,BTC
2026-09-12 15:36:00+00:00,77387.1015625,BTC
2026-09-12 15:37:00+00:00,77358.671875,BTC
2026-09-12 15:38:00+00:00,77361.84375,BTC
2026-09-12 15:39:00+00:00,77406.5390625,BTC
2026-09-12 15:40:00+00:00,77394.4609375,BTC
2026-09-12 15:41:00+00:00,77394.46875,BTC
2026-09-12 15:42:00+00:00,77379.90625,BTC
2026-09-12 15:43:00+00:00,77379.90625,BTC
2026-09-12 15:44:00+00:00,77379.90625,BTC
2026-09-12 15:45:00+00:00,77389.4765625,BTC
2026-09-12 15:46:00+00:00,77394.4609375,BTC
2026-09-12 15:47:00+00:00,77362.140625,BTC
2026-09-12 15:48:00+00:00,77360.3125,BTC
2026-09-12 15:49:00+00:00,77360.3125,BTC
2026-09-12 15:50:00+00:00,77360.3203125,BTC
