ts,close_price,asset
2026-09-06 00:00:00+00:00,2480.280029296875,ETH
2026-09-06 00:01:00+00:00,2480.5400390625,ETH
2026-09-06 00:02:00+00:00,2480.47998046875,ETH
2026-09-06 00:03:00+00:00,2479.419921875,ETH
2026-09-06 00:04:00+00:00,2480.340087890625,ETH
2026-09-06 00:05:00+00:00,2480.090087890625,ETH
2026-09-06 00:06:00+00:00,2479.780029296875,ETH
2026-09-06 00:07:00+00:00,2479.97998046875,ETH
2026-09-06 00:08:00+00:00,2480.72998046875,ETH
2026-09-06 00:09:00+00:00,2481.010009765625,ETH
2026-09-06 00:10:00+00:00,2481.169921875,ETH
2026-09-06 00:11:00+00:00,2481.35009765625,ETH
2026-09-06 00:12:00+00:00,2481.60009765625,ETH
2026-09-06 00:13:00+00:00,2482.070068359375,ETH
2026-09-06 00:14:00+00:00,2482.14990234375,ETH
2026-09-06 00:15:00+00:00,2481.909912109375,ETH
2026-09-06 00:16:00+00:00,2481.840087890625,ETH
2026-09-06 00:17:00+00:00,2482.179931640625,ETH
2026-09-06 00:18:00+00:00,2482.169921875,ETH
2026-09-06 00:19:00+00:00,2482.199951171875,ETH
2026-09-06 00:20:00+00:00,2483.1201171875,ETH
2026-09-06 00:21:00+00:00,2483.0400390625,ETH
2026-09-06 00:22:00+00:00,2483.2900390625,ETH
2026-09-06 00:23:00+00:00,2483.320068359375,ETH
2026-09-06 00:24:00+00:00,2483.489990234375,ETH
2026-09-06 00:25:00+00:00,2483.6201171875,ETH
2026-09-06 00:26:00+00:00,2484.860107421875,ETH
2026-09-06 00:27:00+00:00,2485.919921875,ETH
2026-09-06 00:28:00+00:00,2487.72998046875,ETH
2026-09-06 00:29:00+00:00,2487.449951171875,ETH
2026-09-06 00:30:00+00:00,2485.739990234375,ETH
2026-09-06 00:31:00+00:00,2486.949951171875,ETH
2026-09-06 00:32:00+00:00,2487.5400390625,ETH
2026-09-06 00:33:00+00:00,2487.639892578125,ETH
2026-09-06 00:34:00+00:00,2486.6201171875,ETH
2026-09-06 00:35:00+00:00,2487.43994140625,ETH
2026-09-06 00:36:00+00:00,2487.3701171875,ETH
2026-09-06 00:37:00+00:00,2488.080078125,ETH
2026-09-06 00:38:00+00:00,2487.610107421875,ETH
2026-09-06 00:39:00+00:00,2485.989990234375,ETH
2026-09-06 00:40:00+00:00,2487.43994140625,ETH
2026-09-06 00:41:00+00:00,2488.449951171875,ETH
2026-09-06 00:42:00+00:00,2488.6298828125,ETH
2026-09-06 00:43:00+00:00,2488.780029296875,ETH
2026-09-06 00:44:00+00:00,2487.6298828125,ETH
2026-09-06 00:45:00+00:00,2487.780029296875,ETH
2026-09-06 00:46:00+00:00,2488.010009765625,ETH
2026-09-06 00:47:00+00:00,2488.2099609375,ETH
2026-09-06 00:48:00+00:00,2488.929931640625,ETH
2026-09-06 00:49:00+00:00,2489.050048828125,ETH
2026-09-06 00:50:00+00:00,2488.409912109375,ETH
2026-09-06 00:51:00+00:00,2491.18994140625,ETH
2026-09-06 00:52:00+00:00,2491.2099609375,ETH
2026-09-06 00:53:00+00:00,2488.050048828125,ETH
2026-09-06 00:54:00+00:00,2489.419921875,ETH
2026-09-06 00:55:00+00:00,2489.800048828125,ETH
2026-09-06 00:56:00+00:00,2491.39990234375,ETH
2026-09-06 00:57:00+00:00,2491.5,ETH
2026-09-06 00:58:00+00:00,2492.340087890625,ETH
2026-09-06 00:59:00+00:00,2490.39990234375,ETH
2026-09-06 01:00:00+00:00,2490.60009765625,ETH
2026-09-06 01:01:00+00:00,2489.7099609375,ETH
2026-09-06 01:02:00+00:00,2490.280029296875,ETH
2026-09-06 01:03:00+00:00,2493.580078125,ETH
2026-09-06 01:04:00+00:00,2494.010009765625,ETH
2026-09-06 01:05:00+00:00,2495.030029296875,ETH
2026-09-06 01:06:00+00:00,2496.300048828125,ETH
2026-09-06 01:07:00+00:00,2497.27001953125,ETH
2026-09-06 01:08:00+00:00,2497.530029296875,ETH
2026-09-06 01:09:00+00:00,2494.820068359375,ETH
2026-09-06 01:10:00+00:00,2494.300048828125,ETH
2026-09-06 01:11:00+00:00,2495.699951171875,ETH
2026-09-06 01:12:00+00:00,2496.39990234375,ETH
2026-09-06 01:13:00+00:00,2499.85009765625,ETH
2026-09-06 01:14:00+00:00,2497.449951171875,ETH
2026-09-06 01:15:00+00:00,2496.360107421875,ETH
2026-09-06 01:16:00+00:00,2496.7900390625,ETH
2026-09-06 01:17:00+00:00,2496.610107421875,ETH
2026-09-06 01:18:00+00:00,2494.929931640625,ETH
2026-09-06 01:19:00+00:00,2494.6201171875,ETH
2026-09-06 01:20:00+00:00,2495.1298828125,ETH
2026-09-06 01:21:00+00:00,2493.510009765625,ETH
2026-09-06 01:22:00+00:00,2492.610107421875,ETH
2026-09-06 01:23:00+00:00,2492.429931640625,ETH
2026-09-06 01:24:00+00:00,2493.699951171875,ETH
2026-09-06 01:25:00+00:00,2492.969970703125,ETH
2026-09-06 01:26:00+00:00,2494.159912109375,ETH
2026-09-06 01:27:00+00:00,2494.43994140625,ETH
2026-09-06 01:28:00+00:00,2494.199951171875,ETH
2026-09-06 01:29:00+00:00,2493.75,ETH
2026-09-06 01:30:00+00:00,2494.93994140625,ETH
2026-09-06 01:31:00+00:00,2494.8701171875,ETH
2026-09-06 01:32:00+00:00,2494.93994140625,ETH
2026-09-06 01:33:00+00:00,2496.39990234375,ETH
2026-09-06 01:34:00+00:00,2496.840087890625,ETH
2026-09-06 01:35:00+00:00,2498.070068359375,ETH
2026-09-06 01:36:00+00:00,2501.5,ETH
2026-09-06 01:37:00+00:00,2500.969970703125,ETH
2026-09-06 01:38:00+00:00,2501.0,ETH
2026-09-06 01:39:00+00:00,2506.840087890625,ETH
2026-09-06 01:40:00+00:00,2505.830078125,ETH
2026-09-06 01:41:00+00:00,2503.489990234375,ETH
2026-09-06 01:42:00+00:00,2502.409912109375,ETH
2026-09-06 01:43:00+00:00,2501.300048828125,ETH
2026-09-06 01:44:00+00:00,2501.949951171875,ETH
2026-09-06 01:45:00+00:00,2501.820068359375,ETH
2026-09-06 01:46:00+00:00,2503.510009765625,ETH
2026-09-06 01:47:00+00:00,2502.6201171875,ETH
2026-09-06 01:48:00+00:00,2502.47998046875,ETH
2026-09-06 01:49:00+00:00,2502.81005859375,ETH
2026-09-06 01:50:00+00:00,2502.489990234375,ETH
2026-09-06 01:51:00+00:00,2504.580078125,ETH
2026-09-06 01:52:00+00:00,2506.22998046875,ETH
2026-09-06 01:53:00+00:00,2506.989990234375,ETH
2026-09-06 01:54:00+00:00,2503.419921875,ETH
2026-09-06 01:55:00+00:00,2505.31005859375,ETH
2026-09-06 01:56:00+00:00,2507.0,ETH
2026-09-06 01:57:00+00:00,2503.820068359375,ETH
2026-09-06 01:58:00+00:00,2505.389892578125,ETH
2026-09-06 01:59:00+00:00,2505.780029296875,ETH
2026-09-06 02:00:00+00:00,2509.85009765625,ETH
2026-09-06 02:01:00+00:00,2507.699951171875,ETH
2026-09-06 02:02:00+00:00,2505.93994140625,ETH
2026-09-06 02:03:00+00:00,2504.7900390625,ETH
2026-09-06 02:04:00+00:00,2503.590087890625,ETH
2026-09-06 02:05:00+00:00,2505.010009765625,ETH
2026-09-06 02:06:00+00:00,2507.449951171875,ETH
2026-09-06 02:07:00+00:00,2506.9599609375,ETH
2026-09-06 02:08:00+00:00,2508.179931640625,ETH
2026-09-06 02:09:00+00:00,2508.89990234375,ETH
2026-09-06 02:10:00+00:00,2508.030029296875,ETH
2026-09-06 02:11:00+00:00,2508.280029296875,ETH
2026-09-06 02:12:00+00:00,2507.469970703125,ETH
2026-09-06 02:13:00+00:00,2507.14990234375,ETH
2026-09-06 02:14:00+00:00,2507.389892578125,ETH
2026-09-06 02:15:00+00:00,2507.860107421875,ETH
2026-09-06 02:16:00+00:00,2505.31005859375,ETH
2026-09-06 02:17:00+00:00,2504.199951171875,ETH
2026-09-06 02:18:00+00:00,2503.610107421875,ETH
2026-09-06 02:19:00+00:00,2503.39990234375,ETH
2026-09-06 02:20:00+00:00,2502.550048828125,ETH
2026-09-06 02:21:00+00:00,2502.159912109375,ETH
2026-09-06 02:22:00+00:00,2502.280029296875,ETH
2026-09-06 02:23:00+00:00,2502.840087890625,ETH
2026-09-06 02:24:00+00:00,2502.2099609375,ETH
2026-09-06 02:25:00+00:00,2501.9599609375,ETH
2026-09-06 02:26:00+00:00,2502.0400390625,ETH
2026-09-06 02:27:00+00:00,2502.260009765625,ETH
2026-09-06 02:28:00+00:00,2502.97998046875,ETH
2026-09-06 02:29:00+00:00,2502.10009765625,ETH
2026-09-06 02:30:00+00:00,2501.919921875,ETH
2026-09-06 02:31:00+00:00,2502.199951171875,ETH
2026-09-06 02:32:00+00:00,2503.139892578125,ETH
2026-09-06 02:33:00+00:00,2502.610107421875,ETH
2026-09-06 02:34:00+00:00,2503.949951171875,ETH
2026-09-06 02:35:00+00:00,2502.780029296875,ETH
2026-09-06 02:36:00+00:00,2501.8701171875,ETH
2026-09-06 02:37:00+00:00,2502.6201171875,ETH
2026-09-06 02:38:00+00:00,2503.52001953125,ETH
2026-09-06 02:39:00+00:00,2503.780029296875,ETH
2026-09-06 02:40:00+00:00,2503.8798828125,ETH
2026-09-06 02:41:00+00:00,2503.0400390625,ETH
2026-09-06 02:42:00+00:00,2502.669921875,ETH
2026-09-06 02:43:00+00:00,2502.419921875,ETH
2026-09-06 02:44:00+00:00,2502.22998046875,ETH
2026-09-06 02:45:00+00:00,2502.800048828125,ETH
2026-09-06 02:46:00+00:00,2502.330078125,ETH
2026-09-06 02:47:00+00:00,2501.780029296875,ETH
2026-09-06 02:48:00+00:00,2502.3798828125,ETH
2026-09-06 02:49:00+00:00,2501.760009765625,ETH
2026-09-06 02:50:00+00:00,2501.419921875,ETH
2026-09-06 02:51:00+00:00,2501.719970703125,ETH
2026-09-06 02:52:00+00:00,2502.469970703125,ETH
2026-09-06 02:53:00+00:00,2502.739990234375,ETH
2026-09-06 02:54:00+00:00,2502.5,ETH
2026-09-06 02:55:00+00:00,2502.64990234375,ETH
2026-09-06 02:56:00+00:00,2502.909912109375,ETH
2026-09-06 02:57:00+00:00,2502.699951171875,ETH
2026-09-06 02:58:00+00:00,2503.97998046875,ETH
2026-09-06 02:59:00+00:00,2503.47998046875,ETH
2026-09-06 03:00:00+00:00,2502.610107421875,ETH
2026-09-06 03:01:00+00:00,2501.719970703125,ETH
2026-09-06 03:02:00+00:00,2502.139892578125,ETH
2026-09-06 03:03:00+00:00,2502.4599609375,ETH
2026-09-06 03:04:00+00:00,2503.3798828125,ETH
2026-09-06 03:05:00+00:00,2502.610107421875,ETH
2026-09-06 03:06:00+00:00,2503.18994140625,ETH
2026-09-06 03:07:00+00:00,2503.110107421875,ETH
2026-09-06 03:08:00+00:00,2502.9599609375,ETH
2026-09-06 03:09:00+00:00,2503.14990234375,ETH
2026-09-06 03:10:00+00:00,2503.6201171875,ETH
2026-09-06 03:11:00+00:00,2503.64990234375,ETH
2026-09-06 03:12:00+00:00,2503.719970703125,ETH
2026-09-06 03:13:00+00:00,2505.679931640625,ETH
2026-09-06 03:14:00+00:00,2505.7099609375,ETH
2026-09-06 03:15:00+00:00,2506.5,ETH
2026-09-06 03:16:00+00:00,2505.89990234375,ETH
2026-09-06 03:17:00+00:00,2505.77001953125,ETH
2026-09-06 03:18:00+00:00,2507.360107421875,ETH
2026-09-06 03:19:00+00:00,2505.8701171875,ETH
2026-09-06 03:20:00+00:00,2505.330078125,ETH
2026-09-06 03:21:00+00:00,2504.389892578125,ETH
2026-09-06 03:22:00+00:00,2504.590087890625,ETH
2026-09-06 03:23:00+00:00,2505.590087890625,ETH
2026-09-06 03:24:00+00:00,2505.7900390625,ETH
2026-09-06 03:25:00+00:00,2503.719970703125,ETH
2026-09-06 03:26:00+00:00,2502.3701171875,ETH
2026-09-06 03:27:00+00:00,2500.56005859375,ETH
2026-09-06 03:28:00+00:00,2501.47998046875,ETH
2026-09-06 03:29:00+00:00,2501.800048828125,ETH
2026-09-06 03:30:00+00:00,2503.93994140625,ETH
2026-09-06 03:31:00+00:00,2503.18994140625,ETH
2026-09-06 03:32:00+00:00,2504.0,ETH
2026-09-06 03:33:00+00:00,2504.389892578125,ETH
2026-09-06 03:34:00+00:00,2503.669921875,ETH
2026-09-06 03:35:00+00:00,2504.929931640625,ETH
2026-09-06 03:36:00+00:00,2504.77001953125,ETH
2026-09-06 03:37:00+00:00,2507.110107421875,ETH
2026-09-06 03:38:00+00:00,2508.97998046875,ETH
2026-09-06 03:39:00+00:00,2509.580078125,ETH
2026-09-06 03:40:00+00:00,2512.0400390625,ETH
2026-09-06 03:41:00+00:00,2512.820068359375,ETH
2026-09-06 03:42:00+00:00,2513.280029296875,ETH
2026-09-06 03:43:00+00:00,2514.0400390625,ETH
2026-09-06 03:44:00+00:00,2513.090087890625,ETH
2026-09-06 03:45:00+00:00,2514.320068359375,ETH
2026-09-06 03:46:00+00:00,2511.5,ETH
2026-09-06 03:47:00+00:00,2508.909912109375,ETH
2026-09-06 03:48:00+00:00,2509.02001953125,ETH
2026-09-06 03:49:00+00:00,2508.10009765625,ETH
2026-09-06 03:50:00+00:00,2507.43994140625,ETH
2026-09-06 03:51:00+00:00,2509.449951171875,ETH
2026-09-06 03:52:00+00:00,2510.43994140625,ETH
2026-09-06 03:53:00+00:00,2510.43994140625,ETH
2026-09-06 03:54:00+00:00,2510.02001953125,ETH
2026-09-06 03:55:00+00:00,2511.3798828125,ETH
2026-09-06 03:56:00+00:00,2510.800048828125,ETH
2026-09-06 03:57:00+00:00,2509.60009765625,ETH
2026-09-06 03:58:00+00:00,2509.6201171875,ETH
2026-09-06 03:59:00+00:00,2509.659912109375,ETH
2026-09-06 04:00:00+00:00,2509.840087890625,ETH
2026-09-06 04:01:00+00:00,2509.25,ETH
2026-09-06 04:02:00+00:00,2508.31005859375,ETH
2026-09-06 04:03:00+00:00,2509.5,ETH
2026-09-06 04:04:00+00:00,2509.219970703125,ETH
2026-09-06 04:05:00+00:00,2509.510009765625,ETH
2026-09-06 04:06:00+00:00,2506.929931640625,ETH
2026-09-06 04:07:00+00:00,2507.080078125,ETH
2026-09-06 04:08:00+00:00,2507.60009765625,ETH
2026-09-06 04:09:00+00:00,2507.989990234375,ETH
2026-09-06 04:10:00+00:00,2509.39990234375,ETH
2026-09-06 04:11:00+00:00,2508.610107421875,ETH
2026-09-06 04:12:00+00:00,2508.570068359375,ETH
2026-09-06 04:13:00+00:00,2507.889892578125,ETH
2026-09-06 04:14:00+00:00,2507.68994140625,ETH
2026-09-06 04:15:00+00:00,2507.320068359375,ETH
2026-09-06 04:16:00+00:00,2506.6201171875,ETH
2026-09-06 04:17:00+00:00,2506.8798828125,ETH
2026-09-06 04:18:00+00:00,2506.06005859375,ETH
2026-09-06 04:19:00+00:00,2505.6201171875,ETH
2026-09-06 04:20:00+00:00,2504.35009765625,ETH
2026-09-06 04:21:00+00:00,2503.47998046875,ETH
2026-09-06 04:22:00+00:00,2503.909912109375,ETH
2026-09-06 04:23:00+00:00,2502.389892578125,ETH
2026-09-06 04:24:00+00:00,2501.389892578125,ETH
2026-09-06 04:25:00+00:00,2502.0,ETH
2026-09-06 04:26:00+00:00,2502.389892578125,ETH
2026-09-06 04:27:00+00:00,2502.27001953125,ETH
2026-09-06 04:28:00+00:00,2502.6298828125,ETH
2026-09-06 04:29:00+00:00,2503.340087890625,ETH
2026-09-06 04:30:00+00:00,2503.030029296875,ETH
2026-09-06 04:31:00+00:00,2502.969970703125,ETH
2026-09-06 04:32:00+00:00,2502.27001953125,ETH
2026-09-06 04:33:00+00:00,2502.10009765625,ETH
2026-09-06 04:34:00+00:00,2502.02001953125,ETH
2026-09-06 04:35:00+00:00,2502.090087890625,ETH
2026-09-06 04:36:00+00:00,2502.47998046875,ETH
2026-09-06 04:37:00+00:00,2502.47998046875,ETH
2026-09-06 04:38:00+00:00,2502.0,ETH
2026-09-06 04:39:00+00:00,2501.6298828125,ETH
2026-09-06 04:40:00+00:00,2502.56005859375,ETH
2026-09-06 04:41:00+00:00,2502.889892578125,ETH
2026-09-06 04:42:00+00:00,2503.919921875,ETH
2026-09-06 04:43:00+00:00,2503.860107421875,ETH
2026-09-06 04:44:00+00:00,2504.159912109375,ETH
2026-09-06 04:45:00+00:00,2505.0,ETH
2026-09-06 04:46:00+00:00,2505.02001953125,ETH
2026-09-06 04:47:00+00:00,2504.669921875,ETH
2026-09-06 04:48:00+00:00,2504.639892578125,ETH
2026-09-06 04:49:00+00:00,2504.5,ETH
2026-09-06 04:50:00+00:00,2504.7099609375,ETH
2026-09-06 04:51:00+00:00,2503.89990234375,ETH
2026-09-06 04:52:00+00:00,2503.4599609375,ETH
2026-09-06 04:53:00+00:00,2503.300048828125,ETH
2026-09-06 04:54:00+00:00,2504.110107421875,ETH
2026-09-06 04:55:00+00:00,2504.179931640625,ETH
2026-09-06 04:56:00+00:00,2503.969970703125,ETH
2026-09-06 04:57:00+00:00,2504.3798828125,ETH
2026-09-06 04:58:00+00:00,2504.14990234375,ETH
2026-09-06 04:59:00+00:00,2504.68994140625,ETH
2026-09-06 05:00:00+00:00,2504.68994140625,ETH
2026-09-06 05:01:00+00:00,2503.510009765625,ETH
2026-09-06 05:02:00+00:00,2503.989990234375,ETH
2026-09-06 05:03:00+00:00,2504.929931640625,ETH
2026-09-06 05:04:00+00:00,2504.52001953125,ETH
2026-09-06 05:05:00+00:00,2505.320068359375,ETH
2026-09-06 05:06:00+00:00,2506.06005859375,ETH
2026-09-06 05:07:00+00:00,2506.199951171875,ETH
2026-09-06 05:08:00+00:00,2505.610107421875,ETH
2026-09-06 05:09:00+00:00,2505.31005859375,ETH
2026-09-06 05:10:00+00:00,2503.81005859375,ETH
2026-09-06 05:11:00+00:00,2502.47998046875,ETH
2026-09-06 05:12:00+00:00,2503.159912109375,ETH
2026-09-06 05:13:00+00:00,2502.610107421875,ETH
2026-09-06 05:14:00+00:00,2502.860107421875,ETH
2026-09-06 05:15:00+00:00,2502.449951171875,ETH
2026-09-06 05:16:00+00:00,2501.72998046875,ETH
2026-09-06 05:17:00+00:00,2501.39990234375,ETH
2026-09-06 05:18:00+00:00,2501.429931640625,ETH
2026-09-06 05:19:00+00:00,2502.159912109375,ETH
2026-09-06 05:20:00+00:00,2503.0,ETH
2026-09-06 05:21:00+00:00,2503.669921875,ETH
2026-09-06 05:22:00+00:00,2504.989990234375,ETH
2026-09-06 05:23:00+00:00,2505.389892578125,ETH
2026-09-06 05:24:00+00:00,2505.469970703125,ETH
2026-09-06 05:25:00+00:00,2506.320068359375,ETH
2026-09-06 05:26:00+00:00,2505.300048828125,ETH
2026-09-06 05:27:00+00:00,2505.280029296875,ETH
2026-09-06 05:28:00+00:00,2505.0,ETH
2026-09-06 05:29:00+00:00,2505.2900390625,ETH
2026-09-06 05:30:00+00:00,2505.449951171875,ETH
2026-09-06 05:31:00+00:00,2506.89990234375,ETH
2026-09-06 05:32:00+00:00,2507.0,ETH
2026-09-06 05:33:00+00:00,2508.2900390625,ETH
2026-09-06 05:34:00+00:00,2510.110107421875,ETH
2026-09-06 05:35:00+00:00,2514.89990234375,ETH
2026-09-06 05:36:00+00:00,2519.10009765625,ETH
2026-09-06 05:37:00+00:00,2517.199951171875,ETH
2026-09-06 05:38:00+00:00,2518.739990234375,ETH
2026-09-06 05:39:00+00:00,2522.6298828125,ETH
2026-09-06 05:40:00+00:00,2521.18994140625,ETH
2026-09-06 05:41:00+00:00,2519.699951171875,ETH
2026-09-06 05:42:00+00:00,2517.300048828125,ETH
2026-09-06 05:43:00+00:00,2515.330078125,ETH
2026-09-06 05:44:00+00:00,2515.929931640625,ETH
2026-09-06 05:45:00+00:00,2516.419921875,ETH
2026-09-06 05:46:00+00:00,2514.31005859375,ETH
2026-09-06 05:47:00+00:00,2513.840087890625,ETH
2026-09-06 05:48:00+00:00,2513.699951171875,ETH
2026-09-06 05:49:00+00:00,2514.909912109375,ETH
2026-09-06 05:50:00+00:00,2515.669921875,ETH
2026-09-06 05:51:00+00:00,2515.530029296875,ETH
2026-09-06 05:52:00+00:00,2516.199951171875,ETH
2026-09-06 05:53:00+00:00,2514.949951171875,ETH
2026-09-06 05:54:00+00:00,2514.429931640625,ETH
2026-09-06 05:55:00+00:00,2515.0,ETH
2026-09-06 05:56:00+00:00,2510.949951171875,ETH
2026-09-06 05:57:00+00:00,2511.860107421875,ETH
2026-09-06 05:58:00+00:00,2512.97998046875,ETH
2026-09-06 05:59:00+00:00,2513.6201171875,ETH
2026-09-06 06:00:00+00:00,2511.93994140625,ETH
2026-09-06 06:01:00+00:00,2511.219970703125,ETH
2026-09-06 06:02:00+00:00,2511.60009765625,ETH
2026-09-06 06:03:00+00:00,2511.610107421875,ETH
2026-09-06 06:04:00+00:00,2511.97998046875,ETH
2026-09-06 06:05:00+00:00,2511.909912109375,ETH
2026-09-06 06:06:00+00:00,2511.570068359375,ETH
2026-09-06 06:07:00+00:00,2511.0400390625,ETH
2026-09-06 06:08:00+00:00,2510.7099609375,ETH
2026-09-06 06:09:00+00:00,2510.4599609375,ETH
2026-09-06 06:10:00+00:00,2510.25,ETH
2026-09-06 06:11:00+00:00,2510.89990234375,ETH
2026-09-06 06:12:00+00:00,2511.300048828125,ETH
2026-09-06 06:13:00+00:00,2510.110107421875,ETH
2026-09-06 06:14:00+00:00,2509.280029296875,ETH
2026-09-06 06:15:00+00:00,2509.340087890625,ETH
2026-09-06 06:16:00+00:00,2509.169921875,ETH
2026-09-06 06:17:00+00:00,2509.06005859375,ETH
2026-09-06 06:18:00+00:00,2508.1201171875,ETH
2026-09-06 06:19:00+00:00,2509.1201171875,ETH
2026-09-06 06:20:00+00:00,2508.31005859375,ETH
2026-09-06 06:21:00+00:00,2507.18994140625,ETH
2026-09-06 06:22:00+00:00,2507.0,ETH
2026-09-06 06:23:00+00:00,2507.5400390625,ETH
2026-09-06 06:24:00+00:00,2506.669921875,ETH
2026-09-06 06:25:00+00:00,2507.0400390625,ETH
2026-09-06 06:26:00+00:00,2506.699951171875,ETH
2026-09-06 06:27:00+00:00,2506.699951171875,ETH
2026-09-06 06:28:00+00:00,2506.2099609375,ETH
2026-09-06 06:29:00+00:00,2506.56005859375,ETH
2026-09-06 06:30:00+00:00,2505.669921875,ETH
2026-09-06 06:31:00+00:00,2506.699951171875,ETH
2026-09-06 06:32:00+00:00,2507.110107421875,ETH
2026-09-06 06:33:00+00:00,2507.989990234375,ETH
2026-09-06 06:34:00+00:00,2506.510009765625,ETH
2026-09-06 06:35:00+00:00,2507.02001953125,ETH
2026-09-06 06:36:00+00:00,2506.72998046875,ETH
2026-09-06 06:37:00+00:00,2507.47998046875,ETH
2026-09-06 06:38:00+00:00,2508.090087890625,ETH
2026-09-06 06:39:00+00:00,2507.840087890625,ETH
2026-09-06 06:40:00+00:00,2507.52001953125,ETH
2026-09-06 06:41:00+00:00,2507.469970703125,ETH
2026-09-06 06:42:00+00:00,2507.43994140625,ETH
2026-09-06 06:43:00+00:00,2507.60009765625,ETH
2026-09-06 06:44:00+00:00,2508.389892578125,ETH
2026-09-06 06:45:00+00:00,2507.739990234375,ETH
2026-09-06 06:46:00+00:00,2506.889892578125,ETH
2026-09-06 06:47:00+00:00,2506.72998046875,ETH
2026-09-06 06:48:00+00:00,2505.199951171875,ETH
2026-09-06 06:49:00+00:00,2506.14990234375,ETH
2026-09-06 06:50:00+00:00,2507.699951171875,ETH
2026-09-06 06:51:00+00:00,2507.320068359375,ETH
2026-09-06 06:52:00+00:00,2506.31005859375,ETH
2026-09-06 06:53:00+00:00,2506.93994140625,ETH
2026-09-06 06:54:00+00:00,2507.68994140625,ETH
2026-09-06 06:55:00+00:00,2506.080078125,ETH
2026-09-06 06:56:00+00:00,2505.760009765625,ETH
2026-09-06 06:57:00+00:00,2506.60009765625,ETH
2026-09-06 06:58:00+00:00,2505.780029296875,ETH
2026-09-06 06:59:00+00:00,2506.110107421875,ETH
2026-09-06 07:00:00+00:00,2505.949951171875,ETH
2026-09-06 07:01:00+00:00,2507.43994140625,ETH
2026-09-06 07:02:00+00:00,2507.0,ETH
2026-09-06 07:03:00+00:00,2506.389892578125,ETH
2026-09-06 07:04:00+00:00,2506.75,ETH
2026-09-06 07:05:00+00:00,2506.159912109375,ETH
2026-09-06 07:06:00+00:00,2507.139892578125,ETH
2026-09-06 07:07:00+00:00,2507.919921875,ETH
2026-09-06 07:08:00+00:00,2505.179931640625,ETH
2026-09-06 07:09:00+00:00,2504.2900390625,ETH
2026-09-06 07:10:00+00:00,2503.7900390625,ETH
2026-09-06 07:11:00+00:00,2503.0400390625,ETH
2026-09-06 07:12:00+00:00,2500.2900390625,ETH
2026-09-06 07:13:00+00:00,2491.0,ETH
2026-09-06 07:14:00+00:00,2490.239990234375,ETH
2026-09-06 07:15:00+00:00,2496.0400390625,ETH
2026-09-06 07:16:00+00:00,2496.550048828125,ETH
2026-09-06 07:17:00+00:00,2497.5400390625,ETH
2026-09-06 07:18:00+00:00,2496.610107421875,ETH
2026-09-06 07:19:00+00:00,2497.669921875,ETH
2026-09-06 07:20:00+00:00,2498.4599609375,ETH
2026-09-06 07:21:00+00:00,2499.090087890625,ETH
2026-09-06 07:22:00+00:00,2499.419921875,ETH
2026-09-06 07:23:00+00:00,2500.0,ETH
2026-09-06 07:24:00+00:00,2495.39990234375,ETH
2026-09-06 07:25:00+00:00,2496.60009765625,ETH
2026-09-06 07:26:00+00:00,2496.239990234375,ETH
2026-09-06 07:27:00+00:00,2497.409912109375,ETH
2026-09-06 07:28:00+00:00,2497.070068359375,ETH
2026-09-06 07:29:00+00:00,2496.110107421875,ETH
2026-09-06 07:30:00+00:00,2495.7099609375,ETH
2026-09-06 07:31:00+00:00,2495.919921875,ETH
2026-09-06 07:32:00+00:00,2494.550048828125,ETH
2026-09-06 07:33:00+00:00,2494.6201171875,ETH
2026-09-06 07:34:00+00:00,2492.949951171875,ETH
2026-09-06 07:35:00+00:00,2494.080078125,ETH
2026-09-06 07:36:00+00:00,2492.739990234375,ETH
2026-09-06 07:37:00+00:00,2493.199951171875,ETH
2026-09-06 07:38:00+00:00,2493.8701171875,ETH
2026-09-06 07:39:00+00:00,2494.139892578125,ETH
2026-09-06 07:40:00+00:00,2495.02001953125,ETH
2026-09-06 07:41:00+00:00,2494.3798828125,ETH
2026-09-06 07:42:00+00:00,2495.6298828125,ETH
2026-09-06 07:43:00+00:00,2496.1298828125,ETH
2026-09-06 07:44:00+00:00,2496.389892578125,ETH
2026-09-06 07:45:00+00:00,2496.360107421875,ETH
2026-09-06 07:46:00+00:00,2496.2099609375,ETH
2026-09-06 07:47:00+00:00,2495.699951171875,ETH
2026-09-06 07:48:00+00:00,2495.830078125,ETH
2026-09-06 07:49:00+00:00,2495.800048828125,ETH
2026-09-06 07:50:00+00:00,2495.080078125,ETH
2026-09-06 07:51:00+00:00,2495.719970703125,ETH
2026-09-06 07:52:00+00:00,2495.989990234375,ETH
2026-09-06 07:53:00+00:00,2496.0,ETH
2026-09-06 07:54:00+00:00,2496.43994140625,ETH
2026-09-06 07:55:00+00:00,2497.5,ETH
2026-09-06 07:56:00+00:00,2498.080078125,ETH
2026-09-06 07:57:00+00:00,2497.340087890625,ETH
2026-09-06 07:58:00+00:00,2496.909912109375,ETH
2026-09-06 07:59:00+00:00,2497.52001953125,ETH
2026-09-06 08:00:00+00:00,2497.419921875,ETH
2026-09-06 08:01:00+00:00,2497.179931640625,ETH
2026-09-06 08:02:00+00:00,2495.0,ETH
2026-09-06 08:03:00+00:00,2495.60009765625,ETH
2026-09-06 08:04:00+00:00,2497.179931640625,ETH
2026-09-06 08:05:00+00:00,2497.68994140625,ETH
2026-09-06 08:06:00+00:00,2497.60009765625,ETH
2026-09-06 08:07:00+00:00,2497.080078125,ETH
2026-09-06 08:08:00+00:00,2497.56005859375,ETH
2026-09-06 08:09:00+00:00,2498.510009765625,ETH
2026-09-06 08:10:00+00:00,2498.840087890625,ETH
2026-09-06 08:11:00+00:00,2498.39990234375,ETH
2026-09-06 08:12:00+00:00,2498.590087890625,ETH
2026-09-06 08:13:00+00:00,2499.110107421875,ETH
2026-09-06 08:14:00+00:00,2498.889892578125,ETH
2026-09-06 08:15:00+00:00,2498.989990234375,ETH
2026-09-06 08:16:00+00:00,2497.7900390625,ETH
2026-09-06 08:17:00+00:00,2497.60009765625,ETH
2026-09-06 08:18:00+00:00,2498.2900390625,ETH
2026-09-06 08:19:00+00:00,2498.56005859375,ETH
2026-09-06 08:20:00+00:00,2497.449951171875,ETH
2026-09-06 08:21:00+00:00,2496.64990234375,ETH
2026-09-06 08:22:00+00:00,2496.239990234375,ETH
2026-09-06 08:23:00+00:00,2496.2099609375,ETH
2026-09-06 08:24:00+00:00,2496.169921875,ETH
2026-09-06 08:25:00+00:00,2495.580078125,ETH
2026-09-06 08:26:00+00:00,2495.39990234375,ETH
2026-09-06 08:27:00+00:00,2495.64990234375,ETH
2026-09-06 08:28:00+00:00,2495.72998046875,ETH
2026-09-06 08:29:00+00:00,2495.159912109375,ETH
2026-09-06 08:30:00+00:00,2494.2099609375,ETH
2026-09-06 08:31:00+00:00,2494.110107421875,ETH
2026-09-06 08:32:00+00:00,2494.18994140625,ETH
2026-09-06 08:33:00+00:00,2494.47998046875,ETH
2026-09-06 08:34:00+00:00,2494.4599609375,ETH
2026-09-06 08:35:00+00:00,2493.610107421875,ETH
2026-09-06 08:36:00+00:00,2493.429931640625,ETH
2026-09-06 08:37:00+00:00,2493.469970703125,ETH
2026-09-06 08:38:00+00:00,2493.8701171875,ETH
2026-09-06 08:39:00+00:00,2493.27001953125,ETH
2026-09-06 08:40:00+00:00,2493.02001953125,ETH
2026-09-06 08:41:00+00:00,2492.7099609375,ETH
2026-09-06 08:42:00+00:00,2493.330078125,ETH
2026-09-06 08:43:00+00:00,2493.81005859375,ETH
2026-09-06 08:44:00+00:00,2493.949951171875,ETH
2026-09-06 08:45:00+00:00,2493.580078125,ETH
2026-09-06 08:46:00+00:00,2492.969970703125,ETH
2026-09-06 08:47:00+00:00,2492.72998046875,ETH
2026-09-06 08:48:00+00:00,2492.489990234375,ETH
2026-09-06 08:49:00+00:00,2492.530029296875,ETH
2026-09-06 08:50:00+00:00,2493.35009765625,ETH
2026-09-06 08:51:00+00:00,2493.77001953125,ETH
2026-09-06 08:52:00+00:00,2493.889892578125,ETH
2026-09-06 08:53:00+00:00,2494.830078125,ETH
2026-09-06 08:54:00+00:00,2495.7099609375,ETH
2026-09-06 08:55:00+00:00,2496.949951171875,ETH
2026-09-06 08:56:00+00:00,2494.780029296875,ETH
2026-09-06 08:57:00+00:00,2495.27001953125,ETH
2026-09-06 08:58:00+00:00,2495.330078125,ETH
2026-09-06 08:59:00+00:00,2495.830078125,ETH
2026-09-06 09:00:00+00:00,2495.93994140625,ETH
2026-09-06 09:01:00+00:00,2495.35009765625,ETH
2026-09-06 09:02:00+00:00,2496.260009765625,ETH
2026-09-06 09:03:00+00:00,2496.489990234375,ETH
2026-09-06 09:04:00+00:00,2496.9599609375,ETH
2026-09-06 09:05:00+00:00,2496.860107421875,ETH
2026-09-06 09:06:00+00:00,2496.590087890625,ETH
2026-09-06 09:07:00+00:00,2496.72998046875,ETH
2026-09-06 09:08:00+00:00,2496.929931640625,ETH
2026-09-06 09:09:00+00:00,2497.39990234375,ETH
2026-09-06 09:10:00+00:00,2498.3798828125,ETH
2026-09-06 09:11:00+00:00,2497.97998046875,ETH
2026-09-06 09:12:00+00:00,2497.56005859375,ETH
2026-09-06 09:13:00+00:00,2498.10009765625,ETH
2026-09-06 09:14:00+00:00,2499.1201171875,ETH
2026-09-06 09:15:00+00:00,2499.739990234375,ETH
2026-09-06 09:16:00+00:00,2501.0,ETH
2026-09-06 09:17:00+00:00,2501.070068359375,ETH
2026-09-06 09:18:00+00:00,2501.6201171875,ETH
2026-09-06 09:19:00+00:00,2500.550048828125,ETH
2026-09-06 09:20:00+00:00,2501.2099609375,ETH
2026-09-06 09:21:00+00:00,2501.719970703125,ETH
2026-09-06 09:22:00+00:00,2502.5,ETH
2026-09-06 09:23:00+00:00,2501.699951171875,ETH
2026-09-06 09:24:00+00:00,2502.389892578125,ETH
2026-09-06 09:25:00+00:00,2501.52001953125,ETH
2026-09-06 09:26:00+00:00,2501.14990234375,ETH
2026-09-06 09:27:00+00:00,2501.1201171875,ETH
2026-09-06 09:28:00+00:00,2502.31005859375,ETH
2026-09-06 09:29:00+00:00,2503.030029296875,ETH
2026-09-06 09:30:00+00:00,2503.280029296875,ETH
2026-09-06 09:31:00+00:00,2502.1201171875,ETH
2026-09-06 09:32:00+00:00,2502.7900390625,ETH
2026-09-06 09:33:00+00:00,2503.409912109375,ETH
2026-09-06 09:34:00+00:00,2501.840087890625,ETH
2026-09-06 09:35:00+00:00,2501.110107421875,ETH
2026-09-06 09:36:00+00:00,2500.699951171875,ETH
2026-09-06 09:37:00+00:00,2499.570068359375,ETH
2026-09-06 09:38:00+00:00,2498.699951171875,ETH
2026-09-06 09:39:00+00:00,2498.340087890625,ETH
2026-09-06 09:40:00+00:00,2498.35009765625,ETH
2026-09-06 09:41:00+00:00,2498.0,ETH
2026-09-06 09:42:00+00:00,2497.260009765625,ETH
2026-09-06 09:43:00+00:00,2495.429931640625,ETH
2026-09-06 09:44:00+00:00,2496.590087890625,ETH
2026-09-06 09:45:00+00:00,2496.840087890625,ETH
2026-09-06 09:46:00+00:00,2496.760009765625,ETH
2026-09-06 09:47:00+00:00,2497.10009765625,ETH
2026-09-06 09:48:00+00:00,2496.929931640625,ETH
2026-09-06 09:49:00+00:00,2496.68994140625,ETH
2026-09-06 09:50:00+00:00,2497.2900390625,ETH
2026-09-06 09:51:00+00:00,2496.719970703125,ETH
2026-09-06 09:52:00+00:00,2497.800048828125,ETH
2026-09-06 09:53:00+00:00,2498.02001953125,ETH
2026-09-06 09:54:00+00:00,2498.239990234375,ETH
2026-09-06 09:55:00+00:00,2498.14990234375,ETH
2026-09-06 09:56:00+00:00,2498.5400390625,ETH
2026-09-06 09:57:00+00:00,2498.800048828125,ETH
2026-09-06 09:58:00+00:00,2499.989990234375,ETH
2026-09-06 09:59:00+00:00,2499.31005859375,ETH
2026-09-06 10:00:00+00:00,2500.199951171875,ETH
2026-09-06 10:01:00+00:00,2499.60009765625,ETH
2026-09-06 10:02:00+00:00,2499.989990234375,ETH
2026-09-06 10:03:00+00:00,2499.449951171875,ETH
2026-09-06 10:04:00+00:00,2498.949951171875,ETH
2026-09-06 10:05:00+00:00,2502.72998046875,ETH
2026-09-06 10:06:00+00:00,2500.81005859375,ETH
2026-09-06 10:07:00+00:00,2500.3701171875,ETH
2026-09-06 10:08:00+00:00,2501.6201171875,ETH
2026-09-06 10:09:00+00:00,2501.2099609375,ETH
2026-09-06 10:10:00+00:00,2500.800048828125,ETH
2026-09-06 10:11:00+00:00,2500.25,ETH
2026-09-06 10:12:00+00:00,2500.030029296875,ETH
2026-09-06 10:13:00+00:00,2499.7900390625,ETH
2026-09-06 10:14:00+00:00,2499.1201171875,ETH
2026-09-06 10:15:00+00:00,2499.1298828125,ETH
2026-09-06 10:16:00+00:00,2498.929931640625,ETH
2026-09-06 10:17:00+00:00,2499.3798828125,ETH
2026-09-06 10:18:00+00:00,2500.18994140625,ETH
2026-09-06 10:19:00+00:00,2499.7900390625,ETH
2026-09-06 10:20:00+00:00,2500.0,ETH
2026-09-06 10:21:00+00:00,2500.4599609375,ETH
2026-09-06 10:22:00+00:00,2499.530029296875,ETH
2026-09-06 10:23:00+00:00,2500.669921875,ETH
2026-09-06 10:24:00+00:00,2499.7099609375,ETH
2026-09-06 10:25:00+00:00,2498.56005859375,ETH
2026-09-06 10:26:00+00:00,2498.97998046875,ETH
2026-09-06 10:27:00+00:00,2499.580078125,ETH
2026-09-06 10:28:00+00:00,2499.2099609375,ETH
2026-09-06 10:29:00+00:00,2498.7099609375,ETH
2026-09-06 10:30:00+00:00,2498.4599609375,ETH
2026-09-06 10:31:00+00:00,2498.080078125,ETH
2026-09-06 10:32:00+00:00,2498.72998046875,ETH
2026-09-06 10:33:00+00:00,2499.0,ETH
2026-09-06 10:34:00+00:00,2498.989990234375,ETH
2026-09-06 10:35:00+00:00,2499.639892578125,ETH
2026-09-06 10:36:00+00:00,2499.449951171875,ETH
2026-09-06 10:37:00+00:00,2498.570068359375,ETH
2026-09-06 10:38:00+00:00,2498.280029296875,ETH
2026-09-06 10:39:00+00:00,2498.60009765625,ETH
2026-09-06 10:40:00+00:00,2499.14990234375,ETH
2026-09-06 10:41:00+00:00,2500.06005859375,ETH
2026-09-06 10:42:00+00:00,2499.949951171875,ETH
2026-09-06 10:43:00+00:00,2500.570068359375,ETH
2026-09-06 10:44:00+00:00,2500.989990234375,ETH
2026-09-06 10:45:00+00:00,2500.590087890625,ETH
2026-09-06 10:46:00+00:00,2500.89990234375,ETH
2026-09-06 10:47:00+00:00,2500.780029296875,ETH
2026-09-06 10:48:00+00:00,2500.10009765625,ETH
2026-09-06 10:49:00+00:00,2500.800048828125,ETH
2026-09-06 10:50:00+00:00,2500.860107421875,ETH
2026-09-06 10:51:00+00:00,2500.409912109375,ETH
2026-09-06 10:52:00+00:00,2500.340087890625,ETH
2026-09-06 10:53:00+00:00,2500.6201171875,ETH
2026-09-06 10:54:00+00:00,2500.909912109375,ETH
2026-09-06 10:55:00+00:00,2501.840087890625,ETH
2026-09-06 10:56:00+00:00,2501.219970703125,ETH
2026-09-06 10:57:00+00:00,2501.659912109375,ETH
2026-09-06 10:58:00+00:00,2501.8701171875,ETH
2026-09-06 10:59:00+00:00,2501.969970703125,ETH
2026-09-06 11:00:00+00:00,2501.300048828125,ETH
2026-09-06 11:01:00+00:00,2502.0,ETH
2026-09-06 11:02:00+00:00,2502.449951171875,ETH
2026-09-06 11:03:00+00:00,2503.260009765625,ETH
2026-09-06 11:04:00+00:00,2502.18994140625,ETH
2026-09-06 11:05:00+00:00,2503.0,ETH
2026-09-06 11:06:00+00:00,2503.530029296875,ETH
2026-09-06 11:07:00+00:00,2502.60009765625,ETH
2026-09-06 11:08:00+00:00,2502.89990234375,ETH
2026-09-06 11:09:00+00:00,2501.72998046875,ETH
2026-09-06 11:10:00+00:00,2503.409912109375,ETH
2026-09-06 11:11:00+00:00,2502.1201171875,ETH
2026-09-06 11:12:00+00:00,2501.10009765625,ETH
2026-09-06 11:13:00+00:00,2502.18994140625,ETH
2026-09-06 11:14:00+00:00,2503.10009765625,ETH
2026-09-06 11:15:00+00:00,2502.830078125,ETH
2026-09-06 11:16:00+00:00,2503.39990234375,ETH
2026-09-06 11:17:00+00:00,2503.47998046875,ETH
2026-09-06 11:18:00+00:00,2503.68994140625,ETH
2026-09-06 11:19:00+00:00,2504.4599609375,ETH
2026-09-06 11:20:00+00:00,2502.030029296875,ETH
2026-09-06 11:21:00+00:00,2502.7900390625,ETH
2026-09-06 11:22:00+00:00,2502.8798828125,ETH
2026-09-06 11:23:00+00:00,2503.510009765625,ETH
2026-09-06 11:24:00+00:00,2502.969970703125,ETH
2026-09-06 11:25:00+00:00,2501.330078125,ETH
2026-09-06 11:26:00+00:00,2500.530029296875,ETH
2026-09-06 11:27:00+00:00,2503.0400390625,ETH
2026-09-06 11:28:00+00:00,2502.300048828125,ETH
2026-09-06 11:29:00+00:00,2500.8798828125,ETH
2026-09-06 11:30:00+00:00,2500.5400390625,ETH
2026-09-06 11:31:00+00:00,2501.31005859375,ETH
2026-09-06 11:32:00+00:00,2501.840087890625,ETH
2026-09-06 11:33:00+00:00,2502.300048828125,ETH
2026-09-06 11:34:00+00:00,2502.909912109375,ETH
2026-09-06 11:35:00+00:00,2500.60009765625,ETH
2026-09-06 11:36:00+00:00,2500.7099609375,ETH
2026-09-06 11:37:00+00:00,2500.239990234375,ETH
2026-09-06 11:38:00+00:00,2500.43994140625,ETH
2026-09-06 11:39:00+00:00,2500.56005859375,ETH
2026-09-06 11:40:00+00:00,2500.429931640625,ETH
2026-09-06 11:41:00+00:00,2501.10009765625,ETH
2026-09-06 11:42:00+00:00,2500.110107421875,ETH
2026-09-06 11:43:00+00:00,2501.6201171875,ETH
2026-09-06 11:44:00+00:00,2502.469970703125,ETH
2026-09-06 11:45:00+00:00,2502.419921875,ETH
2026-09-06 11:46:00+00:00,2503.10009765625,ETH
2026-09-06 11:47:00+00:00,2502.60009765625,ETH
2026-09-06 11:48:00+00:00,2503.159912109375,ETH
2026-09-06 11:49:00+00:00,2502.760009765625,ETH
2026-09-06 11:50:00+00:00,2502.25,ETH
2026-09-06 11:51:00+00:00,2502.22998046875,ETH
2026-09-06 11:52:00+00:00,2502.2099609375,ETH
2026-09-06 11:53:00+00:00,2501.389892578125,ETH
2026-09-06 11:54:00+00:00,2501.68994140625,ETH
2026-09-06 11:55:00+00:00,2501.75,ETH
2026-09-06 11:56:00+00:00,2501.5,ETH
2026-09-06 11:57:00+00:00,2501.739990234375,ETH
2026-09-06 11:58:00+00:00,2501.81005859375,ETH
2026-09-06 11:59:00+00:00,2502.239990234375,ETH
2026-09-06 12:00:00+00:00,2501.77001953125,ETH
2026-09-06 12:01:00+00:00,2501.739990234375,ETH
2026-09-06 12:02:00+00:00,2501.280029296875,ETH
2026-09-06 12:03:00+00:00,2501.070068359375,ETH
2026-09-06 12:04:00+00:00,2500.639892578125,ETH
2026-09-06 12:05:00+00:00,2500.110107421875,ETH
2026-09-06 12:06:00+00:00,2499.780029296875,ETH
2026-09-06 12:07:00+00:00,2499.6298828125,ETH
2026-09-06 12:08:00+00:00,2499.719970703125,ETH
2026-09-06 12:09:00+00:00,2501.530029296875,ETH
2026-09-06 12:10:00+00:00,2500.300048828125,ETH
2026-09-06 12:11:00+00:00,2499.93994140625,ETH
2026-09-06 12:12:00+00:00,2499.919921875,ETH
2026-09-06 12:13:00+00:00,2500.3701171875,ETH
2026-09-06 12:14:00+00:00,2503.429931640625,ETH
2026-09-06 12:15:00+00:00,2503.760009765625,ETH
2026-09-06 12:16:00+00:00,2504.02001953125,ETH
2026-09-06 12:17:00+00:00,2504.800048828125,ETH
2026-09-06 12:18:00+00:00,2503.97998046875,ETH
2026-09-06 12:19:00+00:00,2503.139892578125,ETH
2026-09-06 12:20:00+00:00,2503.5,ETH
2026-09-06 12:21:00+00:00,2503.050048828125,ETH
2026-09-06 12:22:00+00:00,2503.5,ETH
2026-09-06 12:23:00+00:00,2503.2099609375,ETH
2026-09-06 12:24:00+00:00,2503.199951171875,ETH
2026-09-06 12:25:00+00:00,2502.760009765625,ETH
2026-09-06 12:26:00+00:00,2501.909912109375,ETH
2026-09-06 12:27:00+00:00,2503.3798828125,ETH
2026-09-06 12:28:00+00:00,2502.2900390625,ETH
2026-09-06 12:29:00+00:00,2501.919921875,ETH
2026-09-06 12:30:00+00:00,2503.60009765625,ETH
2026-09-06 12:31:00+00:00,2504.52001953125,ETH
2026-09-06 12:32:00+00:00,2502.929931640625,ETH
2026-09-06 12:33:00+00:00,2502.72998046875,ETH
2026-09-06 12:34:00+00:00,2503.760009765625,ETH
2026-09-06 12:35:00+00:00,2504.39990234375,ETH
2026-09-06 12:36:00+00:00,2503.77001953125,ETH
2026-09-06 12:37:00+00:00,2502.510009765625,ETH
2026-09-06 12:38:00+00:00,2502.780029296875,ETH
2026-09-06 12:39:00+00:00,2502.6298828125,ETH
2026-09-06 12:40:00+00:00,2501.760009765625,ETH
2026-09-06 12:41:00+00:00,2500.889892578125,ETH
2026-09-06 12:42:00+00:00,2500.760009765625,ETH
2026-09-06 12:43:00+00:00,2502.139892578125,ETH
2026-09-06 12:44:00+00:00,2499.830078125,ETH
2026-09-06 12:45:00+00:00,2500.280029296875,ETH
2026-09-06 12:46:00+00:00,2500.35009765625,ETH
2026-09-06 12:47:00+00:00,2500.010009765625,ETH
2026-09-06 12:48:00+00:00,2499.68994140625,ETH
2026-09-06 12:49:00+00:00,2499.5,ETH
2026-09-06 12:50:00+00:00,2500.3798828125,ETH
2026-09-06 12:51:00+00:00,2500.780029296875,ETH
2026-09-06 12:52:00+00:00,2501.1201171875,ETH
2026-09-06 12:53:00+00:00,2501.169921875,ETH
2026-09-06 12:54:00+00:00,2502.090087890625,ETH
2026-09-06 12:55:00+00:00,2500.800048828125,ETH
2026-09-06 12:56:00+00:00,2500.330078125,ETH
2026-09-06 12:57:00+00:00,2500.169921875,ETH
2026-09-06 12:58:00+00:00,2500.68994140625,ETH
2026-09-06 12:59:00+00:00,2500.419921875,ETH
2026-09-06 13:00:00+00:00,2499.89990234375,ETH
2026-09-06 13:01:00+00:00,2497.25,ETH
2026-09-06 13:02:00+00:00,2499.070068359375,ETH
2026-09-06 13:03:00+00:00,2498.68994140625,ETH
2026-09-06 13:04:00+00:00,2498.39990234375,ETH
2026-09-06 13:05:00+00:00,2497.199951171875,ETH
2026-09-06 13:06:00+00:00,2498.60009765625,ETH
2026-09-06 13:07:00+00:00,2499.52001953125,ETH
2026-09-06 13:08:00+00:00,2500.699951171875,ETH
2026-09-06 13:09:00+00:00,2499.56005859375,ETH
2026-09-06 13:10:00+00:00,2498.669921875,ETH
2026-09-06 13:11:00+00:00,2498.5400390625,ETH
2026-09-06 13:12:00+00:00,2498.090087890625,ETH
2026-09-06 13:13:00+00:00,2497.419921875,ETH
2026-09-06 13:14:00+00:00,2497.389892578125,ETH
2026-09-06 13:15:00+00:00,2497.389892578125,ETH
2026-09-06 13:16:00+00:00,2496.659912109375,ETH
2026-09-06 13:17:00+00:00,2494.070068359375,ETH
2026-09-06 13:18:00+00:00,2494.570068359375,ETH
2026-09-06 13:19:00+00:00,2494.0,ETH
2026-09-06 13:20:00+00:00,2493.739990234375,ETH
2026-09-06 13:21:00+00:00,2492.929931640625,ETH
2026-09-06 13:22:00+00:00,2494.18994140625,ETH
2026-09-06 13:23:00+00:00,2494.10009765625,ETH
2026-09-06 13:24:00+00:00,2492.719970703125,ETH
2026-09-06 13:25:00+00:00,2493.820068359375,ETH
2026-09-06 13:26:00+00:00,2493.739990234375,ETH
2026-09-06 13:27:00+00:00,2492.659912109375,ETH
2026-09-06 13:28:00+00:00,2492.699951171875,ETH
2026-09-06 13:29:00+00:00,2491.679931640625,ETH
2026-09-06 13:30:00+00:00,2491.550048828125,ETH
2026-09-06 13:31:00+00:00,2491.080078125,ETH
2026-09-06 13:32:00+00:00,2491.860107421875,ETH
2026-09-06 13:33:00+00:00,2490.330078125,ETH
2026-09-06 13:34:00+00:00,2488.18994140625,ETH
2026-09-06 13:35:00+00:00,2490.75,ETH
2026-09-06 13:36:00+00:00,2491.8701171875,ETH
2026-09-06 13:37:00+00:00,2493.0,ETH
2026-09-06 13:38:00+00:00,2493.889892578125,ETH
2026-09-06 13:39:00+00:00,2491.580078125,ETH
2026-09-06 13:40:00+00:00,2493.199951171875,ETH
2026-09-06 13:41:00+00:00,2493.179931640625,ETH
2026-09-06 13:42:00+00:00,2493.239990234375,ETH
2026-09-06 13:43:00+00:00,2492.75,ETH
2026-09-06 13:44:00+00:00,2492.5400390625,ETH
2026-09-06 13:45:00+00:00,2492.889892578125,ETH
2026-09-06 13:46:00+00:00,2493.6298828125,ETH
2026-09-06 13:47:00+00:00,2493.830078125,ETH
2026-09-06 13:48:00+00:00,2494.18994140625,ETH
2026-09-06 13:49:00+00:00,2492.89990234375,ETH
2026-09-06 13:50:00+00:00,2493.52001953125,ETH
2026-09-06 13:51:00+00:00,2494.330078125,ETH
2026-09-06 13:52:00+00:00,2494.639892578125,ETH
2026-09-06 13:53:00+00:00,2494.570068359375,ETH
2026-09-06 13:54:00+00:00,2494.31005859375,ETH
2026-09-06 13:55:00+00:00,2493.889892578125,ETH
2026-09-06 13:56:00+00:00,2495.199951171875,ETH
2026-09-06 13:57:00+00:00,2495.320068359375,ETH
2026-09-06 13:58:00+00:00,2493.760009765625,ETH
2026-09-06 13:59:00+00:00,2494.75,ETH
2026-09-06 14:00:00+00:00,2494.090087890625,ETH
2026-09-06 14:01:00+00:00,2494.199951171875,ETH
2026-09-06 14:02:00+00:00,2492.64990234375,ETH
2026-09-06 14:03:00+00:00,2493.56005859375,ETH
2026-09-06 14:04:00+00:00,2493.2900390625,ETH
2026-09-06 14:05:00+00:00,2492.5,ETH
2026-09-06 14:06:00+00:00,2492.10009765625,ETH
2026-09-06 14:07:00+00:00,2491.090087890625,ETH
2026-09-06 14:08:00+00:00,2491.449951171875,ETH
2026-09-06 14:09:00+00:00,2490.010009765625,ETH
2026-09-06 14:10:00+00:00,2490.3798828125,ETH
2026-09-06 14:11:00+00:00,2489.35009765625,ETH
2026-09-06 14:12:00+00:00,2487.6201171875,ETH
2026-09-06 14:13:00+00:00,2488.1298828125,ETH
2026-09-06 14:14:00+00:00,2487.9599609375,ETH
2026-09-06 14:15:00+00:00,2488.56005859375,ETH
2026-09-06 14:16:00+00:00,2486.389892578125,ETH
2026-09-06 14:17:00+00:00,2484.919921875,ETH
2026-09-06 14:18:00+00:00,2486.85009765625,ETH
2026-09-06 14:19:00+00:00,2485.699951171875,ETH
2026-09-06 14:20:00+00:00,2480.77001953125,ETH
2026-09-06 14:21:00+00:00,2480.97998046875,ETH
2026-09-06 14:22:00+00:00,2481.330078125,ETH
2026-09-06 14:23:00+00:00,2482.72998046875,ETH
2026-09-06 14:24:00+00:00,2481.25,ETH
2026-09-06 14:25:00+00:00,2483.260009765625,ETH
2026-09-06 14:26:00+00:00,2483.989990234375,ETH
2026-09-06 14:27:00+00:00,2483.580078125,ETH
2026-09-06 14:28:00+00:00,2483.659912109375,ETH
2026-09-06 14:29:00+00:00,2481.989990234375,ETH
2026-09-06 14:30:00+00:00,2479.639892578125,ETH
2026-09-06 14:31:00+00:00,2477.909912109375,ETH
2026-09-06 14:32:00+00:00,2474.2099609375,ETH
2026-09-06 14:33:00+00:00,2473.35009765625,ETH
2026-09-06 14:34:00+00:00,2477.219970703125,ETH
2026-09-06 14:35:00+00:00,2479.159912109375,ETH
2026-09-06 14:36:00+00:00,2479.530029296875,ETH
2026-09-06 14:37:00+00:00,2479.9599609375,ETH
2026-09-06 14:38:00+00:00,2480.469970703125,ETH
2026-09-06 14:39:00+00:00,2481.8701171875,ETH
2026-09-06 14:40:00+00:00,2482.52001953125,ETH
2026-09-06 14:41:00+00:00,2481.89990234375,ETH
2026-09-06 14:42:00+00:00,2483.070068359375,ETH
2026-09-06 14:43:00+00:00,2482.5400390625,ETH
2026-09-06 14:44:00+00:00,2485.3798828125,ETH
2026-09-06 14:45:00+00:00,2480.389892578125,ETH
2026-09-06 14:46:00+00:00,2478.300048828125,ETH
2026-09-06 14:47:00+00:00,2479.60009765625,ETH
2026-09-06 14:48:00+00:00,2482.68994140625,ETH
2026-09-06 14:49:00+00:00,2482.6298828125,ETH
2026-09-06 14:50:00+00:00,2484.800048828125,ETH
2026-09-06 14:51:00+00:00,2482.929931640625,ETH
2026-09-06 14:52:00+00:00,2485.60009765625,ETH
2026-09-06 14:53:00+00:00,2484.97998046875,ETH
2026-09-06 14:54:00+00:00,2484.3701171875,ETH
2026-09-06 14:55:00+00:00,2482.75,ETH
2026-09-06 14:56:00+00:00,2480.320068359375,ETH
2026-09-06 14:57:00+00:00,2479.75,ETH
2026-09-06 14:58:00+00:00,2478.679931640625,ETH
2026-09-06 14:59:00+00:00,2478.530029296875,ETH
2026-09-06 15:00:00+00:00,2475.159912109375,ETH
2026-09-06 15:01:00+00:00,2472.530029296875,ETH
2026-09-06 15:02:00+00:00,2475.909912109375,ETH
2026-09-06 15:03:00+00:00,2475.47998046875,ETH
2026-09-06 15:04:00+00:00,2477.179931640625,ETH
2026-09-06 15:05:00+00:00,2478.72998046875,ETH
2026-09-06 15:06:00+00:00,2477.0400390625,ETH
2026-09-06 15:07:00+00:00,2477.929931640625,ETH
2026-09-06 15:08:00+00:00,2476.969970703125,ETH
2026-09-06 15:09:00+00:00,2475.0400390625,ETH
2026-09-06 15:10:00+00:00,2477.9599609375,ETH
2026-09-06 15:11:00+00:00,2475.1201171875,ETH
2026-09-06 15:12:00+00:00,2476.659912109375,ETH
2026-09-06 15:13:00+00:00,2475.97998046875,ETH
2026-09-06 15:14:00+00:00,2476.949951171875,ETH
2026-09-06 15:15:00+00:00,2478.909912109375,ETH
2026-09-06 15:16:00+00:00,2479.419921875,ETH
2026-09-06 15:17:00+00:00,2477.820068359375,ETH
2026-09-06 15:18:00+00:00,2477.89990234375,ETH
2026-09-06 15:19:00+00:00,2478.550048828125,ETH
2026-09-06 15:20:00+00:00,2479.18994140625,ETH
2026-09-06 15:21:00+00:00,2480.169921875,ETH
2026-09-06 15:22:00+00:00,2479.3798828125,ETH
2026-09-06 15:23:00+00:00,2478.81005859375,ETH
2026-09-06 15:24:00+00:00,2479.10009765625,ETH
2026-09-06 15:25:00+00:00,2479.419921875,ETH
2026-09-06 15:26:00+00:00,2478.72998046875,ETH
2026-09-06 15:27:00+00:00,2478.989990234375,ETH
2026-09-06 15:28:00+00:00,2478.22998046875,ETH
2026-09-06 15:29:00+00:00,2479.070068359375,ETH
2026-09-06 15:30:00+00:00,2479.419921875,ETH
2026-09-06 15:31:00+00:00,2478.4599609375,ETH
2026-09-06 15:32:00+00:00,2477.3701171875,ETH
2026-09-06 15:33:00+00:00,2476.830078125,ETH
2026-09-06 15:34:00+00:00,2478.2900390625,ETH
2026-09-06 15:35:00+00:00,2477.510009765625,ETH
2026-09-06 15:36:00+00:00,2478.3798828125,ETH
2026-09-06 15:37:00+00:00,2479.800048828125,ETH
2026-09-06 15:38:00+00:00,2481.139892578125,ETH
2026-09-06 15:39:00+00:00,2480.280029296875,ETH
2026-09-06 15:40:00+00:00,2480.7099609375,ETH
2026-09-06 15:41:00+00:00,2480.530029296875,ETH
2026-09-06 15:42:00+00:00,2480.389892578125,ETH
2026-09-06 15:43:00+00:00,2480.25,ETH
2026-09-06 15:44:00+00:00,2480.889892578125,ETH
2026-09-06 15:45:00+00:00,2480.8701171875,ETH
2026-09-06 15:46:00+00:00,2481.5400390625,ETH
2026-09-06 15:47:00+00:00,2480.340087890625,ETH
2026-09-06 15:48:00+00:00,2481.52001953125,ETH
2026-09-06 15:49:00+00:00,2479.989990234375,ETH
2026-09-06 15:50:00+00:00,2479.7099609375,ETH
2026-09-06 15:51:00+00:00,2480.97998046875,ETH
2026-09-06 15:52:00+00:00,2482.27001953125,ETH
2026-09-06 15:53:00+00:00,2482.050048828125,ETH
2026-09-06 15:54:00+00:00,2479.320068359375,ETH
2026-09-06 15:55:00+00:00,2479.0,ETH
2026-09-06 15:56:00+00:00,2479.469970703125,ETH
2026-09-06 15:57:00+00:00,2479.699951171875,ETH
2026-09-06 15:58:00+00:00,2480.179931640625,ETH
2026-09-06 15:59:00+00:00,2479.85009765625,ETH
2026-09-06 16:00:00+00:00,2480.080078125,ETH
2026-09-06 16:01:00+00:00,2479.239990234375,ETH
2026-09-06 16:02:00+00:00,2478.300048828125,ETH
2026-09-06 16:03:00+00:00,2477.389892578125,ETH
2026-09-06 16:04:00+00:00,2476.0400390625,ETH
2026-09-06 16:05:00+00:00,2478.81005859375,ETH
2026-09-06 16:06:00+00:00,2478.1201171875,ETH
2026-09-06 16:07:00+00:00,2477.97998046875,ETH
2026-09-06 16:08:00+00:00,2477.3701171875,ETH
2026-09-06 16:09:00+00:00,2477.68994140625,ETH
2026-09-06 16:10:00+00:00,2479.699951171875,ETH
2026-09-06 16:11:00+00:00,2481.989990234375,ETH
2026-09-06 16:12:00+00:00,2483.39990234375,ETH
2026-09-06 16:13:00+00:00,2481.6201171875,ETH
2026-09-06 16:14:00+00:00,2482.719970703125,ETH
2026-09-06 16:15:00+00:00,2481.679931640625,ETH
2026-09-06 16:16:00+00:00,2482.6201171875,ETH
2026-09-06 16:17:00+00:00,2482.5400390625,ETH
2026-09-06 16:18:00+00:00,2481.739990234375,ETH
2026-09-06 16:19:00+00:00,2482.39990234375,ETH
2026-09-06 16:20:00+00:00,2480.8701171875,ETH
2026-09-06 16:21:00+00:00,2481.139892578125,ETH
2026-09-06 16:22:00+00:00,2480.56005859375,ETH
2026-09-06 16:23:00+00:00,2480.139892578125,ETH
2026-09-06 16:24:00+00:00,2478.949951171875,ETH
2026-09-06 16:25:00+00:00,2478.60009765625,ETH
2026-09-06 16:26:00+00:00,2481.159912109375,ETH
2026-09-06 16:27:00+00:00,2481.010009765625,ETH
2026-09-06 16:28:00+00:00,2482.3701171875,ETH
2026-09-06 16:29:00+00:00,2482.31005859375,ETH
2026-09-06 16:30:00+00:00,2481.169921875,ETH
2026-09-06 16:31:00+00:00,2482.06005859375,ETH
2026-09-06 16:32:00+00:00,2484.139892578125,ETH
2026-09-06 16:33:00+00:00,2483.889892578125,ETH
2026-09-06 16:34:00+00:00,2486.330078125,ETH
2026-09-06 16:35:00+00:00,2484.31005859375,ETH
2026-09-06 16:36:00+00:00,2483.35009765625,ETH
2026-09-06 16:37:00+00:00,2483.0400390625,ETH
2026-09-06 16:38:00+00:00,2485.070068359375,ETH
2026-09-06 16:39:00+00:00,2485.409912109375,ETH
2026-09-06 16:40:00+00:00,2485.159912109375,ETH
2026-09-06 16:41:00+00:00,2485.25,ETH
2026-09-06 16:42:00+00:00,2484.300048828125,ETH
2026-09-06 16:43:00+00:00,2483.300048828125,ETH
2026-09-06 16:44:00+00:00,2483.7099609375,ETH
2026-09-06 16:45:00+00:00,2483.110107421875,ETH
2026-09-06 16:46:00+00:00,2482.929931640625,ETH
2026-09-06 16:47:00+00:00,2482.260009765625,ETH
2026-09-06 16:48:00+00:00,2482.669921875,ETH
2026-09-06 16:49:00+00:00,2482.219970703125,ETH
2026-09-06 16:50:00+00:00,2482.3701171875,ETH
2026-09-06 16:51:00+00:00,2482.3701171875,ETH
2026-09-06 16:52:00+00:00,2482.9599609375,ETH
2026-09-06 16:53:00+00:00,2483.39990234375,ETH
2026-09-06 16:54:00+00:00,2482.820068359375,ETH
2026-09-06 16:55:00+00:00,2482.35009765625,ETH
2026-09-06 16:56:00+00:00,2482.389892578125,ETH
2026-09-06 16:57:00+00:00,2482.179931640625,ETH
2026-09-06 16:58:00+00:00,2483.239990234375,ETH
2026-09-06 16:59:00+00:00,2484.4599609375,ETH
2026-09-06 17:00:00+00:00,2483.639892578125,ETH
2026-09-06 17:01:00+00:00,2484.090087890625,ETH
2026-09-06 17:02:00+00:00,2483.659912109375,ETH
2026-09-06 17:03:00+00:00,2483.43994140625,ETH
2026-09-06 17:04:00+00:00,2483.5,ETH
2026-09-06 17:05:00+00:00,2485.010009765625,ETH
2026-09-06 17:06:00+00:00,2484.719970703125,ETH
2026-09-06 17:07:00+00:00,2485.340087890625,ETH
2026-09-06 17:08:00+00:00,2483.409912109375,ETH
2026-09-06 17:09:00+00:00,2481.35009765625,ETH
2026-09-06 17:10:00+00:00,2485.22998046875,ETH
2026-09-06 17:11:00+00:00,2485.510009765625,ETH
2026-09-06 17:12:00+00:00,2485.030029296875,ETH
2026-09-06 17:13:00+00:00,2485.3701171875,ETH
2026-09-06 17:14:00+00:00,2485.590087890625,ETH
2026-09-06 17:15:00+00:00,2485.919921875,ETH
2026-09-06 17:16:00+00:00,2487.47998046875,ETH
2026-09-06 17:17:00+00:00,2487.330078125,ETH
2026-09-06 17:18:00+00:00,2488.010009765625,ETH
2026-09-06 17:19:00+00:00,2488.719970703125,ETH
2026-09-06 17:20:00+00:00,2488.139892578125,ETH
2026-09-06 17:21:00+00:00,2489.969970703125,ETH
2026-09-06 17:22:00+00:00,2490.199951171875,ETH
2026-09-06 17:23:00+00:00,2491.56005859375,ETH
2026-09-06 17:24:00+00:00,2491.949951171875,ETH
2026-09-06 17:25:00+00:00,2492.68994140625,ETH
2026-09-06 17:26:00+00:00,2491.60009765625,ETH
2026-09-06 17:27:00+00:00,2489.72998046875,ETH
2026-09-06 17:28:00+00:00,2489.409912109375,ETH
2026-09-06 17:29:00+00:00,2489.449951171875,ETH
2026-09-06 17:30:00+00:00,2488.3798828125,ETH
2026-09-06 17:31:00+00:00,2489.389892578125,ETH
2026-09-06 17:32:00+00:00,2490.39990234375,ETH
2026-09-06 17:33:00+00:00,2492.719970703125,ETH
2026-09-06 17:34:00+00:00,2490.18994140625,ETH
2026-09-06 17:35:00+00:00,2490.06005859375,ETH
2026-09-06 17:36:00+00:00,2492.25,ETH
2026-09-06 17:37:00+00:00,2493.0,ETH
2026-09-06 17:38:00+00:00,2492.719970703125,ETH
2026-09-06 17:39:00+00:00,2493.280029296875,ETH
2026-09-06 17:40:00+00:00,2492.1201171875,ETH
2026-09-06 17:41:00+00:00,2492.39990234375,ETH
2026-09-06 17:42:00+00:00,2491.840087890625,ETH
2026-09-06 17:43:00+00:00,2491.97998046875,ETH
2026-09-06 17:44:00+00:00,2493.080078125,ETH
2026-09-06 17:45:00+00:00,2492.10009765625,ETH
2026-09-06 17:46:00+00:00,2492.18994140625,ETH
2026-09-06 17:47:00+00:00,2493.110107421875,ETH
2026-09-06 17:48:00+00:00,2491.81005859375,ETH
2026-09-06 17:49:00+00:00,2492.340087890625,ETH
2026-09-06 17:50:00+00:00,2492.8701171875,ETH
2026-09-06 17:51:00+00:00,2492.97998046875,ETH
2026-09-06 17:52:00+00:00,2491.679931640625,ETH
2026-09-06 17:53:00+00:00,2491.7099609375,ETH
2026-09-06 17:54:00+00:00,2491.68994140625,ETH
2026-09-06 17:55:00+00:00,2491.580078125,ETH
2026-09-06 17:56:00+00:00,2492.39990234375,ETH
2026-09-06 17:57:00+00:00,2493.56005859375,ETH
2026-09-06 17:58:00+00:00,2491.510009765625,ETH
2026-09-06 17:59:00+00:00,2491.27001953125,ETH
2026-09-06 18:00:00+00:00,2491.9599609375,ETH
2026-09-06 18:01:00+00:00,2492.1201171875,ETH
2026-09-06 18:02:00+00:00,2493.159912109375,ETH
2026-09-06 18:03:00+00:00,2493.159912109375,ETH
2026-09-06 18:04:00+00:00,2493.219970703125,ETH
2026-09-06 18:05:00+00:00,2494.239990234375,ETH
2026-09-06 18:06:00+00:00,2493.860107421875,ETH
2026-09-06 18:07:00+00:00,2494.31005859375,ETH
2026-09-06 18:08:00+00:00,2494.18994140625,ETH
2026-09-06 18:09:00+00:00,2493.719970703125,ETH
2026-09-06 18:10:00+00:00,2493.9599609375,ETH
2026-09-06 18:11:00+00:00,2493.2900390625,ETH
2026-09-06 18:12:00+00:00,2494.489990234375,ETH
2026-09-06 18:13:00+00:00,2494.669921875,ETH
2026-09-06 18:14:00+00:00,2493.830078125,ETH
2026-09-06 18:15:00+00:00,2493.47998046875,ETH
2026-09-06 18:16:00+00:00,2495.18994140625,ETH
2026-09-06 18:17:00+00:00,2494.919921875,ETH
2026-09-06 18:18:00+00:00,2494.199951171875,ETH
2026-09-06 18:19:00+00:00,2493.89990234375,ETH
2026-09-06 18:20:00+00:00,2494.840087890625,ETH
2026-09-06 18:21:00+00:00,2495.2900390625,ETH
2026-09-06 18:22:00+00:00,2494.739990234375,ETH
2026-09-06 18:23:00+00:00,2494.639892578125,ETH
2026-09-06 18:24:00+00:00,2494.64990234375,ETH
2026-09-06 18:25:00+00:00,2494.659912109375,ETH
2026-09-06 18:26:00+00:00,2494.340087890625,ETH
2026-09-06 18:27:00+00:00,2494.75,ETH
2026-09-06 18:28:00+00:00,2495.2099609375,ETH
2026-09-06 18:29:00+00:00,2495.75,ETH
2026-09-06 18:30:00+00:00,2496.47998046875,ETH
2026-09-06 18:31:00+00:00,2497.0400390625,ETH
2026-09-06 18:32:00+00:00,2498.510009765625,ETH
2026-09-06 18:33:00+00:00,2497.85009765625,ETH
2026-09-06 18:34:00+00:00,2496.93994140625,ETH
2026-09-06 18:35:00+00:00,2497.179931640625,ETH
2026-09-06 18:36:00+00:00,2497.239990234375,ETH
2026-09-06 18:37:00+00:00,2497.679931640625,ETH
2026-09-06 18:38:00+00:00,2497.929931640625,ETH
2026-09-06 18:39:00+00:00,2497.2099609375,ETH
2026-09-06 18:40:00+00:00,2499.10009765625,ETH
2026-09-06 18:41:00+00:00,2498.75,ETH
2026-09-06 18:42:00+00:00,2498.530029296875,ETH
2026-09-06 18:43:00+00:00,2498.929931640625,ETH
2026-09-06 18:44:00+00:00,2497.330078125,ETH
2026-09-06 18:45:00+00:00,2496.10009765625,ETH
2026-09-06 18:46:00+00:00,2495.550048828125,ETH
2026-09-06 18:47:00+00:00,2494.419921875,ETH
2026-09-06 18:48:00+00:00,2495.14990234375,ETH
2026-09-06 18:49:00+00:00,2495.179931640625,ETH
2026-09-06 18:50:00+00:00,2494.56005859375,ETH
2026-09-06 18:51:00+00:00,2495.409912109375,ETH
2026-09-06 18:52:00+00:00,2494.27001953125,ETH
2026-09-06 18:53:00+00:00,2494.2099609375,ETH
2026-09-06 18:54:00+00:00,2494.159912109375,ETH
2026-09-06 18:55:00+00:00,2493.56005859375,ETH
2026-09-06 18:56:00+00:00,2494.889892578125,ETH
2026-09-06 18:57:00+00:00,2494.1201171875,ETH
2026-09-06 18:58:00+00:00,2494.139892578125,ETH
2026-09-06 18:59:00+00:00,2494.300048828125,ETH
2026-09-06 19:00:00+00:00,2493.550048828125,ETH
2026-09-06 19:01:00+00:00,2493.320068359375,ETH
2026-09-06 19:02:00+00:00,2492.669921875,ETH
2026-09-06 19:03:00+00:00,2492.35009765625,ETH
2026-09-06 19:04:00+00:00,2492.669921875,ETH
2026-09-06 19:05:00+00:00,2493.0,ETH
2026-09-06 19:06:00+00:00,2492.169921875,ETH
2026-09-06 19:07:00+00:00,2491.909912109375,ETH
2026-09-06 19:08:00+00:00,2491.659912109375,ETH
2026-09-06 19:09:00+00:00,2491.949951171875,ETH
2026-09-06 19:10:00+00:00,2491.679931640625,ETH
2026-09-06 19:11:00+00:00,2492.110107421875,ETH
2026-09-06 19:12:00+00:00,2492.389892578125,ETH
2026-09-06 19:13:00+00:00,2492.280029296875,ETH
2026-09-06 19:14:00+00:00,2491.510009765625,ETH
2026-09-06 19:15:00+00:00,2491.68994140625,ETH
2026-09-06 19:16:00+00:00,2491.199951171875,ETH
2026-09-06 19:17:00+00:00,2492.0400390625,ETH
2026-09-06 19:18:00+00:00,2491.510009765625,ETH
2026-09-06 19:19:00+00:00,2490.77001953125,ETH
2026-09-06 19:20:00+00:00,2491.969970703125,ETH
2026-09-06 19:21:00+00:00,2490.889892578125,ETH
2026-09-06 19:22:00+00:00,2490.409912109375,ETH
2026-09-06 19:23:00+00:00,2492.219970703125,ETH
2026-09-06 19:24:00+00:00,2492.68994140625,ETH
2026-09-06 19:25:00+00:00,2492.43994140625,ETH
2026-09-06 19:26:00+00:00,2492.419921875,ETH
2026-09-06 19:27:00+00:00,2491.419921875,ETH
2026-09-06 19:28:00+00:00,2491.909912109375,ETH
2026-09-06 19:29:00+00:00,2492.27001953125,ETH
2026-09-06 19:30:00+00:00,2491.669921875,ETH
2026-09-06 19:31:00+00:00,2491.590087890625,ETH
2026-09-06 19:32:00+00:00,2491.989990234375,ETH
2026-09-06 19:33:00+00:00,2491.320068359375,ETH
2026-09-06 19:34:00+00:00,2491.02001953125,ETH
2026-09-06 19:35:00+00:00,2490.93994140625,ETH
2026-09-06 19:36:00+00:00,2490.4599609375,ETH
2026-09-06 19:37:00+00:00,2490.409912109375,ETH
2026-09-06 19:38:00+00:00,2490.510009765625,ETH
2026-09-06 19:39:00+00:00,2489.89990234375,ETH
2026-09-06 19:40:00+00:00,2489.969970703125,ETH
2026-09-06 19:41:00+00:00,2490.22998046875,ETH
2026-09-06 19:42:00+00:00,2490.489990234375,ETH
2026-09-06 19:43:00+00:00,2490.699951171875,ETH
2026-09-06 19:44:00+00:00,2490.510009765625,ETH
2026-09-06 19:45:00+00:00,2491.050048828125,ETH
2026-09-06 19:46:00+00:00,2490.52001953125,ETH
2026-09-06 19:47:00+00:00,2490.5,ETH
2026-09-06 19:48:00+00:00,2489.949951171875,ETH
2026-09-06 19:49:00+00:00,2490.239990234375,ETH
2026-09-06 19:50:00+00:00,2490.590087890625,ETH
2026-09-06 19:51:00+00:00,2490.31005859375,ETH
2026-09-06 19:52:00+00:00,2490.39990234375,ETH
2026-09-06 19:53:00+00:00,2490.35009765625,ETH
2026-09-06 19:54:00+00:00,2490.639892578125,ETH
2026-09-06 19:55:00+00:00,2490.199951171875,ETH
2026-09-06 19:56:00+00:00,2489.97998046875,ETH
2026-09-06 19:57:00+00:00,2490.239990234375,ETH
2026-09-06 19:58:00+00:00,2489.929931640625,ETH
2026-09-06 19:59:00+00:00,2490.5,ETH
2026-09-06 20:00:00+00:00,2490.550048828125,ETH
2026-09-06 20:01:00+00:00,2490.969970703125,ETH
2026-09-06 20:02:00+00:00,2490.580078125,ETH
2026-09-06 20:03:00+00:00,2490.75,ETH
2026-09-06 20:04:00+00:00,2489.75,ETH
2026-09-06 20:05:00+00:00,2490.2900390625,ETH
2026-09-06 20:06:00+00:00,2489.77001953125,ETH
2026-09-06 20:07:00+00:00,2489.300048828125,ETH
2026-09-06 20:08:00+00:00,2489.010009765625,ETH
2026-09-06 20:09:00+00:00,2488.800048828125,ETH
2026-09-06 20:10:00+00:00,2489.989990234375,ETH
2026-09-06 20:11:00+00:00,2489.510009765625,ETH
2026-09-06 20:12:00+00:00,2490.56005859375,ETH
2026-09-06 20:13:00+00:00,2491.43994140625,ETH
2026-09-06 20:14:00+00:00,2492.22998046875,ETH
2026-09-06 20:15:00+00:00,2492.550048828125,ETH
2026-09-06 20:16:00+00:00,2491.22998046875,ETH
2026-09-06 20:17:00+00:00,2491.510009765625,ETH
2026-09-06 20:18:00+00:00,2491.610107421875,ETH
2026-09-06 20:19:00+00:00,2492.419921875,ETH
2026-09-06 20:20:00+00:00,2494.719970703125,ETH
2026-09-06 20:21:00+00:00,2495.31005859375,ETH
2026-09-06 20:22:00+00:00,2494.64990234375,ETH
2026-09-06 20:23:00+00:00,2495.93994140625,ETH
2026-09-06 20:24:00+00:00,2495.320068359375,ETH
2026-09-06 20:25:00+00:00,2495.320068359375,ETH
2026-09-06 20:26:00+00:00,2495.550048828125,ETH
2026-09-06 20:27:00+00:00,2495.550048828125,ETH
2026-09-06 20:28:00+00:00,2495.7099609375,ETH
2026-09-06 20:29:00+00:00,2495.93994140625,ETH
2026-09-06 20:30:00+00:00,2496.02001953125,ETH
2026-09-06 20:31:00+00:00,2496.169921875,ETH
2026-09-06 20:32:00+00:00,2496.110107421875,ETH
2026-09-06 20:33:00+00:00,2496.860107421875,ETH
2026-09-06 20:34:00+00:00,2496.280029296875,ETH
2026-09-06 20:35:00+00:00,2495.860107421875,ETH
2026-09-06 20:36:00+00:00,2497.14990234375,ETH
2026-09-06 20:37:00+00:00,2495.639892578125,ETH
2026-09-06 20:38:00+00:00,2495.199951171875,ETH
2026-09-06 20:39:00+00:00,2496.2900390625,ETH
2026-09-06 20:40:00+00:00,2494.800048828125,ETH
2026-09-06 20:41:00+00:00,2495.159912109375,ETH
2026-09-06 20:42:00+00:00,2495.27001953125,ETH
2026-09-06 20:43:00+00:00,2496.43994140625,ETH
2026-09-06 20:44:00+00:00,2496.969970703125,ETH
2026-09-06 20:45:00+00:00,2498.199951171875,ETH
2026-09-06 20:46:00+00:00,2499.580078125,ETH
2026-09-06 20:47:00+00:00,2498.5,ETH
2026-09-06 20:48:00+00:00,2498.719970703125,ETH
2026-09-06 20:49:00+00:00,2498.800048828125,ETH
2026-09-06 20:50:00+00:00,2499.639892578125,ETH
2026-09-06 20:51:00+00:00,2500.06005859375,ETH
2026-09-06 20:52:00+00:00,2499.31005859375,ETH
2026-09-06 20:53:00+00:00,2498.429931640625,ETH
2026-09-06 20:54:00+00:00,2498.6298828125,ETH
2026-09-06 20:55:00+00:00,2498.31005859375,ETH
2026-09-06 20:56:00+00:00,2498.2900390625,ETH
2026-09-06 20:57:00+00:00,2498.5,ETH
2026-09-06 20:58:00+00:00,2498.699951171875,ETH
2026-09-06 20:59:00+00:00,2499.27001953125,ETH
2026-09-06 21:00:00+00:00,2499.97998046875,ETH
2026-09-06 21:01:00+00:00,2502.169921875,ETH
2026-09-06 21:02:00+00:00,2502.6298828125,ETH
2026-09-06 21:03:00+00:00,2503.570068359375,ETH
2026-09-06 21:04:00+00:00,2504.419921875,ETH
2026-09-06 21:05:00+00:00,2504.27001953125,ETH
2026-09-06 21:06:00+00:00,2503.800048828125,ETH
2026-09-06 21:07:00+00:00,2505.89990234375,ETH
2026-09-06 21:08:00+00:00,2510.60009765625,ETH
2026-09-06 21:09:00+00:00,2511.639892578125,ETH
2026-09-06 21:10:00+00:00,2512.050048828125,ETH
2026-09-06 21:11:00+00:00,2509.800048828125,ETH
2026-09-06 21:12:00+00:00,2508.39990234375,ETH
2026-09-06 21:13:00+00:00,2510.739990234375,ETH
2026-09-06 21:14:00+00:00,2510.89990234375,ETH
2026-09-06 21:15:00+00:00,2510.39990234375,ETH
2026-09-06 21:16:00+00:00,2514.830078125,ETH
2026-09-06 21:17:00+00:00,2512.81005859375,ETH
2026-09-06 21:18:00+00:00,2515.5,ETH
2026-09-06 21:19:00+00:00,2513.8701171875,ETH
2026-09-06 21:20:00+00:00,2514.570068359375,ETH
2026-09-06 21:21:00+00:00,2510.739990234375,ETH
2026-09-06 21:22:00+00:00,2509.89990234375,ETH
2026-09-06 21:23:00+00:00,2509.719970703125,ETH
2026-09-06 21:24:00+00:00,2510.89990234375,ETH
2026-09-06 21:25:00+00:00,2509.679931640625,ETH
2026-09-06 21:26:00+00:00,2509.419921875,ETH
2026-09-06 21:27:00+00:00,2507.93994140625,ETH
2026-09-06 21:28:00+00:00,2506.89990234375,ETH
2026-09-06 21:29:00+00:00,2506.02001953125,ETH
2026-09-06 21:30:00+00:00,2504.25,ETH
2026-09-06 21:31:00+00:00,2505.97998046875,ETH
2026-09-06 21:32:00+00:00,2505.800048828125,ETH
2026-09-06 21:33:00+00:00,2505.010009765625,ETH
2026-09-06 21:34:00+00:00,2505.39990234375,ETH
2026-09-06 21:35:00+00:00,2506.840087890625,ETH
2026-09-06 21:36:00+00:00,2508.010009765625,ETH
2026-09-06 21:37:00+00:00,2507.800048828125,ETH
2026-09-06 21:38:00+00:00,2507.159912109375,ETH
2026-09-06 21:39:00+00:00,2507.22998046875,ETH
2026-09-06 21:40:00+00:00,2507.31005859375,ETH
2026-09-06 21:41:00+00:00,2507.409912109375,ETH
2026-09-06 21:42:00+00:00,2508.22998046875,ETH
2026-09-06 21:43:00+00:00,2508.93994140625,ETH
2026-09-06 21:44:00+00:00,2507.239990234375,ETH
2026-09-06 21:45:00+00:00,2510.4599609375,ETH
2026-09-06 21:46:00+00:00,2510.199951171875,ETH
2026-09-06 21:47:00+00:00,2510.159912109375,ETH
2026-09-06 21:48:00+00:00,2509.2099609375,ETH
2026-09-06 21:49:00+00:00,2509.4599609375,ETH
2026-09-06 21:50:00+00:00,2508.06005859375,ETH
2026-09-06 21:51:00+00:00,2507.320068359375,ETH
2026-09-06 21:52:00+00:00,2507.219970703125,ETH
2026-09-06 21:53:00+00:00,2506.6298828125,ETH
2026-09-06 21:54:00+00:00,2507.469970703125,ETH
2026-09-06 21:55:00+00:00,2506.840087890625,ETH
2026-09-06 21:56:00+00:00,2506.10009765625,ETH
2026-09-06 21:57:00+00:00,2507.090087890625,ETH
2026-09-06 21:58:00+00:00,2507.429931640625,ETH
2026-09-06 21:59:00+00:00,2507.3798828125,ETH
2026-09-06 22:00:00+00:00,2506.0,ETH
2026-09-06 22:01:00+00:00,2506.60009765625,ETH
2026-09-06 22:02:00+00:00,2502.429931640625,ETH
2026-09-06 22:03:00+00:00,2502.429931640625,ETH
2026-09-06 22:04:00+00:00,2503.070068359375,ETH
2026-09-06 22:05:00+00:00,2504.8798828125,ETH
2026-09-06 22:06:00+00:00,2503.06005859375,ETH
2026-09-06 22:07:00+00:00,2500.5,ETH
2026-09-06 22:08:00+00:00,2501.10009765625,ETH
2026-09-06 22:09:00+00:00,2496.760009765625,ETH
2026-09-06 22:10:00+00:00,2497.780029296875,ETH
2026-09-06 22:11:00+00:00,2499.409912109375,ETH
2026-09-06 22:12:00+00:00,2495.929931640625,ETH
2026-09-06 22:13:00+00:00,2497.5,ETH
2026-09-06 22:14:00+00:00,2497.9599609375,ETH
2026-09-06 22:15:00+00:00,2499.159912109375,ETH
2026-09-06 22:16:00+00:00,2497.6201171875,ETH
2026-09-06 22:17:00+00:00,2496.010009765625,ETH
2026-09-06 22:18:00+00:00,2492.89990234375,ETH
2026-09-06 22:19:00+00:00,2492.06005859375,ETH
2026-09-06 22:20:00+00:00,2493.72998046875,ETH
2026-09-06 22:21:00+00:00,2494.570068359375,ETH
2026-09-06 22:22:00+00:00,2495.260009765625,ETH
2026-09-06 22:23:00+00:00,2496.72998046875,ETH
2026-09-06 22:24:00+00:00,2496.199951171875,ETH
2026-09-06 22:25:00+00:00,2496.889892578125,ETH
2026-09-06 22:26:00+00:00,2498.739990234375,ETH
2026-09-06 22:27:00+00:00,2498.699951171875,ETH
2026-09-06 22:28:00+00:00,2498.60009765625,ETH
2026-09-06 22:29:00+00:00,2498.60009765625,ETH
2026-09-06 22:30:00+00:00,2498.60009765625,ETH
2026-09-06 22:31:00+00:00,2501.280029296875,ETH
2026-09-06 22:32:00+00:00,2501.639892578125,ETH
2026-09-06 22:33:00+00:00,2502.300048828125,ETH
2026-09-06 22:34:00+00:00,2504.699951171875,ETH
2026-09-06 22:35:00+00:00,2504.7099609375,ETH
2026-09-06 22:36:00+00:00,2506.06005859375,ETH
2026-09-06 22:37:00+00:00,2506.199951171875,ETH
2026-09-06 22:38:00+00:00,2506.510009765625,ETH
2026-09-06 22:39:00+00:00,2504.800048828125,ETH
2026-09-06 22:40:00+00:00,2505.47998046875,ETH
2026-09-06 22:41:00+00:00,2505.7099609375,ETH
2026-09-06 22:42:00+00:00,2506.31005859375,ETH
2026-09-06 22:43:00+00:00,2505.1201171875,ETH
2026-09-06 22:44:00+00:00,2506.64990234375,ETH
2026-09-06 22:45:00+00:00,2506.510009765625,ETH
2026-09-06 22:46:00+00:00,2505.85009765625,ETH
2026-09-06 22:47:00+00:00,2505.429931640625,ETH
2026-09-06 22:48:00+00:00,2505.47998046875,ETH
2026-09-06 22:49:00+00:00,2506.800048828125,ETH
2026-09-06 22:50:00+00:00,2505.919921875,ETH
2026-09-06 22:51:00+00:00,2507.7099609375,ETH
2026-09-06 22:52:00+00:00,2508.0400390625,ETH
2026-09-06 22:53:00+00:00,2507.510009765625,ETH
2026-09-06 22:54:00+00:00,2508.330078125,ETH
2026-09-06 22:55:00+00:00,2509.429931640625,ETH
2026-09-06 22:56:00+00:00,2510.739990234375,ETH
2026-09-06 22:57:00+00:00,2507.699951171875,ETH
2026-09-06 22:58:00+00:00,2508.14990234375,ETH
2026-09-06 22:59:00+00:00,2507.9599609375,ETH
2026-09-06 23:00:00+00:00,2508.93994140625,ETH
2026-09-06 23:01:00+00:00,2508.43994140625,ETH
2026-09-06 23:02:00+00:00,2509.5,ETH
2026-09-06 23:03:00+00:00,2513.139892578125,ETH
2026-09-06 23:04:00+00:00,2511.39990234375,ETH
2026-09-06 23:05:00+00:00,2510.179931640625,ETH
2026-09-06 23:06:00+00:00,2508.6201171875,ETH
2026-09-06 23:07:00+00:00,2509.159912109375,ETH
2026-09-06 23:08:00+00:00,2510.169921875,ETH
2026-09-06 23:09:00+00:00,2510.9599609375,ETH
2026-09-06 23:10:00+00:00,2511.10009765625,ETH
2026-09-06 23:11:00+00:00,2510.179931640625,ETH
2026-09-06 23:12:00+00:00,2510.469970703125,ETH
2026-09-06 23:13:00+00:00,2511.43994140625,ETH
2026-09-06 23:14:00+00:00,2510.6298828125,ETH
2026-09-06 23:15:00+00:00,2509.239990234375,ETH
2026-09-06 23:16:00+00:00,2510.010009765625,ETH
2026-09-06 23:17:00+00:00,2511.0400390625,ETH
2026-09-06 23:18:00+00:00,2513.699951171875,ETH
2026-09-06 23:19:00+00:00,2513.93994140625,ETH
2026-09-06 23:20:00+00:00,2512.830078125,ETH
2026-09-06 23:21:00+00:00,2511.89990234375,ETH
2026-09-06 23:22:00+00:00,2512.840087890625,ETH
2026-09-06 23:23:00+00:00,2511.8798828125,ETH
2026-09-06 23:24:00+00:00,2511.31005859375,ETH
2026-09-06 23:25:00+00:00,2510.409912109375,ETH
2026-09-06 23:26:00+00:00,2513.300048828125,ETH
2026-09-06 23:27:00+00:00,2513.10009765625,ETH
2026-09-06 23:28:00+00:00,2513.050048828125,ETH
2026-09-06 23:29:00+00:00,2512.659912109375,ETH
2026-09-06 23:30:00+00:00,2514.050048828125,ETH
2026-09-06 23:31:00+00:00,2513.3701171875,ETH
2026-09-06 23:32:00+00:00,2513.7900390625,ETH
2026-09-06 23:33:00+00:00,2513.510009765625,ETH
2026-09-06 23:34:00+00:00,2516.5400390625,ETH
2026-09-06 23:35:00+00:00,2517.820068359375,ETH
2026-09-06 23:36:00+00:00,2520.68994140625,ETH
2026-09-06 23:37:00+00:00,2518.510009765625,ETH
2026-09-06 23:38:00+00:00,2521.5,ETH
2026-09-06 23:39:00+00:00,2520.889892578125,ETH
2026-09-06 23:40:00+00:00,2516.39990234375,ETH
2026-09-06 23:41:00+00:00,2518.25,ETH
2026-09-06 23:42:00+00:00,2519.590087890625,ETH
2026-09-06 23:43:00+00:00,2522.280029296875,ETH
2026-09-06 23:44:00+00:00,2520.030029296875,ETH
2026-09-06 23:45:00+00:00,2522.10009765625,ETH
2026-09-06 23:46:00+00:00,2523.340087890625,ETH
2026-09-06 23:47:00+00:00,2520.72998046875,ETH
2026-09-06 23:48:00+00:00,2520.300048828125,ETH
2026-09-06 23:49:00+00:00,2521.199951171875,ETH
2026-09-06 23:50:00+00:00,2519.27001953125,ETH
2026-09-06 23:51:00+00:00,2517.449951171875,ETH
2026-09-06 23:52:00+00:00,2516.820068359375,ETH
2026-09-06 23:53:00+00:00,2516.3798828125,ETH
2026-09-06 23:54:00+00:00,2516.590087890625,ETH
2026-09-06 23:55:00+00:00,2514.31005859375,ETH
2026-09-06 23:56:00+00:00,2513.239990234375,ETH
2026-09-06 23:57:00+00:00,2514.360107421875,ETH
2026-09-06 23:58:00+00:00,2514.860107421875,ETH
2026-09-07 00:00:00+00:00,2509.800048828125,ETH
2026-09-07 00:01:00+00:00,2511.760009765625,ETH
2026-09-07 00:02:00+00:00,2512.7099609375,ETH
2026-09-07 00:03:00+00:00,2512.25,ETH
2026-09-07 00:04:00+00:00,2511.280029296875,ETH
2026-09-07 00:05:00+00:00,2514.1201171875,ETH
2026-09-07 00:06:00+00:00,2513.5400390625,ETH
2026-09-07 00:07:00+00:00,2514.260009765625,ETH
2026-09-07 00:08:00+00:00,2515.85009765625,ETH
2026-09-07 00:09:00+00:00,2516.280029296875,ETH
2026-09-07 00:10:00+00:00,2516.97998046875,ETH
2026-09-07 00:11:00+00:00,2517.080078125,ETH
2026-09-07 00:12:00+00:00,2516.090087890625,ETH
2026-09-07 00:13:00+00:00,2517.280029296875,ETH
2026-09-07 00:14:00+00:00,2515.800048828125,ETH
2026-09-07 00:15:00+00:00,2512.52001953125,ETH
2026-09-07 00:16:00+00:00,2513.6298828125,ETH
2026-09-07 00:17:00+00:00,2511.760009765625,ETH
2026-09-07 00:18:00+00:00,2511.340087890625,ETH
2026-09-07 00:19:00+00:00,2511.10009765625,ETH
2026-09-07 00:20:00+00:00,2510.699951171875,ETH
2026-09-07 00:21:00+00:00,2514.56005859375,ETH
2026-09-07 00:22:00+00:00,2516.18994140625,ETH
2026-09-07 00:23:00+00:00,2514.139892578125,ETH
2026-09-07 00:24:00+00:00,2514.360107421875,ETH
2026-09-07 00:25:00+00:00,2514.81005859375,ETH
2026-09-07 00:26:00+00:00,2516.030029296875,ETH
2026-09-07 00:27:00+00:00,2516.489990234375,ETH
2026-09-07 00:28:00+00:00,2517.889892578125,ETH
2026-09-07 00:29:00+00:00,2517.6201171875,ETH
2026-09-07 00:30:00+00:00,2520.050048828125,ETH
2026-09-07 00:31:00+00:00,2518.949951171875,ETH
2026-09-07 00:32:00+00:00,2518.489990234375,ETH
2026-09-07 00:33:00+00:00,2516.18994140625,ETH
2026-09-07 00:34:00+00:00,2514.27001953125,ETH
2026-09-07 00:35:00+00:00,2515.7099609375,ETH
2026-09-07 00:36:00+00:00,2515.360107421875,ETH
2026-09-07 00:37:00+00:00,2515.330078125,ETH
2026-09-07 00:38:00+00:00,2513.5400390625,ETH
2026-09-07 00:39:00+00:00,2515.080078125,ETH
2026-09-07 00:40:00+00:00,2514.070068359375,ETH
2026-09-07 00:41:00+00:00,2513.219970703125,ETH
2026-09-07 00:42:00+00:00,2514.89990234375,ETH
2026-09-07 00:43:00+00:00,2515.97998046875,ETH
2026-09-07 00:44:00+00:00,2515.239990234375,ETH
2026-09-07 00:45:00+00:00,2514.409912109375,ETH
2026-09-07 00:46:00+00:00,2513.10009765625,ETH
2026-09-07 00:47:00+00:00,2515.93994140625,ETH
2026-09-07 00:48:00+00:00,2513.929931640625,ETH
2026-09-07 00:49:00+00:00,2515.659912109375,ETH
2026-09-07 00:50:00+00:00,2513.429931640625,ETH
2026-09-07 00:51:00+00:00,2514.47998046875,ETH
2026-09-07 00:52:00+00:00,2516.300048828125,ETH
2026-09-07 00:53:00+00:00,2513.110107421875,ETH
2026-09-07 00:54:00+00:00,2513.4599609375,ETH
2026-09-07 00:55:00+00:00,2513.77001953125,ETH
2026-09-07 00:56:00+00:00,2512.31005859375,ETH
2026-09-07 00:57:00+00:00,2511.22998046875,ETH
2026-09-07 00:58:00+00:00,2509.830078125,ETH
2026-09-07 00:59:00+00:00,2512.68994140625,ETH
2026-09-07 01:00:00+00:00,2511.35009765625,ETH
2026-09-07 01:01:00+00:00,2511.800048828125,ETH
2026-09-07 01:02:00+00:00,2515.070068359375,ETH
2026-09-07 01:03:00+00:00,2513.989990234375,ETH
2026-09-07 01:04:00+00:00,2515.280029296875,ETH
2026-09-07 01:05:00+00:00,2512.18994140625,ETH
2026-09-07 01:06:00+00:00,2509.090087890625,ETH
2026-09-07 01:07:00+00:00,2509.1298828125,ETH
2026-09-07 01:08:00+00:00,2506.97998046875,ETH
2026-09-07 01:09:00+00:00,2504.610107421875,ETH
2026-09-07 01:10:00+00:00,2504.969970703125,ETH
2026-09-07 01:11:00+00:00,2508.679931640625,ETH
2026-09-07 01:12:00+00:00,2506.60009765625,ETH
2026-09-07 01:13:00+00:00,2506.7099609375,ETH
2026-09-07 01:14:00+00:00,2507.590087890625,ETH
2026-09-07 01:15:00+00:00,2503.800048828125,ETH
2026-09-07 01:16:00+00:00,2505.699951171875,ETH
2026-09-07 01:17:00+00:00,2507.760009765625,ETH
2026-09-07 01:18:00+00:00,2508.889892578125,ETH
2026-09-07 01:19:00+00:00,2506.4599609375,ETH
2026-09-07 01:20:00+00:00,2503.169921875,ETH
2026-09-07 01:21:00+00:00,2503.639892578125,ETH
2026-09-07 01:22:00+00:00,2505.580078125,ETH
2026-09-07 01:23:00+00:00,2505.0,ETH
2026-09-07 01:24:00+00:00,2503.81005859375,ETH
2026-09-07 01:25:00+00:00,2501.919921875,ETH
2026-09-07 01:26:00+00:00,2501.830078125,ETH
2026-09-07 01:27:00+00:00,2503.02001953125,ETH
2026-09-07 01:28:00+00:00,2504.409912109375,ETH
2026-09-07 01:29:00+00:00,2504.419921875,ETH
2026-09-07 01:30:00+00:00,2502.969970703125,ETH
2026-09-07 01:31:00+00:00,2504.590087890625,ETH
2026-09-07 01:32:00+00:00,2505.6298828125,ETH
2026-09-07 01:33:00+00:00,2506.489990234375,ETH
2026-09-07 01:34:00+00:00,2507.070068359375,ETH
2026-09-07 01:35:00+00:00,2505.330078125,ETH
2026-09-07 01:36:00+00:00,2504.3798828125,ETH
2026-09-07 01:37:00+00:00,2505.35009765625,ETH
2026-09-07 01:38:00+00:00,2504.39990234375,ETH
2026-09-07 01:39:00+00:00,2504.1201171875,ETH
2026-09-07 01:40:00+00:00,2502.919921875,ETH
2026-09-07 01:41:00+00:00,2501.989990234375,ETH
2026-09-07 01:42:00+00:00,2502.7099609375,ETH
2026-09-07 01:43:00+00:00,2501.10009765625,ETH
2026-09-07 01:44:00+00:00,2500.489990234375,ETH
2026-09-07 01:45:00+00:00,2501.5,ETH
2026-09-07 01:46:00+00:00,2501.02001953125,ETH
2026-09-07 01:47:00+00:00,2501.18994140625,ETH
2026-09-07 01:48:00+00:00,2500.530029296875,ETH
2026-09-07 01:49:00+00:00,2500.389892578125,ETH
2026-09-07 01:50:00+00:00,2500.449951171875,ETH
2026-09-07 01:51:00+00:00,2501.889892578125,ETH
2026-09-07 01:52:00+00:00,2502.010009765625,ETH
2026-09-07 01:53:00+00:00,2503.2900390625,ETH
2026-09-07 01:54:00+00:00,2503.02001953125,ETH
2026-09-07 01:55:00+00:00,2504.179931640625,ETH
2026-09-07 01:56:00+00:00,2503.949951171875,ETH
2026-09-07 01:57:00+00:00,2504.860107421875,ETH
2026-09-07 01:58:00+00:00,2503.669921875,ETH
2026-09-07 01:59:00+00:00,2503.699951171875,ETH
2026-09-07 02:00:00+00:00,2503.760009765625,ETH
2026-09-07 02:01:00+00:00,2504.2900390625,ETH
2026-09-07 02:02:00+00:00,2503.080078125,ETH
2026-09-07 02:03:00+00:00,2502.360107421875,ETH
2026-09-07 02:04:00+00:00,2501.9599609375,ETH
2026-09-07 02:05:00+00:00,2501.72998046875,ETH
2026-09-07 02:06:00+00:00,2500.68994140625,ETH
2026-09-07 02:07:00+00:00,2499.389892578125,ETH
2026-09-07 02:08:00+00:00,2501.510009765625,ETH
2026-09-07 02:09:00+00:00,2499.280029296875,ETH
2026-09-07 02:10:00+00:00,2499.43994140625,ETH
2026-09-07 02:11:00+00:00,2500.72998046875,ETH
2026-09-07 02:12:00+00:00,2500.3798828125,ETH
2026-09-07 02:13:00+00:00,2498.989990234375,ETH
2026-09-07 02:14:00+00:00,2500.5,ETH
2026-09-07 02:15:00+00:00,2501.10009765625,ETH
2026-09-07 02:16:00+00:00,2501.10009765625,ETH
2026-09-07 02:17:00+00:00,2501.580078125,ETH
2026-09-07 02:18:00+00:00,2504.39990234375,ETH
2026-09-07 02:19:00+00:00,2504.6201171875,ETH
2026-09-07 02:20:00+00:00,2505.64990234375,ETH
2026-09-07 02:21:00+00:00,2505.219970703125,ETH
2026-09-07 02:22:00+00:00,2503.800048828125,ETH
2026-09-07 02:23:00+00:00,2503.5400390625,ETH
2026-09-07 02:24:00+00:00,2505.60009765625,ETH
2026-09-07 02:25:00+00:00,2506.1298828125,ETH
2026-09-07 02:26:00+00:00,2506.320068359375,ETH
2026-09-07 02:27:00+00:00,2507.800048828125,ETH
2026-09-07 02:28:00+00:00,2509.22998046875,ETH
2026-09-07 02:29:00+00:00,2511.3701171875,ETH
2026-09-07 02:30:00+00:00,2511.449951171875,ETH
2026-09-07 02:31:00+00:00,2511.31005859375,ETH
2026-09-07 02:32:00+00:00,2510.52001953125,ETH
2026-09-07 02:33:00+00:00,2510.4599609375,ETH
2026-09-07 02:34:00+00:00,2510.47998046875,ETH
2026-09-07 02:35:00+00:00,2514.419921875,ETH
2026-09-07 02:36:00+00:00,2519.18994140625,ETH
2026-09-07 02:37:00+00:00,2521.10009765625,ETH
2026-09-07 02:38:00+00:00,2527.02001953125,ETH
2026-09-07 02:39:00+00:00,2534.0,ETH
2026-09-07 02:40:00+00:00,2529.639892578125,ETH
2026-09-07 02:41:00+00:00,2529.10009765625,ETH
2026-09-07 02:42:00+00:00,2529.5400390625,ETH
2026-09-07 02:43:00+00:00,2527.89990234375,ETH
2026-09-07 02:44:00+00:00,2526.919921875,ETH
2026-09-07 02:45:00+00:00,2525.85009765625,ETH
2026-09-07 02:46:00+00:00,2527.199951171875,ETH
2026-09-07 02:47:00+00:00,2525.820068359375,ETH
2026-09-07 02:48:00+00:00,2525.10009765625,ETH
2026-09-07 02:49:00+00:00,2525.669921875,ETH
2026-09-07 02:50:00+00:00,2523.610107421875,ETH
2026-09-07 02:51:00+00:00,2523.0,ETH
2026-09-07 02:52:00+00:00,2520.360107421875,ETH
2026-09-07 02:53:00+00:00,2518.1201171875,ETH
2026-09-07 02:54:00+00:00,2517.449951171875,ETH
2026-09-07 02:55:00+00:00,2517.739990234375,ETH
2026-09-07 02:56:00+00:00,2516.800048828125,ETH
2026-09-07 02:57:00+00:00,2512.949951171875,ETH
2026-09-07 02:58:00+00:00,2510.969970703125,ETH
2026-09-07 02:59:00+00:00,2511.659912109375,ETH
2026-09-07 03:00:00+00:00,2509.31005859375,ETH
2026-09-07 03:01:00+00:00,2511.159912109375,ETH
2026-09-07 03:02:00+00:00,2515.070068359375,ETH
2026-09-07 03:03:00+00:00,2514.639892578125,ETH
2026-09-07 03:04:00+00:00,2515.25,ETH
2026-09-07 03:05:00+00:00,2513.780029296875,ETH
2026-09-07 03:06:00+00:00,2513.1298828125,ETH
2026-09-07 03:07:00+00:00,2511.300048828125,ETH
2026-09-07 03:08:00+00:00,2509.89990234375,ETH
2026-09-07 03:09:00+00:00,2508.800048828125,ETH
2026-09-07 03:10:00+00:00,2508.669921875,ETH
2026-09-07 03:11:00+00:00,2507.7900390625,ETH
2026-09-07 03:12:00+00:00,2507.919921875,ETH
2026-09-07 03:13:00+00:00,2507.06005859375,ETH
2026-09-07 03:14:00+00:00,2507.10009765625,ETH
2026-09-07 03:15:00+00:00,2507.260009765625,ETH
2026-09-07 03:16:00+00:00,2507.510009765625,ETH
2026-09-07 03:17:00+00:00,2506.530029296875,ETH
2026-09-07 03:18:00+00:00,2508.159912109375,ETH
2026-09-07 03:19:00+00:00,2507.969970703125,ETH
2026-09-07 03:20:00+00:00,2509.570068359375,ETH
2026-09-07 03:21:00+00:00,2510.56005859375,ETH
2026-09-07 03:22:00+00:00,2509.8701171875,ETH
2026-09-07 03:23:00+00:00,2509.330078125,ETH
2026-09-07 03:24:00+00:00,2507.56005859375,ETH
2026-09-07 03:25:00+00:00,2504.9599609375,ETH
2026-09-07 03:26:00+00:00,2506.199951171875,ETH
2026-09-07 03:27:00+00:00,2504.860107421875,ETH
2026-09-07 03:28:00+00:00,2504.5,ETH
2026-09-07 03:29:00+00:00,2504.2900390625,ETH
2026-09-07 03:30:00+00:00,2505.68994140625,ETH
2026-09-07 03:31:00+00:00,2503.6298828125,ETH
2026-09-07 03:32:00+00:00,2503.3798828125,ETH
2026-09-07 03:33:00+00:00,2504.14990234375,ETH
2026-09-07 03:34:00+00:00,2503.199951171875,ETH
2026-09-07 03:35:00+00:00,2502.3798828125,ETH
2026-09-07 03:36:00+00:00,2503.110107421875,ETH
2026-09-07 03:37:00+00:00,2500.530029296875,ETH
2026-09-07 03:38:00+00:00,2500.169921875,ETH
2026-09-07 03:39:00+00:00,2499.68994140625,ETH
2026-09-07 03:40:00+00:00,2500.090087890625,ETH
2026-09-07 03:41:00+00:00,2498.590087890625,ETH
2026-09-07 03:42:00+00:00,2499.610107421875,ETH
2026-09-07 03:43:00+00:00,2499.929931640625,ETH
2026-09-07 03:44:00+00:00,2497.56005859375,ETH
2026-09-07 03:45:00+00:00,2496.949951171875,ETH
2026-09-07 03:46:00+00:00,2498.64990234375,ETH
2026-09-07 03:47:00+00:00,2499.35009765625,ETH
2026-09-07 03:48:00+00:00,2498.489990234375,ETH
2026-09-07 03:49:00+00:00,2497.659912109375,ETH
2026-09-07 03:50:00+00:00,2498.590087890625,ETH
2026-09-07 03:51:00+00:00,2497.139892578125,ETH
2026-09-07 03:52:00+00:00,2498.070068359375,ETH
2026-09-07 03:53:00+00:00,2497.169921875,ETH
2026-09-07 03:54:00+00:00,2499.590087890625,ETH
2026-09-07 03:55:00+00:00,2499.669921875,ETH
2026-09-07 03:56:00+00:00,2499.199951171875,ETH
2026-09-07 03:57:00+00:00,2499.330078125,ETH
2026-09-07 03:58:00+00:00,2498.1201171875,ETH
2026-09-07 03:59:00+00:00,2497.39990234375,ETH
2026-09-07 04:00:00+00:00,2497.300048828125,ETH
2026-09-07 04:01:00+00:00,2496.60009765625,ETH
2026-09-07 04:02:00+00:00,2496.5,ETH
2026-09-07 04:03:00+00:00,2496.0,ETH
2026-09-07 04:04:00+00:00,2497.929931640625,ETH
2026-09-07 04:05:00+00:00,2496.5400390625,ETH
2026-09-07 04:06:00+00:00,2496.760009765625,ETH
2026-09-07 04:07:00+00:00,2497.43994140625,ETH
2026-09-07 04:08:00+00:00,2498.139892578125,ETH
2026-09-07 04:09:00+00:00,2498.5400390625,ETH
2026-09-07 04:10:00+00:00,2497.739990234375,ETH
2026-09-07 04:11:00+00:00,2497.239990234375,ETH
2026-09-07 04:12:00+00:00,2494.699951171875,ETH
2026-09-07 04:13:00+00:00,2494.89990234375,ETH
2026-09-07 04:14:00+00:00,2498.050048828125,ETH
2026-09-07 04:15:00+00:00,2497.830078125,ETH
2026-09-07 04:16:00+00:00,2496.989990234375,ETH
2026-09-07 04:17:00+00:00,2497.330078125,ETH
2026-09-07 04:18:00+00:00,2496.9599609375,ETH
2026-09-07 04:19:00+00:00,2497.9599609375,ETH
2026-09-07 04:20:00+00:00,2498.669921875,ETH
2026-09-07 04:21:00+00:00,2498.60009765625,ETH
2026-09-07 04:22:00+00:00,2498.39990234375,ETH
2026-09-07 04:23:00+00:00,2498.989990234375,ETH
2026-09-07 04:24:00+00:00,2497.60009765625,ETH
2026-09-07 04:25:00+00:00,2497.47998046875,ETH
2026-09-07 04:26:00+00:00,2498.22998046875,ETH
2026-09-07 04:27:00+00:00,2499.14990234375,ETH
2026-09-07 04:28:00+00:00,2496.840087890625,ETH
2026-09-07 04:29:00+00:00,2496.340087890625,ETH
2026-09-07 04:30:00+00:00,2495.419921875,ETH
2026-09-07 04:31:00+00:00,2495.580078125,ETH
2026-09-07 04:32:00+00:00,2495.1298828125,ETH
2026-09-07 04:33:00+00:00,2495.60009765625,ETH
2026-09-07 04:34:00+00:00,2496.47998046875,ETH
2026-09-07 04:35:00+00:00,2493.489990234375,ETH
2026-09-07 04:36:00+00:00,2495.320068359375,ETH
2026-09-07 04:37:00+00:00,2497.139892578125,ETH
2026-09-07 04:38:00+00:00,2496.340087890625,ETH
2026-09-07 04:39:00+00:00,2495.409912109375,ETH
2026-09-07 04:40:00+00:00,2496.85009765625,ETH
2026-09-07 04:41:00+00:00,2495.97998046875,ETH
2026-09-07 04:42:00+00:00,2495.070068359375,ETH
2026-09-07 04:43:00+00:00,2496.27001953125,ETH
2026-09-07 04:44:00+00:00,2496.89990234375,ETH
2026-09-07 04:45:00+00:00,2498.050048828125,ETH
2026-09-07 04:46:00+00:00,2497.050048828125,ETH
2026-09-07 04:47:00+00:00,2497.7900390625,ETH
2026-09-07 04:48:00+00:00,2496.6201171875,ETH
2026-09-07 04:49:00+00:00,2497.1298828125,ETH
2026-09-07 04:50:00+00:00,2496.89990234375,ETH
2026-09-07 04:51:00+00:00,2495.7099609375,ETH
2026-09-07 04:52:00+00:00,2495.2900390625,ETH
2026-09-07 04:53:00+00:00,2494.97998046875,ETH
2026-09-07 04:54:00+00:00,2494.469970703125,ETH
2026-09-07 04:55:00+00:00,2495.2099609375,ETH
2026-09-07 04:56:00+00:00,2495.669921875,ETH
2026-09-07 04:57:00+00:00,2497.02001953125,ETH
2026-09-07 04:58:00+00:00,2497.8701171875,ETH
2026-09-07 04:59:00+00:00,2497.889892578125,ETH
2026-09-07 05:00:00+00:00,2497.39990234375,ETH
2026-09-07 05:01:00+00:00,2499.27001953125,ETH
2026-09-07 05:02:00+00:00,2498.85009765625,ETH
2026-09-07 05:03:00+00:00,2499.889892578125,ETH
2026-09-07 05:04:00+00:00,2502.590087890625,ETH
2026-09-07 05:05:00+00:00,2504.330078125,ETH
2026-09-07 05:06:00+00:00,2502.39990234375,ETH
2026-09-07 05:07:00+00:00,2502.010009765625,ETH
2026-09-07 05:08:00+00:00,2501.6298828125,ETH
2026-09-07 05:09:00+00:00,2502.989990234375,ETH
2026-09-07 05:10:00+00:00,2501.800048828125,ETH
2026-09-07 05:11:00+00:00,2501.469970703125,ETH
2026-09-07 05:12:00+00:00,2500.72998046875,ETH
2026-09-07 05:13:00+00:00,2502.0400390625,ETH
2026-09-07 05:14:00+00:00,2503.449951171875,ETH
2026-09-07 05:15:00+00:00,2506.31005859375,ETH
2026-09-07 05:16:00+00:00,2505.590087890625,ETH
2026-09-07 05:17:00+00:00,2508.820068359375,ETH
2026-09-07 05:18:00+00:00,2507.300048828125,ETH
2026-09-07 05:19:00+00:00,2507.679931640625,ETH
2026-09-07 05:20:00+00:00,2506.530029296875,ETH
2026-09-07 05:21:00+00:00,2506.43994140625,ETH
2026-09-07 05:22:00+00:00,2508.510009765625,ETH
2026-09-07 05:23:00+00:00,2510.31005859375,ETH
2026-09-07 05:24:00+00:00,2511.340087890625,ETH
2026-09-07 05:25:00+00:00,2512.10009765625,ETH
2026-09-07 05:26:00+00:00,2510.929931640625,ETH
2026-09-07 05:27:00+00:00,2512.610107421875,ETH
2026-09-07 05:28:00+00:00,2512.35009765625,ETH
2026-09-07 05:29:00+00:00,2512.5,ETH
2026-09-07 05:30:00+00:00,2511.580078125,ETH
2026-09-07 05:31:00+00:00,2512.929931640625,ETH
2026-09-07 05:32:00+00:00,2511.080078125,ETH
2026-09-07 05:33:00+00:00,2511.659912109375,ETH
2026-09-07 05:34:00+00:00,2511.300048828125,ETH
2026-09-07 05:35:00+00:00,2511.4599609375,ETH
2026-09-07 05:36:00+00:00,2510.909912109375,ETH
2026-09-07 05:37:00+00:00,2510.52001953125,ETH
2026-09-07 05:38:00+00:00,2510.5,ETH
2026-09-07 05:39:00+00:00,2510.330078125,ETH
2026-09-07 05:40:00+00:00,2509.570068359375,ETH
2026-09-07 05:41:00+00:00,2510.39990234375,ETH
2026-09-07 05:42:00+00:00,2510.550048828125,ETH
2026-09-07 05:43:00+00:00,2511.030029296875,ETH
2026-09-07 05:44:00+00:00,2511.340087890625,ETH
2026-09-07 05:45:00+00:00,2510.580078125,ETH
2026-09-07 05:46:00+00:00,2511.0,ETH
2026-09-07 05:47:00+00:00,2510.280029296875,ETH
2026-09-07 05:48:00+00:00,2510.56005859375,ETH
2026-09-07 05:49:00+00:00,2509.2099609375,ETH
2026-09-07 05:50:00+00:00,2505.860107421875,ETH
2026-09-07 05:51:00+00:00,2505.3798828125,ETH
2026-09-07 05:52:00+00:00,2507.5,ETH
2026-09-07 05:53:00+00:00,2506.489990234375,ETH
2026-09-07 05:54:00+00:00,2504.840087890625,ETH
2026-09-07 05:55:00+00:00,2504.489990234375,ETH
2026-09-07 05:56:00+00:00,2503.659912109375,ETH
2026-09-07 05:57:00+00:00,2504.39990234375,ETH
2026-09-07 05:58:00+00:00,2504.7099609375,ETH
2026-09-07 05:59:00+00:00,2504.5400390625,ETH
2026-09-07 06:00:00+00:00,2504.68994140625,ETH
2026-09-07 06:01:00+00:00,2504.7900390625,ETH
2026-09-07 06:02:00+00:00,2504.43994140625,ETH
2026-09-07 06:03:00+00:00,2505.679931640625,ETH
2026-09-07 06:04:00+00:00,2506.0,ETH
2026-09-07 06:05:00+00:00,2506.080078125,ETH
2026-09-07 06:06:00+00:00,2504.659912109375,ETH
2026-09-07 06:07:00+00:00,2504.830078125,ETH
2026-09-07 06:08:00+00:00,2505.10009765625,ETH
2026-09-07 06:09:00+00:00,2507.6201171875,ETH
2026-09-07 06:10:00+00:00,2507.669921875,ETH
2026-09-07 06:11:00+00:00,2507.919921875,ETH
2026-09-07 06:12:00+00:00,2508.830078125,ETH
2026-09-07 06:13:00+00:00,2509.639892578125,ETH
2026-09-07 06:14:00+00:00,2509.510009765625,ETH
2026-09-07 06:15:00+00:00,2508.919921875,ETH
2026-09-07 06:16:00+00:00,2508.080078125,ETH
2026-09-07 06:17:00+00:00,2507.199951171875,ETH
2026-09-07 06:18:00+00:00,2505.8701171875,ETH
2026-09-07 06:19:00+00:00,2505.6201171875,ETH
2026-09-07 06:20:00+00:00,2504.409912109375,ETH
2026-09-07 06:21:00+00:00,2504.3798828125,ETH
2026-09-07 06:22:00+00:00,2504.39990234375,ETH
2026-09-07 06:23:00+00:00,2505.60009765625,ETH
2026-09-07 06:24:00+00:00,2505.590087890625,ETH
2026-09-07 06:25:00+00:00,2504.360107421875,ETH
2026-09-07 06:26:00+00:00,2504.090087890625,ETH
2026-09-07 06:27:00+00:00,2503.6201171875,ETH
2026-09-07 06:28:00+00:00,2503.4599609375,ETH
2026-09-07 06:29:00+00:00,2503.5,ETH
2026-09-07 06:30:00+00:00,2503.97998046875,ETH
2026-09-07 06:31:00+00:00,2503.72998046875,ETH
2026-09-07 06:32:00+00:00,2502.510009765625,ETH
2026-09-07 06:33:00+00:00,2502.909912109375,ETH
2026-09-07 06:34:00+00:00,2502.669921875,ETH
2026-09-07 06:35:00+00:00,2502.429931640625,ETH
2026-09-07 06:36:00+00:00,2502.929931640625,ETH
2026-09-07 06:37:00+00:00,2500.780029296875,ETH
2026-09-07 06:38:00+00:00,2500.64990234375,ETH
2026-09-07 06:39:00+00:00,2500.81005859375,ETH
2026-09-07 06:40:00+00:00,2501.070068359375,ETH
2026-09-07 06:41:00+00:00,2500.360107421875,ETH
2026-09-07 06:42:00+00:00,2499.8798828125,ETH
2026-09-07 06:43:00+00:00,2499.6201171875,ETH
2026-09-07 06:44:00+00:00,2499.080078125,ETH
2026-09-07 06:45:00+00:00,2498.8798828125,ETH
2026-09-07 06:46:00+00:00,2499.239990234375,ETH
2026-09-07 06:47:00+00:00,2499.199951171875,ETH
2026-09-07 06:48:00+00:00,2499.739990234375,ETH
2026-09-07 06:49:00+00:00,2499.010009765625,ETH
2026-09-07 06:50:00+00:00,2499.68994140625,ETH
2026-09-07 06:51:00+00:00,2499.25,ETH
2026-09-07 06:52:00+00:00,2499.1298828125,ETH
2026-09-07 06:53:00+00:00,2498.97998046875,ETH
2026-09-07 06:54:00+00:00,2498.989990234375,ETH
2026-09-07 06:55:00+00:00,2499.52001953125,ETH
2026-09-07 06:56:00+00:00,2499.679931640625,ETH
2026-09-07 06:57:00+00:00,2499.010009765625,ETH
2026-09-07 06:58:00+00:00,2498.820068359375,ETH
2026-09-07 06:59:00+00:00,2498.0,ETH
2026-09-07 07:00:00+00:00,2496.929931640625,ETH
2026-09-07 07:01:00+00:00,2497.179931640625,ETH
2026-09-07 07:02:00+00:00,2496.89990234375,ETH
2026-09-07 07:03:00+00:00,2497.340087890625,ETH
2026-09-07 07:04:00+00:00,2495.919921875,ETH
2026-09-07 07:05:00+00:00,2497.47998046875,ETH
2026-09-07 07:06:00+00:00,2498.340087890625,ETH
2026-09-07 07:07:00+00:00,2499.1201171875,ETH
2026-09-07 07:08:00+00:00,2499.47998046875,ETH
2026-09-07 07:09:00+00:00,2500.22998046875,ETH
2026-09-07 07:10:00+00:00,2500.52001953125,ETH
2026-09-07 07:11:00+00:00,2499.89990234375,ETH
2026-09-07 07:12:00+00:00,2500.7900390625,ETH
2026-09-07 07:13:00+00:00,2500.5,ETH
2026-09-07 07:14:00+00:00,2499.610107421875,ETH
2026-09-07 07:15:00+00:00,2499.820068359375,ETH
2026-09-07 07:16:00+00:00,2500.2099609375,ETH
2026-09-07 07:17:00+00:00,2500.25,ETH
2026-09-07 07:18:00+00:00,2499.4599609375,ETH
2026-09-07 07:19:00+00:00,2498.47998046875,ETH
2026-09-07 07:20:00+00:00,2498.949951171875,ETH
2026-09-07 07:21:00+00:00,2497.679931640625,ETH
2026-09-07 07:22:00+00:00,2495.510009765625,ETH
2026-09-07 07:23:00+00:00,2493.820068359375,ETH
2026-09-07 07:24:00+00:00,2493.010009765625,ETH
2026-09-07 07:25:00+00:00,2496.260009765625,ETH
2026-09-07 07:26:00+00:00,2493.760009765625,ETH
2026-09-07 07:27:00+00:00,2490.9599609375,ETH
2026-09-07 07:28:00+00:00,2491.159912109375,ETH
2026-09-07 07:29:00+00:00,2488.320068359375,ETH
2026-09-07 07:30:00+00:00,2491.0,ETH
2026-09-07 07:31:00+00:00,2492.10009765625,ETH
2026-09-07 07:32:00+00:00,2491.81005859375,ETH
2026-09-07 07:33:00+00:00,2486.8798828125,ETH
2026-09-07 07:34:00+00:00,2487.25,ETH
2026-09-07 07:35:00+00:00,2483.25,ETH
2026-09-07 07:36:00+00:00,2486.06005859375,ETH
2026-09-07 07:37:00+00:00,2482.909912109375,ETH
2026-09-07 07:38:00+00:00,2482.919921875,ETH
2026-09-07 07:39:00+00:00,2480.60009765625,ETH
2026-09-07 07:40:00+00:00,2480.0,ETH
2026-09-07 07:41:00+00:00,2478.280029296875,ETH
2026-09-07 07:42:00+00:00,2483.97998046875,ETH
2026-09-07 07:43:00+00:00,2485.60009765625,ETH
2026-09-07 07:44:00+00:00,2485.340087890625,ETH
2026-09-07 07:45:00+00:00,2487.510009765625,ETH
2026-09-07 07:46:00+00:00,2487.239990234375,ETH
2026-09-07 07:47:00+00:00,2487.969970703125,ETH
2026-09-07 07:48:00+00:00,2488.14990234375,ETH
2026-09-07 07:49:00+00:00,2488.679931640625,ETH
2026-09-07 07:50:00+00:00,2487.139892578125,ETH
2026-09-07 07:51:00+00:00,2488.1201171875,ETH
2026-09-07 07:52:00+00:00,2488.31005859375,ETH
2026-09-07 07:53:00+00:00,2486.919921875,ETH
2026-09-07 07:54:00+00:00,2485.60009765625,ETH
2026-09-07 07:55:00+00:00,2488.2900390625,ETH
2026-09-07 07:56:00+00:00,2488.530029296875,ETH
2026-09-07 07:57:00+00:00,2487.929931640625,ETH
2026-09-07 07:58:00+00:00,2488.52001953125,ETH
2026-09-07 07:59:00+00:00,2489.169921875,ETH
2026-09-07 08:00:00+00:00,2489.3798828125,ETH
2026-09-07 08:01:00+00:00,2489.9599609375,ETH
2026-09-07 08:02:00+00:00,2489.570068359375,ETH
2026-09-07 08:03:00+00:00,2490.909912109375,ETH
2026-09-07 08:04:00+00:00,2489.719970703125,ETH
2026-09-07 08:05:00+00:00,2490.0,ETH
2026-09-07 08:06:00+00:00,2489.840087890625,ETH
2026-09-07 08:07:00+00:00,2489.989990234375,ETH
2026-09-07 08:08:00+00:00,2489.7099609375,ETH
2026-09-07 08:09:00+00:00,2490.89990234375,ETH
2026-09-07 08:10:00+00:00,2491.139892578125,ETH
2026-09-07 08:11:00+00:00,2491.199951171875,ETH
2026-09-07 08:12:00+00:00,2489.68994140625,ETH
2026-09-07 08:13:00+00:00,2489.25,ETH
2026-09-07 08:14:00+00:00,2489.10009765625,ETH
2026-09-07 08:15:00+00:00,2489.52001953125,ETH
2026-09-07 08:16:00+00:00,2490.300048828125,ETH
2026-09-07 08:17:00+00:00,2490.02001953125,ETH
2026-09-07 08:18:00+00:00,2490.5,ETH
2026-09-07 08:19:00+00:00,2492.409912109375,ETH
2026-09-07 08:20:00+00:00,2490.02001953125,ETH
2026-09-07 08:21:00+00:00,2490.2099609375,ETH
2026-09-07 08:22:00+00:00,2490.18994140625,ETH
2026-09-07 08:23:00+00:00,2489.800048828125,ETH
2026-09-07 08:24:00+00:00,2490.52001953125,ETH
2026-09-07 08:25:00+00:00,2489.889892578125,ETH
2026-09-07 08:26:00+00:00,2491.510009765625,ETH
2026-09-07 08:27:00+00:00,2490.429931640625,ETH
2026-09-07 08:28:00+00:00,2489.010009765625,ETH
2026-09-07 08:29:00+00:00,2490.4599609375,ETH
2026-09-07 08:30:00+00:00,2490.669921875,ETH
2026-09-07 08:31:00+00:00,2491.5,ETH
2026-09-07 08:32:00+00:00,2491.919921875,ETH
2026-09-07 08:33:00+00:00,2492.699951171875,ETH
2026-09-07 08:34:00+00:00,2492.64990234375,ETH
2026-09-07 08:35:00+00:00,2491.81005859375,ETH
2026-09-07 08:36:00+00:00,2491.5400390625,ETH
2026-09-07 08:37:00+00:00,2489.639892578125,ETH
2026-09-07 08:38:00+00:00,2490.60009765625,ETH
2026-09-07 08:39:00+00:00,2490.090087890625,ETH
2026-09-07 08:40:00+00:00,2491.81005859375,ETH
2026-09-07 08:41:00+00:00,2491.530029296875,ETH
2026-09-07 08:42:00+00:00,2492.199951171875,ETH
2026-09-07 08:43:00+00:00,2492.47998046875,ETH
2026-09-07 08:44:00+00:00,2492.5400390625,ETH
2026-09-07 08:45:00+00:00,2491.81005859375,ETH
2026-09-07 08:46:00+00:00,2493.0,ETH
2026-09-07 08:47:00+00:00,2493.360107421875,ETH
2026-09-07 08:48:00+00:00,2493.27001953125,ETH
2026-09-07 08:49:00+00:00,2491.030029296875,ETH
2026-09-07 08:50:00+00:00,2492.10009765625,ETH
2026-09-07 08:51:00+00:00,2492.0,ETH
2026-09-07 08:52:00+00:00,2492.030029296875,ETH
2026-09-07 08:53:00+00:00,2491.340087890625,ETH
2026-09-07 08:54:00+00:00,2491.10009765625,ETH
2026-09-07 08:55:00+00:00,2491.93994140625,ETH
2026-09-07 08:56:00+00:00,2491.610107421875,ETH
2026-09-07 08:57:00+00:00,2491.8701171875,ETH
2026-09-07 08:58:00+00:00,2491.320068359375,ETH
2026-09-07 08:59:00+00:00,2491.199951171875,ETH
2026-09-07 09:00:00+00:00,2491.68994140625,ETH
2026-09-07 09:01:00+00:00,2491.969970703125,ETH
2026-09-07 09:02:00+00:00,2490.81005859375,ETH
2026-09-07 09:03:00+00:00,2491.239990234375,ETH
2026-09-07 09:04:00+00:00,2491.56005859375,ETH
2026-09-07 09:05:00+00:00,2491.47998046875,ETH
2026-09-07 09:06:00+00:00,2491.22998046875,ETH
2026-09-07 09:07:00+00:00,2491.739990234375,ETH
2026-09-07 09:08:00+00:00,2493.090087890625,ETH
2026-09-07 09:09:00+00:00,2494.199951171875,ETH
2026-09-07 09:10:00+00:00,2494.669921875,ETH
2026-09-07 09:11:00+00:00,2495.02001953125,ETH
2026-09-07 09:12:00+00:00,2494.550048828125,ETH
2026-09-07 09:13:00+00:00,2495.929931640625,ETH
2026-09-07 09:14:00+00:00,2495.840087890625,ETH
2026-09-07 09:15:00+00:00,2496.3701171875,ETH
2026-09-07 09:16:00+00:00,2496.300048828125,ETH
2026-09-07 09:17:00+00:00,2495.330078125,ETH
2026-09-07 09:18:00+00:00,2495.969970703125,ETH
2026-09-07 09:19:00+00:00,2495.47998046875,ETH
2026-09-07 09:20:00+00:00,2494.800048828125,ETH
2026-09-07 09:21:00+00:00,2493.760009765625,ETH
2026-09-07 09:22:00+00:00,2494.530029296875,ETH
2026-09-07 09:23:00+00:00,2494.10009765625,ETH
2026-09-07 09:24:00+00:00,2493.679931640625,ETH
2026-09-07 09:25:00+00:00,2493.449951171875,ETH
2026-09-07 09:26:00+00:00,2494.199951171875,ETH
2026-09-07 09:27:00+00:00,2495.1298828125,ETH
2026-09-07 09:28:00+00:00,2494.969970703125,ETH
2026-09-07 09:29:00+00:00,2494.60009765625,ETH
2026-09-07 09:30:00+00:00,2493.570068359375,ETH
2026-09-07 09:31:00+00:00,2493.429931640625,ETH
2026-09-07 09:32:00+00:00,2493.340087890625,ETH
2026-09-07 09:33:00+00:00,2493.06005859375,ETH
2026-09-07 09:34:00+00:00,2492.179931640625,ETH
2026-09-07 09:35:00+00:00,2491.1201171875,ETH
2026-09-07 09:36:00+00:00,2490.64990234375,ETH
2026-09-07 09:37:00+00:00,2489.6298828125,ETH
2026-09-07 09:38:00+00:00,2490.39990234375,ETH
2026-09-07 09:39:00+00:00,2490.780029296875,ETH
2026-09-07 09:40:00+00:00,2491.330078125,ETH
2026-09-07 09:41:00+00:00,2491.429931640625,ETH
2026-09-07 09:42:00+00:00,2490.739990234375,ETH
2026-09-07 09:43:00+00:00,2490.419921875,ETH
2026-09-07 09:44:00+00:00,2490.449951171875,ETH
2026-09-07 09:45:00+00:00,2490.489990234375,ETH
2026-09-07 09:46:00+00:00,2491.52001953125,ETH
2026-09-07 09:47:00+00:00,2491.64990234375,ETH
2026-09-07 09:48:00+00:00,2491.820068359375,ETH
2026-09-07 09:49:00+00:00,2491.219970703125,ETH
2026-09-07 09:50:00+00:00,2492.260009765625,ETH
2026-09-07 09:51:00+00:00,2489.3798828125,ETH
2026-09-07 09:52:00+00:00,2487.179931640625,ETH
2026-09-07 09:53:00+00:00,2486.77001953125,ETH
2026-09-07 09:54:00+00:00,2486.7099609375,ETH
2026-09-07 09:55:00+00:00,2486.580078125,ETH
2026-09-07 09:56:00+00:00,2485.919921875,ETH
2026-09-07 09:57:00+00:00,2486.43994140625,ETH
2026-09-07 09:58:00+00:00,2485.969970703125,ETH
2026-09-07 09:59:00+00:00,2484.2099609375,ETH
2026-09-07 10:00:00+00:00,2487.969970703125,ETH
2026-09-07 10:01:00+00:00,2486.800048828125,ETH
2026-09-07 10:02:00+00:00,2485.659912109375,ETH
2026-09-07 10:03:00+00:00,2487.090087890625,ETH
2026-09-07 10:04:00+00:00,2487.830078125,ETH
2026-09-07 10:05:00+00:00,2487.77001953125,ETH
2026-09-07 10:06:00+00:00,2488.02001953125,ETH
2026-09-07 10:07:00+00:00,2489.06005859375,ETH
2026-09-07 10:08:00+00:00,2485.9599609375,ETH
2026-09-07 10:09:00+00:00,2487.8798828125,ETH
2026-09-07 10:10:00+00:00,2488.030029296875,ETH
2026-09-07 10:11:00+00:00,2487.830078125,ETH
2026-09-07 10:12:00+00:00,2488.320068359375,ETH
2026-09-07 10:13:00+00:00,2487.610107421875,ETH
2026-09-07 10:14:00+00:00,2487.570068359375,ETH
2026-09-07 10:15:00+00:00,2488.39990234375,ETH
2026-09-07 10:16:00+00:00,2488.5400390625,ETH
2026-09-07 10:17:00+00:00,2488.8701171875,ETH
2026-09-07 10:18:00+00:00,2488.919921875,ETH
2026-09-07 10:19:00+00:00,2490.14990234375,ETH
2026-09-07 10:20:00+00:00,2490.070068359375,ETH
2026-09-07 10:21:00+00:00,2489.739990234375,ETH
2026-09-07 10:22:00+00:00,2489.25,ETH
2026-09-07 10:23:00+00:00,2489.580078125,ETH
2026-09-07 10:24:00+00:00,2489.260009765625,ETH
2026-09-07 10:25:00+00:00,2489.0400390625,ETH
2026-09-07 10:26:00+00:00,2489.909912109375,ETH
2026-09-07 10:27:00+00:00,2489.969970703125,ETH
2026-09-07 10:28:00+00:00,2489.949951171875,ETH
2026-09-07 10:29:00+00:00,2489.570068359375,ETH
2026-09-07 10:30:00+00:00,2489.679931640625,ETH
2026-09-07 10:31:00+00:00,2490.139892578125,ETH
2026-09-07 10:32:00+00:00,2489.43994140625,ETH
2026-09-07 10:33:00+00:00,2488.969970703125,ETH
2026-09-07 10:34:00+00:00,2489.0,ETH
2026-09-07 10:35:00+00:00,2489.0400390625,ETH
2026-09-07 10:36:00+00:00,2488.419921875,ETH
2026-09-07 10:37:00+00:00,2489.830078125,ETH
2026-09-07 10:38:00+00:00,2489.6298828125,ETH
2026-09-07 10:39:00+00:00,2489.429931640625,ETH
2026-09-07 10:40:00+00:00,2490.820068359375,ETH
2026-09-07 10:41:00+00:00,2490.429931640625,ETH
2026-09-07 10:42:00+00:00,2490.530029296875,ETH
2026-09-07 10:43:00+00:00,2490.64990234375,ETH
2026-09-07 10:44:00+00:00,2491.47998046875,ETH
2026-09-07 10:45:00+00:00,2491.85009765625,ETH
2026-09-07 10:46:00+00:00,2491.050048828125,ETH
2026-09-07 10:47:00+00:00,2490.669921875,ETH
2026-09-07 10:48:00+00:00,2490.080078125,ETH
2026-09-07 10:49:00+00:00,2490.949951171875,ETH
2026-09-07 10:50:00+00:00,2490.530029296875,ETH
2026-09-07 10:51:00+00:00,2491.75,ETH
2026-09-07 10:52:00+00:00,2491.6201171875,ETH
2026-09-07 10:53:00+00:00,2491.360107421875,ETH
2026-09-07 10:54:00+00:00,2491.2099609375,ETH
2026-09-07 10:55:00+00:00,2490.93994140625,ETH
2026-09-07 10:56:00+00:00,2488.3798828125,ETH
2026-09-07 10:57:00+00:00,2489.110107421875,ETH
2026-09-07 10:58:00+00:00,2488.6298828125,ETH
2026-09-07 10:59:00+00:00,2488.75,ETH
2026-09-07 11:00:00+00:00,2488.39990234375,ETH
2026-09-07 11:01:00+00:00,2489.02001953125,ETH
2026-09-07 11:02:00+00:00,2487.5,ETH
2026-09-07 11:03:00+00:00,2487.219970703125,ETH
2026-09-07 11:04:00+00:00,2488.030029296875,ETH
2026-09-07 11:05:00+00:00,2488.090087890625,ETH
2026-09-07 11:06:00+00:00,2488.179931640625,ETH
2026-09-07 11:07:00+00:00,2487.25,ETH
2026-09-07 11:08:00+00:00,2486.739990234375,ETH
2026-09-07 11:09:00+00:00,2486.590087890625,ETH
2026-09-07 11:10:00+00:00,2487.330078125,ETH
2026-09-07 11:11:00+00:00,2489.739990234375,ETH
2026-09-07 11:12:00+00:00,2489.659912109375,ETH
2026-09-07 11:13:00+00:00,2489.610107421875,ETH
2026-09-07 11:14:00+00:00,2490.340087890625,ETH
2026-09-07 11:15:00+00:00,2489.89990234375,ETH
2026-09-07 11:16:00+00:00,2490.43994140625,ETH
2026-09-07 11:17:00+00:00,2491.050048828125,ETH
2026-09-07 11:18:00+00:00,2491.030029296875,ETH
2026-09-07 11:19:00+00:00,2491.85009765625,ETH
2026-09-07 11:20:00+00:00,2491.860107421875,ETH
2026-09-07 11:21:00+00:00,2492.85009765625,ETH
2026-09-07 11:22:00+00:00,2491.639892578125,ETH
2026-09-07 11:23:00+00:00,2491.199951171875,ETH
2026-09-07 11:24:00+00:00,2491.9599609375,ETH
2026-09-07 11:25:00+00:00,2491.75,ETH
2026-09-07 11:26:00+00:00,2491.889892578125,ETH
2026-09-07 11:27:00+00:00,2492.43994140625,ETH
2026-09-07 11:28:00+00:00,2492.219970703125,ETH
2026-09-07 11:29:00+00:00,2492.360107421875,ETH
2026-09-07 11:30:00+00:00,2492.300048828125,ETH
2026-09-07 11:31:00+00:00,2493.050048828125,ETH
2026-09-07 11:32:00+00:00,2493.419921875,ETH
2026-09-07 11:33:00+00:00,2492.340087890625,ETH
2026-09-07 11:34:00+00:00,2492.199951171875,ETH
2026-09-07 11:35:00+00:00,2492.139892578125,ETH
2026-09-07 11:36:00+00:00,2490.60009765625,ETH
2026-09-07 11:37:00+00:00,2490.56005859375,ETH
2026-09-07 11:38:00+00:00,2490.110107421875,ETH
2026-09-07 11:39:00+00:00,2490.429931640625,ETH
2026-09-07 11:40:00+00:00,2490.830078125,ETH
2026-09-07 11:41:00+00:00,2490.93994140625,ETH
2026-09-07 11:42:00+00:00,2490.909912109375,ETH
2026-09-07 11:43:00+00:00,2490.280029296875,ETH
2026-09-07 11:44:00+00:00,2490.2900390625,ETH
2026-09-07 11:45:00+00:00,2490.27001953125,ETH
2026-09-07 11:46:00+00:00,2490.10009765625,ETH
2026-09-07 11:47:00+00:00,2490.89990234375,ETH
2026-09-07 11:48:00+00:00,2490.889892578125,ETH
2026-09-07 11:49:00+00:00,2490.31005859375,ETH
2026-09-07 11:50:00+00:00,2490.0400390625,ETH
2026-09-07 11:51:00+00:00,2490.909912109375,ETH
2026-09-07 11:52:00+00:00,2488.830078125,ETH
2026-09-07 11:53:00+00:00,2490.510009765625,ETH
2026-09-07 11:54:00+00:00,2489.820068359375,ETH
2026-09-07 11:55:00+00:00,2488.22998046875,ETH
2026-09-07 11:56:00+00:00,2488.77001953125,ETH
2026-09-07 11:57:00+00:00,2488.280029296875,ETH
2026-09-07 11:58:00+00:00,2489.889892578125,ETH
2026-09-07 11:59:00+00:00,2488.989990234375,ETH
2026-09-07 12:00:00+00:00,2490.419921875,ETH
2026-09-07 12:01:00+00:00,2490.35009765625,ETH
2026-09-07 12:02:00+00:00,2489.639892578125,ETH
2026-09-07 12:03:00+00:00,2489.3701171875,ETH
2026-09-07 12:04:00+00:00,2489.139892578125,ETH
2026-09-07 12:05:00+00:00,2490.010009765625,ETH
2026-09-07 12:06:00+00:00,2491.60009765625,ETH
2026-09-07 12:07:00+00:00,2492.580078125,ETH
2026-09-07 12:08:00+00:00,2491.18994140625,ETH
2026-09-07 12:09:00+00:00,2490.830078125,ETH
2026-09-07 12:10:00+00:00,2490.5,ETH
2026-09-07 12:11:00+00:00,2488.9599609375,ETH
2026-09-07 12:12:00+00:00,2488.919921875,ETH
2026-09-07 12:13:00+00:00,2489.489990234375,ETH
2026-09-07 12:14:00+00:00,2488.419921875,ETH
2026-09-07 12:15:00+00:00,2489.280029296875,ETH
2026-09-07 12:16:00+00:00,2489.18994140625,ETH
2026-09-07 12:17:00+00:00,2489.72998046875,ETH
2026-09-07 12:18:00+00:00,2489.64990234375,ETH
2026-09-07 12:19:00+00:00,2491.820068359375,ETH
2026-09-07 12:20:00+00:00,2492.699951171875,ETH
2026-09-07 12:21:00+00:00,2493.27001953125,ETH
2026-09-07 12:22:00+00:00,2491.89990234375,ETH
2026-09-07 12:23:00+00:00,2491.330078125,ETH
2026-09-07 12:24:00+00:00,2492.1298828125,ETH
2026-09-07 12:25:00+00:00,2492.679931640625,ETH
2026-09-07 12:26:00+00:00,2492.949951171875,ETH
2026-09-07 12:27:00+00:00,2492.969970703125,ETH
2026-09-07 12:28:00+00:00,2493.580078125,ETH
2026-09-07 12:29:00+00:00,2493.56005859375,ETH
2026-09-07 12:30:00+00:00,2492.780029296875,ETH
2026-09-07 12:31:00+00:00,2493.550048828125,ETH
2026-09-07 12:32:00+00:00,2493.68994140625,ETH
2026-09-07 12:33:00+00:00,2493.56005859375,ETH
2026-09-07 12:34:00+00:00,2493.2099609375,ETH
2026-09-07 12:35:00+00:00,2493.0,ETH
2026-09-07 12:36:00+00:00,2493.35009765625,ETH
2026-09-07 12:37:00+00:00,2493.800048828125,ETH
2026-09-07 12:38:00+00:00,2493.5,ETH
2026-09-07 12:39:00+00:00,2493.02001953125,ETH
2026-09-07 12:40:00+00:00,2493.320068359375,ETH
2026-09-07 12:41:00+00:00,2493.72998046875,ETH
2026-09-07 12:42:00+00:00,2493.639892578125,ETH
2026-09-07 12:43:00+00:00,2493.840087890625,ETH
2026-09-07 12:44:00+00:00,2493.8701171875,ETH
2026-09-07 12:45:00+00:00,2494.6201171875,ETH
2026-09-07 12:46:00+00:00,2495.669921875,ETH
2026-09-07 12:47:00+00:00,2496.60009765625,ETH
2026-09-07 12:48:00+00:00,2499.2099609375,ETH
2026-09-07 12:49:00+00:00,2497.8798828125,ETH
2026-09-07 12:50:00+00:00,2498.81005859375,ETH
2026-09-07 12:51:00+00:00,2498.9599609375,ETH
2026-09-07 12:52:00+00:00,2498.989990234375,ETH
2026-09-07 12:53:00+00:00,2503.0400390625,ETH
2026-09-07 12:54:00+00:00,2504.469970703125,ETH
2026-09-07 12:55:00+00:00,2506.179931640625,ETH
2026-09-07 12:56:00+00:00,2505.280029296875,ETH
2026-09-07 12:57:00+00:00,2506.47998046875,ETH
2026-09-07 12:58:00+00:00,2506.56005859375,ETH
2026-09-07 12:59:00+00:00,2505.179931640625,ETH
2026-09-07 13:00:00+00:00,2505.800048828125,ETH
2026-09-07 13:01:00+00:00,2504.02001953125,ETH
2026-09-07 13:02:00+00:00,2503.320068359375,ETH
2026-09-07 13:03:00+00:00,2503.580078125,ETH
2026-09-07 13:04:00+00:00,2506.320068359375,ETH
2026-09-07 13:05:00+00:00,2504.419921875,ETH
2026-09-07 13:06:00+00:00,2504.679931640625,ETH
2026-09-07 13:07:00+00:00,2504.60009765625,ETH
2026-09-07 13:08:00+00:00,2504.56005859375,ETH
2026-09-07 13:09:00+00:00,2506.429931640625,ETH
2026-09-07 13:10:00+00:00,2508.679931640625,ETH
2026-09-07 13:11:00+00:00,2507.9599609375,ETH
2026-09-07 13:12:00+00:00,2506.8798828125,ETH
2026-09-07 13:13:00+00:00,2507.340087890625,ETH
2026-09-07 13:14:00+00:00,2509.75,ETH
2026-09-07 13:15:00+00:00,2509.25,ETH
2026-09-07 13:16:00+00:00,2507.97998046875,ETH
2026-09-07 13:17:00+00:00,2506.159912109375,ETH
2026-09-07 13:18:00+00:00,2506.989990234375,ETH
2026-09-07 13:19:00+00:00,2507.75,ETH
2026-09-07 13:20:00+00:00,2509.199951171875,ETH
2026-09-07 13:21:00+00:00,2508.820068359375,ETH
2026-09-07 13:22:00+00:00,2508.4599609375,ETH
2026-09-07 13:23:00+00:00,2508.860107421875,ETH
2026-09-07 13:24:00+00:00,2508.260009765625,ETH
2026-09-07 13:25:00+00:00,2508.3701171875,ETH
2026-09-07 13:26:00+00:00,2508.39990234375,ETH
2026-09-07 13:27:00+00:00,2506.68994140625,ETH
2026-09-07 13:28:00+00:00,2507.5400390625,ETH
2026-09-07 13:29:00+00:00,2508.22998046875,ETH
2026-09-07 13:30:00+00:00,2506.919921875,ETH
2026-09-07 13:31:00+00:00,2507.68994140625,ETH
2026-09-07 13:32:00+00:00,2504.840087890625,ETH
2026-09-07 13:33:00+00:00,2502.820068359375,ETH
2026-09-07 13:34:00+00:00,2499.3798828125,ETH
2026-09-07 13:35:00+00:00,2498.030029296875,ETH
2026-09-07 13:36:00+00:00,2498.7099609375,ETH
2026-09-07 13:37:00+00:00,2499.219970703125,ETH
2026-09-07 13:38:00+00:00,2499.47998046875,ETH
2026-09-07 13:39:00+00:00,2499.659912109375,ETH
2026-09-07 13:40:00+00:00,2498.389892578125,ETH
2026-09-07 13:41:00+00:00,2499.169921875,ETH
2026-09-07 13:42:00+00:00,2499.3798828125,ETH
2026-09-07 13:43:00+00:00,2498.5,ETH
2026-09-07 13:44:00+00:00,2498.179931640625,ETH
2026-09-07 13:45:00+00:00,2498.97998046875,ETH
2026-09-07 13:46:00+00:00,2497.64990234375,ETH
2026-09-07 13:47:00+00:00,2497.27001953125,ETH
2026-09-07 13:48:00+00:00,2497.580078125,ETH
2026-09-07 13:49:00+00:00,2498.18994140625,ETH
2026-09-07 13:50:00+00:00,2496.679931640625,ETH
2026-09-07 13:51:00+00:00,2496.800048828125,ETH
2026-09-07 13:52:00+00:00,2498.030029296875,ETH
2026-09-07 13:53:00+00:00,2500.18994140625,ETH
2026-09-07 13:54:00+00:00,2501.449951171875,ETH
2026-09-07 13:55:00+00:00,2501.340087890625,ETH
2026-09-07 13:56:00+00:00,2500.449951171875,ETH
2026-09-07 13:57:00+00:00,2499.669921875,ETH
2026-09-07 13:58:00+00:00,2498.840087890625,ETH
2026-09-07 13:59:00+00:00,2498.610107421875,ETH
2026-09-07 14:00:00+00:00,2498.639892578125,ETH
2026-09-07 14:01:00+00:00,2497.77001953125,ETH
2026-09-07 14:02:00+00:00,2499.070068359375,ETH
2026-09-07 14:03:00+00:00,2499.070068359375,ETH
2026-09-07 14:04:00+00:00,2495.0,ETH
2026-09-07 14:05:00+00:00,2492.300048828125,ETH
2026-09-07 14:06:00+00:00,2489.300048828125,ETH
2026-09-07 14:07:00+00:00,2487.070068359375,ETH
2026-09-07 14:08:00+00:00,2487.25,ETH
2026-09-07 14:09:00+00:00,2486.0400390625,ETH
2026-09-07 14:10:00+00:00,2488.360107421875,ETH
2026-09-07 14:11:00+00:00,2489.429931640625,ETH
2026-09-07 14:12:00+00:00,2486.85009765625,ETH
2026-09-07 14:13:00+00:00,2484.10009765625,ETH
2026-09-07 14:14:00+00:00,2486.7900390625,ETH
2026-09-07 14:15:00+00:00,2487.219970703125,ETH
2026-09-07 14:16:00+00:00,2488.929931640625,ETH
2026-09-07 14:17:00+00:00,2487.0,ETH
2026-09-07 14:18:00+00:00,2485.1201171875,ETH
2026-09-07 14:19:00+00:00,2485.85009765625,ETH
2026-09-07 14:20:00+00:00,2485.199951171875,ETH
2026-09-07 14:21:00+00:00,2484.199951171875,ETH
2026-09-07 14:22:00+00:00,2485.889892578125,ETH
2026-09-07 14:23:00+00:00,2484.489990234375,ETH
2026-09-07 14:24:00+00:00,2483.969970703125,ETH
2026-09-07 14:25:00+00:00,2484.800048828125,ETH
2026-09-07 14:26:00+00:00,2486.3798828125,ETH
2026-09-07 14:27:00+00:00,2485.219970703125,ETH
2026-09-07 14:28:00+00:00,2484.60009765625,ETH
2026-09-07 14:29:00+00:00,2482.52001953125,ETH
2026-09-07 14:30:00+00:00,2481.14990234375,ETH
2026-09-07 14:31:00+00:00,2480.75,ETH
2026-09-07 14:32:00+00:00,2481.68994140625,ETH
2026-09-07 14:33:00+00:00,2480.219970703125,ETH
2026-09-07 14:34:00+00:00,2482.35009765625,ETH
2026-09-07 14:35:00+00:00,2482.7900390625,ETH
2026-09-07 14:36:00+00:00,2482.090087890625,ETH
2026-09-07 14:37:00+00:00,2479.909912109375,ETH
2026-09-07 14:38:00+00:00,2479.389892578125,ETH
2026-09-07 14:39:00+00:00,2479.719970703125,ETH
2026-09-07 14:40:00+00:00,2479.860107421875,ETH
2026-09-07 14:41:00+00:00,2478.199951171875,ETH
2026-09-07 14:42:00+00:00,2478.8798828125,ETH
2026-09-07 14:43:00+00:00,2481.199951171875,ETH
2026-09-07 14:44:00+00:00,2481.330078125,ETH
2026-09-07 14:45:00+00:00,2481.989990234375,ETH
2026-09-07 14:46:00+00:00,2481.659912109375,ETH
2026-09-07 14:47:00+00:00,2482.610107421875,ETH
2026-09-07 14:48:00+00:00,2483.590087890625,ETH
2026-09-07 14:49:00+00:00,2484.530029296875,ETH
2026-09-07 14:50:00+00:00,2484.1298828125,ETH
2026-09-07 14:51:00+00:00,2485.1298828125,ETH
2026-09-07 14:52:00+00:00,2487.699951171875,ETH
2026-09-07 14:53:00+00:00,2488.929931640625,ETH
2026-09-07 14:54:00+00:00,2489.949951171875,ETH
2026-09-07 14:55:00+00:00,2488.800048828125,ETH
2026-09-07 14:56:00+00:00,2490.39990234375,ETH
2026-09-07 14:57:00+00:00,2490.320068359375,ETH
2026-09-07 14:58:00+00:00,2489.840087890625,ETH
2026-09-07 14:59:00+00:00,2489.820068359375,ETH
2026-09-07 15:00:00+00:00,2488.5400390625,ETH
2026-09-07 15:01:00+00:00,2488.699951171875,ETH
2026-09-07 15:02:00+00:00,2487.18994140625,ETH
2026-09-07 15:03:00+00:00,2486.31005859375,ETH
2026-09-07 15:04:00+00:00,2484.610107421875,ETH
2026-09-07 15:05:00+00:00,2484.3701171875,ETH
2026-09-07 15:06:00+00:00,2482.840087890625,ETH
2026-09-07 15:07:00+00:00,2484.2900390625,ETH
2026-09-07 15:08:00+00:00,2484.179931640625,ETH
2026-09-07 15:09:00+00:00,2485.179931640625,ETH
2026-09-07 15:10:00+00:00,2485.3701171875,ETH
2026-09-07 15:11:00+00:00,2484.8701171875,ETH
2026-09-07 15:12:00+00:00,2484.610107421875,ETH
2026-09-07 15:13:00+00:00,2484.719970703125,ETH
2026-09-07 15:14:00+00:00,2483.2900390625,ETH
2026-09-07 15:15:00+00:00,2484.090087890625,ETH
2026-09-07 15:16:00+00:00,2483.22998046875,ETH
2026-09-07 15:17:00+00:00,2481.1298828125,ETH
2026-09-07 15:18:00+00:00,2485.050048828125,ETH
2026-09-07 15:19:00+00:00,2488.0400390625,ETH
2026-09-07 15:20:00+00:00,2485.699951171875,ETH
2026-09-07 15:21:00+00:00,2485.800048828125,ETH
2026-09-07 15:22:00+00:00,2486.739990234375,ETH
2026-09-07 15:23:00+00:00,2486.320068359375,ETH
2026-09-07 15:24:00+00:00,2486.22998046875,ETH
2026-09-07 15:25:00+00:00,2486.449951171875,ETH
2026-09-07 15:26:00+00:00,2484.68994140625,ETH
2026-09-07 15:27:00+00:00,2483.969970703125,ETH
2026-09-07 15:28:00+00:00,2483.6298828125,ETH
2026-09-07 15:29:00+00:00,2481.97998046875,ETH
2026-09-07 15:30:00+00:00,2479.300048828125,ETH
2026-09-07 15:31:00+00:00,2477.199951171875,ETH
2026-09-07 15:32:00+00:00,2477.0,ETH
2026-09-07 15:33:00+00:00,2475.419921875,ETH
2026-09-07 15:34:00+00:00,2473.989990234375,ETH
2026-09-07 15:35:00+00:00,2476.179931640625,ETH
2026-09-07 15:36:00+00:00,2473.7099609375,ETH
2026-09-07 15:37:00+00:00,2469.919921875,ETH
2026-09-07 15:38:00+00:00,2471.1201171875,ETH
2026-09-07 15:39:00+00:00,2469.830078125,ETH
2026-09-07 15:40:00+00:00,2468.429931640625,ETH
2026-09-07 15:41:00+00:00,2466.570068359375,ETH
2026-09-07 15:42:00+00:00,2469.949951171875,ETH
2026-09-07 15:43:00+00:00,2469.35009765625,ETH
2026-09-07 15:44:00+00:00,2469.739990234375,ETH
2026-09-07 15:45:00+00:00,2468.780029296875,ETH
2026-09-07 15:46:00+00:00,2469.56005859375,ETH
2026-09-07 15:47:00+00:00,2470.699951171875,ETH
2026-09-07 15:48:00+00:00,2473.1201171875,ETH
2026-09-07 15:49:00+00:00,2473.800048828125,ETH
2026-09-07 15:50:00+00:00,2473.090087890625,ETH
2026-09-07 15:51:00+00:00,2472.1201171875,ETH
2026-09-07 15:52:00+00:00,2473.010009765625,ETH
2026-09-07 15:53:00+00:00,2472.31005859375,ETH
2026-09-07 15:54:00+00:00,2472.60009765625,ETH
2026-09-07 15:55:00+00:00,2470.2099609375,ETH
2026-09-07 15:56:00+00:00,2466.550048828125,ETH
2026-09-07 15:57:00+00:00,2470.110107421875,ETH
2026-09-07 15:58:00+00:00,2470.72998046875,ETH
2026-09-07 15:59:00+00:00,2470.030029296875,ETH
2026-09-07 16:00:00+00:00,2472.9599609375,ETH
2026-09-07 16:01:00+00:00,2473.8701171875,ETH
2026-09-07 16:02:00+00:00,2475.5400390625,ETH
2026-09-07 16:03:00+00:00,2474.580078125,ETH
2026-09-07 16:04:00+00:00,2473.81005859375,ETH
2026-09-07 16:05:00+00:00,2473.830078125,ETH
2026-09-07 16:06:00+00:00,2474.070068359375,ETH
2026-09-07 16:07:00+00:00,2473.43994140625,ETH
2026-09-07 16:08:00+00:00,2474.179931640625,ETH
2026-09-07 16:09:00+00:00,2474.219970703125,ETH
2026-09-07 16:10:00+00:00,2474.570068359375,ETH
2026-09-07 16:11:00+00:00,2474.14990234375,ETH
2026-09-07 16:12:00+00:00,2475.22998046875,ETH
2026-09-07 16:13:00+00:00,2474.64990234375,ETH
2026-09-07 16:14:00+00:00,2474.43994140625,ETH
2026-09-07 16:15:00+00:00,2474.1201171875,ETH
2026-09-07 16:16:00+00:00,2473.909912109375,ETH
2026-09-07 16:17:00+00:00,2474.139892578125,ETH
2026-09-07 16:18:00+00:00,2474.72998046875,ETH
2026-09-07 16:19:00+00:00,2474.780029296875,ETH
2026-09-07 16:20:00+00:00,2474.419921875,ETH
2026-09-07 16:21:00+00:00,2473.389892578125,ETH
2026-09-07 16:22:00+00:00,2472.510009765625,ETH
2026-09-07 16:23:00+00:00,2471.820068359375,ETH
2026-09-07 16:24:00+00:00,2471.72998046875,ETH
2026-09-07 16:25:00+00:00,2471.080078125,ETH
2026-09-07 16:26:00+00:00,2470.860107421875,ETH
2026-09-07 16:27:00+00:00,2471.469970703125,ETH
2026-09-07 16:28:00+00:00,2471.489990234375,ETH
2026-09-07 16:29:00+00:00,2470.320068359375,ETH
2026-09-07 16:30:00+00:00,2470.35009765625,ETH
2026-09-07 16:31:00+00:00,2471.110107421875,ETH
2026-09-07 16:32:00+00:00,2473.110107421875,ETH
2026-09-07 16:33:00+00:00,2471.89990234375,ETH
2026-09-07 16:34:00+00:00,2474.429931640625,ETH
2026-09-07 16:35:00+00:00,2476.409912109375,ETH
2026-09-07 16:36:00+00:00,2476.580078125,ETH
2026-09-07 16:37:00+00:00,2479.010009765625,ETH
2026-09-07 16:38:00+00:00,2480.030029296875,ETH
2026-09-07 16:39:00+00:00,2480.39990234375,ETH
2026-09-07 16:40:00+00:00,2479.719970703125,ETH
2026-09-07 16:41:00+00:00,2481.050048828125,ETH
2026-09-07 16:42:00+00:00,2480.10009765625,ETH
2026-09-07 16:43:00+00:00,2480.31005859375,ETH
2026-09-07 16:44:00+00:00,2480.52001953125,ETH
2026-09-07 16:45:00+00:00,2480.300048828125,ETH
2026-09-07 16:46:00+00:00,2479.9599609375,ETH
2026-09-07 16:47:00+00:00,2479.0400390625,ETH
2026-09-07 16:48:00+00:00,2480.02001953125,ETH
2026-09-07 16:49:00+00:00,2479.77001953125,ETH
2026-09-07 16:50:00+00:00,2479.8798828125,ETH
2026-09-07 16:51:00+00:00,2480.550048828125,ETH
2026-09-07 16:52:00+00:00,2481.179931640625,ETH
2026-09-07 16:53:00+00:00,2481.31005859375,ETH
2026-09-07 16:54:00+00:00,2480.739990234375,ETH
2026-09-07 16:55:00+00:00,2481.080078125,ETH
2026-09-07 16:56:00+00:00,2481.070068359375,ETH
2026-09-07 16:57:00+00:00,2481.31005859375,ETH
2026-09-07 16:58:00+00:00,2480.469970703125,ETH
2026-09-07 16:59:00+00:00,2482.60009765625,ETH
2026-09-07 17:00:00+00:00,2482.949951171875,ETH
2026-09-07 17:01:00+00:00,2483.169921875,ETH
2026-09-07 17:02:00+00:00,2482.56005859375,ETH
2026-09-07 17:03:00+00:00,2482.0400390625,ETH
2026-09-07 17:04:00+00:00,2482.050048828125,ETH
2026-09-07 17:05:00+00:00,2482.679931640625,ETH
2026-09-07 17:06:00+00:00,2484.830078125,ETH
2026-09-07 17:07:00+00:00,2485.659912109375,ETH
2026-09-07 17:08:00+00:00,2486.18994140625,ETH
2026-09-07 17:09:00+00:00,2486.3701171875,ETH
2026-09-07 17:10:00+00:00,2486.8798828125,ETH
2026-09-07 17:11:00+00:00,2487.06005859375,ETH
2026-09-07 17:12:00+00:00,2489.2099609375,ETH
2026-09-07 17:13:00+00:00,2489.300048828125,ETH
2026-09-07 17:14:00+00:00,2489.56005859375,ETH
2026-09-07 17:15:00+00:00,2488.989990234375,ETH
2026-09-07 17:16:00+00:00,2489.830078125,ETH
2026-09-07 17:17:00+00:00,2489.989990234375,ETH
2026-09-07 17:18:00+00:00,2490.2900390625,ETH
2026-09-07 17:19:00+00:00,2490.659912109375,ETH
2026-09-07 17:20:00+00:00,2490.8798828125,ETH
2026-09-07 17:21:00+00:00,2489.22998046875,ETH
2026-09-07 17:22:00+00:00,2489.06005859375,ETH
2026-09-07 17:23:00+00:00,2488.18994140625,ETH
2026-09-07 17:24:00+00:00,2488.18994140625,ETH
2026-09-07 17:25:00+00:00,2487.81005859375,ETH
2026-09-07 17:26:00+00:00,2488.320068359375,ETH
2026-09-07 17:27:00+00:00,2487.760009765625,ETH
2026-09-07 17:28:00+00:00,2488.889892578125,ETH
2026-09-07 17:29:00+00:00,2487.93994140625,ETH
2026-09-07 17:30:00+00:00,2487.7099609375,ETH
2026-09-07 17:31:00+00:00,2487.739990234375,ETH
2026-09-07 17:32:00+00:00,2487.35009765625,ETH
2026-09-07 17:33:00+00:00,2486.590087890625,ETH
2026-09-07 17:34:00+00:00,2486.669921875,ETH
2026-09-07 17:35:00+00:00,2485.75,ETH
2026-09-07 17:36:00+00:00,2486.81005859375,ETH
2026-09-07 17:37:00+00:00,2487.2900390625,ETH
2026-09-07 17:38:00+00:00,2487.47998046875,ETH
2026-09-07 17:39:00+00:00,2488.0,ETH
2026-09-07 17:40:00+00:00,2489.699951171875,ETH
2026-09-07 17:41:00+00:00,2490.0,ETH
2026-09-07 17:42:00+00:00,2493.02001953125,ETH
2026-09-07 17:43:00+00:00,2492.030029296875,ETH
2026-09-07 17:44:00+00:00,2492.77001953125,ETH
2026-09-07 17:45:00+00:00,2493.489990234375,ETH
2026-09-07 17:46:00+00:00,2491.989990234375,ETH
2026-09-07 17:47:00+00:00,2492.989990234375,ETH
2026-09-07 17:48:00+00:00,2492.85009765625,ETH
2026-09-07 17:49:00+00:00,2494.5,ETH
2026-09-07 17:50:00+00:00,2496.429931640625,ETH
2026-09-07 17:51:00+00:00,2496.6201171875,ETH
2026-09-07 17:52:00+00:00,2495.25,ETH
2026-09-07 17:53:00+00:00,2495.080078125,ETH
2026-09-07 17:54:00+00:00,2494.989990234375,ETH
2026-09-07 17:55:00+00:00,2495.0,ETH
2026-09-07 17:56:00+00:00,2495.0400390625,ETH
2026-09-07 17:57:00+00:00,2494.5,ETH
2026-09-07 17:58:00+00:00,2494.35009765625,ETH
2026-09-07 17:59:00+00:00,2494.97998046875,ETH
2026-09-07 18:00:00+00:00,2495.659912109375,ETH
2026-09-07 18:01:00+00:00,2495.43994140625,ETH
2026-09-07 18:02:00+00:00,2494.780029296875,ETH
2026-09-07 18:03:00+00:00,2494.780029296875,ETH
2026-09-07 18:04:00+00:00,2495.080078125,ETH
2026-09-07 18:05:00+00:00,2495.35009765625,ETH
2026-09-07 18:06:00+00:00,2496.320068359375,ETH
2026-09-07 18:07:00+00:00,2495.830078125,ETH
2026-09-07 18:08:00+00:00,2493.909912109375,ETH
2026-09-07 18:09:00+00:00,2493.3701171875,ETH
2026-09-07 18:10:00+00:00,2494.159912109375,ETH
2026-09-07 18:11:00+00:00,2495.669921875,ETH
2026-09-07 18:12:00+00:00,2495.14990234375,ETH
2026-09-07 18:13:00+00:00,2494.590087890625,ETH
2026-09-07 18:14:00+00:00,2493.919921875,ETH
2026-09-07 18:15:00+00:00,2494.679931640625,ETH
2026-09-07 18:16:00+00:00,2493.43994140625,ETH
2026-09-07 18:17:00+00:00,2492.550048828125,ETH
2026-09-07 18:18:00+00:00,2494.110107421875,ETH
2026-09-07 18:19:00+00:00,2494.510009765625,ETH
2026-09-07 18:20:00+00:00,2494.719970703125,ETH
2026-09-07 18:21:00+00:00,2494.47998046875,ETH
2026-09-07 18:22:00+00:00,2493.3798828125,ETH
2026-09-07 18:23:00+00:00,2491.719970703125,ETH
2026-09-07 18:24:00+00:00,2491.669921875,ETH
2026-09-07 18:25:00+00:00,2491.43994140625,ETH
2026-09-07 18:26:00+00:00,2491.280029296875,ETH
2026-09-07 18:27:00+00:00,2489.889892578125,ETH
2026-09-07 18:28:00+00:00,2489.360107421875,ETH
2026-09-07 18:29:00+00:00,2489.820068359375,ETH
2026-09-07 18:30:00+00:00,2488.260009765625,ETH
2026-09-07 18:31:00+00:00,2488.580078125,ETH
2026-09-07 18:32:00+00:00,2487.090087890625,ETH
2026-09-07 18:33:00+00:00,2486.89990234375,ETH
2026-09-07 18:34:00+00:00,2487.800048828125,ETH
2026-09-07 18:35:00+00:00,2488.449951171875,ETH
2026-09-07 18:36:00+00:00,2488.52001953125,ETH
2026-09-07 18:37:00+00:00,2487.68994140625,ETH
2026-09-07 18:38:00+00:00,2487.199951171875,ETH
2026-09-07 18:39:00+00:00,2487.610107421875,ETH
2026-09-07 18:40:00+00:00,2487.0400390625,ETH
2026-09-07 18:41:00+00:00,2486.919921875,ETH
2026-09-07 18:42:00+00:00,2488.75,ETH
2026-09-07 18:43:00+00:00,2487.949951171875,ETH
2026-09-07 18:44:00+00:00,2488.919921875,ETH
2026-09-07 18:45:00+00:00,2488.2099609375,ETH
2026-09-07 18:46:00+00:00,2487.60009765625,ETH
2026-09-07 18:47:00+00:00,2487.909912109375,ETH
2026-09-07 18:48:00+00:00,2488.780029296875,ETH
2026-09-07 18:49:00+00:00,2490.169921875,ETH
2026-09-07 18:50:00+00:00,2491.800048828125,ETH
2026-09-07 18:51:00+00:00,2492.39990234375,ETH
2026-09-07 18:52:00+00:00,2492.6298828125,ETH
2026-09-07 18:53:00+00:00,2493.469970703125,ETH
2026-09-07 18:54:00+00:00,2493.159912109375,ETH
2026-09-07 18:55:00+00:00,2492.68994140625,ETH
2026-09-07 18:56:00+00:00,2490.580078125,ETH
2026-09-07 18:57:00+00:00,2490.9599609375,ETH
2026-09-07 18:58:00+00:00,2491.139892578125,ETH
2026-09-07 18:59:00+00:00,2491.199951171875,ETH
2026-09-07 19:00:00+00:00,2491.360107421875,ETH
2026-09-07 19:01:00+00:00,2489.489990234375,ETH
2026-09-07 19:02:00+00:00,2490.199951171875,ETH
2026-09-07 19:03:00+00:00,2489.8798828125,ETH
2026-09-07 19:04:00+00:00,2490.75,ETH
2026-09-07 19:05:00+00:00,2491.06005859375,ETH
2026-09-07 19:06:00+00:00,2491.110107421875,ETH
2026-09-07 19:07:00+00:00,2489.510009765625,ETH
2026-09-07 19:08:00+00:00,2490.080078125,ETH
2026-09-07 19:09:00+00:00,2489.340087890625,ETH
2026-09-07 19:10:00+00:00,2489.97998046875,ETH
2026-09-07 19:11:00+00:00,2489.47998046875,ETH
2026-09-07 19:12:00+00:00,2489.8798828125,ETH
2026-09-07 19:13:00+00:00,2490.260009765625,ETH
2026-09-07 19:14:00+00:00,2490.47998046875,ETH
2026-09-07 19:15:00+00:00,2490.610107421875,ETH
2026-09-07 19:16:00+00:00,2491.02001953125,ETH
2026-09-07 19:17:00+00:00,2491.090087890625,ETH
2026-09-07 19:18:00+00:00,2490.89990234375,ETH
2026-09-07 19:19:00+00:00,2490.639892578125,ETH
2026-09-07 19:20:00+00:00,2490.909912109375,ETH
2026-09-07 19:21:00+00:00,2491.360107421875,ETH
2026-09-07 19:22:00+00:00,2492.02001953125,ETH
2026-09-07 19:23:00+00:00,2492.25,ETH
2026-09-07 19:24:00+00:00,2492.97998046875,ETH
2026-09-07 19:25:00+00:00,2492.02001953125,ETH
2026-09-07 19:26:00+00:00,2491.489990234375,ETH
2026-09-07 19:27:00+00:00,2492.06005859375,ETH
2026-09-07 19:28:00+00:00,2491.31005859375,ETH
2026-09-07 19:29:00+00:00,2492.0,ETH
2026-09-07 19:30:00+00:00,2492.340087890625,ETH
2026-09-07 19:31:00+00:00,2493.1298828125,ETH
2026-09-07 19:32:00+00:00,2494.860107421875,ETH
2026-09-07 19:33:00+00:00,2494.68994140625,ETH
2026-09-07 19:34:00+00:00,2495.93994140625,ETH
2026-09-07 19:35:00+00:00,2497.090087890625,ETH
2026-09-07 19:36:00+00:00,2496.010009765625,ETH
2026-09-07 19:37:00+00:00,2496.6201171875,ETH
2026-09-07 19:38:00+00:00,2496.18994140625,ETH
2026-09-07 19:39:00+00:00,2495.989990234375,ETH
2026-09-07 19:40:00+00:00,2495.610107421875,ETH
2026-09-07 19:41:00+00:00,2494.43994140625,ETH
2026-09-07 19:42:00+00:00,2495.449951171875,ETH
2026-09-07 19:43:00+00:00,2495.93994140625,ETH
2026-09-07 19:44:00+00:00,2495.800048828125,ETH
2026-09-07 19:45:00+00:00,2495.3798828125,ETH
2026-09-07 19:46:00+00:00,2495.93994140625,ETH
2026-09-07 19:47:00+00:00,2495.81005859375,ETH
2026-09-07 19:48:00+00:00,2495.280029296875,ETH
2026-09-07 19:49:00+00:00,2495.8798828125,ETH
2026-09-07 19:50:00+00:00,2495.949951171875,ETH
2026-09-07 19:51:00+00:00,2495.5,ETH
2026-09-07 19:52:00+00:00,2495.739990234375,ETH
2026-09-07 19:53:00+00:00,2495.830078125,ETH
2026-09-07 19:54:00+00:00,2494.6201171875,ETH
2026-09-07 19:55:00+00:00,2494.10009765625,ETH
2026-09-07 19:56:00+00:00,2494.14990234375,ETH
2026-09-07 19:57:00+00:00,2495.219970703125,ETH
2026-09-07 19:58:00+00:00,2494.85009765625,ETH
2026-09-07 19:59:00+00:00,2495.820068359375,ETH
2026-09-07 20:00:00+00:00,2496.43994140625,ETH
2026-09-07 20:01:00+00:00,2495.800048828125,ETH
2026-09-07 20:02:00+00:00,2494.52001953125,ETH
2026-09-07 20:03:00+00:00,2493.2099609375,ETH
2026-09-07 20:04:00+00:00,2493.639892578125,ETH
2026-09-07 20:05:00+00:00,2492.590087890625,ETH
2026-09-07 20:06:00+00:00,2491.60009765625,ETH
2026-09-07 20:07:00+00:00,2489.949951171875,ETH
2026-09-07 20:08:00+00:00,2491.840087890625,ETH
2026-09-07 20:09:00+00:00,2490.64990234375,ETH
2026-09-07 20:10:00+00:00,2491.06005859375,ETH
2026-09-07 20:11:00+00:00,2490.570068359375,ETH
2026-09-07 20:12:00+00:00,2488.7900390625,ETH
2026-09-07 20:13:00+00:00,2489.14990234375,ETH
2026-09-07 20:14:00+00:00,2488.89990234375,ETH
2026-09-07 20:15:00+00:00,2488.68994140625,ETH
2026-09-07 20:16:00+00:00,2488.449951171875,ETH
2026-09-07 20:17:00+00:00,2489.139892578125,ETH
2026-09-07 20:18:00+00:00,2489.330078125,ETH
2026-09-07 20:19:00+00:00,2489.510009765625,ETH
2026-09-07 20:20:00+00:00,2488.56005859375,ETH
2026-09-07 20:21:00+00:00,2488.330078125,ETH
2026-09-07 20:22:00+00:00,2486.969970703125,ETH
2026-09-07 20:23:00+00:00,2486.81005859375,ETH
2026-09-07 20:24:00+00:00,2487.68994140625,ETH
2026-09-07 20:25:00+00:00,2487.550048828125,ETH
2026-09-07 20:26:00+00:00,2487.830078125,ETH
2026-09-07 20:27:00+00:00,2488.800048828125,ETH
2026-09-07 20:28:00+00:00,2489.010009765625,ETH
2026-09-07 20:29:00+00:00,2489.169921875,ETH
2026-09-07 20:30:00+00:00,2489.610107421875,ETH
2026-09-07 20:31:00+00:00,2489.159912109375,ETH
2026-09-07 20:32:00+00:00,2490.449951171875,ETH
2026-09-07 20:33:00+00:00,2490.610107421875,ETH
2026-09-07 20:34:00+00:00,2490.580078125,ETH
2026-09-07 20:35:00+00:00,2491.0,ETH
2026-09-07 20:36:00+00:00,2490.169921875,ETH
2026-09-07 20:37:00+00:00,2490.260009765625,ETH
2026-09-07 20:38:00+00:00,2490.889892578125,ETH
2026-09-07 20:39:00+00:00,2491.43994140625,ETH
2026-09-07 20:40:00+00:00,2491.3798828125,ETH
2026-09-07 20:41:00+00:00,2492.1298828125,ETH
2026-09-07 20:42:00+00:00,2490.8701171875,ETH
2026-09-07 20:43:00+00:00,2491.2900390625,ETH
2026-09-07 20:44:00+00:00,2491.43994140625,ETH
2026-09-07 20:45:00+00:00,2490.06005859375,ETH
2026-09-07 20:46:00+00:00,2491.610107421875,ETH
2026-09-07 20:47:00+00:00,2491.239990234375,ETH
2026-09-07 20:48:00+00:00,2492.8798828125,ETH
2026-09-07 20:49:00+00:00,2493.860107421875,ETH
2026-09-07 20:50:00+00:00,2493.969970703125,ETH
2026-09-07 20:51:00+00:00,2494.7900390625,ETH
2026-09-07 20:52:00+00:00,2495.449951171875,ETH
2026-09-07 20:53:00+00:00,2493.5,ETH
2026-09-07 20:54:00+00:00,2493.5,ETH
2026-09-07 20:55:00+00:00,2495.090087890625,ETH
2026-09-07 20:56:00+00:00,2495.2099609375,ETH
2026-09-07 20:57:00+00:00,2494.219970703125,ETH
2026-09-07 20:58:00+00:00,2494.02001953125,ETH
2026-09-07 20:59:00+00:00,2494.159912109375,ETH
2026-09-07 21:00:00+00:00,2495.27001953125,ETH
2026-09-07 21:01:00+00:00,2494.639892578125,ETH
2026-09-07 21:02:00+00:00,2493.909912109375,ETH
2026-09-07 21:03:00+00:00,2494.070068359375,ETH
2026-09-07 21:04:00+00:00,2493.580078125,ETH
2026-09-07 21:05:00+00:00,2493.68994140625,ETH
2026-09-07 21:06:00+00:00,2493.320068359375,ETH
2026-09-07 21:07:00+00:00,2492.360107421875,ETH
2026-09-07 21:08:00+00:00,2492.330078125,ETH
2026-09-07 21:09:00+00:00,2492.179931640625,ETH
2026-09-07 21:10:00+00:00,2491.8798828125,ETH
2026-09-07 21:11:00+00:00,2492.679931640625,ETH
2026-09-07 21:12:00+00:00,2493.409912109375,ETH
2026-09-07 21:13:00+00:00,2492.909912109375,ETH
2026-09-07 21:14:00+00:00,2495.669921875,ETH
2026-09-07 21:15:00+00:00,2493.0,ETH
2026-09-07 21:16:00+00:00,2493.590087890625,ETH
2026-09-07 21:17:00+00:00,2493.14990234375,ETH
2026-09-07 21:18:00+00:00,2492.260009765625,ETH
2026-09-07 21:19:00+00:00,2494.199951171875,ETH
2026-09-07 21:20:00+00:00,2494.60009765625,ETH
2026-09-07 21:21:00+00:00,2494.760009765625,ETH
2026-09-07 21:22:00+00:00,2493.949951171875,ETH
2026-09-07 21:23:00+00:00,2493.699951171875,ETH
2026-09-07 21:24:00+00:00,2493.639892578125,ETH
2026-09-07 21:25:00+00:00,2493.60009765625,ETH
2026-09-07 21:26:00+00:00,2492.610107421875,ETH
2026-09-07 21:27:00+00:00,2492.760009765625,ETH
2026-09-07 21:28:00+00:00,2492.4599609375,ETH
2026-09-07 21:29:00+00:00,2492.219970703125,ETH
2026-09-07 21:30:00+00:00,2493.02001953125,ETH
2026-09-07 21:31:00+00:00,2492.800048828125,ETH
2026-09-07 21:32:00+00:00,2492.7099609375,ETH
2026-09-07 21:33:00+00:00,2492.25,ETH
2026-09-07 21:34:00+00:00,2492.7099609375,ETH
2026-09-07 21:35:00+00:00,2491.7900390625,ETH
2026-09-07 21:36:00+00:00,2491.919921875,ETH
2026-09-07 21:37:00+00:00,2492.389892578125,ETH
2026-09-07 21:38:00+00:00,2492.610107421875,ETH
2026-09-07 21:39:00+00:00,2492.97998046875,ETH
2026-09-07 21:40:00+00:00,2492.330078125,ETH
2026-09-07 21:41:00+00:00,2492.10009765625,ETH
2026-09-07 21:42:00+00:00,2491.820068359375,ETH
2026-09-07 21:43:00+00:00,2492.659912109375,ETH
2026-09-07 21:44:00+00:00,2492.659912109375,ETH
2026-09-07 21:45:00+00:00,2492.800048828125,ETH
2026-09-07 21:46:00+00:00,2492.860107421875,ETH
2026-09-07 21:47:00+00:00,2491.64990234375,ETH
2026-09-07 21:48:00+00:00,2491.080078125,ETH
2026-09-07 21:49:00+00:00,2490.3701171875,ETH
2026-09-07 21:50:00+00:00,2490.02001953125,ETH
2026-09-07 21:51:00+00:00,2489.97998046875,ETH
2026-09-07 21:52:00+00:00,2490.6201171875,ETH
2026-09-07 21:53:00+00:00,2491.300048828125,ETH
2026-09-07 21:54:00+00:00,2490.699951171875,ETH
2026-09-07 21:55:00+00:00,2491.2099609375,ETH
2026-09-07 21:56:00+00:00,2491.320068359375,ETH
2026-09-07 21:57:00+00:00,2491.5,ETH
2026-09-07 21:58:00+00:00,2491.739990234375,ETH
2026-09-07 21:59:00+00:00,2490.4599609375,ETH
2026-09-07 22:00:00+00:00,2490.06005859375,ETH
2026-09-07 22:01:00+00:00,2486.840087890625,ETH
2026-09-07 22:02:00+00:00,2486.39990234375,ETH
2026-09-07 22:03:00+00:00,2487.889892578125,ETH
2026-09-07 22:04:00+00:00,2487.840087890625,ETH
2026-09-07 22:05:00+00:00,2487.070068359375,ETH
2026-09-07 22:06:00+00:00,2488.030029296875,ETH
2026-09-07 22:07:00+00:00,2489.52001953125,ETH
2026-09-07 22:08:00+00:00,2489.659912109375,ETH
2026-09-07 22:09:00+00:00,2489.81005859375,ETH
2026-09-07 22:10:00+00:00,2490.31005859375,ETH
2026-09-07 22:11:00+00:00,2489.080078125,ETH
2026-09-07 22:12:00+00:00,2490.260009765625,ETH
2026-09-07 22:13:00+00:00,2489.580078125,ETH
2026-09-07 22:14:00+00:00,2489.10009765625,ETH
2026-09-07 22:15:00+00:00,2487.5400390625,ETH
2026-09-07 22:16:00+00:00,2483.68994140625,ETH
2026-09-07 22:17:00+00:00,2484.919921875,ETH
2026-09-07 22:18:00+00:00,2485.68994140625,ETH
2026-09-07 22:19:00+00:00,2484.929931640625,ETH
2026-09-07 22:20:00+00:00,2484.89990234375,ETH
2026-09-07 22:21:00+00:00,2486.27001953125,ETH
2026-09-07 22:22:00+00:00,2486.989990234375,ETH
2026-09-07 22:23:00+00:00,2489.070068359375,ETH
2026-09-07 22:24:00+00:00,2489.419921875,ETH
2026-09-07 22:25:00+00:00,2489.699951171875,ETH
2026-09-07 22:26:00+00:00,2490.929931640625,ETH
2026-09-07 22:27:00+00:00,2491.75,ETH
2026-09-07 22:28:00+00:00,2488.070068359375,ETH
2026-09-07 22:29:00+00:00,2486.39990234375,ETH
2026-09-07 22:30:00+00:00,2484.239990234375,ETH
2026-09-07 22:31:00+00:00,2484.510009765625,ETH
2026-09-07 22:32:00+00:00,2484.14990234375,ETH
2026-09-07 22:33:00+00:00,2483.409912109375,ETH
2026-09-07 22:34:00+00:00,2483.010009765625,ETH
2026-09-07 22:35:00+00:00,2482.530029296875,ETH
2026-09-07 22:36:00+00:00,2482.090087890625,ETH
2026-09-07 22:37:00+00:00,2479.60009765625,ETH
2026-09-07 22:38:00+00:00,2478.81005859375,ETH
2026-09-07 22:39:00+00:00,2477.139892578125,ETH
2026-09-07 22:40:00+00:00,2478.60009765625,ETH
2026-09-07 22:41:00+00:00,2478.85009765625,ETH
2026-09-07 22:42:00+00:00,2479.169921875,ETH
2026-09-07 22:43:00+00:00,2479.110107421875,ETH
2026-09-07 22:44:00+00:00,2478.320068359375,ETH
2026-09-07 22:45:00+00:00,2479.489990234375,ETH
2026-09-07 22:46:00+00:00,2480.8701171875,ETH
2026-09-07 22:47:00+00:00,2481.52001953125,ETH
2026-09-07 22:48:00+00:00,2481.31005859375,ETH
2026-09-07 22:49:00+00:00,2482.449951171875,ETH
2026-09-07 22:50:00+00:00,2482.47998046875,ETH
2026-09-07 22:51:00+00:00,2481.699951171875,ETH
2026-09-07 22:52:00+00:00,2482.429931640625,ETH
2026-09-07 22:53:00+00:00,2481.169921875,ETH
2026-09-07 22:54:00+00:00,2481.800048828125,ETH
2026-09-07 22:55:00+00:00,2482.659912109375,ETH
2026-09-07 22:56:00+00:00,2482.050048828125,ETH
2026-09-07 22:57:00+00:00,2480.909912109375,ETH
2026-09-07 22:58:00+00:00,2482.2900390625,ETH
2026-09-07 22:59:00+00:00,2482.31005859375,ETH
2026-09-07 23:00:00+00:00,2483.409912109375,ETH
2026-09-07 23:01:00+00:00,2483.5,ETH
2026-09-07 23:02:00+00:00,2483.9599609375,ETH
2026-09-07 23:03:00+00:00,2484.830078125,ETH
2026-09-07 23:04:00+00:00,2484.300048828125,ETH
2026-09-07 23:05:00+00:00,2484.2900390625,ETH
2026-09-07 23:06:00+00:00,2484.929931640625,ETH
2026-09-07 23:07:00+00:00,2487.010009765625,ETH
2026-09-07 23:08:00+00:00,2487.929931640625,ETH
2026-09-07 23:09:00+00:00,2486.739990234375,ETH
2026-09-07 23:10:00+00:00,2486.360107421875,ETH
2026-09-07 23:11:00+00:00,2487.7900390625,ETH
2026-09-07 23:12:00+00:00,2487.60009765625,ETH
2026-09-07 23:13:00+00:00,2487.639892578125,ETH
2026-09-07 23:14:00+00:00,2488.02001953125,ETH
2026-09-07 23:15:00+00:00,2486.699951171875,ETH
2026-09-07 23:16:00+00:00,2485.840087890625,ETH
2026-09-07 23:17:00+00:00,2485.580078125,ETH
2026-09-07 23:18:00+00:00,2485.199951171875,ETH
2026-09-07 23:19:00+00:00,2487.840087890625,ETH
2026-09-07 23:20:00+00:00,2485.919921875,ETH
2026-09-07 23:21:00+00:00,2484.659912109375,ETH
2026-09-07 23:22:00+00:00,2485.159912109375,ETH
2026-09-07 23:23:00+00:00,2482.68994140625,ETH
2026-09-07 23:24:00+00:00,2483.18994140625,ETH
2026-09-07 23:25:00+00:00,2484.8701171875,ETH
2026-09-07 23:26:00+00:00,2484.7099609375,ETH
2026-09-07 23:27:00+00:00,2485.35009765625,ETH
2026-09-07 23:28:00+00:00,2484.739990234375,ETH
2026-09-07 23:29:00+00:00,2484.25,ETH
2026-09-07 23:30:00+00:00,2483.77001953125,ETH
2026-09-07 23:31:00+00:00,2483.14990234375,ETH
2026-09-07 23:32:00+00:00,2483.669921875,ETH
2026-09-07 23:33:00+00:00,2484.27001953125,ETH
2026-09-07 23:34:00+00:00,2484.510009765625,ETH
2026-09-07 23:35:00+00:00,2485.31005859375,ETH
2026-09-07 23:36:00+00:00,2485.25,ETH
2026-09-07 23:37:00+00:00,2485.860107421875,ETH
2026-09-07 23:38:00+00:00,2485.68994140625,ETH
2026-09-07 23:39:00+00:00,2485.909912109375,ETH
2026-09-07 23:40:00+00:00,2486.570068359375,ETH
2026-09-07 23:41:00+00:00,2487.179931640625,ETH
2026-09-07 23:42:00+00:00,2488.409912109375,ETH
2026-09-07 23:43:00+00:00,2488.590087890625,ETH
2026-09-07 23:44:00+00:00,2490.39990234375,ETH
2026-09-07 23:45:00+00:00,2490.489990234375,ETH
2026-09-07 23:46:00+00:00,2491.260009765625,ETH
2026-09-07 23:47:00+00:00,2491.610107421875,ETH
2026-09-07 23:48:00+00:00,2493.43994140625,ETH
2026-09-07 23:49:00+00:00,2492.800048828125,ETH
2026-09-07 23:50:00+00:00,2492.0400390625,ETH
2026-09-07 23:51:00+00:00,2492.159912109375,ETH
2026-09-07 23:52:00+00:00,2491.6298828125,ETH
2026-09-07 23:53:00+00:00,2491.800048828125,ETH
2026-09-07 23:54:00+00:00,2491.3701171875,ETH
2026-09-07 23:55:00+00:00,2492.179931640625,ETH
2026-09-07 23:56:00+00:00,2490.469970703125,ETH
2026-09-07 23:57:00+00:00,2491.080078125,ETH
2026-09-07 23:58:00+00:00,2490.85009765625,ETH
2026-09-08 00:00:00+00:00,2489.929931640625,ETH
2026-09-08 00:01:00+00:00,2489.389892578125,ETH
2026-09-08 00:02:00+00:00,2488.7900390625,ETH
2026-09-08 00:03:00+00:00,2489.510009765625,ETH
2026-09-08 00:04:00+00:00,2487.090087890625,ETH
2026-09-08 00:05:00+00:00,2489.3798828125,ETH
2026-09-08 00:06:00+00:00,2486.510009765625,ETH
2026-09-08 00:07:00+00:00,2489.68994140625,ETH
2026-09-08 00:08:00+00:00,2487.60009765625,ETH
2026-09-08 00:09:00+00:00,2487.169921875,ETH
2026-09-08 00:10:00+00:00,2486.969970703125,ETH
2026-09-08 00:11:00+00:00,2485.820068359375,ETH
2026-09-08 00:12:00+00:00,2485.080078125,ETH
2026-09-08 00:13:00+00:00,2487.72998046875,ETH
2026-09-08 00:14:00+00:00,2487.820068359375,ETH
2026-09-08 00:15:00+00:00,2486.22998046875,ETH
2026-09-08 00:16:00+00:00,2487.419921875,ETH
2026-09-08 00:17:00+00:00,2489.0400390625,ETH
2026-09-08 00:18:00+00:00,2488.5400390625,ETH
2026-09-08 00:19:00+00:00,2486.570068359375,ETH
2026-09-08 00:20:00+00:00,2486.1298828125,ETH
2026-09-08 00:21:00+00:00,2485.1201171875,ETH
2026-09-08 00:22:00+00:00,2483.7900390625,ETH
2026-09-08 00:23:00+00:00,2483.5400390625,ETH
2026-09-08 00:24:00+00:00,2485.510009765625,ETH
2026-09-08 00:25:00+00:00,2485.340087890625,ETH
2026-09-08 00:26:00+00:00,2485.449951171875,ETH
2026-09-08 00:27:00+00:00,2485.830078125,ETH
2026-09-08 00:28:00+00:00,2484.889892578125,ETH
2026-09-08 00:29:00+00:00,2483.10009765625,ETH
2026-09-08 00:30:00+00:00,2483.110107421875,ETH
2026-09-08 00:31:00+00:00,2484.85009765625,ETH
2026-09-08 00:32:00+00:00,2486.699951171875,ETH
2026-09-08 00:33:00+00:00,2489.080078125,ETH
2026-09-08 00:34:00+00:00,2489.780029296875,ETH
2026-09-08 00:35:00+00:00,2491.659912109375,ETH
2026-09-08 00:36:00+00:00,2491.1201171875,ETH
2026-09-08 00:37:00+00:00,2492.43994140625,ETH
2026-09-08 00:38:00+00:00,2492.0400390625,ETH
2026-09-08 00:39:00+00:00,2492.27001953125,ETH
2026-09-08 00:40:00+00:00,2493.27001953125,ETH
2026-09-08 00:41:00+00:00,2493.81005859375,ETH
2026-09-08 00:42:00+00:00,2491.5400390625,ETH
2026-09-08 00:43:00+00:00,2489.719970703125,ETH
2026-09-08 00:44:00+00:00,2490.389892578125,ETH
2026-09-08 00:45:00+00:00,2490.35009765625,ETH
2026-09-08 00:46:00+00:00,2490.75,ETH
2026-09-08 00:47:00+00:00,2490.77001953125,ETH
2026-09-08 00:48:00+00:00,2490.97998046875,ETH
2026-09-08 00:49:00+00:00,2491.989990234375,ETH
2026-09-08 00:50:00+00:00,2491.510009765625,ETH
2026-09-08 00:51:00+00:00,2492.570068359375,ETH
2026-09-08 00:52:00+00:00,2492.639892578125,ETH
2026-09-08 00:53:00+00:00,2492.969970703125,ETH
2026-09-08 00:54:00+00:00,2492.510009765625,ETH
2026-09-08 00:55:00+00:00,2493.6201171875,ETH
2026-09-08 00:56:00+00:00,2493.419921875,ETH
2026-09-08 00:57:00+00:00,2494.2099609375,ETH
2026-09-08 00:58:00+00:00,2493.97998046875,ETH
2026-09-08 00:59:00+00:00,2495.3701171875,ETH
2026-09-08 01:00:00+00:00,2494.800048828125,ETH
2026-09-08 01:01:00+00:00,2493.889892578125,ETH
2026-09-08 01:02:00+00:00,2495.090087890625,ETH
2026-09-08 01:03:00+00:00,2494.7900390625,ETH
2026-09-08 01:04:00+00:00,2494.659912109375,ETH
2026-09-08 01:05:00+00:00,2495.860107421875,ETH
2026-09-08 01:06:00+00:00,2493.010009765625,ETH
2026-09-08 01:07:00+00:00,2495.75,ETH
2026-09-08 01:08:00+00:00,2496.510009765625,ETH
2026-09-08 01:09:00+00:00,2496.39990234375,ETH
2026-09-08 01:10:00+00:00,2495.4599609375,ETH
2026-09-08 01:11:00+00:00,2496.64990234375,ETH
2026-09-08 01:12:00+00:00,2495.31005859375,ETH
2026-09-08 01:13:00+00:00,2495.179931640625,ETH
2026-09-08 01:14:00+00:00,2495.889892578125,ETH
2026-09-08 01:15:00+00:00,2498.06005859375,ETH
2026-09-08 01:16:00+00:00,2495.85009765625,ETH
2026-09-08 01:17:00+00:00,2496.68994140625,ETH
2026-09-08 01:18:00+00:00,2498.419921875,ETH
2026-09-08 01:19:00+00:00,2498.800048828125,ETH
2026-09-08 01:20:00+00:00,2498.070068359375,ETH
2026-09-08 01:21:00+00:00,2498.330078125,ETH
2026-09-08 01:22:00+00:00,2500.2099609375,ETH
2026-09-08 01:23:00+00:00,2502.239990234375,ETH
2026-09-08 01:24:00+00:00,2501.60009765625,ETH
2026-09-08 01:25:00+00:00,2503.219970703125,ETH
2026-09-08 01:26:00+00:00,2503.530029296875,ETH
2026-09-08 01:27:00+00:00,2502.030029296875,ETH
2026-09-08 01:28:00+00:00,2501.8798828125,ETH
2026-09-08 01:29:00+00:00,2502.239990234375,ETH
2026-09-08 01:30:00+00:00,2500.260009765625,ETH
2026-09-08 01:31:00+00:00,2500.090087890625,ETH
2026-09-08 01:32:00+00:00,2501.14990234375,ETH
2026-09-08 01:33:00+00:00,2500.360107421875,ETH
2026-09-08 01:34:00+00:00,2499.52001953125,ETH
2026-09-08 01:35:00+00:00,2499.800048828125,ETH
2026-09-08 01:36:00+00:00,2499.409912109375,ETH
2026-09-08 01:37:00+00:00,2500.0400390625,ETH
2026-09-08 01:38:00+00:00,2499.4599609375,ETH
2026-09-08 01:39:00+00:00,2499.340087890625,ETH
2026-09-08 01:40:00+00:00,2498.64990234375,ETH
2026-09-08 01:41:00+00:00,2498.840087890625,ETH
2026-09-08 01:42:00+00:00,2499.550048828125,ETH
2026-09-08 01:43:00+00:00,2499.669921875,ETH
2026-09-08 01:44:00+00:00,2499.429931640625,ETH
2026-09-08 01:45:00+00:00,2499.760009765625,ETH
2026-09-08 01:46:00+00:00,2498.85009765625,ETH
2026-09-08 01:47:00+00:00,2499.25,ETH
2026-09-08 01:48:00+00:00,2499.659912109375,ETH
2026-09-08 01:49:00+00:00,2500.5400390625,ETH
2026-09-08 01:50:00+00:00,2498.719970703125,ETH
2026-09-08 01:51:00+00:00,2499.1298828125,ETH
2026-09-08 01:52:00+00:00,2499.89990234375,ETH
2026-09-08 01:53:00+00:00,2500.14990234375,ETH
2026-09-08 01:54:00+00:00,2500.550048828125,ETH
2026-09-08 01:55:00+00:00,2501.75,ETH
2026-09-08 01:56:00+00:00,2502.4599609375,ETH
2026-09-08 01:57:00+00:00,2501.860107421875,ETH
2026-09-08 01:58:00+00:00,2503.85009765625,ETH
2026-09-08 01:59:00+00:00,2503.68994140625,ETH
2026-09-08 02:00:00+00:00,2502.5,ETH
2026-09-08 02:01:00+00:00,2501.760009765625,ETH
2026-09-08 02:02:00+00:00,2501.39990234375,ETH
2026-09-08 02:03:00+00:00,2501.6201171875,ETH
2026-09-08 02:04:00+00:00,2500.699951171875,ETH
2026-09-08 02:05:00+00:00,2500.27001953125,ETH
2026-09-08 02:06:00+00:00,2498.080078125,ETH
2026-09-08 02:07:00+00:00,2498.52001953125,ETH
2026-09-08 02:08:00+00:00,2498.110107421875,ETH
2026-09-08 02:09:00+00:00,2498.080078125,ETH
2026-09-08 02:10:00+00:00,2498.25,ETH
2026-09-08 02:11:00+00:00,2495.409912109375,ETH
2026-09-08 02:12:00+00:00,2497.3701171875,ETH
2026-09-08 02:13:00+00:00,2498.260009765625,ETH
2026-09-08 02:14:00+00:00,2498.419921875,ETH
2026-09-08 02:15:00+00:00,2499.340087890625,ETH
2026-09-08 02:16:00+00:00,2499.7099609375,ETH
2026-09-08 02:17:00+00:00,2498.0,ETH
2026-09-08 02:18:00+00:00,2497.760009765625,ETH
2026-09-08 02:19:00+00:00,2498.699951171875,ETH
2026-09-08 02:20:00+00:00,2499.43994140625,ETH
2026-09-08 02:21:00+00:00,2499.239990234375,ETH
2026-09-08 02:22:00+00:00,2501.5400390625,ETH
2026-09-08 02:23:00+00:00,2505.389892578125,ETH
2026-09-08 02:24:00+00:00,2505.97998046875,ETH
2026-09-08 02:25:00+00:00,2503.2099609375,ETH
2026-09-08 02:26:00+00:00,2501.8701171875,ETH
2026-09-08 02:27:00+00:00,2501.169921875,ETH
2026-09-08 02:28:00+00:00,2497.239990234375,ETH
2026-09-08 02:29:00+00:00,2496.389892578125,ETH
2026-09-08 02:30:00+00:00,2494.97998046875,ETH
2026-09-08 02:31:00+00:00,2496.830078125,ETH
2026-09-08 02:32:00+00:00,2494.5,ETH
2026-09-08 02:33:00+00:00,2494.6201171875,ETH
2026-09-08 02:34:00+00:00,2494.4599609375,ETH
2026-09-08 02:35:00+00:00,2493.469970703125,ETH
2026-09-08 02:36:00+00:00,2492.280029296875,ETH
2026-09-08 02:37:00+00:00,2492.199951171875,ETH
2026-09-08 02:38:00+00:00,2492.889892578125,ETH
2026-09-08 02:39:00+00:00,2491.72998046875,ETH
2026-09-08 02:40:00+00:00,2491.2099609375,ETH
2026-09-08 02:41:00+00:00,2491.6298828125,ETH
2026-09-08 02:42:00+00:00,2490.419921875,ETH
2026-09-08 02:43:00+00:00,2490.889892578125,ETH
2026-09-08 02:44:00+00:00,2490.909912109375,ETH
2026-09-08 02:45:00+00:00,2491.280029296875,ETH
2026-09-08 02:46:00+00:00,2490.580078125,ETH
2026-09-08 02:47:00+00:00,2491.949951171875,ETH
2026-09-08 02:48:00+00:00,2492.179931640625,ETH
2026-09-08 02:49:00+00:00,2491.110107421875,ETH
2026-09-08 02:50:00+00:00,2490.360107421875,ETH
2026-09-08 02:51:00+00:00,2488.72998046875,ETH
2026-09-08 02:52:00+00:00,2487.469970703125,ETH
2026-09-08 02:53:00+00:00,2486.280029296875,ETH
2026-09-08 02:54:00+00:00,2485.969970703125,ETH
2026-09-08 02:55:00+00:00,2486.840087890625,ETH
2026-09-08 02:56:00+00:00,2487.419921875,ETH
2026-09-08 02:57:00+00:00,2485.409912109375,ETH
2026-09-08 02:58:00+00:00,2484.739990234375,ETH
2026-09-08 02:59:00+00:00,2484.06005859375,ETH
2026-09-08 03:00:00+00:00,2483.97998046875,ETH
2026-09-08 03:01:00+00:00,2485.52001953125,ETH
2026-09-08 03:02:00+00:00,2484.429931640625,ETH
2026-09-08 03:03:00+00:00,2483.800048828125,ETH
2026-09-08 03:04:00+00:00,2483.679931640625,ETH
2026-09-08 03:05:00+00:00,2484.969970703125,ETH
2026-09-08 03:06:00+00:00,2484.56005859375,ETH
2026-09-08 03:07:00+00:00,2483.9599609375,ETH
2026-09-08 03:08:00+00:00,2485.090087890625,ETH
2026-09-08 03:09:00+00:00,2486.199951171875,ETH
2026-09-08 03:10:00+00:00,2484.929931640625,ETH
2026-09-08 03:11:00+00:00,2484.219970703125,ETH
2026-09-08 03:12:00+00:00,2483.830078125,ETH
2026-09-08 03:13:00+00:00,2482.389892578125,ETH
2026-09-08 03:14:00+00:00,2482.719970703125,ETH
2026-09-08 03:15:00+00:00,2482.860107421875,ETH
2026-09-08 03:16:00+00:00,2483.760009765625,ETH
2026-09-08 03:17:00+00:00,2483.739990234375,ETH
2026-09-08 03:18:00+00:00,2482.419921875,ETH
2026-09-08 03:19:00+00:00,2480.929931640625,ETH
2026-09-08 03:20:00+00:00,2480.27001953125,ETH
2026-09-08 03:21:00+00:00,2478.530029296875,ETH
2026-09-08 03:22:00+00:00,2479.550048828125,ETH
2026-09-08 03:23:00+00:00,2481.070068359375,ETH
2026-09-08 03:24:00+00:00,2480.3701171875,ETH
2026-09-08 03:25:00+00:00,2482.52001953125,ETH
2026-09-08 03:26:00+00:00,2482.0400390625,ETH
2026-09-08 03:27:00+00:00,2480.199951171875,ETH
2026-09-08 03:28:00+00:00,2479.159912109375,ETH
2026-09-08 03:29:00+00:00,2480.260009765625,ETH
2026-09-08 03:30:00+00:00,2482.860107421875,ETH
2026-09-08 03:31:00+00:00,2484.60009765625,ETH
2026-09-08 03:32:00+00:00,2484.43994140625,ETH
2026-09-08 03:33:00+00:00,2485.659912109375,ETH
2026-09-08 03:34:00+00:00,2484.72998046875,ETH
2026-09-08 03:35:00+00:00,2484.8701171875,ETH
2026-09-08 03:36:00+00:00,2486.169921875,ETH
2026-09-08 03:37:00+00:00,2486.7099609375,ETH
2026-09-08 03:38:00+00:00,2486.070068359375,ETH
2026-09-08 03:39:00+00:00,2486.47998046875,ETH
2026-09-08 03:40:00+00:00,2486.3798828125,ETH
2026-09-08 03:41:00+00:00,2485.530029296875,ETH
2026-09-08 03:42:00+00:00,2485.760009765625,ETH
2026-09-08 03:43:00+00:00,2487.64990234375,ETH
2026-09-08 03:44:00+00:00,2486.030029296875,ETH
2026-09-08 03:45:00+00:00,2486.280029296875,ETH
2026-09-08 03:46:00+00:00,2485.3798828125,ETH
2026-09-08 03:47:00+00:00,2484.239990234375,ETH
2026-09-08 03:48:00+00:00,2483.969970703125,ETH
2026-09-08 03:49:00+00:00,2484.3701171875,ETH
2026-09-08 03:50:00+00:00,2485.360107421875,ETH
2026-09-08 03:51:00+00:00,2486.0,ETH
2026-09-08 03:52:00+00:00,2485.320068359375,ETH
2026-09-08 03:53:00+00:00,2483.929931640625,ETH
2026-09-08 03:54:00+00:00,2483.909912109375,ETH
2026-09-08 03:55:00+00:00,2483.699951171875,ETH
2026-09-08 03:56:00+00:00,2484.489990234375,ETH
2026-09-08 03:57:00+00:00,2485.010009765625,ETH
2026-09-08 03:58:00+00:00,2484.719970703125,ETH
2026-09-08 03:59:00+00:00,2485.320068359375,ETH
2026-09-08 04:00:00+00:00,2485.429931640625,ETH
2026-09-08 04:01:00+00:00,2485.590087890625,ETH
2026-09-08 04:02:00+00:00,2484.050048828125,ETH
2026-09-08 04:03:00+00:00,2484.360107421875,ETH
2026-09-08 04:04:00+00:00,2483.760009765625,ETH
2026-09-08 04:05:00+00:00,2484.1298828125,ETH
2026-09-08 04:06:00+00:00,2483.89990234375,ETH
2026-09-08 04:07:00+00:00,2483.360107421875,ETH
2026-09-08 04:08:00+00:00,2484.0,ETH
2026-09-08 04:09:00+00:00,2483.550048828125,ETH
2026-09-08 04:10:00+00:00,2482.840087890625,ETH
2026-09-08 04:11:00+00:00,2483.2099609375,ETH
2026-09-08 04:12:00+00:00,2482.510009765625,ETH
2026-09-08 04:13:00+00:00,2483.39990234375,ETH
2026-09-08 04:14:00+00:00,2482.10009765625,ETH
2026-09-08 04:15:00+00:00,2481.300048828125,ETH
2026-09-08 04:16:00+00:00,2482.27001953125,ETH
2026-09-08 04:17:00+00:00,2484.1298828125,ETH
2026-09-08 04:18:00+00:00,2483.7099609375,ETH
2026-09-08 04:19:00+00:00,2484.739990234375,ETH
2026-09-08 04:20:00+00:00,2482.550048828125,ETH
2026-09-08 04:21:00+00:00,2483.06005859375,ETH
2026-09-08 04:22:00+00:00,2481.6298828125,ETH
2026-09-08 04:23:00+00:00,2481.2900390625,ETH
2026-09-08 04:24:00+00:00,2480.610107421875,ETH
2026-09-08 04:25:00+00:00,2482.1298828125,ETH
2026-09-08 04:26:00+00:00,2481.6201171875,ETH
2026-09-08 04:27:00+00:00,2481.7099609375,ETH
2026-09-08 04:28:00+00:00,2482.6298828125,ETH
2026-09-08 04:29:00+00:00,2482.090087890625,ETH
2026-09-08 04:30:00+00:00,2481.68994140625,ETH
2026-09-08 04:31:00+00:00,2483.0400390625,ETH
2026-09-08 04:32:00+00:00,2483.199951171875,ETH
2026-09-08 04:33:00+00:00,2483.1201171875,ETH
2026-09-08 04:34:00+00:00,2483.02001953125,ETH
2026-09-08 04:35:00+00:00,2481.60009765625,ETH
2026-09-08 04:36:00+00:00,2481.31005859375,ETH
2026-09-08 04:37:00+00:00,2482.340087890625,ETH
2026-09-08 04:38:00+00:00,2483.260009765625,ETH
2026-09-08 04:39:00+00:00,2484.739990234375,ETH
2026-09-08 04:40:00+00:00,2483.39990234375,ETH
2026-09-08 04:41:00+00:00,2482.81005859375,ETH
2026-09-08 04:42:00+00:00,2482.2099609375,ETH
2026-09-08 04:43:00+00:00,2482.449951171875,ETH
2026-09-08 04:44:00+00:00,2482.56005859375,ETH
2026-09-08 04:45:00+00:00,2482.9599609375,ETH
2026-09-08 04:46:00+00:00,2482.77001953125,ETH
2026-09-08 04:47:00+00:00,2483.360107421875,ETH
2026-09-08 04:48:00+00:00,2482.340087890625,ETH
2026-09-08 04:49:00+00:00,2482.169921875,ETH
2026-09-08 04:50:00+00:00,2482.56005859375,ETH
2026-09-08 04:51:00+00:00,2482.760009765625,ETH
2026-09-08 04:52:00+00:00,2482.179931640625,ETH
2026-09-08 04:53:00+00:00,2480.360107421875,ETH
2026-09-08 04:54:00+00:00,2479.97998046875,ETH
2026-09-08 04:55:00+00:00,2477.989990234375,ETH
2026-09-08 04:56:00+00:00,2478.4599609375,ETH
2026-09-08 04:57:00+00:00,2478.919921875,ETH
2026-09-08 04:58:00+00:00,2479.010009765625,ETH
2026-09-08 04:59:00+00:00,2478.22998046875,ETH
2026-09-08 05:00:00+00:00,2479.070068359375,ETH
2026-09-08 05:01:00+00:00,2481.409912109375,ETH
2026-09-08 05:02:00+00:00,2483.489990234375,ETH
2026-09-08 05:03:00+00:00,2482.300048828125,ETH
2026-09-08 05:04:00+00:00,2479.97998046875,ETH
2026-09-08 05:05:00+00:00,2479.300048828125,ETH
2026-09-08 05:06:00+00:00,2481.97998046875,ETH
2026-09-08 05:07:00+00:00,2480.699951171875,ETH
2026-09-08 05:08:00+00:00,2478.429931640625,ETH
2026-09-08 05:09:00+00:00,2478.75,ETH
2026-09-08 05:10:00+00:00,2479.199951171875,ETH
2026-09-08 05:11:00+00:00,2479.10009765625,ETH
2026-09-08 05:12:00+00:00,2479.5,ETH
2026-09-08 05:13:00+00:00,2480.449951171875,ETH
2026-09-08 05:14:00+00:00,2477.300048828125,ETH
2026-09-08 05:15:00+00:00,2477.3701171875,ETH
2026-09-08 05:16:00+00:00,2479.27001953125,ETH
2026-09-08 05:17:00+00:00,2479.679931640625,ETH
2026-09-08 05:18:00+00:00,2481.550048828125,ETH
2026-09-08 05:19:00+00:00,2481.7900390625,ETH
2026-09-08 05:20:00+00:00,2481.610107421875,ETH
2026-09-08 05:21:00+00:00,2481.81005859375,ETH
2026-09-08 05:22:00+00:00,2480.68994140625,ETH
2026-09-08 05:23:00+00:00,2481.3701171875,ETH
2026-09-08 05:24:00+00:00,2482.300048828125,ETH
2026-09-08 05:25:00+00:00,2482.139892578125,ETH
2026-09-08 05:26:00+00:00,2483.199951171875,ETH
2026-09-08 05:27:00+00:00,2482.22998046875,ETH
2026-09-08 05:28:00+00:00,2481.199951171875,ETH
2026-09-08 05:29:00+00:00,2481.35009765625,ETH
2026-09-08 05:30:00+00:00,2480.7099609375,ETH
2026-09-08 05:31:00+00:00,2481.300048828125,ETH
2026-09-08 05:32:00+00:00,2479.81005859375,ETH
2026-09-08 05:33:00+00:00,2478.300048828125,ETH
2026-09-08 05:34:00+00:00,2476.429931640625,ETH
2026-09-08 05:35:00+00:00,2476.199951171875,ETH
2026-09-08 05:36:00+00:00,2474.97998046875,ETH
2026-09-08 05:37:00+00:00,2476.800048828125,ETH
2026-09-08 05:38:00+00:00,2478.010009765625,ETH
2026-09-08 05:39:00+00:00,2476.89990234375,ETH
2026-09-08 05:40:00+00:00,2476.010009765625,ETH
2026-09-08 05:41:00+00:00,2476.77001953125,ETH
2026-09-08 05:42:00+00:00,2475.610107421875,ETH
2026-09-08 05:43:00+00:00,2475.10009765625,ETH
2026-09-08 05:44:00+00:00,2473.1298828125,ETH
2026-09-08 05:45:00+00:00,2475.199951171875,ETH
2026-09-08 05:46:00+00:00,2474.699951171875,ETH
2026-09-08 05:47:00+00:00,2475.1298828125,ETH
2026-09-08 05:48:00+00:00,2475.919921875,ETH
2026-09-08 05:49:00+00:00,2476.669921875,ETH
2026-09-08 05:50:00+00:00,2476.2099609375,ETH
2026-09-08 05:51:00+00:00,2475.820068359375,ETH
2026-09-08 05:52:00+00:00,2474.159912109375,ETH
2026-09-08 05:53:00+00:00,2474.169921875,ETH
2026-09-08 05:54:00+00:00,2473.260009765625,ETH
2026-09-08 05:55:00+00:00,2472.5400390625,ETH
2026-09-08 05:56:00+00:00,2472.47998046875,ETH
2026-09-08 05:57:00+00:00,2472.989990234375,ETH
2026-09-08 05:58:00+00:00,2472.02001953125,ETH
2026-09-08 05:59:00+00:00,2472.669921875,ETH
2026-09-08 06:00:00+00:00,2472.97998046875,ETH
2026-09-08 06:01:00+00:00,2473.389892578125,ETH
2026-09-08 06:02:00+00:00,2471.449951171875,ETH
2026-09-08 06:03:00+00:00,2473.219970703125,ETH
2026-09-08 06:04:00+00:00,2471.429931640625,ETH
2026-09-08 06:05:00+00:00,2470.1201171875,ETH
2026-09-08 06:06:00+00:00,2470.800048828125,ETH
2026-09-08 06:07:00+00:00,2472.590087890625,ETH
2026-09-08 06:08:00+00:00,2474.389892578125,ETH
2026-09-08 06:09:00+00:00,2473.60009765625,ETH
2026-09-08 06:10:00+00:00,2472.739990234375,ETH
2026-09-08 06:11:00+00:00,2471.699951171875,ETH
2026-09-08 06:12:00+00:00,2472.5,ETH
2026-09-08 06:13:00+00:00,2473.8701171875,ETH
2026-09-08 06:14:00+00:00,2474.3798828125,ETH
2026-09-08 06:15:00+00:00,2476.1298828125,ETH
2026-09-08 06:16:00+00:00,2474.889892578125,ETH
2026-09-08 06:17:00+00:00,2471.929931640625,ETH
2026-09-08 06:18:00+00:00,2470.860107421875,ETH
2026-09-08 06:19:00+00:00,2468.6298828125,ETH
2026-09-08 06:20:00+00:00,2467.949951171875,ETH
2026-09-08 06:21:00+00:00,2466.18994140625,ETH
2026-09-08 06:22:00+00:00,2467.570068359375,ETH
2026-09-08 06:23:00+00:00,2467.199951171875,ETH
2026-09-08 06:24:00+00:00,2468.31005859375,ETH
2026-09-08 06:25:00+00:00,2467.159912109375,ETH
2026-09-08 06:26:00+00:00,2468.699951171875,ETH
2026-09-08 06:27:00+00:00,2467.659912109375,ETH
2026-09-08 06:28:00+00:00,2467.199951171875,ETH
2026-09-08 06:29:00+00:00,2466.0,ETH
2026-09-08 06:30:00+00:00,2466.43994140625,ETH
2026-09-08 06:31:00+00:00,2465.719970703125,ETH
2026-09-08 06:32:00+00:00,2467.169921875,ETH
2026-09-08 06:33:00+00:00,2465.340087890625,ETH
2026-09-08 06:34:00+00:00,2465.6298828125,ETH
2026-09-08 06:35:00+00:00,2463.969970703125,ETH
2026-09-08 06:36:00+00:00,2464.679931640625,ETH
2026-09-08 06:37:00+00:00,2463.800048828125,ETH
2026-09-08 06:38:00+00:00,2465.639892578125,ETH
2026-09-08 06:39:00+00:00,2465.56005859375,ETH
2026-09-08 06:40:00+00:00,2465.969970703125,ETH
2026-09-08 06:41:00+00:00,2465.02001953125,ETH
2026-09-08 06:42:00+00:00,2464.860107421875,ETH
2026-09-08 06:43:00+00:00,2463.68994140625,ETH
2026-09-08 06:44:00+00:00,2464.780029296875,ETH
2026-09-08 06:45:00+00:00,2465.719970703125,ETH
2026-09-08 06:46:00+00:00,2466.030029296875,ETH
2026-09-08 06:47:00+00:00,2468.39990234375,ETH
2026-09-08 06:48:00+00:00,2466.719970703125,ETH
2026-09-08 06:49:00+00:00,2464.840087890625,ETH
2026-09-08 06:50:00+00:00,2466.969970703125,ETH
2026-09-08 06:51:00+00:00,2464.760009765625,ETH
2026-09-08 06:52:00+00:00,2464.159912109375,ETH
2026-09-08 06:53:00+00:00,2462.909912109375,ETH
2026-09-08 06:54:00+00:00,2463.840087890625,ETH
2026-09-08 06:55:00+00:00,2466.39990234375,ETH
2026-09-08 06:56:00+00:00,2467.60009765625,ETH
2026-09-08 06:57:00+00:00,2467.489990234375,ETH
2026-09-08 06:58:00+00:00,2468.199951171875,ETH
2026-09-08 06:59:00+00:00,2467.47998046875,ETH
2026-09-08 07:00:00+00:00,2468.199951171875,ETH
2026-09-08 07:01:00+00:00,2469.669921875,ETH
2026-09-08 07:02:00+00:00,2468.699951171875,ETH
2026-09-08 07:03:00+00:00,2469.239990234375,ETH
2026-09-08 07:04:00+00:00,2469.719970703125,ETH
2026-09-08 07:05:00+00:00,2470.639892578125,ETH
2026-09-08 07:06:00+00:00,2474.0,ETH
2026-09-08 07:07:00+00:00,2473.929931640625,ETH
2026-09-08 07:08:00+00:00,2473.010009765625,ETH
2026-09-08 07:09:00+00:00,2473.030029296875,ETH
2026-09-08 07:10:00+00:00,2473.5,ETH
2026-09-08 07:11:00+00:00,2473.739990234375,ETH
2026-09-08 07:12:00+00:00,2473.6298828125,ETH
2026-09-08 07:13:00+00:00,2473.39990234375,ETH
2026-09-08 07:14:00+00:00,2473.81005859375,ETH
2026-09-08 07:15:00+00:00,2472.949951171875,ETH
2026-09-08 07:16:00+00:00,2473.780029296875,ETH
2026-09-08 07:17:00+00:00,2474.320068359375,ETH
2026-09-08 07:18:00+00:00,2473.9599609375,ETH
2026-09-08 07:19:00+00:00,2474.25,ETH
2026-09-08 07:20:00+00:00,2474.719970703125,ETH
2026-09-08 07:21:00+00:00,2475.510009765625,ETH
2026-09-08 07:22:00+00:00,2475.1201171875,ETH
2026-09-08 07:23:00+00:00,2475.330078125,ETH
2026-09-08 07:24:00+00:00,2476.18994140625,ETH
2026-09-08 07:25:00+00:00,2477.739990234375,ETH
2026-09-08 07:26:00+00:00,2477.60009765625,ETH
2026-09-08 07:27:00+00:00,2478.1298828125,ETH
2026-09-08 07:28:00+00:00,2478.570068359375,ETH
2026-09-08 07:29:00+00:00,2477.800048828125,ETH
2026-09-08 07:30:00+00:00,2477.760009765625,ETH
2026-09-08 07:31:00+00:00,2478.719970703125,ETH
2026-09-08 07:32:00+00:00,2478.760009765625,ETH
2026-09-08 07:33:00+00:00,2477.909912109375,ETH
2026-09-08 07:34:00+00:00,2479.679931640625,ETH
2026-09-08 07:35:00+00:00,2480.260009765625,ETH
2026-09-08 07:36:00+00:00,2480.719970703125,ETH
2026-09-08 07:37:00+00:00,2480.929931640625,ETH
2026-09-08 07:38:00+00:00,2480.1201171875,ETH
2026-09-08 07:39:00+00:00,2480.97998046875,ETH
2026-09-08 07:40:00+00:00,2483.030029296875,ETH
2026-09-08 07:41:00+00:00,2480.6201171875,ETH
2026-09-08 07:42:00+00:00,2479.389892578125,ETH
2026-09-08 07:43:00+00:00,2480.090087890625,ETH
2026-09-08 07:44:00+00:00,2478.320068359375,ETH
2026-09-08 07:45:00+00:00,2475.56005859375,ETH
2026-09-08 07:46:00+00:00,2475.7900390625,ETH
2026-09-08 07:47:00+00:00,2474.9599609375,ETH
2026-09-08 07:48:00+00:00,2474.9599609375,ETH
2026-09-08 07:49:00+00:00,2474.800048828125,ETH
2026-09-08 07:50:00+00:00,2471.860107421875,ETH
2026-09-08 07:51:00+00:00,2472.39990234375,ETH
2026-09-08 07:52:00+00:00,2475.300048828125,ETH
2026-09-08 07:53:00+00:00,2475.97998046875,ETH
2026-09-08 07:54:00+00:00,2476.64990234375,ETH
2026-09-08 07:55:00+00:00,2479.449951171875,ETH
2026-09-08 07:56:00+00:00,2478.219970703125,ETH
2026-09-08 07:57:00+00:00,2478.330078125,ETH
2026-09-08 07:58:00+00:00,2479.360107421875,ETH
2026-09-08 07:59:00+00:00,2478.929931640625,ETH
2026-09-08 08:00:00+00:00,2476.14990234375,ETH
2026-09-08 08:01:00+00:00,2472.989990234375,ETH
2026-09-08 08:02:00+00:00,2472.8798828125,ETH
2026-09-08 08:03:00+00:00,2472.760009765625,ETH
2026-09-08 08:04:00+00:00,2470.909912109375,ETH
2026-09-08 08:05:00+00:00,2471.919921875,ETH
2026-09-08 08:06:00+00:00,2473.02001953125,ETH
2026-09-08 08:07:00+00:00,2474.389892578125,ETH
2026-09-08 08:08:00+00:00,2471.360107421875,ETH
2026-09-08 08:09:00+00:00,2470.300048828125,ETH
2026-09-08 08:10:00+00:00,2469.39990234375,ETH
2026-09-08 08:11:00+00:00,2470.35009765625,ETH
2026-09-08 08:12:00+00:00,2471.550048828125,ETH
2026-09-08 08:13:00+00:00,2470.530029296875,ETH
2026-09-08 08:14:00+00:00,2472.14990234375,ETH
2026-09-08 08:15:00+00:00,2472.639892578125,ETH
2026-09-08 08:16:00+00:00,2472.27001953125,ETH
2026-09-08 08:17:00+00:00,2472.429931640625,ETH
2026-09-08 08:18:00+00:00,2471.77001953125,ETH
2026-09-08 08:19:00+00:00,2472.260009765625,ETH
2026-09-08 08:20:00+00:00,2472.550048828125,ETH
2026-09-08 08:21:00+00:00,2471.679931640625,ETH
2026-09-08 08:22:00+00:00,2471.169921875,ETH
2026-09-08 08:23:00+00:00,2472.780029296875,ETH
2026-09-08 08:24:00+00:00,2474.550048828125,ETH
2026-09-08 08:25:00+00:00,2473.090087890625,ETH
2026-09-08 08:26:00+00:00,2474.530029296875,ETH
2026-09-08 08:27:00+00:00,2475.8701171875,ETH
2026-09-08 08:28:00+00:00,2476.6298828125,ETH
2026-09-08 08:29:00+00:00,2475.60009765625,ETH
2026-09-08 08:30:00+00:00,2474.159912109375,ETH
2026-09-08 08:31:00+00:00,2477.2099609375,ETH
2026-09-08 08:32:00+00:00,2476.800048828125,ETH
2026-09-08 08:33:00+00:00,2478.719970703125,ETH
2026-09-08 08:34:00+00:00,2479.22998046875,ETH
2026-09-08 08:35:00+00:00,2480.68994140625,ETH
2026-09-08 08:36:00+00:00,2480.31005859375,ETH
2026-09-08 08:37:00+00:00,2480.14990234375,ETH
2026-09-08 08:38:00+00:00,2481.280029296875,ETH
2026-09-08 08:39:00+00:00,2482.0400390625,ETH
2026-09-08 08:40:00+00:00,2480.969970703125,ETH
2026-09-08 08:41:00+00:00,2480.580078125,ETH
2026-09-08 08:42:00+00:00,2480.030029296875,ETH
2026-09-08 08:43:00+00:00,2480.14990234375,ETH
2026-09-08 08:44:00+00:00,2479.679931640625,ETH
2026-09-08 08:45:00+00:00,2481.280029296875,ETH
2026-09-08 08:46:00+00:00,2482.8798828125,ETH
2026-09-08 08:47:00+00:00,2480.699951171875,ETH
2026-09-08 08:48:00+00:00,2479.530029296875,ETH
2026-09-08 08:49:00+00:00,2479.840087890625,ETH
2026-09-08 08:50:00+00:00,2478.3701171875,ETH
2026-09-08 08:51:00+00:00,2476.0400390625,ETH
2026-09-08 08:52:00+00:00,2476.679931640625,ETH
2026-09-08 08:53:00+00:00,2476.8798828125,ETH
2026-09-08 08:54:00+00:00,2477.06005859375,ETH
2026-09-08 08:55:00+00:00,2476.47998046875,ETH
2026-09-08 08:56:00+00:00,2478.31005859375,ETH
2026-09-08 08:57:00+00:00,2477.820068359375,ETH
2026-09-08 08:58:00+00:00,2476.300048828125,ETH
2026-09-08 08:59:00+00:00,2476.47998046875,ETH
2026-09-08 09:00:00+00:00,2475.389892578125,ETH
2026-09-08 09:01:00+00:00,2476.669921875,ETH
2026-09-08 09:02:00+00:00,2476.389892578125,ETH
2026-09-08 09:03:00+00:00,2476.739990234375,ETH
2026-09-08 09:04:00+00:00,2476.02001953125,ETH
2026-09-08 09:05:00+00:00,2475.1201171875,ETH
2026-09-08 09:06:00+00:00,2476.659912109375,ETH
2026-09-08 09:07:00+00:00,2475.8798828125,ETH
2026-09-08 09:08:00+00:00,2475.27001953125,ETH
2026-09-08 09:09:00+00:00,2476.800048828125,ETH
2026-09-08 09:10:00+00:00,2476.139892578125,ETH
2026-09-08 09:11:00+00:00,2476.760009765625,ETH
2026-09-08 09:12:00+00:00,2478.070068359375,ETH
2026-09-08 09:13:00+00:00,2479.75,ETH
2026-09-08 09:14:00+00:00,2479.68994140625,ETH
2026-09-08 09:15:00+00:00,2480.409912109375,ETH
2026-09-08 09:16:00+00:00,2480.010009765625,ETH
2026-09-08 09:17:00+00:00,2480.320068359375,ETH
2026-09-08 09:18:00+00:00,2481.280029296875,ETH
2026-09-08 09:19:00+00:00,2479.199951171875,ETH
2026-09-08 09:20:00+00:00,2479.239990234375,ETH
2026-09-08 09:21:00+00:00,2477.760009765625,ETH
2026-09-08 09:22:00+00:00,2477.18994140625,ETH
2026-09-08 09:23:00+00:00,2478.659912109375,ETH
2026-09-08 09:24:00+00:00,2479.300048828125,ETH
2026-09-08 09:25:00+00:00,2480.0,ETH
2026-09-08 09:26:00+00:00,2480.06005859375,ETH
2026-09-08 09:27:00+00:00,2481.06005859375,ETH
2026-09-08 09:28:00+00:00,2480.8701171875,ETH
2026-09-08 09:29:00+00:00,2480.340087890625,ETH
2026-09-08 09:30:00+00:00,2481.260009765625,ETH
2026-09-08 09:31:00+00:00,2481.489990234375,ETH
2026-09-08 09:32:00+00:00,2487.449951171875,ETH
2026-09-08 09:33:00+00:00,2490.169921875,ETH
2026-09-08 09:34:00+00:00,2490.8798828125,ETH
2026-09-08 09:35:00+00:00,2489.909912109375,ETH
2026-09-08 09:36:00+00:00,2492.47998046875,ETH
2026-09-08 09:37:00+00:00,2491.68994140625,ETH
2026-09-08 09:38:00+00:00,2493.510009765625,ETH
2026-09-08 09:39:00+00:00,2492.64990234375,ETH
2026-09-08 09:40:00+00:00,2493.080078125,ETH
2026-09-08 09:41:00+00:00,2494.530029296875,ETH
2026-09-08 09:42:00+00:00,2493.1298828125,ETH
2026-09-08 09:43:00+00:00,2494.35009765625,ETH
2026-09-08 09:44:00+00:00,2493.080078125,ETH
2026-09-08 09:45:00+00:00,2493.419921875,ETH
2026-09-08 09:46:00+00:00,2493.510009765625,ETH
2026-09-08 09:47:00+00:00,2493.2900390625,ETH
2026-09-08 09:48:00+00:00,2494.669921875,ETH
2026-09-08 09:49:00+00:00,2493.72998046875,ETH
2026-09-08 09:50:00+00:00,2493.1201171875,ETH
2026-09-08 09:51:00+00:00,2491.139892578125,ETH
2026-09-08 09:52:00+00:00,2490.320068359375,ETH
2026-09-08 09:53:00+00:00,2491.85009765625,ETH
2026-09-08 09:54:00+00:00,2492.5400390625,ETH
2026-09-08 09:55:00+00:00,2491.280029296875,ETH
2026-09-08 09:56:00+00:00,2491.080078125,ETH
2026-09-08 09:57:00+00:00,2490.610107421875,ETH
2026-09-08 09:58:00+00:00,2490.7900390625,ETH
2026-09-08 09:59:00+00:00,2491.18994140625,ETH
2026-09-08 10:00:00+00:00,2489.9599609375,ETH
2026-09-08 10:01:00+00:00,2487.679931640625,ETH
2026-09-08 10:02:00+00:00,2489.010009765625,ETH
2026-09-08 10:03:00+00:00,2489.0400390625,ETH
2026-09-08 10:04:00+00:00,2488.43994140625,ETH
2026-09-08 10:05:00+00:00,2488.2099609375,ETH
2026-09-08 10:06:00+00:00,2488.89990234375,ETH
2026-09-08 10:07:00+00:00,2489.199951171875,ETH
2026-09-08 10:08:00+00:00,2486.260009765625,ETH
2026-09-08 10:09:00+00:00,2486.989990234375,ETH
2026-09-08 10:10:00+00:00,2487.389892578125,ETH
2026-09-08 10:11:00+00:00,2487.679931640625,ETH
2026-09-08 10:12:00+00:00,2488.139892578125,ETH
2026-09-08 10:13:00+00:00,2488.389892578125,ETH
2026-09-08 10:14:00+00:00,2489.139892578125,ETH
2026-09-08 10:15:00+00:00,2488.800048828125,ETH
2026-09-08 10:16:00+00:00,2488.719970703125,ETH
2026-09-08 10:17:00+00:00,2488.389892578125,ETH
2026-09-08 10:18:00+00:00,2489.14990234375,ETH
2026-09-08 10:19:00+00:00,2490.47998046875,ETH
2026-09-08 10:20:00+00:00,2497.5400390625,ETH
2026-09-08 10:21:00+00:00,2495.0400390625,ETH
2026-09-08 10:22:00+00:00,2493.8798828125,ETH
2026-09-08 10:23:00+00:00,2492.780029296875,ETH
2026-09-08 10:24:00+00:00,2493.7099609375,ETH
2026-09-08 10:25:00+00:00,2494.39990234375,ETH
2026-09-08 10:26:00+00:00,2491.360107421875,ETH
2026-09-08 10:27:00+00:00,2491.070068359375,ETH
2026-09-08 10:28:00+00:00,2491.580078125,ETH
2026-09-08 10:29:00+00:00,2491.510009765625,ETH
2026-09-08 10:30:00+00:00,2490.56005859375,ETH
2026-09-08 10:31:00+00:00,2491.179931640625,ETH
2026-09-08 10:32:00+00:00,2487.97998046875,ETH
2026-09-08 10:33:00+00:00,2487.39990234375,ETH
2026-09-08 10:34:00+00:00,2486.22998046875,ETH
2026-09-08 10:35:00+00:00,2484.10009765625,ETH
2026-09-08 10:36:00+00:00,2484.179931640625,ETH
2026-09-08 10:37:00+00:00,2484.449951171875,ETH
2026-09-08 10:38:00+00:00,2485.679931640625,ETH
2026-09-08 10:39:00+00:00,2484.449951171875,ETH
2026-09-08 10:40:00+00:00,2482.5,ETH
2026-09-08 10:41:00+00:00,2483.6298828125,ETH
2026-09-08 10:42:00+00:00,2484.969970703125,ETH
2026-09-08 10:43:00+00:00,2483.3798828125,ETH
2026-09-08 10:44:00+00:00,2483.31005859375,ETH
2026-09-08 10:45:00+00:00,2483.340087890625,ETH
2026-09-08 10:46:00+00:00,2483.919921875,ETH
2026-09-08 10:47:00+00:00,2483.409912109375,ETH
2026-09-08 10:48:00+00:00,2484.260009765625,ETH
2026-09-08 10:49:00+00:00,2483.85009765625,ETH
2026-09-08 10:50:00+00:00,2484.2099609375,ETH
2026-09-08 10:51:00+00:00,2482.8798828125,ETH
2026-09-08 10:52:00+00:00,2482.93994140625,ETH
2026-09-08 10:53:00+00:00,2482.179931640625,ETH
2026-09-08 10:54:00+00:00,2483.409912109375,ETH
2026-09-08 10:55:00+00:00,2483.239990234375,ETH
2026-09-08 10:56:00+00:00,2481.93994140625,ETH
2026-09-08 10:57:00+00:00,2481.6201171875,ETH
2026-09-08 10:58:00+00:00,2481.219970703125,ETH
2026-09-08 10:59:00+00:00,2479.27001953125,ETH
2026-09-08 11:00:00+00:00,2479.919921875,ETH
2026-09-08 11:01:00+00:00,2481.0,ETH
2026-09-08 11:02:00+00:00,2480.830078125,ETH
2026-09-08 11:03:00+00:00,2480.219970703125,ETH
2026-09-08 11:04:00+00:00,2479.090087890625,ETH
2026-09-08 11:05:00+00:00,2478.18994140625,ETH
2026-09-08 11:06:00+00:00,2477.31005859375,ETH
2026-09-08 11:07:00+00:00,2476.610107421875,ETH
2026-09-08 11:08:00+00:00,2475.260009765625,ETH
2026-09-08 11:09:00+00:00,2476.22998046875,ETH
2026-09-08 11:10:00+00:00,2474.360107421875,ETH
2026-09-08 11:11:00+00:00,2473.169921875,ETH
2026-09-08 11:12:00+00:00,2472.510009765625,ETH
2026-09-08 11:13:00+00:00,2471.93994140625,ETH
2026-09-08 11:14:00+00:00,2471.52001953125,ETH
2026-09-08 11:15:00+00:00,2472.090087890625,ETH
2026-09-08 11:16:00+00:00,2472.639892578125,ETH
2026-09-08 11:17:00+00:00,2473.280029296875,ETH
2026-09-08 11:18:00+00:00,2473.169921875,ETH
2026-09-08 11:19:00+00:00,2474.159912109375,ETH
2026-09-08 11:20:00+00:00,2475.22998046875,ETH
2026-09-08 11:21:00+00:00,2474.030029296875,ETH
2026-09-08 11:22:00+00:00,2476.199951171875,ETH
2026-09-08 11:23:00+00:00,2475.820068359375,ETH
2026-09-08 11:24:00+00:00,2476.199951171875,ETH
2026-09-08 11:25:00+00:00,2475.570068359375,ETH
2026-09-08 11:26:00+00:00,2474.050048828125,ETH
2026-09-08 11:27:00+00:00,2475.0,ETH
2026-09-08 11:28:00+00:00,2475.10009765625,ETH
2026-09-08 11:29:00+00:00,2474.239990234375,ETH
2026-09-08 11:30:00+00:00,2474.530029296875,ETH
2026-09-08 11:31:00+00:00,2475.139892578125,ETH
2026-09-08 11:32:00+00:00,2476.02001953125,ETH
2026-09-08 11:33:00+00:00,2475.72998046875,ETH
2026-09-08 11:34:00+00:00,2475.889892578125,ETH
2026-09-08 11:35:00+00:00,2475.580078125,ETH
2026-09-08 11:36:00+00:00,2475.840087890625,ETH
2026-09-08 11:37:00+00:00,2476.570068359375,ETH
2026-09-08 11:38:00+00:00,2475.409912109375,ETH
2026-09-08 11:39:00+00:00,2474.570068359375,ETH
2026-09-08 11:40:00+00:00,2474.260009765625,ETH
2026-09-08 11:41:00+00:00,2473.8798828125,ETH
2026-09-08 11:42:00+00:00,2474.360107421875,ETH
2026-09-08 11:43:00+00:00,2475.219970703125,ETH
2026-09-08 11:44:00+00:00,2473.919921875,ETH
2026-09-08 11:45:00+00:00,2473.0,ETH
2026-09-08 11:46:00+00:00,2472.27001953125,ETH
2026-09-08 11:47:00+00:00,2472.639892578125,ETH
2026-09-08 11:48:00+00:00,2473.010009765625,ETH
2026-09-08 11:49:00+00:00,2473.169921875,ETH
2026-09-08 11:50:00+00:00,2472.969970703125,ETH
2026-09-08 11:51:00+00:00,2472.8701171875,ETH
2026-09-08 11:52:00+00:00,2472.25,ETH
2026-09-08 11:53:00+00:00,2473.320068359375,ETH
2026-09-08 11:54:00+00:00,2471.1298828125,ETH
2026-09-08 11:55:00+00:00,2472.7900390625,ETH
2026-09-08 11:56:00+00:00,2473.830078125,ETH
2026-09-08 11:57:00+00:00,2472.8701171875,ETH
2026-09-08 11:58:00+00:00,2474.139892578125,ETH
2026-09-08 11:59:00+00:00,2473.72998046875,ETH
2026-09-08 12:00:00+00:00,2471.280029296875,ETH
2026-09-08 12:01:00+00:00,2470.260009765625,ETH
2026-09-08 12:02:00+00:00,2469.9599609375,ETH
2026-09-08 12:03:00+00:00,2469.8798828125,ETH
2026-09-08 12:04:00+00:00,2468.030029296875,ETH
2026-09-08 12:05:00+00:00,2469.510009765625,ETH
2026-09-08 12:06:00+00:00,2470.050048828125,ETH
2026-09-08 12:07:00+00:00,2470.719970703125,ETH
2026-09-08 12:08:00+00:00,2470.909912109375,ETH
2026-09-08 12:09:00+00:00,2472.56005859375,ETH
2026-09-08 12:10:00+00:00,2471.780029296875,ETH
2026-09-08 12:11:00+00:00,2470.550048828125,ETH
2026-09-08 12:12:00+00:00,2469.77001953125,ETH
2026-09-08 12:13:00+00:00,2469.0400390625,ETH
2026-09-08 12:14:00+00:00,2468.47998046875,ETH
2026-09-08 12:15:00+00:00,2469.3798828125,ETH
2026-09-08 12:16:00+00:00,2470.429931640625,ETH
2026-09-08 12:17:00+00:00,2470.580078125,ETH
2026-09-08 12:18:00+00:00,2471.60009765625,ETH
2026-09-08 12:19:00+00:00,2472.27001953125,ETH
2026-09-08 12:20:00+00:00,2473.4599609375,ETH
2026-09-08 12:21:00+00:00,2473.280029296875,ETH
2026-09-08 12:22:00+00:00,2473.47998046875,ETH
2026-09-08 12:23:00+00:00,2473.31005859375,ETH
2026-09-08 12:24:00+00:00,2474.419921875,ETH
2026-09-08 12:25:00+00:00,2474.389892578125,ETH
2026-09-08 12:26:00+00:00,2474.68994140625,ETH
2026-09-08 12:27:00+00:00,2474.699951171875,ETH
2026-09-08 12:28:00+00:00,2473.409912109375,ETH
2026-09-08 12:29:00+00:00,2475.0400390625,ETH
2026-09-08 12:30:00+00:00,2473.580078125,ETH
2026-09-08 12:31:00+00:00,2473.3798828125,ETH
2026-09-08 12:32:00+00:00,2474.800048828125,ETH
2026-09-08 12:33:00+00:00,2474.239990234375,ETH
2026-09-08 12:34:00+00:00,2472.659912109375,ETH
2026-09-08 12:35:00+00:00,2472.659912109375,ETH
2026-09-08 12:36:00+00:00,2473.2900390625,ETH
2026-09-08 12:37:00+00:00,2473.14990234375,ETH
2026-09-08 12:38:00+00:00,2471.830078125,ETH
2026-09-08 12:39:00+00:00,2472.260009765625,ETH
2026-09-08 12:40:00+00:00,2471.610107421875,ETH
2026-09-08 12:41:00+00:00,2472.6298828125,ETH
2026-09-08 12:42:00+00:00,2473.22998046875,ETH
2026-09-08 12:43:00+00:00,2472.169921875,ETH
2026-09-08 12:44:00+00:00,2472.139892578125,ETH
2026-09-08 12:45:00+00:00,2473.070068359375,ETH
2026-09-08 12:46:00+00:00,2471.639892578125,ETH
2026-09-08 12:47:00+00:00,2472.39990234375,ETH
2026-09-08 12:48:00+00:00,2471.43994140625,ETH
2026-09-08 12:49:00+00:00,2473.8798828125,ETH
2026-09-08 12:50:00+00:00,2472.639892578125,ETH
2026-09-08 12:51:00+00:00,2471.719970703125,ETH
2026-09-08 12:52:00+00:00,2472.93994140625,ETH
2026-09-08 12:53:00+00:00,2472.93994140625,ETH
2026-09-08 12:54:00+00:00,2474.43994140625,ETH
2026-09-08 12:55:00+00:00,2471.7900390625,ETH
2026-09-08 12:56:00+00:00,2471.580078125,ETH
2026-09-08 12:57:00+00:00,2471.3701171875,ETH
2026-09-08 12:58:00+00:00,2471.169921875,ETH
2026-09-08 12:59:00+00:00,2471.7900390625,ETH
2026-09-08 13:00:00+00:00,2471.0,ETH
2026-09-08 13:01:00+00:00,2472.6201171875,ETH
2026-09-08 13:02:00+00:00,2472.9599609375,ETH
2026-09-08 13:03:00+00:00,2472.93994140625,ETH
2026-09-08 13:04:00+00:00,2473.419921875,ETH
2026-09-08 13:05:00+00:00,2473.47998046875,ETH
2026-09-08 13:06:00+00:00,2474.1201171875,ETH
2026-09-08 13:07:00+00:00,2473.050048828125,ETH
2026-09-08 13:08:00+00:00,2472.47998046875,ETH
2026-09-08 13:09:00+00:00,2471.4599609375,ETH
2026-09-08 13:10:00+00:00,2471.360107421875,ETH
2026-09-08 13:11:00+00:00,2473.030029296875,ETH
2026-09-08 13:12:00+00:00,2471.85009765625,ETH
2026-09-08 13:13:00+00:00,2471.449951171875,ETH
2026-09-08 13:14:00+00:00,2472.219970703125,ETH
2026-09-08 13:15:00+00:00,2472.429931640625,ETH
2026-09-08 13:16:00+00:00,2471.4599609375,ETH
2026-09-08 13:17:00+00:00,2471.449951171875,ETH
2026-09-08 13:18:00+00:00,2471.18994140625,ETH
2026-09-08 13:19:00+00:00,2469.830078125,ETH
2026-09-08 13:20:00+00:00,2468.989990234375,ETH
2026-09-08 13:21:00+00:00,2467.300048828125,ETH
2026-09-08 13:22:00+00:00,2467.919921875,ETH
2026-09-08 13:23:00+00:00,2468.97998046875,ETH
2026-09-08 13:24:00+00:00,2468.929931640625,ETH
2026-09-08 13:25:00+00:00,2469.820068359375,ETH
2026-09-08 13:26:00+00:00,2470.969970703125,ETH
2026-09-08 13:27:00+00:00,2469.780029296875,ETH
2026-09-08 13:28:00+00:00,2469.43994140625,ETH
2026-09-08 13:29:00+00:00,2468.639892578125,ETH
2026-09-08 13:30:00+00:00,2468.0400390625,ETH
2026-09-08 13:31:00+00:00,2462.159912109375,ETH
2026-09-08 13:32:00+00:00,2456.260009765625,ETH
2026-09-08 13:33:00+00:00,2456.31005859375,ETH
2026-09-08 13:34:00+00:00,2455.81005859375,ETH
2026-09-08 13:35:00+00:00,2456.47998046875,ETH
2026-09-08 13:36:00+00:00,2453.320068359375,ETH
2026-09-08 13:37:00+00:00,2454.449951171875,ETH
2026-09-08 13:38:00+00:00,2452.47998046875,ETH
2026-09-08 13:39:00+00:00,2445.97998046875,ETH
2026-09-08 13:40:00+00:00,2444.0,ETH
2026-09-08 13:41:00+00:00,2443.199951171875,ETH
2026-09-08 13:42:00+00:00,2442.780029296875,ETH
2026-09-08 13:43:00+00:00,2443.469970703125,ETH
2026-09-08 13:44:00+00:00,2447.77001953125,ETH
2026-09-08 13:45:00+00:00,2447.050048828125,ETH
2026-09-08 13:46:00+00:00,2446.280029296875,ETH
2026-09-08 13:47:00+00:00,2451.0400390625,ETH
2026-09-08 13:48:00+00:00,2450.330078125,ETH
2026-09-08 13:49:00+00:00,2452.1201171875,ETH
2026-09-08 13:50:00+00:00,2449.159912109375,ETH
2026-09-08 13:51:00+00:00,2448.489990234375,ETH
2026-09-08 13:52:00+00:00,2446.27001953125,ETH
2026-09-08 13:53:00+00:00,2446.699951171875,ETH
2026-09-08 13:54:00+00:00,2452.179931640625,ETH
2026-09-08 13:55:00+00:00,2458.199951171875,ETH
2026-09-08 13:56:00+00:00,2460.02001953125,ETH
2026-09-08 13:57:00+00:00,2461.760009765625,ETH
2026-09-08 13:58:00+00:00,2457.239990234375,ETH
2026-09-08 13:59:00+00:00,2458.360107421875,ETH
2026-09-08 14:00:00+00:00,2459.530029296875,ETH
2026-09-08 14:01:00+00:00,2456.820068359375,ETH
2026-09-08 14:02:00+00:00,2459.389892578125,ETH
2026-09-08 14:03:00+00:00,2457.860107421875,ETH
2026-09-08 14:04:00+00:00,2460.0,ETH
2026-09-08 14:05:00+00:00,2462.4599609375,ETH
2026-09-08 14:06:00+00:00,2460.5,ETH
2026-09-08 14:07:00+00:00,2460.679931640625,ETH
2026-09-08 14:08:00+00:00,2462.860107421875,ETH
2026-09-08 14:09:00+00:00,2461.090087890625,ETH
2026-09-08 14:10:00+00:00,2463.2900390625,ETH
2026-09-08 14:11:00+00:00,2470.169921875,ETH
2026-09-08 14:12:00+00:00,2471.139892578125,ETH
2026-09-08 14:13:00+00:00,2472.090087890625,ETH
2026-09-08 14:14:00+00:00,2471.679931640625,ETH
2026-09-08 14:15:00+00:00,2479.0400390625,ETH
2026-09-08 14:16:00+00:00,2478.22998046875,ETH
2026-09-08 14:17:00+00:00,2478.389892578125,ETH
2026-09-08 14:18:00+00:00,2479.409912109375,ETH
2026-09-08 14:19:00+00:00,2478.860107421875,ETH
2026-09-08 14:20:00+00:00,2482.56005859375,ETH
2026-09-08 14:21:00+00:00,2479.02001953125,ETH
2026-09-08 14:22:00+00:00,2480.889892578125,ETH
2026-09-08 14:23:00+00:00,2479.679931640625,ETH
2026-09-08 14:24:00+00:00,2478.090087890625,ETH
2026-09-08 14:25:00+00:00,2476.659912109375,ETH
2026-09-08 14:26:00+00:00,2474.02001953125,ETH
2026-09-08 14:27:00+00:00,2474.909912109375,ETH
2026-09-08 14:28:00+00:00,2476.5,ETH
2026-09-08 14:29:00+00:00,2478.39990234375,ETH
2026-09-08 14:30:00+00:00,2476.449951171875,ETH
2026-09-08 14:31:00+00:00,2477.070068359375,ETH
2026-09-08 14:32:00+00:00,2476.25,ETH
2026-09-08 14:33:00+00:00,2478.469970703125,ETH
2026-09-08 14:34:00+00:00,2480.3701171875,ETH
2026-09-08 14:35:00+00:00,2478.510009765625,ETH
2026-09-08 14:36:00+00:00,2477.7900390625,ETH
2026-09-08 14:37:00+00:00,2478.2900390625,ETH
2026-09-08 14:38:00+00:00,2481.570068359375,ETH
2026-09-08 14:39:00+00:00,2479.43994140625,ETH
2026-09-08 14:40:00+00:00,2478.719970703125,ETH
2026-09-08 14:41:00+00:00,2479.830078125,ETH
2026-09-08 14:42:00+00:00,2480.6201171875,ETH
2026-09-08 14:43:00+00:00,2481.56005859375,ETH
2026-09-08 14:44:00+00:00,2480.199951171875,ETH
2026-09-08 14:45:00+00:00,2480.110107421875,ETH
2026-09-08 14:46:00+00:00,2483.06005859375,ETH
2026-09-08 14:47:00+00:00,2483.199951171875,ETH
2026-09-08 14:48:00+00:00,2484.889892578125,ETH
2026-09-08 14:49:00+00:00,2485.199951171875,ETH
2026-09-08 14:50:00+00:00,2484.89990234375,ETH
2026-09-08 14:51:00+00:00,2482.969970703125,ETH
2026-09-08 14:52:00+00:00,2482.9599609375,ETH
2026-09-08 14:53:00+00:00,2483.139892578125,ETH
2026-09-08 14:54:00+00:00,2483.389892578125,ETH
2026-09-08 14:55:00+00:00,2483.85009765625,ETH
2026-09-08 14:56:00+00:00,2485.409912109375,ETH
2026-09-08 14:57:00+00:00,2485.1201171875,ETH
2026-09-08 14:58:00+00:00,2484.159912109375,ETH
2026-09-08 14:59:00+00:00,2485.070068359375,ETH
2026-09-08 15:00:00+00:00,2486.14990234375,ETH
2026-09-08 15:01:00+00:00,2485.919921875,ETH
2026-09-08 15:02:00+00:00,2487.199951171875,ETH
2026-09-08 15:03:00+00:00,2489.409912109375,ETH
2026-09-08 15:04:00+00:00,2485.760009765625,ETH
2026-09-08 15:05:00+00:00,2484.47998046875,ETH
2026-09-08 15:06:00+00:00,2484.409912109375,ETH
2026-09-08 15:07:00+00:00,2485.800048828125,ETH
2026-09-08 15:08:00+00:00,2486.35009765625,ETH
2026-09-08 15:09:00+00:00,2487.800048828125,ETH
2026-09-08 15:10:00+00:00,2486.199951171875,ETH
2026-09-08 15:11:00+00:00,2486.510009765625,ETH
2026-09-08 15:12:00+00:00,2487.60009765625,ETH
2026-09-08 15:13:00+00:00,2487.260009765625,ETH
2026-09-08 15:14:00+00:00,2488.35009765625,ETH
2026-09-08 15:15:00+00:00,2490.889892578125,ETH
2026-09-08 15:16:00+00:00,2490.39990234375,ETH
2026-09-08 15:17:00+00:00,2488.9599609375,ETH
2026-09-08 15:18:00+00:00,2488.9599609375,ETH
2026-09-08 15:19:00+00:00,2487.919921875,ETH
2026-09-08 15:20:00+00:00,2486.93994140625,ETH
2026-09-08 15:21:00+00:00,2485.340087890625,ETH
2026-09-08 15:22:00+00:00,2483.25,ETH
2026-09-08 15:23:00+00:00,2482.75,ETH
2026-09-08 15:24:00+00:00,2484.6201171875,ETH
2026-09-08 15:25:00+00:00,2484.429931640625,ETH
2026-09-08 15:26:00+00:00,2482.530029296875,ETH
2026-09-08 15:27:00+00:00,2481.8798828125,ETH
2026-09-08 15:28:00+00:00,2482.280029296875,ETH
2026-09-08 15:29:00+00:00,2481.610107421875,ETH
2026-09-08 15:30:00+00:00,2482.719970703125,ETH
2026-09-08 15:31:00+00:00,2484.260009765625,ETH
2026-09-08 15:32:00+00:00,2483.3798828125,ETH
2026-09-08 15:33:00+00:00,2484.14990234375,ETH
2026-09-08 15:34:00+00:00,2487.0400390625,ETH
2026-09-08 15:35:00+00:00,2488.8798828125,ETH
2026-09-08 15:36:00+00:00,2488.739990234375,ETH
2026-09-08 15:37:00+00:00,2487.580078125,ETH
2026-09-08 15:38:00+00:00,2492.570068359375,ETH
2026-09-08 15:39:00+00:00,2494.0,ETH
2026-09-08 15:40:00+00:00,2491.030029296875,ETH
2026-09-08 15:41:00+00:00,2492.280029296875,ETH
2026-09-08 15:42:00+00:00,2495.1298828125,ETH
2026-09-08 15:43:00+00:00,2495.02001953125,ETH
2026-09-08 15:44:00+00:00,2495.550048828125,ETH
2026-09-08 15:45:00+00:00,2494.22998046875,ETH
2026-09-08 15:46:00+00:00,2494.22998046875,ETH
2026-09-08 15:47:00+00:00,2494.360107421875,ETH
2026-09-08 15:48:00+00:00,2494.840087890625,ETH
2026-09-08 15:49:00+00:00,2496.1201171875,ETH
2026-09-08 15:50:00+00:00,2495.429931640625,ETH
2026-09-08 15:51:00+00:00,2499.010009765625,ETH
2026-09-08 15:52:00+00:00,2497.219970703125,ETH
2026-09-08 15:53:00+00:00,2496.139892578125,ETH
2026-09-08 15:54:00+00:00,2497.030029296875,ETH
2026-09-08 15:55:00+00:00,2498.889892578125,ETH
2026-09-08 15:56:00+00:00,2499.1298828125,ETH
2026-09-08 15:57:00+00:00,2500.010009765625,ETH
2026-09-08 15:58:00+00:00,2497.27001953125,ETH
2026-09-08 15:59:00+00:00,2498.389892578125,ETH
2026-09-08 16:00:00+00:00,2496.7099609375,ETH
2026-09-08 16:01:00+00:00,2495.85009765625,ETH
2026-09-08 16:02:00+00:00,2496.06005859375,ETH
2026-09-08 16:03:00+00:00,2496.5400390625,ETH
2026-09-08 16:04:00+00:00,2497.39990234375,ETH
2026-09-08 16:05:00+00:00,2496.340087890625,ETH
2026-09-08 16:06:00+00:00,2496.969970703125,ETH
2026-09-08 16:07:00+00:00,2495.780029296875,ETH
2026-09-08 16:08:00+00:00,2495.469970703125,ETH
2026-09-08 16:09:00+00:00,2493.760009765625,ETH
2026-09-08 16:10:00+00:00,2490.93994140625,ETH
2026-09-08 16:11:00+00:00,2490.159912109375,ETH
2026-09-08 16:12:00+00:00,2489.06005859375,ETH
2026-09-08 16:13:00+00:00,2489.47998046875,ETH
2026-09-08 16:14:00+00:00,2489.530029296875,ETH
2026-09-08 16:15:00+00:00,2488.0400390625,ETH
2026-09-08 16:16:00+00:00,2487.510009765625,ETH
2026-09-08 16:17:00+00:00,2488.030029296875,ETH
2026-09-08 16:18:00+00:00,2489.699951171875,ETH
2026-09-08 16:19:00+00:00,2488.840087890625,ETH
2026-09-08 16:20:00+00:00,2488.7900390625,ETH
2026-09-08 16:21:00+00:00,2491.06005859375,ETH
2026-09-08 16:22:00+00:00,2491.080078125,ETH
2026-09-08 16:23:00+00:00,2489.6298828125,ETH
2026-09-08 16:24:00+00:00,2489.969970703125,ETH
2026-09-08 16:25:00+00:00,2492.239990234375,ETH
2026-09-08 16:26:00+00:00,2491.85009765625,ETH
2026-09-08 16:27:00+00:00,2490.570068359375,ETH
2026-09-08 16:28:00+00:00,2490.820068359375,ETH
2026-09-08 16:29:00+00:00,2490.070068359375,ETH
2026-09-08 16:30:00+00:00,2490.219970703125,ETH
2026-09-08 16:31:00+00:00,2491.860107421875,ETH
2026-09-08 16:32:00+00:00,2492.2900390625,ETH
2026-09-08 16:33:00+00:00,2493.989990234375,ETH
2026-09-08 16:34:00+00:00,2492.18994140625,ETH
2026-09-08 16:35:00+00:00,2494.179931640625,ETH
2026-09-08 16:36:00+00:00,2494.22998046875,ETH
2026-09-08 16:37:00+00:00,2498.010009765625,ETH
2026-09-08 16:38:00+00:00,2499.919921875,ETH
2026-09-08 16:39:00+00:00,2502.199951171875,ETH
2026-09-08 16:40:00+00:00,2502.300048828125,ETH
2026-09-08 16:41:00+00:00,2501.449951171875,ETH
2026-09-08 16:42:00+00:00,2498.9599609375,ETH
2026-09-08 16:43:00+00:00,2497.4599609375,ETH
2026-09-08 16:44:00+00:00,2496.570068359375,ETH
2026-09-08 16:45:00+00:00,2494.090087890625,ETH
2026-09-08 16:46:00+00:00,2495.89990234375,ETH
2026-09-08 16:47:00+00:00,2497.830078125,ETH
2026-09-08 16:48:00+00:00,2497.10009765625,ETH
2026-09-08 16:49:00+00:00,2498.780029296875,ETH
2026-09-08 16:50:00+00:00,2498.89990234375,ETH
2026-09-08 16:51:00+00:00,2500.110107421875,ETH
2026-09-08 16:52:00+00:00,2496.0400390625,ETH
2026-09-08 16:53:00+00:00,2496.610107421875,ETH
2026-09-08 16:54:00+00:00,2498.570068359375,ETH
2026-09-08 16:55:00+00:00,2498.22998046875,ETH
2026-09-08 16:56:00+00:00,2496.409912109375,ETH
2026-09-08 16:57:00+00:00,2496.64990234375,ETH
2026-09-08 16:58:00+00:00,2496.75,ETH
2026-09-08 16:59:00+00:00,2496.590087890625,ETH
2026-09-08 17:00:00+00:00,2498.830078125,ETH
2026-09-08 17:01:00+00:00,2499.030029296875,ETH
2026-09-08 17:02:00+00:00,2500.820068359375,ETH
2026-09-08 17:03:00+00:00,2500.239990234375,ETH
2026-09-08 17:04:00+00:00,2499.699951171875,ETH
2026-09-08 17:05:00+00:00,2498.530029296875,ETH
2026-09-08 17:06:00+00:00,2502.3701171875,ETH
2026-09-08 17:07:00+00:00,2498.280029296875,ETH
2026-09-08 17:08:00+00:00,2495.239990234375,ETH
2026-09-08 17:09:00+00:00,2494.85009765625,ETH
2026-09-08 17:10:00+00:00,2493.93994140625,ETH
2026-09-08 17:11:00+00:00,2494.719970703125,ETH
2026-09-08 17:12:00+00:00,2495.0400390625,ETH
2026-09-08 17:13:00+00:00,2496.110107421875,ETH
2026-09-08 17:14:00+00:00,2495.919921875,ETH
2026-09-08 17:15:00+00:00,2495.360107421875,ETH
2026-09-08 17:16:00+00:00,2496.47998046875,ETH
2026-09-08 17:17:00+00:00,2495.919921875,ETH
2026-09-08 17:18:00+00:00,2494.139892578125,ETH
2026-09-08 17:19:00+00:00,2493.639892578125,ETH
2026-09-08 17:20:00+00:00,2492.610107421875,ETH
2026-09-08 17:21:00+00:00,2491.739990234375,ETH
2026-09-08 17:22:00+00:00,2491.93994140625,ETH
2026-09-08 17:23:00+00:00,2491.679931640625,ETH
2026-09-08 17:24:00+00:00,2492.1201171875,ETH
2026-09-08 17:25:00+00:00,2490.10009765625,ETH
2026-09-08 17:26:00+00:00,2489.0,ETH
2026-09-08 17:27:00+00:00,2489.60009765625,ETH
2026-09-08 17:28:00+00:00,2490.60009765625,ETH
2026-09-08 17:29:00+00:00,2491.31005859375,ETH
2026-09-08 17:30:00+00:00,2492.010009765625,ETH
2026-09-08 17:31:00+00:00,2490.659912109375,ETH
2026-09-08 17:32:00+00:00,2489.97998046875,ETH
2026-09-08 17:33:00+00:00,2490.64990234375,ETH
2026-09-08 17:34:00+00:00,2492.10009765625,ETH
2026-09-08 17:35:00+00:00,2493.050048828125,ETH
2026-09-08 17:36:00+00:00,2492.840087890625,ETH
2026-09-08 17:37:00+00:00,2494.030029296875,ETH
2026-09-08 17:38:00+00:00,2493.489990234375,ETH
2026-09-08 17:39:00+00:00,2491.6201171875,ETH
2026-09-08 17:40:00+00:00,2489.60009765625,ETH
2026-09-08 17:41:00+00:00,2491.199951171875,ETH
2026-09-08 17:42:00+00:00,2489.5,ETH
2026-09-08 17:43:00+00:00,2490.39990234375,ETH
2026-09-08 17:44:00+00:00,2487.639892578125,ETH
2026-09-08 17:45:00+00:00,2489.889892578125,ETH
2026-09-08 17:46:00+00:00,2490.800048828125,ETH
2026-09-08 17:47:00+00:00,2489.929931640625,ETH
2026-09-08 17:48:00+00:00,2488.4599609375,ETH
2026-09-08 17:49:00+00:00,2488.739990234375,ETH
2026-09-08 17:50:00+00:00,2489.360107421875,ETH
2026-09-08 17:51:00+00:00,2489.97998046875,ETH
2026-09-08 17:52:00+00:00,2491.800048828125,ETH
2026-09-08 17:53:00+00:00,2493.320068359375,ETH
2026-09-08 17:54:00+00:00,2491.5400390625,ETH
2026-09-08 17:55:00+00:00,2491.25,ETH
2026-09-08 17:56:00+00:00,2490.389892578125,ETH
2026-09-08 17:57:00+00:00,2489.7900390625,ETH
2026-09-08 17:58:00+00:00,2488.2900390625,ETH
2026-09-08 17:59:00+00:00,2487.8798828125,ETH
2026-09-08 18:00:00+00:00,2489.570068359375,ETH
2026-09-08 18:01:00+00:00,2489.52001953125,ETH
2026-09-08 18:02:00+00:00,2490.52001953125,ETH
2026-09-08 18:03:00+00:00,2488.75,ETH
2026-09-08 18:04:00+00:00,2490.10009765625,ETH
2026-09-08 18:05:00+00:00,2492.110107421875,ETH
2026-09-08 18:06:00+00:00,2493.860107421875,ETH
2026-09-08 18:07:00+00:00,2495.22998046875,ETH
2026-09-08 18:08:00+00:00,2495.699951171875,ETH
2026-09-08 18:09:00+00:00,2496.070068359375,ETH
2026-09-08 18:10:00+00:00,2497.5,ETH
2026-09-08 18:11:00+00:00,2496.0,ETH
2026-09-08 18:12:00+00:00,2496.0400390625,ETH
2026-09-08 18:13:00+00:00,2496.830078125,ETH
2026-09-08 18:14:00+00:00,2497.110107421875,ETH
2026-09-08 18:15:00+00:00,2497.469970703125,ETH
2026-09-08 18:16:00+00:00,2499.080078125,ETH
2026-09-08 18:17:00+00:00,2500.010009765625,ETH
2026-09-08 18:18:00+00:00,2499.39990234375,ETH
2026-09-08 18:19:00+00:00,2501.139892578125,ETH
2026-09-08 18:20:00+00:00,2501.760009765625,ETH
2026-09-08 18:21:00+00:00,2500.10009765625,ETH
2026-09-08 18:22:00+00:00,2501.300048828125,ETH
2026-09-08 18:23:00+00:00,2502.090087890625,ETH
2026-09-08 18:24:00+00:00,2504.090087890625,ETH
2026-09-08 18:25:00+00:00,2502.39990234375,ETH
2026-09-08 18:26:00+00:00,2499.47998046875,ETH
2026-09-08 18:27:00+00:00,2499.169921875,ETH
2026-09-08 18:28:00+00:00,2499.830078125,ETH
2026-09-08 18:29:00+00:00,2500.31005859375,ETH
2026-09-08 18:30:00+00:00,2501.22998046875,ETH
2026-09-08 18:31:00+00:00,2502.760009765625,ETH
2026-09-08 18:32:00+00:00,2502.580078125,ETH
2026-09-08 18:33:00+00:00,2500.89990234375,ETH
2026-09-08 18:34:00+00:00,2500.860107421875,ETH
2026-09-08 18:35:00+00:00,2497.219970703125,ETH
2026-09-08 18:36:00+00:00,2496.8798828125,ETH
2026-09-08 18:37:00+00:00,2496.179931640625,ETH
2026-09-08 18:38:00+00:00,2495.639892578125,ETH
2026-09-08 18:39:00+00:00,2494.639892578125,ETH
2026-09-08 18:40:00+00:00,2494.800048828125,ETH
2026-09-08 18:41:00+00:00,2494.10009765625,ETH
2026-09-08 18:42:00+00:00,2494.35009765625,ETH
2026-09-08 18:43:00+00:00,2495.2900390625,ETH
2026-09-08 18:44:00+00:00,2495.6298828125,ETH
2026-09-08 18:45:00+00:00,2496.3701171875,ETH
2026-09-08 18:46:00+00:00,2496.909912109375,ETH
2026-09-08 18:47:00+00:00,2492.06005859375,ETH
2026-09-08 18:48:00+00:00,2484.179931640625,ETH
2026-09-08 18:49:00+00:00,2480.9599609375,ETH
2026-09-08 18:50:00+00:00,2485.27001953125,ETH
2026-09-08 18:51:00+00:00,2483.830078125,ETH
2026-09-08 18:52:00+00:00,2479.340087890625,ETH
2026-09-08 18:53:00+00:00,2484.110107421875,ETH
2026-09-08 18:54:00+00:00,2483.820068359375,ETH
2026-09-08 18:55:00+00:00,2483.72998046875,ETH
2026-09-08 18:56:00+00:00,2483.2099609375,ETH
2026-09-08 18:57:00+00:00,2484.280029296875,ETH
2026-09-08 18:58:00+00:00,2486.39990234375,ETH
2026-09-08 18:59:00+00:00,2486.719970703125,ETH
2026-09-08 19:00:00+00:00,2486.27001953125,ETH
2026-09-08 19:01:00+00:00,2487.320068359375,ETH
2026-09-08 19:02:00+00:00,2488.679931640625,ETH
2026-09-08 19:03:00+00:00,2491.43994140625,ETH
2026-09-08 19:04:00+00:00,2489.659912109375,ETH
2026-09-08 19:05:00+00:00,2487.9599609375,ETH
2026-09-08 19:06:00+00:00,2487.6298828125,ETH
2026-09-08 19:07:00+00:00,2488.31005859375,ETH
2026-09-08 19:08:00+00:00,2488.5,ETH
2026-09-08 19:09:00+00:00,2487.31005859375,ETH
2026-09-08 19:10:00+00:00,2488.489990234375,ETH
2026-09-08 19:11:00+00:00,2485.0400390625,ETH
2026-09-08 19:12:00+00:00,2487.0,ETH
2026-09-08 19:13:00+00:00,2487.8798828125,ETH
2026-09-08 19:14:00+00:00,2485.800048828125,ETH
2026-09-08 19:15:00+00:00,2487.2099609375,ETH
2026-09-08 19:16:00+00:00,2489.090087890625,ETH
2026-09-08 19:17:00+00:00,2484.909912109375,ETH
2026-09-08 19:18:00+00:00,2487.0400390625,ETH
2026-09-08 19:19:00+00:00,2485.93994140625,ETH
2026-09-08 19:20:00+00:00,2486.550048828125,ETH
2026-09-08 19:21:00+00:00,2486.169921875,ETH
2026-09-08 19:22:00+00:00,2484.47998046875,ETH
2026-09-08 19:23:00+00:00,2486.429931640625,ETH
2026-09-08 19:24:00+00:00,2483.889892578125,ETH
2026-09-08 19:25:00+00:00,2483.659912109375,ETH
2026-09-08 19:26:00+00:00,2483.909912109375,ETH
2026-09-08 19:27:00+00:00,2485.679931640625,ETH
2026-09-08 19:28:00+00:00,2485.419921875,ETH
2026-09-08 19:29:00+00:00,2486.179931640625,ETH
2026-09-08 19:30:00+00:00,2486.02001953125,ETH
2026-09-08 19:31:00+00:00,2484.75,ETH
2026-09-08 19:32:00+00:00,2484.179931640625,ETH
2026-09-08 19:33:00+00:00,2480.800048828125,ETH
2026-09-08 19:34:00+00:00,2484.360107421875,ETH
2026-09-08 19:35:00+00:00,2483.889892578125,ETH
2026-09-08 19:36:00+00:00,2482.89990234375,ETH
2026-09-08 19:37:00+00:00,2484.800048828125,ETH
2026-09-08 19:38:00+00:00,2485.5400390625,ETH
2026-09-08 19:39:00+00:00,2485.340087890625,ETH
2026-09-08 19:40:00+00:00,2484.610107421875,ETH
2026-09-08 19:41:00+00:00,2483.840087890625,ETH
2026-09-08 19:42:00+00:00,2483.570068359375,ETH
2026-09-08 19:43:00+00:00,2481.929931640625,ETH
2026-09-08 19:44:00+00:00,2481.72998046875,ETH
2026-09-08 19:45:00+00:00,2480.5400390625,ETH
2026-09-08 19:46:00+00:00,2479.6201171875,ETH
2026-09-08 19:47:00+00:00,2479.5,ETH
2026-09-08 19:48:00+00:00,2477.409912109375,ETH
2026-09-08 19:49:00+00:00,2480.5400390625,ETH
2026-09-08 19:50:00+00:00,2477.909912109375,ETH
2026-09-08 19:51:00+00:00,2477.1201171875,ETH
2026-09-08 19:52:00+00:00,2477.31005859375,ETH
2026-09-08 19:53:00+00:00,2478.780029296875,ETH
2026-09-08 19:54:00+00:00,2478.06005859375,ETH
2026-09-08 19:55:00+00:00,2477.60009765625,ETH
2026-09-08 19:56:00+00:00,2478.780029296875,ETH
2026-09-08 19:57:00+00:00,2478.080078125,ETH
2026-09-08 19:58:00+00:00,2478.610107421875,ETH
2026-09-08 19:59:00+00:00,2481.8798828125,ETH
2026-09-08 20:00:00+00:00,2483.679931640625,ETH
2026-09-08 20:01:00+00:00,2484.590087890625,ETH
2026-09-08 20:02:00+00:00,2483.139892578125,ETH
2026-09-08 20:03:00+00:00,2482.510009765625,ETH
2026-09-08 20:04:00+00:00,2482.77001953125,ETH
2026-09-08 20:05:00+00:00,2482.830078125,ETH
2026-09-08 20:06:00+00:00,2484.580078125,ETH
2026-09-08 20:07:00+00:00,2485.639892578125,ETH
2026-09-08 20:08:00+00:00,2486.239990234375,ETH
2026-09-08 20:09:00+00:00,2486.9599609375,ETH
2026-09-08 20:10:00+00:00,2489.2900390625,ETH
2026-09-08 20:11:00+00:00,2489.780029296875,ETH
2026-09-08 20:12:00+00:00,2491.300048828125,ETH
2026-09-08 20:13:00+00:00,2489.14990234375,ETH
2026-09-08 20:14:00+00:00,2490.300048828125,ETH
2026-09-08 20:15:00+00:00,2487.679931640625,ETH
2026-09-08 20:16:00+00:00,2487.530029296875,ETH
2026-09-08 20:17:00+00:00,2487.2099609375,ETH
2026-09-08 20:18:00+00:00,2486.4599609375,ETH
2026-09-08 20:19:00+00:00,2485.679931640625,ETH
2026-09-08 20:20:00+00:00,2484.469970703125,ETH
2026-09-08 20:21:00+00:00,2484.550048828125,ETH
2026-09-08 20:22:00+00:00,2485.89990234375,ETH
2026-09-08 20:23:00+00:00,2484.780029296875,ETH
2026-09-08 20:24:00+00:00,2484.840087890625,ETH
2026-09-08 20:25:00+00:00,2485.919921875,ETH
2026-09-08 20:26:00+00:00,2485.300048828125,ETH
2026-09-08 20:27:00+00:00,2486.1201171875,ETH
2026-09-08 20:28:00+00:00,2487.010009765625,ETH
2026-09-08 20:29:00+00:00,2486.949951171875,ETH
2026-09-08 20:30:00+00:00,2485.159912109375,ETH
2026-09-08 20:31:00+00:00,2483.6298828125,ETH
2026-09-08 20:32:00+00:00,2483.050048828125,ETH
2026-09-08 20:33:00+00:00,2481.949951171875,ETH
2026-09-08 20:34:00+00:00,2481.14990234375,ETH
2026-09-08 20:35:00+00:00,2481.14990234375,ETH
2026-09-08 20:36:00+00:00,2483.169921875,ETH
2026-09-08 20:37:00+00:00,2483.159912109375,ETH
2026-09-08 20:38:00+00:00,2485.320068359375,ETH
2026-09-08 20:39:00+00:00,2484.47998046875,ETH
2026-09-08 20:40:00+00:00,2482.1298828125,ETH
2026-09-08 20:41:00+00:00,2482.280029296875,ETH
2026-09-08 20:42:00+00:00,2482.929931640625,ETH
2026-09-08 20:43:00+00:00,2484.050048828125,ETH
2026-09-08 20:44:00+00:00,2483.89990234375,ETH
2026-09-08 20:45:00+00:00,2484.39990234375,ETH
2026-09-08 20:46:00+00:00,2484.360107421875,ETH
2026-09-08 20:47:00+00:00,2484.489990234375,ETH
2026-09-08 20:48:00+00:00,2484.300048828125,ETH
2026-09-08 20:49:00+00:00,2483.280029296875,ETH
2026-09-08 20:50:00+00:00,2484.2900390625,ETH
2026-09-08 20:51:00+00:00,2484.919921875,ETH
2026-09-08 20:52:00+00:00,2486.030029296875,ETH
2026-09-08 20:53:00+00:00,2485.6201171875,ETH
2026-09-08 20:54:00+00:00,2483.89990234375,ETH
2026-09-08 20:55:00+00:00,2485.169921875,ETH
2026-09-08 20:56:00+00:00,2485.320068359375,ETH
2026-09-08 20:57:00+00:00,2486.139892578125,ETH
2026-09-08 20:58:00+00:00,2485.6298828125,ETH
2026-09-08 20:59:00+00:00,2483.02001953125,ETH
2026-09-08 21:00:00+00:00,2482.639892578125,ETH
2026-09-08 21:01:00+00:00,2482.93994140625,ETH
2026-09-08 21:02:00+00:00,2485.760009765625,ETH
2026-09-08 21:03:00+00:00,2483.949951171875,ETH
2026-09-08 21:04:00+00:00,2484.1298828125,ETH
2026-09-08 21:05:00+00:00,2484.169921875,ETH
2026-09-08 21:06:00+00:00,2485.070068359375,ETH
2026-09-08 21:07:00+00:00,2485.239990234375,ETH
2026-09-08 21:08:00+00:00,2484.570068359375,ETH
2026-09-08 21:09:00+00:00,2485.139892578125,ETH
2026-09-08 21:10:00+00:00,2485.739990234375,ETH
2026-09-08 21:11:00+00:00,2485.840087890625,ETH
2026-09-08 21:12:00+00:00,2485.93994140625,ETH
2026-09-08 21:13:00+00:00,2485.159912109375,ETH
2026-09-08 21:14:00+00:00,2485.139892578125,ETH
2026-09-08 21:15:00+00:00,2486.340087890625,ETH
2026-09-08 21:16:00+00:00,2486.64990234375,ETH
2026-09-08 21:17:00+00:00,2484.85009765625,ETH
2026-09-08 21:18:00+00:00,2484.489990234375,ETH
2026-09-08 21:19:00+00:00,2484.550048828125,ETH
2026-09-08 21:20:00+00:00,2483.89990234375,ETH
2026-09-08 21:21:00+00:00,2482.449951171875,ETH
2026-09-08 21:22:00+00:00,2483.300048828125,ETH
2026-09-08 21:23:00+00:00,2483.820068359375,ETH
2026-09-08 21:24:00+00:00,2483.050048828125,ETH
2026-09-08 21:25:00+00:00,2483.2900390625,ETH
2026-09-08 21:26:00+00:00,2484.179931640625,ETH
2026-09-08 21:27:00+00:00,2484.580078125,ETH
2026-09-08 21:28:00+00:00,2483.300048828125,ETH
2026-09-08 21:29:00+00:00,2482.570068359375,ETH
2026-09-08 21:30:00+00:00,2483.590087890625,ETH
2026-09-08 21:31:00+00:00,2482.760009765625,ETH
2026-09-08 21:32:00+00:00,2481.919921875,ETH
2026-09-08 21:33:00+00:00,2481.97998046875,ETH
2026-09-08 21:34:00+00:00,2481.469970703125,ETH
2026-09-08 21:35:00+00:00,2480.389892578125,ETH
2026-09-08 21:36:00+00:00,2481.8701171875,ETH
2026-09-08 21:37:00+00:00,2481.97998046875,ETH
2026-09-08 21:38:00+00:00,2482.93994140625,ETH
2026-09-08 21:39:00+00:00,2483.75,ETH
2026-09-08 21:40:00+00:00,2481.919921875,ETH
2026-09-08 21:41:00+00:00,2482.429931640625,ETH
2026-09-08 21:42:00+00:00,2482.909912109375,ETH
2026-09-08 21:43:00+00:00,2484.070068359375,ETH
2026-09-08 21:44:00+00:00,2483.02001953125,ETH
2026-09-08 21:45:00+00:00,2482.72998046875,ETH
2026-09-08 21:46:00+00:00,2483.4599609375,ETH
2026-09-08 21:47:00+00:00,2483.27001953125,ETH
2026-09-08 21:48:00+00:00,2483.510009765625,ETH
2026-09-08 21:49:00+00:00,2482.800048828125,ETH
2026-09-08 21:50:00+00:00,2480.8798828125,ETH
2026-09-08 21:51:00+00:00,2480.31005859375,ETH
2026-09-08 21:52:00+00:00,2480.070068359375,ETH
2026-09-08 21:53:00+00:00,2479.169921875,ETH
2026-09-08 21:54:00+00:00,2479.22998046875,ETH
2026-09-08 21:55:00+00:00,2480.0,ETH
2026-09-08 21:56:00+00:00,2480.639892578125,ETH
2026-09-08 21:57:00+00:00,2479.989990234375,ETH
2026-09-08 21:58:00+00:00,2481.760009765625,ETH
2026-09-08 21:59:00+00:00,2482.550048828125,ETH
2026-09-08 22:00:00+00:00,2484.7099609375,ETH
2026-09-08 22:01:00+00:00,2486.449951171875,ETH
2026-09-08 22:02:00+00:00,2487.679931640625,ETH
2026-09-08 22:03:00+00:00,2487.989990234375,ETH
2026-09-08 22:04:00+00:00,2486.1298828125,ETH
2026-09-08 22:05:00+00:00,2485.260009765625,ETH
2026-09-08 22:06:00+00:00,2485.0400390625,ETH
2026-09-08 22:07:00+00:00,2483.929931640625,ETH
2026-09-08 22:08:00+00:00,2482.39990234375,ETH
2026-09-08 22:09:00+00:00,2481.760009765625,ETH
2026-09-08 22:10:00+00:00,2482.909912109375,ETH
2026-09-08 22:11:00+00:00,2482.530029296875,ETH
2026-09-08 22:12:00+00:00,2482.97998046875,ETH
2026-09-08 22:13:00+00:00,2483.010009765625,ETH
2026-09-08 22:14:00+00:00,2482.949951171875,ETH
2026-09-08 22:15:00+00:00,2484.199951171875,ETH
2026-09-08 22:16:00+00:00,2484.14990234375,ETH
2026-09-08 22:17:00+00:00,2483.85009765625,ETH
2026-09-08 22:18:00+00:00,2483.89990234375,ETH
2026-09-08 22:19:00+00:00,2483.2099609375,ETH
2026-09-08 22:20:00+00:00,2484.340087890625,ETH
2026-09-08 22:21:00+00:00,2486.280029296875,ETH
2026-09-08 22:22:00+00:00,2484.030029296875,ETH
2026-09-08 22:23:00+00:00,2484.580078125,ETH
2026-09-08 22:24:00+00:00,2484.68994140625,ETH
2026-09-08 22:25:00+00:00,2483.820068359375,ETH
2026-09-08 22:26:00+00:00,2484.0400390625,ETH
2026-09-08 22:27:00+00:00,2484.669921875,ETH
2026-09-08 22:28:00+00:00,2484.25,ETH
2026-09-08 22:29:00+00:00,2484.090087890625,ETH
2026-09-08 22:30:00+00:00,2483.760009765625,ETH
2026-09-08 22:31:00+00:00,2483.580078125,ETH
2026-09-08 22:32:00+00:00,2483.669921875,ETH
2026-09-08 22:33:00+00:00,2483.179931640625,ETH
2026-09-08 22:34:00+00:00,2483.449951171875,ETH
2026-09-08 22:35:00+00:00,2482.510009765625,ETH
2026-09-08 22:36:00+00:00,2483.719970703125,ETH
2026-09-08 22:37:00+00:00,2484.389892578125,ETH
2026-09-08 22:38:00+00:00,2483.340087890625,ETH
2026-09-08 22:39:00+00:00,2483.47998046875,ETH
2026-09-08 22:40:00+00:00,2484.030029296875,ETH
2026-09-08 22:41:00+00:00,2486.080078125,ETH
2026-09-08 22:42:00+00:00,2485.68994140625,ETH
2026-09-08 22:43:00+00:00,2484.1298828125,ETH
2026-09-08 22:44:00+00:00,2484.14990234375,ETH
2026-09-08 22:45:00+00:00,2485.4599609375,ETH
2026-09-08 22:46:00+00:00,2485.800048828125,ETH
2026-09-08 22:47:00+00:00,2485.969970703125,ETH
2026-09-08 22:48:00+00:00,2486.64990234375,ETH
2026-09-08 22:49:00+00:00,2486.830078125,ETH
2026-09-08 22:50:00+00:00,2486.280029296875,ETH
2026-09-08 22:51:00+00:00,2487.2900390625,ETH
2026-09-08 22:52:00+00:00,2486.909912109375,ETH
2026-09-08 22:53:00+00:00,2486.840087890625,ETH
2026-09-08 22:54:00+00:00,2486.3798828125,ETH
2026-09-08 22:55:00+00:00,2486.580078125,ETH
2026-09-08 22:56:00+00:00,2487.169921875,ETH
2026-09-08 22:57:00+00:00,2488.85009765625,ETH
2026-09-08 22:58:00+00:00,2489.1298828125,ETH
2026-09-08 22:59:00+00:00,2488.580078125,ETH
2026-09-08 23:00:00+00:00,2488.47998046875,ETH
2026-09-08 23:01:00+00:00,2489.909912109375,ETH
2026-09-08 23:02:00+00:00,2490.179931640625,ETH
2026-09-08 23:03:00+00:00,2487.860107421875,ETH
2026-09-08 23:04:00+00:00,2487.070068359375,ETH
2026-09-08 23:05:00+00:00,2487.3701171875,ETH
2026-09-08 23:06:00+00:00,2486.530029296875,ETH
2026-09-08 23:07:00+00:00,2486.47998046875,ETH
2026-09-08 23:08:00+00:00,2486.139892578125,ETH
2026-09-08 23:09:00+00:00,2486.47998046875,ETH
2026-09-08 23:10:00+00:00,2485.550048828125,ETH
2026-09-08 23:11:00+00:00,2484.3798828125,ETH
2026-09-08 23:12:00+00:00,2486.1201171875,ETH
2026-09-08 23:13:00+00:00,2485.989990234375,ETH
2026-09-08 23:14:00+00:00,2485.1298828125,ETH
2026-09-08 23:15:00+00:00,2484.3701171875,ETH
2026-09-08 23:16:00+00:00,2483.93994140625,ETH
2026-09-08 23:17:00+00:00,2484.239990234375,ETH
2026-09-08 23:18:00+00:00,2483.4599609375,ETH
2026-09-08 23:19:00+00:00,2483.830078125,ETH
2026-09-08 23:20:00+00:00,2482.919921875,ETH
2026-09-08 23:21:00+00:00,2482.969970703125,ETH
2026-09-08 23:22:00+00:00,2484.8798828125,ETH
2026-09-08 23:23:00+00:00,2483.4599609375,ETH
2026-09-08 23:24:00+00:00,2483.570068359375,ETH
2026-09-08 23:25:00+00:00,2483.639892578125,ETH
2026-09-08 23:26:00+00:00,2482.780029296875,ETH
2026-09-08 23:27:00+00:00,2483.320068359375,ETH
2026-09-08 23:28:00+00:00,2484.159912109375,ETH
2026-09-08 23:29:00+00:00,2484.159912109375,ETH
2026-09-08 23:30:00+00:00,2484.6298828125,ETH
2026-09-08 23:31:00+00:00,2485.030029296875,ETH
2026-09-08 23:32:00+00:00,2484.530029296875,ETH
2026-09-08 23:33:00+00:00,2484.699951171875,ETH
2026-09-08 23:34:00+00:00,2484.739990234375,ETH
2026-09-08 23:35:00+00:00,2484.43994140625,ETH
2026-09-08 23:36:00+00:00,2484.590087890625,ETH
2026-09-08 23:37:00+00:00,2485.169921875,ETH
2026-09-08 23:38:00+00:00,2484.47998046875,ETH
2026-09-08 23:39:00+00:00,2484.8798828125,ETH
2026-09-08 23:40:00+00:00,2485.1298828125,ETH
2026-09-08 23:41:00+00:00,2485.159912109375,ETH
2026-09-08 23:42:00+00:00,2485.139892578125,ETH
2026-09-08 23:43:00+00:00,2485.3701171875,ETH
2026-09-08 23:44:00+00:00,2485.260009765625,ETH
2026-09-08 23:45:00+00:00,2485.030029296875,ETH
2026-09-08 23:46:00+00:00,2484.93994140625,ETH
2026-09-08 23:47:00+00:00,2485.5400390625,ETH
2026-09-08 23:48:00+00:00,2485.2099609375,ETH
2026-09-08 23:49:00+00:00,2484.530029296875,ETH
2026-09-08 23:50:00+00:00,2484.64990234375,ETH
2026-09-08 23:51:00+00:00,2484.68994140625,ETH
2026-09-08 23:52:00+00:00,2486.260009765625,ETH
2026-09-08 23:53:00+00:00,2485.0,ETH
2026-09-08 23:54:00+00:00,2483.639892578125,ETH
2026-09-08 23:55:00+00:00,2483.830078125,ETH
2026-09-08 23:56:00+00:00,2483.889892578125,ETH
2026-09-08 23:57:00+00:00,2484.56005859375,ETH
2026-09-08 23:58:00+00:00,2485.070068359375,ETH
2026-09-09 00:00:00+00:00,2485.75,ETH
2026-09-09 00:01:00+00:00,2486.429931640625,ETH
2026-09-09 00:02:00+00:00,2487.85009765625,ETH
2026-09-09 00:03:00+00:00,2488.760009765625,ETH
2026-09-09 00:04:00+00:00,2488.679931640625,ETH
2026-09-09 00:05:00+00:00,2488.780029296875,ETH
2026-09-09 00:06:00+00:00,2491.60009765625,ETH
2026-09-09 00:07:00+00:00,2491.659912109375,ETH
2026-09-09 00:08:00+00:00,2491.7099609375,ETH
2026-09-09 00:09:00+00:00,2491.699951171875,ETH
2026-09-09 00:10:00+00:00,2492.9599609375,ETH
2026-09-09 00:11:00+00:00,2494.35009765625,ETH
2026-09-09 00:12:00+00:00,2493.89990234375,ETH
2026-09-09 00:13:00+00:00,2494.419921875,ETH
2026-09-09 00:14:00+00:00,2494.639892578125,ETH
2026-09-09 00:15:00+00:00,2491.840087890625,ETH
2026-09-09 00:16:00+00:00,2492.85009765625,ETH
2026-09-09 00:17:00+00:00,2492.860107421875,ETH
2026-09-09 00:18:00+00:00,2492.659912109375,ETH
2026-09-09 00:19:00+00:00,2493.340087890625,ETH
2026-09-09 00:20:00+00:00,2494.39990234375,ETH
2026-09-09 00:21:00+00:00,2492.639892578125,ETH
2026-09-09 00:22:00+00:00,2491.68994140625,ETH
2026-09-09 00:23:00+00:00,2492.199951171875,ETH
2026-09-09 00:24:00+00:00,2491.72998046875,ETH
2026-09-09 00:25:00+00:00,2490.679931640625,ETH
2026-09-09 00:26:00+00:00,2489.919921875,ETH
2026-09-09 00:27:00+00:00,2489.6201171875,ETH
2026-09-09 00:28:00+00:00,2490.719970703125,ETH
2026-09-09 00:29:00+00:00,2490.93994140625,ETH
2026-09-09 00:30:00+00:00,2490.0,ETH
2026-09-09 00:31:00+00:00,2488.1298828125,ETH
2026-09-09 00:32:00+00:00,2488.929931640625,ETH
2026-09-09 00:33:00+00:00,2489.949951171875,ETH
2026-09-09 00:34:00+00:00,2490.0,ETH
2026-09-09 00:35:00+00:00,2488.64990234375,ETH
2026-09-09 00:36:00+00:00,2488.0,ETH
2026-09-09 00:37:00+00:00,2489.330078125,ETH
2026-09-09 00:38:00+00:00,2490.1201171875,ETH
2026-09-09 00:39:00+00:00,2491.659912109375,ETH
2026-09-09 00:40:00+00:00,2490.0400390625,ETH
2026-09-09 00:41:00+00:00,2489.06005859375,ETH
2026-09-09 00:42:00+00:00,2490.31005859375,ETH
2026-09-09 00:43:00+00:00,2491.570068359375,ETH
2026-09-09 00:44:00+00:00,2493.179931640625,ETH
2026-09-09 00:45:00+00:00,2494.989990234375,ETH
2026-09-09 00:46:00+00:00,2494.47998046875,ETH
2026-09-09 00:47:00+00:00,2495.43994140625,ETH
2026-09-09 00:48:00+00:00,2494.409912109375,ETH
2026-09-09 00:49:00+00:00,2496.0,ETH
2026-09-09 00:50:00+00:00,2496.35009765625,ETH
2026-09-09 00:51:00+00:00,2496.35009765625,ETH
2026-09-09 00:52:00+00:00,2495.449951171875,ETH
2026-09-09 00:53:00+00:00,2496.52001953125,ETH
2026-09-09 00:54:00+00:00,2496.77001953125,ETH
2026-09-09 00:55:00+00:00,2496.35009765625,ETH
2026-09-09 00:56:00+00:00,2496.419921875,ETH
2026-09-09 00:57:00+00:00,2496.260009765625,ETH
2026-09-09 00:58:00+00:00,2496.93994140625,ETH
2026-09-09 00:59:00+00:00,2496.280029296875,ETH
2026-09-09 01:00:00+00:00,2495.6201171875,ETH
2026-09-09 01:01:00+00:00,2494.75,ETH
2026-09-09 01:02:00+00:00,2495.169921875,ETH
2026-09-09 01:03:00+00:00,2494.6201171875,ETH
2026-09-09 01:04:00+00:00,2492.659912109375,ETH
2026-09-09 01:05:00+00:00,2494.989990234375,ETH
2026-09-09 01:06:00+00:00,2495.4599609375,ETH
2026-09-09 01:07:00+00:00,2494.929931640625,ETH
2026-09-09 01:08:00+00:00,2494.840087890625,ETH
2026-09-09 01:09:00+00:00,2496.949951171875,ETH
2026-09-09 01:10:00+00:00,2496.639892578125,ETH
2026-09-09 01:11:00+00:00,2498.18994140625,ETH
2026-09-09 01:12:00+00:00,2498.159912109375,ETH
2026-09-09 01:13:00+00:00,2494.610107421875,ETH
2026-09-09 01:14:00+00:00,2494.39990234375,ETH
2026-09-09 01:15:00+00:00,2494.550048828125,ETH
2026-09-09 01:16:00+00:00,2492.0,ETH
2026-09-09 01:17:00+00:00,2491.550048828125,ETH
2026-09-09 01:18:00+00:00,2490.699951171875,ETH
2026-09-09 01:19:00+00:00,2490.219970703125,ETH
2026-09-09 01:20:00+00:00,2491.300048828125,ETH
2026-09-09 01:21:00+00:00,2489.81005859375,ETH
2026-09-09 01:22:00+00:00,2490.489990234375,ETH
2026-09-09 01:23:00+00:00,2489.659912109375,ETH
2026-09-09 01:24:00+00:00,2491.800048828125,ETH
2026-09-09 01:25:00+00:00,2490.169921875,ETH
2026-09-09 01:26:00+00:00,2490.389892578125,ETH
2026-09-09 01:27:00+00:00,2493.389892578125,ETH
2026-09-09 01:28:00+00:00,2492.679931640625,ETH
2026-09-09 01:29:00+00:00,2492.030029296875,ETH
2026-09-09 01:30:00+00:00,2491.39990234375,ETH
2026-09-09 01:31:00+00:00,2491.090087890625,ETH
2026-09-09 01:32:00+00:00,2491.550048828125,ETH
2026-09-09 01:33:00+00:00,2491.800048828125,ETH
2026-09-09 01:34:00+00:00,2493.110107421875,ETH
2026-09-09 01:35:00+00:00,2493.75,ETH
2026-09-09 01:36:00+00:00,2494.22998046875,ETH
2026-09-09 01:37:00+00:00,2497.989990234375,ETH
2026-09-09 01:38:00+00:00,2495.820068359375,ETH
2026-09-09 01:39:00+00:00,2497.169921875,ETH
2026-09-09 01:40:00+00:00,2497.89990234375,ETH
2026-09-09 01:41:00+00:00,2495.3798828125,ETH
2026-09-09 01:42:00+00:00,2495.489990234375,ETH
2026-09-09 01:43:00+00:00,2496.47998046875,ETH
2026-09-09 01:44:00+00:00,2496.449951171875,ETH
2026-09-09 01:45:00+00:00,2497.760009765625,ETH
2026-09-09 01:46:00+00:00,2497.590087890625,ETH
2026-09-09 01:47:00+00:00,2498.8798828125,ETH
2026-09-09 01:48:00+00:00,2496.429931640625,ETH
2026-09-09 01:49:00+00:00,2497.110107421875,ETH
2026-09-09 01:50:00+00:00,2498.389892578125,ETH
2026-09-09 01:51:00+00:00,2497.06005859375,ETH
2026-09-09 01:52:00+00:00,2495.929931640625,ETH
2026-09-09 01:53:00+00:00,2498.56005859375,ETH
2026-09-09 01:54:00+00:00,2498.14990234375,ETH
2026-09-09 01:55:00+00:00,2496.510009765625,ETH
2026-09-09 01:56:00+00:00,2497.570068359375,ETH
2026-09-09 01:57:00+00:00,2497.909912109375,ETH
2026-09-09 01:58:00+00:00,2496.639892578125,ETH
2026-09-09 01:59:00+00:00,2497.449951171875,ETH
2026-09-09 02:00:00+00:00,2498.14990234375,ETH
2026-09-09 02:01:00+00:00,2498.429931640625,ETH
2026-09-09 02:02:00+00:00,2497.610107421875,ETH
2026-09-09 02:03:00+00:00,2496.06005859375,ETH
2026-09-09 02:04:00+00:00,2497.389892578125,ETH
2026-09-09 02:05:00+00:00,2495.409912109375,ETH
2026-09-09 02:06:00+00:00,2496.830078125,ETH
2026-09-09 02:07:00+00:00,2497.14990234375,ETH
2026-09-09 02:08:00+00:00,2496.7099609375,ETH
2026-09-09 02:09:00+00:00,2498.330078125,ETH
2026-09-09 02:10:00+00:00,2498.989990234375,ETH
2026-09-09 02:11:00+00:00,2495.969970703125,ETH
2026-09-09 02:12:00+00:00,2495.469970703125,ETH
2026-09-09 02:13:00+00:00,2494.300048828125,ETH
2026-09-09 02:14:00+00:00,2494.679931640625,ETH
2026-09-09 02:15:00+00:00,2493.550048828125,ETH
2026-09-09 02:16:00+00:00,2491.530029296875,ETH
2026-09-09 02:17:00+00:00,2490.989990234375,ETH
2026-09-09 02:18:00+00:00,2494.969970703125,ETH
2026-09-09 02:19:00+00:00,2493.070068359375,ETH
2026-09-09 02:20:00+00:00,2491.510009765625,ETH
2026-09-09 02:21:00+00:00,2491.219970703125,ETH
2026-09-09 02:22:00+00:00,2493.22998046875,ETH
2026-09-09 02:23:00+00:00,2495.030029296875,ETH
2026-09-09 02:24:00+00:00,2497.070068359375,ETH
2026-09-09 02:25:00+00:00,2494.719970703125,ETH
2026-09-09 02:26:00+00:00,2495.070068359375,ETH
2026-09-09 02:27:00+00:00,2496.260009765625,ETH
2026-09-09 02:28:00+00:00,2496.35009765625,ETH
2026-09-09 02:29:00+00:00,2496.64990234375,ETH
2026-09-09 02:30:00+00:00,2495.31005859375,ETH
2026-09-09 02:31:00+00:00,2495.719970703125,ETH
2026-09-09 02:32:00+00:00,2496.8798828125,ETH
2026-09-09 02:33:00+00:00,2496.27001953125,ETH
2026-09-09 02:34:00+00:00,2495.39990234375,ETH
2026-09-09 02:35:00+00:00,2495.739990234375,ETH
2026-09-09 02:36:00+00:00,2495.330078125,ETH
2026-09-09 02:37:00+00:00,2495.85009765625,ETH
2026-09-09 02:38:00+00:00,2495.280029296875,ETH
2026-09-09 02:39:00+00:00,2494.9599609375,ETH
2026-09-09 02:40:00+00:00,2495.3701171875,ETH
2026-09-09 02:41:00+00:00,2495.219970703125,ETH
2026-09-09 02:42:00+00:00,2495.639892578125,ETH
2026-09-09 02:43:00+00:00,2497.1298828125,ETH
2026-09-09 02:44:00+00:00,2496.7900390625,ETH
2026-09-09 02:45:00+00:00,2495.77001953125,ETH
2026-09-09 02:46:00+00:00,2495.7900390625,ETH
2026-09-09 02:47:00+00:00,2496.5400390625,ETH
2026-09-09 02:48:00+00:00,2497.080078125,ETH
2026-09-09 02:49:00+00:00,2495.800048828125,ETH
2026-09-09 02:50:00+00:00,2496.0,ETH
2026-09-09 02:51:00+00:00,2495.489990234375,ETH
2026-09-09 02:52:00+00:00,2496.43994140625,ETH
2026-09-09 02:53:00+00:00,2496.280029296875,ETH
2026-09-09 02:54:00+00:00,2495.679931640625,ETH
2026-09-09 02:55:00+00:00,2494.89990234375,ETH
2026-09-09 02:56:00+00:00,2494.81005859375,ETH
2026-09-09 02:57:00+00:00,2494.719970703125,ETH
2026-09-09 02:58:00+00:00,2494.780029296875,ETH
2026-09-09 02:59:00+00:00,2493.669921875,ETH
2026-09-09 03:00:00+00:00,2492.580078125,ETH
2026-09-09 03:01:00+00:00,2491.18994140625,ETH
2026-09-09 03:02:00+00:00,2491.550048828125,ETH
2026-09-09 03:03:00+00:00,2490.97998046875,ETH
2026-09-09 03:04:00+00:00,2491.409912109375,ETH
2026-09-09 03:05:00+00:00,2492.3798828125,ETH
2026-09-09 03:06:00+00:00,2493.090087890625,ETH
2026-09-09 03:07:00+00:00,2491.409912109375,ETH
2026-09-09 03:08:00+00:00,2490.81005859375,ETH
2026-09-09 03:09:00+00:00,2490.5400390625,ETH
2026-09-09 03:10:00+00:00,2488.010009765625,ETH
2026-09-09 03:11:00+00:00,2489.5,ETH
2026-09-09 03:12:00+00:00,2487.72998046875,ETH
2026-09-09 03:13:00+00:00,2489.010009765625,ETH
2026-09-09 03:14:00+00:00,2487.3701171875,ETH
2026-09-09 03:15:00+00:00,2488.14990234375,ETH
2026-09-09 03:16:00+00:00,2487.360107421875,ETH
2026-09-09 03:17:00+00:00,2488.820068359375,ETH
2026-09-09 03:18:00+00:00,2488.93994140625,ETH
2026-09-09 03:19:00+00:00,2488.0,ETH
2026-09-09 03:20:00+00:00,2488.929931640625,ETH
2026-09-09 03:21:00+00:00,2488.35009765625,ETH
2026-09-09 03:22:00+00:00,2487.64990234375,ETH
2026-09-09 03:23:00+00:00,2488.0400390625,ETH
2026-09-09 03:24:00+00:00,2488.18994140625,ETH
2026-09-09 03:25:00+00:00,2487.610107421875,ETH
2026-09-09 03:26:00+00:00,2487.199951171875,ETH
2026-09-09 03:27:00+00:00,2487.169921875,ETH
2026-09-09 03:28:00+00:00,2487.3798828125,ETH
2026-09-09 03:29:00+00:00,2487.510009765625,ETH
2026-09-09 03:30:00+00:00,2488.239990234375,ETH
2026-09-09 03:31:00+00:00,2488.489990234375,ETH
2026-09-09 03:32:00+00:00,2488.39990234375,ETH
2026-09-09 03:33:00+00:00,2488.8701171875,ETH
2026-09-09 03:34:00+00:00,2488.4599609375,ETH
2026-09-09 03:35:00+00:00,2488.659912109375,ETH
2026-09-09 03:36:00+00:00,2489.169921875,ETH
2026-09-09 03:37:00+00:00,2488.889892578125,ETH
2026-09-09 03:38:00+00:00,2488.679931640625,ETH
2026-09-09 03:39:00+00:00,2489.18994140625,ETH
2026-09-09 03:40:00+00:00,2489.93994140625,ETH
2026-09-09 03:41:00+00:00,2491.56005859375,ETH
2026-09-09 03:42:00+00:00,2491.25,ETH
2026-09-09 03:43:00+00:00,2490.739990234375,ETH
2026-09-09 03:44:00+00:00,2490.43994140625,ETH
2026-09-09 03:45:00+00:00,2490.219970703125,ETH
2026-09-09 03:46:00+00:00,2489.6201171875,ETH
2026-09-09 03:47:00+00:00,2490.580078125,ETH
2026-09-09 03:48:00+00:00,2489.719970703125,ETH
2026-09-09 03:49:00+00:00,2490.10009765625,ETH
2026-09-09 03:50:00+00:00,2489.06005859375,ETH
2026-09-09 03:51:00+00:00,2488.22998046875,ETH
2026-09-09 03:52:00+00:00,2486.8798828125,ETH
2026-09-09 03:53:00+00:00,2488.6298828125,ETH
2026-09-09 03:54:00+00:00,2488.3701171875,ETH
2026-09-09 03:55:00+00:00,2488.679931640625,ETH
2026-09-09 03:56:00+00:00,2487.780029296875,ETH
2026-09-09 03:57:00+00:00,2489.510009765625,ETH
2026-09-09 03:58:00+00:00,2488.989990234375,ETH
2026-09-09 03:59:00+00:00,2488.719970703125,ETH
2026-09-09 04:00:00+00:00,2494.68994140625,ETH
2026-09-09 04:01:00+00:00,2498.8701171875,ETH
2026-09-09 04:02:00+00:00,2499.0400390625,ETH
2026-09-09 04:03:00+00:00,2498.7900390625,ETH
2026-09-09 04:04:00+00:00,2502.64990234375,ETH
2026-09-09 04:05:00+00:00,2501.1201171875,ETH
2026-09-09 04:06:00+00:00,2501.389892578125,ETH
2026-09-09 04:07:00+00:00,2498.2900390625,ETH
2026-09-09 04:08:00+00:00,2496.2900390625,ETH
2026-09-09 04:09:00+00:00,2495.3701171875,ETH
2026-09-09 04:10:00+00:00,2495.52001953125,ETH
2026-09-09 04:11:00+00:00,2496.719970703125,ETH
2026-09-09 04:12:00+00:00,2495.6298828125,ETH
2026-09-09 04:13:00+00:00,2495.780029296875,ETH
2026-09-09 04:14:00+00:00,2496.27001953125,ETH
2026-09-09 04:15:00+00:00,2496.3701171875,ETH
2026-09-09 04:16:00+00:00,2494.590087890625,ETH
2026-09-09 04:17:00+00:00,2494.050048828125,ETH
2026-09-09 04:18:00+00:00,2495.659912109375,ETH
2026-09-09 04:19:00+00:00,2495.360107421875,ETH
2026-09-09 04:20:00+00:00,2495.06005859375,ETH
2026-09-09 04:21:00+00:00,2496.050048828125,ETH
2026-09-09 04:22:00+00:00,2497.56005859375,ETH
2026-09-09 04:23:00+00:00,2498.0,ETH
2026-09-09 04:24:00+00:00,2498.7099609375,ETH
2026-09-09 04:25:00+00:00,2498.39990234375,ETH
2026-09-09 04:26:00+00:00,2497.27001953125,ETH
2026-09-09 04:27:00+00:00,2497.429931640625,ETH
2026-09-09 04:28:00+00:00,2498.22998046875,ETH
2026-09-09 04:29:00+00:00,2496.60009765625,ETH
2026-09-09 04:30:00+00:00,2496.699951171875,ETH
2026-09-09 04:31:00+00:00,2496.77001953125,ETH
2026-09-09 04:32:00+00:00,2497.22998046875,ETH
2026-09-09 04:33:00+00:00,2496.800048828125,ETH
2026-09-09 04:34:00+00:00,2497.68994140625,ETH
2026-09-09 04:35:00+00:00,2497.8798828125,ETH
2026-09-09 04:36:00+00:00,2498.43994140625,ETH
2026-09-09 04:37:00+00:00,2498.6201171875,ETH
2026-09-09 04:38:00+00:00,2498.81005859375,ETH
2026-09-09 04:39:00+00:00,2497.610107421875,ETH
2026-09-09 04:40:00+00:00,2497.739990234375,ETH
2026-09-09 04:41:00+00:00,2498.469970703125,ETH
2026-09-09 04:42:00+00:00,2498.469970703125,ETH
2026-09-09 04:43:00+00:00,2505.89990234375,ETH
2026-09-09 04:44:00+00:00,2511.510009765625,ETH
2026-09-09 04:45:00+00:00,2507.14990234375,ETH
2026-09-09 04:46:00+00:00,2505.60009765625,ETH
2026-09-09 04:47:00+00:00,2508.719970703125,ETH
2026-09-09 04:48:00+00:00,2507.989990234375,ETH
2026-09-09 04:49:00+00:00,2507.5400390625,ETH
2026-09-09 04:50:00+00:00,2507.929931640625,ETH
2026-09-09 04:51:00+00:00,2508.659912109375,ETH
2026-09-09 04:52:00+00:00,2510.3701171875,ETH
2026-09-09 04:53:00+00:00,2510.419921875,ETH
2026-09-09 04:54:00+00:00,2509.550048828125,ETH
2026-09-09 04:55:00+00:00,2509.7099609375,ETH
2026-09-09 04:56:00+00:00,2511.260009765625,ETH
2026-09-09 04:57:00+00:00,2509.43994140625,ETH
2026-09-09 04:58:00+00:00,2508.580078125,ETH
2026-09-09 04:59:00+00:00,2508.8701171875,ETH
2026-09-09 05:00:00+00:00,2506.2099609375,ETH
2026-09-09 05:01:00+00:00,2505.199951171875,ETH
2026-09-09 05:02:00+00:00,2504.530029296875,ETH
2026-09-09 05:03:00+00:00,2504.969970703125,ETH
2026-09-09 05:04:00+00:00,2504.639892578125,ETH
2026-09-09 05:05:00+00:00,2503.85009765625,ETH
2026-09-09 05:06:00+00:00,2504.320068359375,ETH
2026-09-09 05:07:00+00:00,2505.47998046875,ETH
2026-09-09 05:08:00+00:00,2504.419921875,ETH
2026-09-09 05:09:00+00:00,2504.8701171875,ETH
2026-09-09 05:10:00+00:00,2504.050048828125,ETH
2026-09-09 05:11:00+00:00,2504.81005859375,ETH
2026-09-09 05:12:00+00:00,2504.139892578125,ETH
2026-09-09 05:13:00+00:00,2506.070068359375,ETH
2026-09-09 05:14:00+00:00,2507.760009765625,ETH
2026-09-09 05:15:00+00:00,2508.929931640625,ETH
2026-09-09 05:16:00+00:00,2510.800048828125,ETH
2026-09-09 05:17:00+00:00,2508.800048828125,ETH
2026-09-09 05:18:00+00:00,2507.820068359375,ETH
2026-09-09 05:19:00+00:00,2507.8701171875,ETH
2026-09-09 05:20:00+00:00,2507.969970703125,ETH
2026-09-09 05:21:00+00:00,2506.699951171875,ETH
2026-09-09 05:22:00+00:00,2505.139892578125,ETH
2026-09-09 05:23:00+00:00,2504.699951171875,ETH
2026-09-09 05:24:00+00:00,2505.0,ETH
2026-09-09 05:25:00+00:00,2504.06005859375,ETH
2026-09-09 05:26:00+00:00,2503.52001953125,ETH
2026-09-09 05:27:00+00:00,2503.669921875,ETH
2026-09-09 05:28:00+00:00,2502.1298828125,ETH
2026-09-09 05:29:00+00:00,2502.429931640625,ETH
2026-09-09 05:30:00+00:00,2500.8798828125,ETH
2026-09-09 05:31:00+00:00,2498.06005859375,ETH
2026-09-09 05:32:00+00:00,2496.81005859375,ETH
2026-09-09 05:33:00+00:00,2496.56005859375,ETH
2026-09-09 05:34:00+00:00,2497.239990234375,ETH
2026-09-09 05:35:00+00:00,2495.590087890625,ETH
2026-09-09 05:36:00+00:00,2498.360107421875,ETH
2026-09-09 05:37:00+00:00,2497.139892578125,ETH
2026-09-09 05:38:00+00:00,2495.840087890625,ETH
2026-09-09 05:39:00+00:00,2495.169921875,ETH
2026-09-09 05:40:00+00:00,2495.030029296875,ETH
2026-09-09 05:41:00+00:00,2494.52001953125,ETH
2026-09-09 05:42:00+00:00,2494.570068359375,ETH
2026-09-09 05:43:00+00:00,2495.1201171875,ETH
2026-09-09 05:44:00+00:00,2495.27001953125,ETH
2026-09-09 05:45:00+00:00,2494.090087890625,ETH
2026-09-09 05:46:00+00:00,2492.419921875,ETH
2026-09-09 05:47:00+00:00,2491.2900390625,ETH
2026-09-09 05:48:00+00:00,2491.010009765625,ETH
2026-09-09 05:49:00+00:00,2491.919921875,ETH
2026-09-09 05:50:00+00:00,2493.469970703125,ETH
2026-09-09 05:51:00+00:00,2493.429931640625,ETH
2026-09-09 05:52:00+00:00,2494.06005859375,ETH
2026-09-09 05:53:00+00:00,2495.0400390625,ETH
2026-09-09 05:54:00+00:00,2495.820068359375,ETH
2026-09-09 05:55:00+00:00,2495.800048828125,ETH
2026-09-09 05:56:00+00:00,2496.0400390625,ETH
2026-09-09 05:57:00+00:00,2494.72998046875,ETH
2026-09-09 05:58:00+00:00,2496.139892578125,ETH
2026-09-09 05:59:00+00:00,2496.260009765625,ETH
2026-09-09 06:00:00+00:00,2496.179931640625,ETH
2026-09-09 06:01:00+00:00,2495.02001953125,ETH
2026-09-09 06:02:00+00:00,2494.530029296875,ETH
2026-09-09 06:03:00+00:00,2492.97998046875,ETH
2026-09-09 06:04:00+00:00,2493.570068359375,ETH
2026-09-09 06:05:00+00:00,2494.409912109375,ETH
2026-09-09 06:06:00+00:00,2494.97998046875,ETH
2026-09-09 06:07:00+00:00,2496.25,ETH
2026-09-09 06:08:00+00:00,2496.969970703125,ETH
2026-09-09 06:09:00+00:00,2495.89990234375,ETH
2026-09-09 06:10:00+00:00,2497.489990234375,ETH
2026-09-09 06:11:00+00:00,2498.989990234375,ETH
2026-09-09 06:12:00+00:00,2499.610107421875,ETH
2026-09-09 06:13:00+00:00,2499.199951171875,ETH
2026-09-09 06:14:00+00:00,2500.7099609375,ETH
2026-09-09 06:15:00+00:00,2499.75,ETH
2026-09-09 06:16:00+00:00,2501.159912109375,ETH
2026-09-09 06:17:00+00:00,2501.0,ETH
2026-09-09 06:18:00+00:00,2501.1201171875,ETH
2026-09-09 06:19:00+00:00,2501.8798828125,ETH
2026-09-09 06:20:00+00:00,2502.330078125,ETH
2026-09-09 06:21:00+00:00,2501.530029296875,ETH
2026-09-09 06:22:00+00:00,2502.93994140625,ETH
2026-09-09 06:23:00+00:00,2504.93994140625,ETH
2026-09-09 06:24:00+00:00,2501.97998046875,ETH
2026-09-09 06:25:00+00:00,2500.760009765625,ETH
2026-09-09 06:26:00+00:00,2500.639892578125,ETH
2026-09-09 06:27:00+00:00,2499.72998046875,ETH
2026-09-09 06:28:00+00:00,2499.639892578125,ETH
2026-09-09 06:29:00+00:00,2499.5,ETH
2026-09-09 06:30:00+00:00,2500.340087890625,ETH
2026-09-09 06:31:00+00:00,2499.7099609375,ETH
2026-09-09 06:32:00+00:00,2497.97998046875,ETH
2026-09-09 06:33:00+00:00,2498.300048828125,ETH
2026-09-09 06:34:00+00:00,2499.179931640625,ETH
2026-09-09 06:35:00+00:00,2500.590087890625,ETH
2026-09-09 06:36:00+00:00,2499.820068359375,ETH
2026-09-09 06:37:00+00:00,2501.090087890625,ETH
2026-09-09 06:38:00+00:00,2500.52001953125,ETH
2026-09-09 06:39:00+00:00,2500.860107421875,ETH
2026-09-09 06:40:00+00:00,2500.610107421875,ETH
2026-09-09 06:41:00+00:00,2500.179931640625,ETH
2026-09-09 06:42:00+00:00,2500.530029296875,ETH
2026-09-09 06:43:00+00:00,2500.3701171875,ETH
2026-09-09 06:44:00+00:00,2500.489990234375,ETH
2026-09-09 06:45:00+00:00,2499.530029296875,ETH
2026-09-09 06:46:00+00:00,2499.89990234375,ETH
2026-09-09 06:47:00+00:00,2500.27001953125,ETH
2026-09-09 06:48:00+00:00,2499.739990234375,ETH
2026-09-09 06:49:00+00:00,2498.909912109375,ETH
2026-09-09 06:50:00+00:00,2499.699951171875,ETH
2026-09-09 06:51:00+00:00,2500.0,ETH
2026-09-09 06:52:00+00:00,2500.18994140625,ETH
2026-09-09 06:53:00+00:00,2499.47998046875,ETH
2026-09-09 06:54:00+00:00,2498.929931640625,ETH
2026-09-09 06:55:00+00:00,2499.43994140625,ETH
2026-09-09 06:56:00+00:00,2498.8798828125,ETH
2026-09-09 06:57:00+00:00,2500.56005859375,ETH
2026-09-09 06:58:00+00:00,2501.340087890625,ETH
2026-09-09 06:59:00+00:00,2500.8798828125,ETH
2026-09-09 07:00:00+00:00,2500.090087890625,ETH
2026-09-09 07:01:00+00:00,2501.18994140625,ETH
2026-09-09 07:02:00+00:00,2501.280029296875,ETH
2026-09-09 07:03:00+00:00,2501.81005859375,ETH
2026-09-09 07:04:00+00:00,2503.489990234375,ETH
2026-09-09 07:05:00+00:00,2508.610107421875,ETH
2026-09-09 07:06:00+00:00,2511.330078125,ETH
2026-09-09 07:07:00+00:00,2511.969970703125,ETH
2026-09-09 07:08:00+00:00,2510.4599609375,ETH
2026-09-09 07:09:00+00:00,2512.97998046875,ETH
2026-09-09 07:10:00+00:00,2514.929931640625,ETH
2026-09-09 07:11:00+00:00,2512.3798828125,ETH
2026-09-09 07:12:00+00:00,2513.889892578125,ETH
2026-09-09 07:13:00+00:00,2511.050048828125,ETH
2026-09-09 07:14:00+00:00,2510.97998046875,ETH
2026-09-09 07:15:00+00:00,2512.639892578125,ETH
2026-09-09 07:16:00+00:00,2510.2099609375,ETH
2026-09-09 07:17:00+00:00,2511.429931640625,ETH
2026-09-09 07:18:00+00:00,2509.85009765625,ETH
2026-09-09 07:19:00+00:00,2509.5,ETH
2026-09-09 07:20:00+00:00,2511.47998046875,ETH
2026-09-09 07:21:00+00:00,2511.6201171875,ETH
2026-09-09 07:22:00+00:00,2512.360107421875,ETH
2026-09-09 07:23:00+00:00,2513.010009765625,ETH
2026-09-09 07:24:00+00:00,2513.830078125,ETH
2026-09-09 07:25:00+00:00,2511.719970703125,ETH
2026-09-09 07:26:00+00:00,2511.830078125,ETH
2026-09-09 07:27:00+00:00,2513.280029296875,ETH
2026-09-09 07:28:00+00:00,2513.919921875,ETH
2026-09-09 07:29:00+00:00,2514.239990234375,ETH
2026-09-09 07:30:00+00:00,2513.929931640625,ETH
2026-09-09 07:31:00+00:00,2513.75,ETH
2026-09-09 07:32:00+00:00,2514.1298828125,ETH
2026-09-09 07:33:00+00:00,2512.429931640625,ETH
2026-09-09 07:34:00+00:00,2512.7900390625,ETH
2026-09-09 07:35:00+00:00,2513.0400390625,ETH
2026-09-09 07:36:00+00:00,2513.06005859375,ETH
2026-09-09 07:37:00+00:00,2512.5,ETH
2026-09-09 07:38:00+00:00,2512.93994140625,ETH
2026-09-09 07:39:00+00:00,2512.300048828125,ETH
2026-09-09 07:40:00+00:00,2512.239990234375,ETH
2026-09-09 07:41:00+00:00,2512.530029296875,ETH
2026-09-09 07:42:00+00:00,2511.9599609375,ETH
2026-09-09 07:43:00+00:00,2510.719970703125,ETH
2026-09-09 07:44:00+00:00,2511.139892578125,ETH
2026-09-09 07:45:00+00:00,2510.429931640625,ETH
2026-09-09 07:46:00+00:00,2511.590087890625,ETH
2026-09-09 07:47:00+00:00,2510.659912109375,ETH
2026-09-09 07:48:00+00:00,2510.7099609375,ETH
2026-09-09 07:49:00+00:00,2509.949951171875,ETH
2026-09-09 07:50:00+00:00,2510.699951171875,ETH
2026-09-09 07:51:00+00:00,2510.330078125,ETH
2026-09-09 07:52:00+00:00,2510.050048828125,ETH
2026-09-09 07:53:00+00:00,2509.409912109375,ETH
2026-09-09 07:54:00+00:00,2509.239990234375,ETH
2026-09-09 07:55:00+00:00,2509.06005859375,ETH
2026-09-09 07:56:00+00:00,2508.840087890625,ETH
2026-09-09 07:57:00+00:00,2509.0,ETH
2026-09-09 07:58:00+00:00,2509.75,ETH
2026-09-09 07:59:00+00:00,2510.159912109375,ETH
2026-09-09 08:00:00+00:00,2510.260009765625,ETH
2026-09-09 08:01:00+00:00,2513.280029296875,ETH
2026-09-09 08:02:00+00:00,2515.39990234375,ETH
2026-09-09 08:03:00+00:00,2513.280029296875,ETH
2026-09-09 08:04:00+00:00,2514.989990234375,ETH
2026-09-09 08:05:00+00:00,2515.219970703125,ETH
2026-09-09 08:06:00+00:00,2513.969970703125,ETH
2026-09-09 08:07:00+00:00,2513.8798828125,ETH
2026-09-09 08:08:00+00:00,2515.159912109375,ETH
2026-09-09 08:09:00+00:00,2515.300048828125,ETH
2026-09-09 08:10:00+00:00,2517.97998046875,ETH
2026-09-09 08:11:00+00:00,2517.489990234375,ETH
2026-09-09 08:12:00+00:00,2517.909912109375,ETH
2026-09-09 08:13:00+00:00,2517.1298828125,ETH
2026-09-09 08:14:00+00:00,2514.4599609375,ETH
2026-09-09 08:15:00+00:00,2516.300048828125,ETH
2026-09-09 08:16:00+00:00,2516.719970703125,ETH
2026-09-09 08:17:00+00:00,2516.389892578125,ETH
2026-09-09 08:18:00+00:00,2516.239990234375,ETH
2026-09-09 08:19:00+00:00,2517.5,ETH
2026-09-09 08:20:00+00:00,2516.590087890625,ETH
2026-09-09 08:21:00+00:00,2519.169921875,ETH
2026-09-09 08:22:00+00:00,2518.449951171875,ETH
2026-09-09 08:23:00+00:00,2517.659912109375,ETH
2026-09-09 08:24:00+00:00,2517.419921875,ETH
2026-09-09 08:25:00+00:00,2517.77001953125,ETH
2026-09-09 08:26:00+00:00,2518.25,ETH
2026-09-09 08:27:00+00:00,2517.580078125,ETH
2026-09-09 08:28:00+00:00,2519.139892578125,ETH
2026-09-09 08:29:00+00:00,2520.610107421875,ETH
2026-09-09 08:30:00+00:00,2518.5,ETH
2026-09-09 08:31:00+00:00,2520.6201171875,ETH
2026-09-09 08:32:00+00:00,2519.860107421875,ETH
2026-09-09 08:33:00+00:00,2521.97998046875,ETH
2026-09-09 08:34:00+00:00,2520.699951171875,ETH
2026-09-09 08:35:00+00:00,2521.97998046875,ETH
2026-09-09 08:36:00+00:00,2519.27001953125,ETH
2026-09-09 08:37:00+00:00,2518.050048828125,ETH
2026-09-09 08:38:00+00:00,2518.739990234375,ETH
2026-09-09 08:39:00+00:00,2517.3701171875,ETH
2026-09-09 08:40:00+00:00,2519.0,ETH
2026-09-09 08:41:00+00:00,2518.4599609375,ETH
2026-09-09 08:42:00+00:00,2518.25,ETH
2026-09-09 08:43:00+00:00,2517.179931640625,ETH
2026-09-09 08:44:00+00:00,2517.320068359375,ETH
2026-09-09 08:45:00+00:00,2517.47998046875,ETH
2026-09-09 08:46:00+00:00,2518.260009765625,ETH
2026-09-09 08:47:00+00:00,2518.360107421875,ETH
2026-09-09 08:48:00+00:00,2518.31005859375,ETH
2026-09-09 08:49:00+00:00,2516.030029296875,ETH
2026-09-09 08:50:00+00:00,2515.889892578125,ETH
2026-09-09 08:51:00+00:00,2518.409912109375,ETH
2026-09-09 08:52:00+00:00,2518.3798828125,ETH
2026-09-09 08:53:00+00:00,2521.239990234375,ETH
2026-09-09 08:54:00+00:00,2520.5400390625,ETH
2026-09-09 08:55:00+00:00,2519.97998046875,ETH
2026-09-09 08:56:00+00:00,2520.06005859375,ETH
2026-09-09 08:57:00+00:00,2520.280029296875,ETH
2026-09-09 08:58:00+00:00,2520.840087890625,ETH
2026-09-09 08:59:00+00:00,2519.7099609375,ETH
2026-09-09 09:00:00+00:00,2518.989990234375,ETH
2026-09-09 09:01:00+00:00,2518.25,ETH
2026-09-09 09:02:00+00:00,2518.3798828125,ETH
2026-09-09 09:03:00+00:00,2518.7099609375,ETH
2026-09-09 09:04:00+00:00,2518.0,ETH
2026-09-09 09:05:00+00:00,2516.93994140625,ETH
2026-09-09 09:06:00+00:00,2517.5,ETH
2026-09-09 09:07:00+00:00,2516.090087890625,ETH
2026-09-09 09:08:00+00:00,2513.719970703125,ETH
2026-09-09 09:09:00+00:00,2512.010009765625,ETH
2026-09-09 09:10:00+00:00,2511.590087890625,ETH
2026-09-09 09:11:00+00:00,2511.679931640625,ETH
2026-09-09 09:12:00+00:00,2512.610107421875,ETH
2026-09-09 09:13:00+00:00,2511.989990234375,ETH
2026-09-09 09:14:00+00:00,2512.4599609375,ETH
2026-09-09 09:15:00+00:00,2511.530029296875,ETH
2026-09-09 09:16:00+00:00,2511.469970703125,ETH
2026-09-09 09:17:00+00:00,2510.739990234375,ETH
2026-09-09 09:18:00+00:00,2510.4599609375,ETH
2026-09-09 09:19:00+00:00,2510.25,ETH
2026-09-09 09:20:00+00:00,2509.2099609375,ETH
2026-09-09 09:21:00+00:00,2510.090087890625,ETH
2026-09-09 09:22:00+00:00,2509.909912109375,ETH
2026-09-09 09:23:00+00:00,2509.530029296875,ETH
2026-09-09 09:24:00+00:00,2508.72998046875,ETH
2026-09-09 09:25:00+00:00,2509.1201171875,ETH
2026-09-09 09:26:00+00:00,2509.570068359375,ETH
2026-09-09 09:27:00+00:00,2509.320068359375,ETH
2026-09-09 09:28:00+00:00,2509.1201171875,ETH
2026-09-09 09:29:00+00:00,2508.39990234375,ETH
2026-09-09 09:30:00+00:00,2507.800048828125,ETH
2026-09-09 09:31:00+00:00,2507.4599609375,ETH
2026-09-09 09:32:00+00:00,2507.199951171875,ETH
2026-09-09 09:33:00+00:00,2505.719970703125,ETH
2026-09-09 09:34:00+00:00,2506.669921875,ETH
2026-09-09 09:35:00+00:00,2504.43994140625,ETH
2026-09-09 09:36:00+00:00,2504.18994140625,ETH
2026-09-09 09:37:00+00:00,2502.760009765625,ETH
2026-09-09 09:38:00+00:00,2503.030029296875,ETH
2026-09-09 09:39:00+00:00,2501.60009765625,ETH
2026-09-09 09:40:00+00:00,2501.35009765625,ETH
2026-09-09 09:41:00+00:00,2495.110107421875,ETH
2026-09-09 09:42:00+00:00,2496.47998046875,ETH
2026-09-09 09:43:00+00:00,2497.219970703125,ETH
2026-09-09 09:44:00+00:00,2495.110107421875,ETH
2026-09-09 09:45:00+00:00,2496.159912109375,ETH
2026-09-09 09:46:00+00:00,2494.669921875,ETH
2026-09-09 09:47:00+00:00,2495.6201171875,ETH
2026-09-09 09:48:00+00:00,2492.219970703125,ETH
2026-09-09 09:49:00+00:00,2493.469970703125,ETH
2026-09-09 09:50:00+00:00,2494.89990234375,ETH
2026-09-09 09:51:00+00:00,2495.43994140625,ETH
2026-09-09 09:52:00+00:00,2494.7900390625,ETH
2026-09-09 09:53:00+00:00,2494.840087890625,ETH
2026-09-09 09:54:00+00:00,2492.780029296875,ETH
2026-09-09 09:55:00+00:00,2490.919921875,ETH
2026-09-09 09:56:00+00:00,2491.860107421875,ETH
2026-09-09 09:57:00+00:00,2491.010009765625,ETH
2026-09-09 09:58:00+00:00,2490.570068359375,ETH
2026-09-09 09:59:00+00:00,2490.02001953125,ETH
2026-09-09 10:00:00+00:00,2491.43994140625,ETH
2026-09-09 10:01:00+00:00,2491.39990234375,ETH
2026-09-09 10:02:00+00:00,2492.469970703125,ETH
2026-09-09 10:03:00+00:00,2493.080078125,ETH
2026-09-09 10:04:00+00:00,2493.75,ETH
2026-09-09 10:05:00+00:00,2493.419921875,ETH
2026-09-09 10:06:00+00:00,2493.449951171875,ETH
2026-09-09 10:07:00+00:00,2491.449951171875,ETH
2026-09-09 10:08:00+00:00,2491.169921875,ETH
2026-09-09 10:09:00+00:00,2490.2900390625,ETH
2026-09-09 10:10:00+00:00,2491.47998046875,ETH
2026-09-09 10:11:00+00:00,2491.56005859375,ETH
2026-09-09 10:12:00+00:00,2492.860107421875,ETH
2026-09-09 10:13:00+00:00,2491.840087890625,ETH
2026-09-09 10:14:00+00:00,2492.0,ETH
2026-09-09 10:15:00+00:00,2487.77001953125,ETH
2026-09-09 10:16:00+00:00,2487.3701171875,ETH
2026-09-09 10:17:00+00:00,2489.3701171875,ETH
2026-09-09 10:18:00+00:00,2489.56005859375,ETH
2026-09-09 10:19:00+00:00,2491.14990234375,ETH
2026-09-09 10:20:00+00:00,2492.10009765625,ETH
2026-09-09 10:21:00+00:00,2492.469970703125,ETH
2026-09-09 10:22:00+00:00,2491.0,ETH
2026-09-09 10:23:00+00:00,2490.6201171875,ETH
2026-09-09 10:24:00+00:00,2490.330078125,ETH
2026-09-09 10:25:00+00:00,2490.47998046875,ETH
2026-09-09 10:26:00+00:00,2491.0400390625,ETH
2026-09-09 10:27:00+00:00,2490.909912109375,ETH
2026-09-09 10:28:00+00:00,2492.820068359375,ETH
2026-09-09 10:29:00+00:00,2490.7099609375,ETH
2026-09-09 10:30:00+00:00,2492.159912109375,ETH
2026-09-09 10:31:00+00:00,2492.5,ETH
2026-09-09 10:32:00+00:00,2492.1298828125,ETH
2026-09-09 10:33:00+00:00,2492.3798828125,ETH
2026-09-09 10:34:00+00:00,2493.300048828125,ETH
2026-09-09 10:35:00+00:00,2492.590087890625,ETH
2026-09-09 10:36:00+00:00,2489.89990234375,ETH
2026-09-09 10:37:00+00:00,2491.89990234375,ETH
2026-09-09 10:38:00+00:00,2493.010009765625,ETH
2026-09-09 10:39:00+00:00,2491.77001953125,ETH
2026-09-09 10:40:00+00:00,2490.43994140625,ETH
2026-09-09 10:41:00+00:00,2488.93994140625,ETH
2026-09-09 10:42:00+00:00,2490.699951171875,ETH
2026-09-09 10:43:00+00:00,2490.06005859375,ETH
2026-09-09 10:44:00+00:00,2490.18994140625,ETH
2026-09-09 10:45:00+00:00,2488.800048828125,ETH
2026-09-09 10:46:00+00:00,2489.449951171875,ETH
2026-09-09 10:47:00+00:00,2487.860107421875,ETH
2026-09-09 10:48:00+00:00,2488.860107421875,ETH
2026-09-09 10:49:00+00:00,2488.929931640625,ETH
2026-09-09 10:50:00+00:00,2486.6201171875,ETH
2026-09-09 10:51:00+00:00,2485.429931640625,ETH
2026-09-09 10:52:00+00:00,2483.81005859375,ETH
2026-09-09 10:53:00+00:00,2484.2900390625,ETH
2026-09-09 10:54:00+00:00,2483.8701171875,ETH
2026-09-09 10:55:00+00:00,2486.050048828125,ETH
2026-09-09 10:56:00+00:00,2486.8798828125,ETH
2026-09-09 10:57:00+00:00,2486.85009765625,ETH
2026-09-09 10:58:00+00:00,2486.6298828125,ETH
2026-09-09 10:59:00+00:00,2487.139892578125,ETH
2026-09-09 11:00:00+00:00,2486.39990234375,ETH
2026-09-09 11:01:00+00:00,2485.2099609375,ETH
2026-09-09 11:02:00+00:00,2482.97998046875,ETH
2026-09-09 11:03:00+00:00,2483.469970703125,ETH
2026-09-09 11:04:00+00:00,2484.47998046875,ETH
2026-09-09 11:05:00+00:00,2483.5400390625,ETH
2026-09-09 11:06:00+00:00,2482.93994140625,ETH
2026-09-09 11:07:00+00:00,2484.800048828125,ETH
2026-09-09 11:08:00+00:00,2485.919921875,ETH
2026-09-09 11:09:00+00:00,2486.47998046875,ETH
2026-09-09 11:10:00+00:00,2486.3701171875,ETH
2026-09-09 11:11:00+00:00,2487.260009765625,ETH
2026-09-09 11:12:00+00:00,2486.9599609375,ETH
2026-09-09 11:13:00+00:00,2486.760009765625,ETH
2026-09-09 11:14:00+00:00,2485.9599609375,ETH
2026-09-09 11:15:00+00:00,2484.81005859375,ETH
2026-09-09 11:16:00+00:00,2483.97998046875,ETH
2026-09-09 11:17:00+00:00,2484.39990234375,ETH
2026-09-09 11:18:00+00:00,2484.7900390625,ETH
2026-09-09 11:19:00+00:00,2485.340087890625,ETH
2026-09-09 11:20:00+00:00,2485.419921875,ETH
2026-09-09 11:21:00+00:00,2485.1298828125,ETH
2026-09-09 11:22:00+00:00,2485.280029296875,ETH
2026-09-09 11:23:00+00:00,2487.35009765625,ETH
2026-09-09 11:24:00+00:00,2489.4599609375,ETH
2026-09-09 11:25:00+00:00,2489.389892578125,ETH
2026-09-09 11:26:00+00:00,2489.639892578125,ETH
2026-09-09 11:27:00+00:00,2490.719970703125,ETH
2026-09-09 11:28:00+00:00,2491.929931640625,ETH
2026-09-09 11:29:00+00:00,2492.110107421875,ETH
2026-09-09 11:30:00+00:00,2492.7099609375,ETH
2026-09-09 11:31:00+00:00,2490.570068359375,ETH
2026-09-09 11:32:00+00:00,2491.64990234375,ETH
2026-09-09 11:33:00+00:00,2493.77001953125,ETH
2026-09-09 11:34:00+00:00,2492.47998046875,ETH
2026-09-09 11:35:00+00:00,2492.06005859375,ETH
2026-09-09 11:36:00+00:00,2492.800048828125,ETH
2026-09-09 11:37:00+00:00,2492.93994140625,ETH
2026-09-09 11:38:00+00:00,2493.47998046875,ETH
2026-09-09 11:39:00+00:00,2494.409912109375,ETH
2026-09-09 11:40:00+00:00,2494.14990234375,ETH
2026-09-09 11:41:00+00:00,2493.10009765625,ETH
2026-09-09 11:42:00+00:00,2493.64990234375,ETH
2026-09-09 11:43:00+00:00,2494.7099609375,ETH
2026-09-09 11:44:00+00:00,2492.9599609375,ETH
2026-09-09 11:45:00+00:00,2494.159912109375,ETH
2026-09-09 11:46:00+00:00,2494.25,ETH
2026-09-09 11:47:00+00:00,2493.75,ETH
2026-09-09 11:48:00+00:00,2494.929931640625,ETH
2026-09-09 11:49:00+00:00,2497.10009765625,ETH
2026-09-09 11:50:00+00:00,2498.800048828125,ETH
2026-09-09 11:51:00+00:00,2503.18994140625,ETH
2026-09-09 11:52:00+00:00,2502.090087890625,ETH
2026-09-09 11:53:00+00:00,2503.64990234375,ETH
2026-09-09 11:54:00+00:00,2501.72998046875,ETH
2026-09-09 11:55:00+00:00,2501.169921875,ETH
2026-09-09 11:56:00+00:00,2500.989990234375,ETH
2026-09-09 11:57:00+00:00,2500.969970703125,ETH
2026-09-09 11:58:00+00:00,2502.340087890625,ETH
2026-09-09 11:59:00+00:00,2500.3798828125,ETH
2026-09-09 12:00:00+00:00,2503.0400390625,ETH
2026-09-09 12:01:00+00:00,2501.360107421875,ETH
2026-09-09 12:02:00+00:00,2502.139892578125,ETH
2026-09-09 12:03:00+00:00,2499.9599609375,ETH
2026-09-09 12:04:00+00:00,2498.919921875,ETH
2026-09-09 12:05:00+00:00,2499.06005859375,ETH
2026-09-09 12:06:00+00:00,2499.35009765625,ETH
2026-09-09 12:07:00+00:00,2502.429931640625,ETH
2026-09-09 12:08:00+00:00,2503.8798828125,ETH
2026-09-09 12:09:00+00:00,2501.719970703125,ETH
2026-09-09 12:10:00+00:00,2501.9599609375,ETH
2026-09-09 12:11:00+00:00,2501.679931640625,ETH
2026-09-09 12:12:00+00:00,2500.14990234375,ETH
2026-09-09 12:13:00+00:00,2500.02001953125,ETH
2026-09-09 12:14:00+00:00,2500.639892578125,ETH
2026-09-09 12:15:00+00:00,2501.02001953125,ETH
2026-09-09 12:16:00+00:00,2501.280029296875,ETH
2026-09-09 12:17:00+00:00,2500.719970703125,ETH
2026-09-09 12:18:00+00:00,2498.860107421875,ETH
2026-09-09 12:19:00+00:00,2499.679931640625,ETH
2026-09-09 12:20:00+00:00,2500.72998046875,ETH
2026-09-09 12:21:00+00:00,2500.860107421875,ETH
2026-09-09 12:22:00+00:00,2501.969970703125,ETH
2026-09-09 12:23:00+00:00,2501.610107421875,ETH
2026-09-09 12:24:00+00:00,2500.409912109375,ETH
2026-09-09 12:25:00+00:00,2500.139892578125,ETH
2026-09-09 12:26:00+00:00,2501.110107421875,ETH
2026-09-09 12:27:00+00:00,2500.18994140625,ETH
2026-09-09 12:28:00+00:00,2500.080078125,ETH
2026-09-09 12:29:00+00:00,2501.3701171875,ETH
2026-09-09 12:30:00+00:00,2501.510009765625,ETH
2026-09-09 12:31:00+00:00,2503.89990234375,ETH
2026-09-09 12:32:00+00:00,2505.43994140625,ETH
2026-09-09 12:33:00+00:00,2504.550048828125,ETH
2026-09-09 12:34:00+00:00,2505.7900390625,ETH
2026-09-09 12:35:00+00:00,2508.77001953125,ETH
2026-09-09 12:36:00+00:00,2507.14990234375,ETH
2026-09-09 12:37:00+00:00,2504.989990234375,ETH
2026-09-09 12:38:00+00:00,2505.3701171875,ETH
2026-09-09 12:39:00+00:00,2506.639892578125,ETH
2026-09-09 12:40:00+00:00,2505.43994140625,ETH
2026-09-09 12:41:00+00:00,2509.449951171875,ETH
2026-09-09 12:42:00+00:00,2507.989990234375,ETH
2026-09-09 12:43:00+00:00,2507.419921875,ETH
2026-09-09 12:44:00+00:00,2507.43994140625,ETH
2026-09-09 12:45:00+00:00,2508.820068359375,ETH
2026-09-09 12:46:00+00:00,2511.0,ETH
2026-09-09 12:47:00+00:00,2510.139892578125,ETH
2026-09-09 12:48:00+00:00,2509.27001953125,ETH
2026-09-09 12:49:00+00:00,2510.860107421875,ETH
2026-09-09 12:50:00+00:00,2511.469970703125,ETH
2026-09-09 12:51:00+00:00,2510.330078125,ETH
2026-09-09 12:52:00+00:00,2511.360107421875,ETH
2026-09-09 12:53:00+00:00,2510.949951171875,ETH
2026-09-09 12:54:00+00:00,2510.300048828125,ETH
2026-09-09 12:55:00+00:00,2509.969970703125,ETH
2026-09-09 12:56:00+00:00,2511.68994140625,ETH
2026-09-09 12:57:00+00:00,2511.5,ETH
2026-09-09 12:58:00+00:00,2510.219970703125,ETH
2026-09-09 12:59:00+00:00,2511.10009765625,ETH
2026-09-09 13:00:00+00:00,2508.820068359375,ETH
2026-09-09 13:01:00+00:00,2508.75,ETH
2026-09-09 13:02:00+00:00,2509.97998046875,ETH
2026-09-09 13:03:00+00:00,2509.669921875,ETH
2026-09-09 13:04:00+00:00,2512.0,ETH
2026-09-09 13:05:00+00:00,2511.75,ETH
2026-09-09 13:06:00+00:00,2512.469970703125,ETH
2026-09-09 13:07:00+00:00,2510.530029296875,ETH
2026-09-09 13:08:00+00:00,2512.39990234375,ETH
2026-09-09 13:09:00+00:00,2511.219970703125,ETH
2026-09-09 13:10:00+00:00,2510.669921875,ETH
2026-09-09 13:11:00+00:00,2510.89990234375,ETH
2026-09-09 13:12:00+00:00,2511.840087890625,ETH
2026-09-09 13:13:00+00:00,2513.409912109375,ETH
2026-09-09 13:14:00+00:00,2513.090087890625,ETH
2026-09-09 13:15:00+00:00,2511.4599609375,ETH
2026-09-09 13:16:00+00:00,2511.64990234375,ETH
2026-09-09 13:17:00+00:00,2512.719970703125,ETH
2026-09-09 13:18:00+00:00,2512.860107421875,ETH
2026-09-09 13:19:00+00:00,2512.929931640625,ETH
2026-09-09 13:20:00+00:00,2514.050048828125,ETH
2026-09-09 13:21:00+00:00,2514.260009765625,ETH
2026-09-09 13:22:00+00:00,2513.010009765625,ETH
2026-09-09 13:23:00+00:00,2513.14990234375,ETH
2026-09-09 13:24:00+00:00,2513.820068359375,ETH
2026-09-09 13:25:00+00:00,2514.030029296875,ETH
2026-09-09 13:26:00+00:00,2514.050048828125,ETH
2026-09-09 13:27:00+00:00,2514.2900390625,ETH
2026-09-09 13:28:00+00:00,2514.969970703125,ETH
2026-09-09 13:29:00+00:00,2514.320068359375,ETH
2026-09-09 13:30:00+00:00,2513.97998046875,ETH
2026-09-09 13:31:00+00:00,2512.219970703125,ETH
2026-09-09 13:32:00+00:00,2515.22998046875,ETH
2026-09-09 13:33:00+00:00,2517.699951171875,ETH
2026-09-09 13:34:00+00:00,2520.39990234375,ETH
2026-09-09 13:35:00+00:00,2513.280029296875,ETH
2026-09-09 13:36:00+00:00,2507.840087890625,ETH
2026-09-09 13:37:00+00:00,2507.22998046875,ETH
2026-09-09 13:38:00+00:00,2506.89990234375,ETH
2026-09-09 13:39:00+00:00,2507.030029296875,ETH
2026-09-09 13:40:00+00:00,2512.010009765625,ETH
2026-09-09 13:41:00+00:00,2506.909912109375,ETH
2026-09-09 13:42:00+00:00,2503.139892578125,ETH
2026-09-09 13:43:00+00:00,2500.699951171875,ETH
2026-09-09 13:44:00+00:00,2504.340087890625,ETH
2026-09-09 13:45:00+00:00,2505.18994140625,ETH
2026-09-09 13:46:00+00:00,2510.260009765625,ETH
2026-09-09 13:47:00+00:00,2510.679931640625,ETH
2026-09-09 13:48:00+00:00,2511.60009765625,ETH
2026-09-09 13:49:00+00:00,2509.949951171875,ETH
2026-09-09 13:50:00+00:00,2510.02001953125,ETH
2026-09-09 13:51:00+00:00,2509.06005859375,ETH
2026-09-09 13:52:00+00:00,2511.909912109375,ETH
2026-09-09 13:53:00+00:00,2510.27001953125,ETH
2026-09-09 13:54:00+00:00,2506.820068359375,ETH
2026-09-09 13:55:00+00:00,2506.389892578125,ETH
2026-09-09 13:56:00+00:00,2506.06005859375,ETH
2026-09-09 13:57:00+00:00,2506.580078125,ETH
2026-09-09 13:58:00+00:00,2505.090087890625,ETH
2026-09-09 13:59:00+00:00,2502.1201171875,ETH
2026-09-09 14:00:00+00:00,2501.35009765625,ETH
2026-09-09 14:01:00+00:00,2496.679931640625,ETH
2026-09-09 14:02:00+00:00,2497.639892578125,ETH
2026-09-09 14:03:00+00:00,2497.72998046875,ETH
2026-09-09 14:04:00+00:00,2503.679931640625,ETH
2026-09-09 14:05:00+00:00,2506.6298828125,ETH
2026-09-09 14:06:00+00:00,2502.780029296875,ETH
2026-09-09 14:07:00+00:00,2502.06005859375,ETH
2026-09-09 14:08:00+00:00,2502.1201171875,ETH
2026-09-09 14:09:00+00:00,2500.320068359375,ETH
2026-09-09 14:10:00+00:00,2498.5400390625,ETH
2026-09-09 14:11:00+00:00,2495.72998046875,ETH
2026-09-09 14:12:00+00:00,2496.8701171875,ETH
2026-09-09 14:13:00+00:00,2500.580078125,ETH
2026-09-09 14:14:00+00:00,2501.830078125,ETH
2026-09-09 14:15:00+00:00,2500.860107421875,ETH
2026-09-09 14:16:00+00:00,2498.860107421875,ETH
2026-09-09 14:17:00+00:00,2501.139892578125,ETH
2026-09-09 14:18:00+00:00,2499.1201171875,ETH
2026-09-09 14:19:00+00:00,2497.2099609375,ETH
2026-09-09 14:20:00+00:00,2495.60009765625,ETH
2026-09-09 14:21:00+00:00,2498.780029296875,ETH
2026-09-09 14:22:00+00:00,2498.47998046875,ETH
2026-09-09 14:23:00+00:00,2497.10009765625,ETH
2026-09-09 14:24:00+00:00,2498.280029296875,ETH
2026-09-09 14:25:00+00:00,2501.3798828125,ETH
2026-09-09 14:26:00+00:00,2505.010009765625,ETH
2026-09-09 14:27:00+00:00,2505.800048828125,ETH
2026-09-09 14:28:00+00:00,2511.2900390625,ETH
2026-09-09 14:29:00+00:00,2511.60009765625,ETH
2026-09-09 14:30:00+00:00,2510.0,ETH
2026-09-09 14:31:00+00:00,2511.3701171875,ETH
2026-09-09 14:32:00+00:00,2510.889892578125,ETH
2026-09-09 14:33:00+00:00,2513.139892578125,ETH
2026-09-09 14:34:00+00:00,2509.9599609375,ETH
2026-09-09 14:35:00+00:00,2513.06005859375,ETH
2026-09-09 14:36:00+00:00,2509.949951171875,ETH
2026-09-09 14:37:00+00:00,2508.489990234375,ETH
2026-09-09 14:38:00+00:00,2508.550048828125,ETH
2026-09-09 14:39:00+00:00,2510.830078125,ETH
2026-09-09 14:40:00+00:00,2509.389892578125,ETH
2026-09-09 14:41:00+00:00,2506.489990234375,ETH
2026-09-09 14:42:00+00:00,2506.260009765625,ETH
2026-09-09 14:43:00+00:00,2503.989990234375,ETH
2026-09-09 14:44:00+00:00,2500.47998046875,ETH
2026-09-09 14:45:00+00:00,2503.31005859375,ETH
2026-09-09 14:46:00+00:00,2504.610107421875,ETH
2026-09-09 14:47:00+00:00,2503.010009765625,ETH
2026-09-09 14:48:00+00:00,2502.5,ETH
2026-09-09 14:49:00+00:00,2506.739990234375,ETH
2026-09-09 14:50:00+00:00,2505.510009765625,ETH
2026-09-09 14:51:00+00:00,2504.43994140625,ETH
2026-09-09 14:52:00+00:00,2500.280029296875,ETH
2026-09-09 14:53:00+00:00,2499.800048828125,ETH
2026-09-09 14:54:00+00:00,2497.43994140625,ETH
2026-09-09 14:55:00+00:00,2497.300048828125,ETH
2026-09-09 14:56:00+00:00,2497.409912109375,ETH
2026-09-09 14:57:00+00:00,2497.2900390625,ETH
2026-09-09 14:58:00+00:00,2497.530029296875,ETH
2026-09-09 14:59:00+00:00,2498.81005859375,ETH
2026-09-09 15:00:00+00:00,2510.5,ETH
2026-09-09 15:01:00+00:00,2496.300048828125,ETH
2026-09-09 15:02:00+00:00,2493.169921875,ETH
2026-09-09 15:03:00+00:00,2498.3701171875,ETH
2026-09-09 15:04:00+00:00,2495.419921875,ETH
2026-09-09 15:05:00+00:00,2491.85009765625,ETH
2026-09-09 15:06:00+00:00,2489.820068359375,ETH
2026-09-09 15:07:00+00:00,2490.110107421875,ETH
2026-09-09 15:08:00+00:00,2490.840087890625,ETH
2026-09-09 15:09:00+00:00,2490.489990234375,ETH
2026-09-09 15:10:00+00:00,2488.64990234375,ETH
2026-09-09 15:11:00+00:00,2481.10009765625,ETH
2026-09-09 15:12:00+00:00,2483.679931640625,ETH
2026-09-09 15:13:00+00:00,2484.820068359375,ETH
2026-09-09 15:14:00+00:00,2484.330078125,ETH
2026-09-09 15:15:00+00:00,2488.179931640625,ETH
2026-09-09 15:16:00+00:00,2489.10009765625,ETH
2026-09-09 15:17:00+00:00,2488.510009765625,ETH
2026-09-09 15:18:00+00:00,2487.429931640625,ETH
2026-09-09 15:19:00+00:00,2487.110107421875,ETH
2026-09-09 15:20:00+00:00,2486.1201171875,ETH
2026-09-09 15:21:00+00:00,2478.919921875,ETH
2026-09-09 15:22:00+00:00,2473.260009765625,ETH
2026-09-09 15:23:00+00:00,2473.159912109375,ETH
2026-09-09 15:24:00+00:00,2471.75,ETH
2026-09-09 15:25:00+00:00,2473.72998046875,ETH
2026-09-09 15:26:00+00:00,2476.97998046875,ETH
2026-09-09 15:27:00+00:00,2476.56005859375,ETH
2026-09-09 15:28:00+00:00,2478.68994140625,ETH
2026-09-09 15:29:00+00:00,2478.800048828125,ETH
2026-09-09 15:30:00+00:00,2480.719970703125,ETH
2026-09-09 15:31:00+00:00,2480.860107421875,ETH
2026-09-09 15:32:00+00:00,2482.64990234375,ETH
2026-09-09 15:33:00+00:00,2483.8701171875,ETH
2026-09-09 15:34:00+00:00,2487.340087890625,ETH
2026-09-09 15:35:00+00:00,2488.159912109375,ETH
2026-09-09 15:36:00+00:00,2491.360107421875,ETH
2026-09-09 15:37:00+00:00,2491.10009765625,ETH
2026-09-09 15:38:00+00:00,2488.68994140625,ETH
2026-09-09 15:39:00+00:00,2492.949951171875,ETH
2026-09-09 15:40:00+00:00,2491.659912109375,ETH
2026-09-09 15:41:00+00:00,2493.31005859375,ETH
2026-09-09 15:42:00+00:00,2490.9599609375,ETH
2026-09-09 15:43:00+00:00,2493.530029296875,ETH
2026-09-09 15:44:00+00:00,2492.530029296875,ETH
2026-09-09 15:45:00+00:00,2491.419921875,ETH
2026-09-09 15:46:00+00:00,2493.35009765625,ETH
2026-09-09 15:47:00+00:00,2491.219970703125,ETH
2026-09-09 15:48:00+00:00,2490.1201171875,ETH
2026-09-09 15:49:00+00:00,2492.0400390625,ETH
2026-09-09 15:50:00+00:00,2492.320068359375,ETH
2026-09-09 15:51:00+00:00,2491.199951171875,ETH
2026-09-09 15:52:00+00:00,2491.050048828125,ETH
2026-09-09 15:53:00+00:00,2490.280029296875,ETH
2026-09-09 15:54:00+00:00,2492.93994140625,ETH
2026-09-09 15:55:00+00:00,2490.860107421875,ETH
2026-09-09 15:56:00+00:00,2491.280029296875,ETH
2026-09-09 15:57:00+00:00,2491.510009765625,ETH
2026-09-09 15:58:00+00:00,2490.5400390625,ETH
2026-09-09 15:59:00+00:00,2489.85009765625,ETH
2026-09-09 16:00:00+00:00,2490.719970703125,ETH
2026-09-09 16:01:00+00:00,2491.669921875,ETH
2026-09-09 16:02:00+00:00,2494.260009765625,ETH
2026-09-09 16:03:00+00:00,2495.97998046875,ETH
2026-09-09 16:04:00+00:00,2495.3798828125,ETH
2026-09-09 16:05:00+00:00,2495.889892578125,ETH
2026-09-09 16:06:00+00:00,2494.330078125,ETH
2026-09-09 16:07:00+00:00,2492.39990234375,ETH
2026-09-09 16:08:00+00:00,2488.949951171875,ETH
2026-09-09 16:09:00+00:00,2486.77001953125,ETH
2026-09-09 16:10:00+00:00,2487.639892578125,ETH
2026-09-09 16:11:00+00:00,2487.280029296875,ETH
2026-09-09 16:12:00+00:00,2490.5,ETH
2026-09-09 16:13:00+00:00,2489.510009765625,ETH
2026-09-09 16:14:00+00:00,2491.56005859375,ETH
2026-09-09 16:15:00+00:00,2487.7900390625,ETH
2026-09-09 16:16:00+00:00,2487.280029296875,ETH
2026-09-09 16:17:00+00:00,2484.8701171875,ETH
2026-09-09 16:18:00+00:00,2485.159912109375,ETH
2026-09-09 16:19:00+00:00,2486.77001953125,ETH
2026-09-09 16:20:00+00:00,2488.8798828125,ETH
2026-09-09 16:21:00+00:00,2490.800048828125,ETH
2026-09-09 16:22:00+00:00,2485.760009765625,ETH
2026-09-09 16:23:00+00:00,2485.3798828125,ETH
2026-09-09 16:24:00+00:00,2486.159912109375,ETH
2026-09-09 16:25:00+00:00,2488.659912109375,ETH
2026-09-09 16:26:00+00:00,2488.43994140625,ETH
2026-09-09 16:27:00+00:00,2489.639892578125,ETH
2026-09-09 16:28:00+00:00,2488.800048828125,ETH
2026-09-09 16:29:00+00:00,2489.889892578125,ETH
2026-09-09 16:30:00+00:00,2493.02001953125,ETH
2026-09-09 16:31:00+00:00,2494.6201171875,ETH
2026-09-09 16:32:00+00:00,2495.22998046875,ETH
2026-09-09 16:33:00+00:00,2496.280029296875,ETH
2026-09-09 16:34:00+00:00,2497.139892578125,ETH
2026-09-09 16:35:00+00:00,2496.6201171875,ETH
2026-09-09 16:36:00+00:00,2497.27001953125,ETH
2026-09-09 16:37:00+00:00,2495.169921875,ETH
2026-09-09 16:38:00+00:00,2496.6298828125,ETH
2026-09-09 16:39:00+00:00,2498.139892578125,ETH
2026-09-09 16:40:00+00:00,2497.389892578125,ETH
2026-09-09 16:41:00+00:00,2497.989990234375,ETH
2026-09-09 16:42:00+00:00,2496.969970703125,ETH
2026-09-09 16:43:00+00:00,2497.89990234375,ETH
2026-09-09 16:44:00+00:00,2498.3798828125,ETH
2026-09-09 16:45:00+00:00,2498.139892578125,ETH
2026-09-09 16:46:00+00:00,2497.949951171875,ETH
2026-09-09 16:47:00+00:00,2497.929931640625,ETH
2026-09-09 16:48:00+00:00,2497.35009765625,ETH
2026-09-09 16:49:00+00:00,2495.659912109375,ETH
2026-09-09 16:50:00+00:00,2496.840087890625,ETH
2026-09-09 16:51:00+00:00,2495.929931640625,ETH
2026-09-09 16:52:00+00:00,2496.320068359375,ETH
2026-09-09 16:53:00+00:00,2495.4599609375,ETH
2026-09-09 16:54:00+00:00,2494.679931640625,ETH
2026-09-09 16:55:00+00:00,2494.5400390625,ETH
2026-09-09 16:56:00+00:00,2494.360107421875,ETH
2026-09-09 16:57:00+00:00,2494.889892578125,ETH
2026-09-09 16:58:00+00:00,2496.030029296875,ETH
2026-09-09 16:59:00+00:00,2495.550048828125,ETH
2026-09-09 17:00:00+00:00,2495.0,ETH
2026-09-09 17:01:00+00:00,2493.610107421875,ETH
2026-09-09 17:02:00+00:00,2496.679931640625,ETH
2026-09-09 17:03:00+00:00,2493.909912109375,ETH
2026-09-09 17:04:00+00:00,2493.010009765625,ETH
2026-09-09 17:05:00+00:00,2496.639892578125,ETH
2026-09-09 17:06:00+00:00,2496.929931640625,ETH
2026-09-09 17:07:00+00:00,2494.6201171875,ETH
2026-09-09 17:08:00+00:00,2496.080078125,ETH
2026-09-09 17:09:00+00:00,2494.81005859375,ETH
2026-09-09 17:10:00+00:00,2494.669921875,ETH
2026-09-09 17:11:00+00:00,2496.4599609375,ETH
2026-09-09 17:12:00+00:00,2496.909912109375,ETH
2026-09-09 17:13:00+00:00,2497.35009765625,ETH
2026-09-09 17:14:00+00:00,2496.280029296875,ETH
2026-09-09 17:15:00+00:00,2497.10009765625,ETH
2026-09-09 17:16:00+00:00,2496.469970703125,ETH
2026-09-09 17:17:00+00:00,2495.68994140625,ETH
2026-09-09 17:18:00+00:00,2497.14990234375,ETH
2026-09-09 17:19:00+00:00,2496.489990234375,ETH
2026-09-09 17:20:00+00:00,2495.969970703125,ETH
2026-09-09 17:21:00+00:00,2495.949951171875,ETH
2026-09-09 17:22:00+00:00,2494.81005859375,ETH
2026-09-09 17:23:00+00:00,2495.260009765625,ETH
2026-09-09 17:24:00+00:00,2496.320068359375,ETH
2026-09-09 17:25:00+00:00,2498.669921875,ETH
2026-09-09 17:26:00+00:00,2497.8701171875,ETH
2026-09-09 17:27:00+00:00,2496.47998046875,ETH
2026-09-09 17:28:00+00:00,2497.639892578125,ETH
2026-09-09 17:29:00+00:00,2496.2900390625,ETH
2026-09-09 17:30:00+00:00,2496.010009765625,ETH
2026-09-09 17:31:00+00:00,2493.679931640625,ETH
2026-09-09 17:32:00+00:00,2493.639892578125,ETH
2026-09-09 17:33:00+00:00,2494.25,ETH
2026-09-09 17:34:00+00:00,2493.760009765625,ETH
2026-09-09 17:35:00+00:00,2494.5400390625,ETH
2026-09-09 17:36:00+00:00,2494.929931640625,ETH
2026-09-09 17:37:00+00:00,2493.89990234375,ETH
2026-09-09 17:38:00+00:00,2492.14990234375,ETH
2026-09-09 17:39:00+00:00,2491.5,ETH
2026-09-09 17:40:00+00:00,2491.56005859375,ETH
2026-09-09 17:41:00+00:00,2490.179931640625,ETH
2026-09-09 17:42:00+00:00,2490.449951171875,ETH
2026-09-09 17:43:00+00:00,2489.93994140625,ETH
2026-09-09 17:44:00+00:00,2490.830078125,ETH
2026-09-09 17:45:00+00:00,2491.320068359375,ETH
2026-09-09 17:46:00+00:00,2489.14990234375,ETH
2026-09-09 17:47:00+00:00,2490.739990234375,ETH
2026-09-09 17:48:00+00:00,2492.070068359375,ETH
2026-09-09 17:49:00+00:00,2492.47998046875,ETH
2026-09-09 17:50:00+00:00,2491.669921875,ETH
2026-09-09 17:51:00+00:00,2491.409912109375,ETH
2026-09-09 17:52:00+00:00,2492.320068359375,ETH
2026-09-09 17:53:00+00:00,2493.60009765625,ETH
2026-09-09 17:54:00+00:00,2494.219970703125,ETH
2026-09-09 17:55:00+00:00,2494.419921875,ETH
2026-09-09 17:56:00+00:00,2493.969970703125,ETH
2026-09-09 17:57:00+00:00,2494.679931640625,ETH
2026-09-09 17:58:00+00:00,2495.2900390625,ETH
2026-09-09 17:59:00+00:00,2493.25,ETH
2026-09-09 18:00:00+00:00,2493.449951171875,ETH
2026-09-09 18:01:00+00:00,2494.280029296875,ETH
2026-09-09 18:02:00+00:00,2494.080078125,ETH
2026-09-09 18:03:00+00:00,2493.85009765625,ETH
2026-09-09 18:04:00+00:00,2494.010009765625,ETH
2026-09-09 18:05:00+00:00,2494.760009765625,ETH
2026-09-09 18:06:00+00:00,2492.8701171875,ETH
2026-09-09 18:07:00+00:00,2490.760009765625,ETH
2026-09-09 18:08:00+00:00,2490.530029296875,ETH
2026-09-09 18:09:00+00:00,2491.360107421875,ETH
2026-09-09 18:10:00+00:00,2490.820068359375,ETH
2026-09-09 18:11:00+00:00,2489.64990234375,ETH
2026-09-09 18:12:00+00:00,2489.89990234375,ETH
2026-09-09 18:13:00+00:00,2489.320068359375,ETH
2026-09-09 18:14:00+00:00,2489.68994140625,ETH
2026-09-09 18:15:00+00:00,2489.64990234375,ETH
2026-09-09 18:16:00+00:00,2489.64990234375,ETH
2026-09-09 18:17:00+00:00,2490.699951171875,ETH
2026-09-09 18:18:00+00:00,2490.06005859375,ETH
2026-09-09 18:19:00+00:00,2487.909912109375,ETH
2026-09-09 18:20:00+00:00,2489.179931640625,ETH
2026-09-09 18:21:00+00:00,2491.530029296875,ETH
2026-09-09 18:22:00+00:00,2490.0400390625,ETH
2026-09-09 18:23:00+00:00,2488.47998046875,ETH
2026-09-09 18:24:00+00:00,2490.030029296875,ETH
2026-09-09 18:25:00+00:00,2490.25,ETH
2026-09-09 18:26:00+00:00,2490.1201171875,ETH
2026-09-09 18:27:00+00:00,2490.830078125,ETH
2026-09-09 18:28:00+00:00,2490.89990234375,ETH
2026-09-09 18:29:00+00:00,2490.64990234375,ETH
2026-09-09 18:30:00+00:00,2490.510009765625,ETH
2026-09-09 18:31:00+00:00,2490.409912109375,ETH
2026-09-09 18:32:00+00:00,2490.159912109375,ETH
2026-09-09 18:33:00+00:00,2491.27001953125,ETH
2026-09-09 18:34:00+00:00,2489.070068359375,ETH
2026-09-09 18:35:00+00:00,2487.669921875,ETH
2026-09-09 18:36:00+00:00,2488.389892578125,ETH
2026-09-09 18:37:00+00:00,2488.06005859375,ETH
2026-09-09 18:38:00+00:00,2488.75,ETH
2026-09-09 18:39:00+00:00,2487.77001953125,ETH
2026-09-09 18:40:00+00:00,2488.919921875,ETH
2026-09-09 18:41:00+00:00,2487.89990234375,ETH
2026-09-09 18:42:00+00:00,2487.4599609375,ETH
2026-09-09 18:43:00+00:00,2488.219970703125,ETH
2026-09-09 18:44:00+00:00,2488.469970703125,ETH
2026-09-09 18:45:00+00:00,2486.9599609375,ETH
2026-09-09 18:46:00+00:00,2487.760009765625,ETH
2026-09-09 18:47:00+00:00,2487.389892578125,ETH
2026-09-09 18:48:00+00:00,2487.0,ETH
2026-09-09 18:49:00+00:00,2488.050048828125,ETH
2026-09-09 18:50:00+00:00,2487.389892578125,ETH
2026-09-09 18:51:00+00:00,2486.0400390625,ETH
2026-09-09 18:52:00+00:00,2485.010009765625,ETH
2026-09-09 18:53:00+00:00,2485.320068359375,ETH
2026-09-09 18:54:00+00:00,2481.52001953125,ETH
2026-09-09 18:55:00+00:00,2484.35009765625,ETH
2026-09-09 18:56:00+00:00,2482.360107421875,ETH
2026-09-09 18:57:00+00:00,2482.5,ETH
2026-09-09 18:58:00+00:00,2482.070068359375,ETH
2026-09-09 18:59:00+00:00,2480.860107421875,ETH
2026-09-09 19:00:00+00:00,2481.8701171875,ETH
2026-09-09 19:01:00+00:00,2481.820068359375,ETH
2026-09-09 19:02:00+00:00,2480.449951171875,ETH
2026-09-09 19:03:00+00:00,2478.1201171875,ETH
2026-09-09 19:04:00+00:00,2478.860107421875,ETH
2026-09-09 19:05:00+00:00,2478.530029296875,ETH
2026-09-09 19:06:00+00:00,2479.0,ETH
2026-09-09 19:07:00+00:00,2479.27001953125,ETH
2026-09-09 19:08:00+00:00,2478.56005859375,ETH
2026-09-09 19:09:00+00:00,2479.010009765625,ETH
2026-09-09 19:10:00+00:00,2479.699951171875,ETH
2026-09-09 19:11:00+00:00,2480.280029296875,ETH
2026-09-09 19:12:00+00:00,2480.9599609375,ETH
2026-09-09 19:13:00+00:00,2481.580078125,ETH
2026-09-09 19:14:00+00:00,2481.800048828125,ETH
2026-09-09 19:15:00+00:00,2483.320068359375,ETH
2026-09-09 19:16:00+00:00,2482.280029296875,ETH
2026-09-09 19:17:00+00:00,2482.699951171875,ETH
2026-09-09 19:18:00+00:00,2482.909912109375,ETH
2026-09-09 19:19:00+00:00,2483.510009765625,ETH
2026-09-09 19:20:00+00:00,2482.929931640625,ETH
2026-09-09 19:21:00+00:00,2482.889892578125,ETH
2026-09-09 19:22:00+00:00,2483.280029296875,ETH
2026-09-09 19:23:00+00:00,2484.18994140625,ETH
2026-09-09 19:24:00+00:00,2484.25,ETH
2026-09-09 19:25:00+00:00,2484.409912109375,ETH
2026-09-09 19:26:00+00:00,2484.0400390625,ETH
2026-09-09 19:27:00+00:00,2482.570068359375,ETH
2026-09-09 19:28:00+00:00,2482.35009765625,ETH
2026-09-09 19:29:00+00:00,2482.239990234375,ETH
2026-09-09 19:30:00+00:00,2481.719970703125,ETH
2026-09-09 19:31:00+00:00,2480.760009765625,ETH
2026-09-09 19:32:00+00:00,2481.429931640625,ETH
2026-09-09 19:33:00+00:00,2479.570068359375,ETH
2026-09-09 19:34:00+00:00,2480.590087890625,ETH
2026-09-09 19:35:00+00:00,2478.550048828125,ETH
2026-09-09 19:36:00+00:00,2476.27001953125,ETH
2026-09-09 19:37:00+00:00,2474.530029296875,ETH
2026-09-09 19:38:00+00:00,2473.2099609375,ETH
2026-09-09 19:39:00+00:00,2472.449951171875,ETH
2026-09-09 19:40:00+00:00,2474.14990234375,ETH
2026-09-09 19:41:00+00:00,2473.510009765625,ETH
2026-09-09 19:42:00+00:00,2473.429931640625,ETH
2026-09-09 19:43:00+00:00,2473.830078125,ETH
2026-09-09 19:44:00+00:00,2471.320068359375,ETH
2026-09-09 19:45:00+00:00,2471.4599609375,ETH
2026-09-09 19:46:00+00:00,2470.85009765625,ETH
2026-09-09 19:47:00+00:00,2471.050048828125,ETH
2026-09-09 19:48:00+00:00,2470.93994140625,ETH
2026-09-09 19:49:00+00:00,2471.6298828125,ETH
2026-09-09 19:50:00+00:00,2465.389892578125,ETH
2026-09-09 19:51:00+00:00,2468.419921875,ETH
2026-09-09 19:52:00+00:00,2465.0,ETH
2026-09-09 19:53:00+00:00,2462.77001953125,ETH
2026-09-09 19:54:00+00:00,2464.449951171875,ETH
2026-09-09 19:55:00+00:00,2465.030029296875,ETH
2026-09-09 19:56:00+00:00,2464.22998046875,ETH
2026-09-09 19:57:00+00:00,2463.64990234375,ETH
2026-09-09 19:58:00+00:00,2463.89990234375,ETH
2026-09-09 19:59:00+00:00,2464.820068359375,ETH
2026-09-09 20:00:00+00:00,2465.300048828125,ETH
2026-09-09 20:01:00+00:00,2467.840087890625,ETH
2026-09-09 20:02:00+00:00,2467.9599609375,ETH
2026-09-09 20:03:00+00:00,2465.72998046875,ETH
2026-09-09 20:04:00+00:00,2464.89990234375,ETH
2026-09-09 20:05:00+00:00,2466.340087890625,ETH
2026-09-09 20:06:00+00:00,2466.35009765625,ETH
2026-09-09 20:07:00+00:00,2464.610107421875,ETH
2026-09-09 20:08:00+00:00,2465.389892578125,ETH
2026-09-09 20:09:00+00:00,2466.1298828125,ETH
2026-09-09 20:10:00+00:00,2466.1201171875,ETH
2026-09-09 20:11:00+00:00,2467.360107421875,ETH
2026-09-09 20:12:00+00:00,2466.5400390625,ETH
2026-09-09 20:13:00+00:00,2465.39990234375,ETH
2026-09-09 20:14:00+00:00,2466.239990234375,ETH
2026-09-09 20:15:00+00:00,2468.39990234375,ETH
2026-09-09 20:16:00+00:00,2467.489990234375,ETH
2026-09-09 20:17:00+00:00,2470.6298828125,ETH
2026-09-09 20:18:00+00:00,2468.39990234375,ETH
2026-09-09 20:19:00+00:00,2468.080078125,ETH
2026-09-09 20:20:00+00:00,2468.110107421875,ETH
2026-09-09 20:21:00+00:00,2468.10009765625,ETH
2026-09-09 20:22:00+00:00,2467.010009765625,ETH
2026-09-09 20:23:00+00:00,2465.8798828125,ETH
2026-09-09 20:24:00+00:00,2465.669921875,ETH
2026-09-09 20:25:00+00:00,2463.06005859375,ETH
2026-09-09 20:26:00+00:00,2462.780029296875,ETH
2026-09-09 20:27:00+00:00,2465.60009765625,ETH
2026-09-09 20:28:00+00:00,2466.679931640625,ETH
2026-09-09 20:29:00+00:00,2461.080078125,ETH
2026-09-09 20:30:00+00:00,2464.820068359375,ETH
2026-09-09 20:31:00+00:00,2466.489990234375,ETH
2026-09-09 20:32:00+00:00,2468.159912109375,ETH
2026-09-09 20:33:00+00:00,2469.239990234375,ETH
2026-09-09 20:34:00+00:00,2467.43994140625,ETH
2026-09-09 20:35:00+00:00,2470.0,ETH
2026-09-09 20:36:00+00:00,2469.72998046875,ETH
2026-09-09 20:37:00+00:00,2469.6201171875,ETH
2026-09-09 20:38:00+00:00,2470.10009765625,ETH
2026-09-09 20:39:00+00:00,2469.4599609375,ETH
2026-09-09 20:40:00+00:00,2469.52001953125,ETH
2026-09-09 20:41:00+00:00,2469.3701171875,ETH
2026-09-09 20:42:00+00:00,2466.75,ETH
2026-09-09 20:43:00+00:00,2468.0400390625,ETH
2026-09-09 20:44:00+00:00,2468.030029296875,ETH
2026-09-09 20:45:00+00:00,2468.719970703125,ETH
2026-09-09 20:46:00+00:00,2468.260009765625,ETH
2026-09-09 20:47:00+00:00,2467.360107421875,ETH
2026-09-09 20:48:00+00:00,2462.610107421875,ETH
2026-09-09 20:49:00+00:00,2460.780029296875,ETH
2026-09-09 20:50:00+00:00,2464.510009765625,ETH
2026-09-09 20:51:00+00:00,2463.830078125,ETH
2026-09-09 20:52:00+00:00,2466.570068359375,ETH
2026-09-09 20:53:00+00:00,2465.47998046875,ETH
2026-09-09 20:54:00+00:00,2466.56005859375,ETH
2026-09-09 20:55:00+00:00,2467.989990234375,ETH
2026-09-09 20:56:00+00:00,2469.070068359375,ETH
2026-09-09 20:57:00+00:00,2469.679931640625,ETH
2026-09-09 20:58:00+00:00,2470.429931640625,ETH
2026-09-09 20:59:00+00:00,2471.1201171875,ETH
2026-09-09 21:00:00+00:00,2470.530029296875,ETH
2026-09-09 21:01:00+00:00,2469.909912109375,ETH
2026-09-09 21:02:00+00:00,2469.590087890625,ETH
2026-09-09 21:03:00+00:00,2469.050048828125,ETH
2026-09-09 21:04:00+00:00,2470.679931640625,ETH
2026-09-09 21:05:00+00:00,2471.7900390625,ETH
2026-09-09 21:06:00+00:00,2470.830078125,ETH
2026-09-09 21:07:00+00:00,2469.699951171875,ETH
2026-09-09 21:08:00+00:00,2469.14990234375,ETH
2026-09-09 21:09:00+00:00,2468.75,ETH
2026-09-09 21:10:00+00:00,2469.179931640625,ETH
2026-09-09 21:11:00+00:00,2467.64990234375,ETH
2026-09-09 21:12:00+00:00,2468.820068359375,ETH
2026-09-09 21:13:00+00:00,2468.889892578125,ETH
2026-09-09 21:14:00+00:00,2469.050048828125,ETH
2026-09-09 21:15:00+00:00,2469.6201171875,ETH
2026-09-09 21:16:00+00:00,2468.429931640625,ETH
2026-09-09 21:17:00+00:00,2465.639892578125,ETH
2026-09-09 21:18:00+00:00,2464.580078125,ETH
2026-09-09 21:19:00+00:00,2465.0,ETH
2026-09-09 21:20:00+00:00,2463.25,ETH
2026-09-09 21:21:00+00:00,2464.219970703125,ETH
2026-09-09 21:22:00+00:00,2465.739990234375,ETH
2026-09-09 21:23:00+00:00,2467.8798828125,ETH
2026-09-09 21:24:00+00:00,2468.800048828125,ETH
2026-09-09 21:25:00+00:00,2470.22998046875,ETH
2026-09-09 21:26:00+00:00,2470.449951171875,ETH
2026-09-09 21:27:00+00:00,2470.330078125,ETH
2026-09-09 21:28:00+00:00,2469.090087890625,ETH
2026-09-09 21:29:00+00:00,2470.389892578125,ETH
2026-09-09 21:30:00+00:00,2469.169921875,ETH
2026-09-09 21:31:00+00:00,2469.090087890625,ETH
2026-09-09 21:32:00+00:00,2468.6201171875,ETH
2026-09-09 21:33:00+00:00,2467.030029296875,ETH
2026-09-09 21:34:00+00:00,2465.659912109375,ETH
2026-09-09 21:35:00+00:00,2465.010009765625,ETH
2026-09-09 21:36:00+00:00,2464.659912109375,ETH
2026-09-09 21:37:00+00:00,2465.580078125,ETH
2026-09-09 21:38:00+00:00,2465.2900390625,ETH
2026-09-09 21:39:00+00:00,2465.580078125,ETH
2026-09-09 21:40:00+00:00,2465.080078125,ETH
2026-09-09 21:41:00+00:00,2465.820068359375,ETH
2026-09-09 21:42:00+00:00,2466.0400390625,ETH
2026-09-09 21:43:00+00:00,2465.239990234375,ETH
2026-09-09 21:44:00+00:00,2464.469970703125,ETH
2026-09-09 21:45:00+00:00,2463.699951171875,ETH
2026-09-09 21:46:00+00:00,2463.8798828125,ETH
2026-09-09 21:47:00+00:00,2463.010009765625,ETH
2026-09-09 21:48:00+00:00,2458.889892578125,ETH
2026-09-09 21:49:00+00:00,2458.330078125,ETH
2026-09-09 21:50:00+00:00,2456.860107421875,ETH
2026-09-09 21:51:00+00:00,2458.949951171875,ETH
2026-09-09 21:52:00+00:00,2457.68994140625,ETH
2026-09-09 21:53:00+00:00,2459.5,ETH
2026-09-09 21:54:00+00:00,2459.949951171875,ETH
2026-09-09 21:55:00+00:00,2458.989990234375,ETH
2026-09-09 21:56:00+00:00,2459.989990234375,ETH
2026-09-09 21:57:00+00:00,2460.090087890625,ETH
2026-09-09 21:58:00+00:00,2460.2099609375,ETH
2026-09-09 21:59:00+00:00,2461.2099609375,ETH
2026-09-09 22:00:00+00:00,2461.18994140625,ETH
2026-09-09 22:01:00+00:00,2461.800048828125,ETH
2026-09-09 22:02:00+00:00,2458.8798828125,ETH
2026-09-09 22:03:00+00:00,2457.89990234375,ETH
2026-09-09 22:04:00+00:00,2459.2900390625,ETH
2026-09-09 22:05:00+00:00,2455.610107421875,ETH
2026-09-09 22:06:00+00:00,2455.139892578125,ETH
2026-09-09 22:07:00+00:00,2453.5,ETH
2026-09-09 22:08:00+00:00,2446.22998046875,ETH
2026-09-09 22:09:00+00:00,2450.6298828125,ETH
2026-09-09 22:10:00+00:00,2451.860107421875,ETH
2026-09-09 22:11:00+00:00,2453.030029296875,ETH
2026-09-09 22:12:00+00:00,2449.389892578125,ETH
2026-09-09 22:13:00+00:00,2448.919921875,ETH
2026-09-09 22:14:00+00:00,2447.110107421875,ETH
2026-09-09 22:15:00+00:00,2445.280029296875,ETH
2026-09-09 22:16:00+00:00,2447.31005859375,ETH
2026-09-09 22:17:00+00:00,2445.47998046875,ETH
2026-09-09 22:18:00+00:00,2448.85009765625,ETH
2026-09-09 22:19:00+00:00,2450.510009765625,ETH
2026-09-09 22:20:00+00:00,2452.56005859375,ETH
2026-09-09 22:21:00+00:00,2453.10009765625,ETH
2026-09-09 22:22:00+00:00,2452.050048828125,ETH
2026-09-09 22:23:00+00:00,2453.139892578125,ETH
2026-09-09 22:24:00+00:00,2454.85009765625,ETH
2026-09-09 22:25:00+00:00,2453.72998046875,ETH
2026-09-09 22:26:00+00:00,2455.330078125,ETH
2026-09-09 22:27:00+00:00,2454.580078125,ETH
2026-09-09 22:28:00+00:00,2454.6201171875,ETH
2026-09-09 22:29:00+00:00,2454.590087890625,ETH
2026-09-09 22:30:00+00:00,2452.669921875,ETH
2026-09-09 22:31:00+00:00,2452.909912109375,ETH
2026-09-09 22:32:00+00:00,2452.4599609375,ETH
2026-09-09 22:33:00+00:00,2451.4599609375,ETH
2026-09-09 22:34:00+00:00,2453.14990234375,ETH
2026-09-09 22:35:00+00:00,2451.93994140625,ETH
2026-09-09 22:36:00+00:00,2451.889892578125,ETH
2026-09-09 22:37:00+00:00,2454.719970703125,ETH
2026-09-09 22:38:00+00:00,2455.030029296875,ETH
2026-09-09 22:39:00+00:00,2455.2099609375,ETH
2026-09-09 22:40:00+00:00,2456.639892578125,ETH
2026-09-09 22:41:00+00:00,2455.47998046875,ETH
2026-09-09 22:42:00+00:00,2455.5,ETH
2026-09-09 22:43:00+00:00,2455.449951171875,ETH
2026-09-09 22:44:00+00:00,2456.820068359375,ETH
2026-09-09 22:45:00+00:00,2456.159912109375,ETH
2026-09-09 22:46:00+00:00,2454.739990234375,ETH
2026-09-09 22:47:00+00:00,2454.4599609375,ETH
2026-09-09 22:48:00+00:00,2454.780029296875,ETH
2026-09-09 22:49:00+00:00,2452.7099609375,ETH
2026-09-09 22:50:00+00:00,2453.610107421875,ETH
2026-09-09 22:51:00+00:00,2452.97998046875,ETH
2026-09-09 22:52:00+00:00,2452.090087890625,ETH
2026-09-09 22:53:00+00:00,2451.9599609375,ETH
2026-09-09 22:54:00+00:00,2452.080078125,ETH
2026-09-09 22:55:00+00:00,2451.080078125,ETH
2026-09-09 22:56:00+00:00,2450.449951171875,ETH
2026-09-09 22:57:00+00:00,2450.409912109375,ETH
2026-09-09 22:58:00+00:00,2449.320068359375,ETH
2026-09-09 22:59:00+00:00,2449.5,ETH
2026-09-09 23:00:00+00:00,2451.56005859375,ETH
2026-09-09 23:01:00+00:00,2452.64990234375,ETH
2026-09-09 23:02:00+00:00,2454.18994140625,ETH
2026-09-09 23:03:00+00:00,2455.719970703125,ETH
2026-09-09 23:04:00+00:00,2456.85009765625,ETH
2026-09-09 23:05:00+00:00,2457.3798828125,ETH
2026-09-09 23:06:00+00:00,2457.75,ETH
2026-09-09 23:07:00+00:00,2456.169921875,ETH
2026-09-09 23:08:00+00:00,2457.3798828125,ETH
2026-09-09 23:09:00+00:00,2459.050048828125,ETH
2026-09-09 23:10:00+00:00,2458.93994140625,ETH
2026-09-09 23:11:00+00:00,2459.570068359375,ETH
2026-09-09 23:12:00+00:00,2459.56005859375,ETH
2026-09-09 23:13:00+00:00,2459.89990234375,ETH
2026-09-09 23:14:00+00:00,2459.909912109375,ETH
2026-09-09 23:15:00+00:00,2458.7099609375,ETH
2026-09-09 23:16:00+00:00,2458.780029296875,ETH
2026-09-09 23:17:00+00:00,2459.89990234375,ETH
2026-09-09 23:18:00+00:00,2460.64990234375,ETH
2026-09-09 23:19:00+00:00,2461.5400390625,ETH
2026-09-09 23:20:00+00:00,2460.510009765625,ETH
2026-09-09 23:21:00+00:00,2461.070068359375,ETH
2026-09-09 23:22:00+00:00,2459.6298828125,ETH
2026-09-09 23:23:00+00:00,2459.68994140625,ETH
2026-09-09 23:24:00+00:00,2460.080078125,ETH
2026-09-09 23:25:00+00:00,2460.56005859375,ETH
2026-09-09 23:26:00+00:00,2460.6201171875,ETH
2026-09-09 23:27:00+00:00,2460.030029296875,ETH
2026-09-09 23:28:00+00:00,2460.35009765625,ETH
2026-09-09 23:29:00+00:00,2462.10009765625,ETH
2026-09-09 23:30:00+00:00,2461.9599609375,ETH
2026-09-09 23:31:00+00:00,2462.4599609375,ETH
2026-09-09 23:32:00+00:00,2463.06005859375,ETH
2026-09-09 23:33:00+00:00,2463.9599609375,ETH
2026-09-09 23:34:00+00:00,2465.989990234375,ETH
2026-09-09 23:35:00+00:00,2465.06005859375,ETH
2026-09-09 23:36:00+00:00,2465.3798828125,ETH
2026-09-09 23:37:00+00:00,2465.070068359375,ETH
2026-09-09 23:38:00+00:00,2464.85009765625,ETH
2026-09-09 23:39:00+00:00,2466.360107421875,ETH
2026-09-09 23:40:00+00:00,2465.510009765625,ETH
2026-09-09 23:41:00+00:00,2464.35009765625,ETH
2026-09-09 23:42:00+00:00,2464.909912109375,ETH
2026-09-09 23:43:00+00:00,2465.330078125,ETH
2026-09-09 23:44:00+00:00,2465.10009765625,ETH
2026-09-09 23:45:00+00:00,2465.419921875,ETH
2026-09-09 23:46:00+00:00,2465.449951171875,ETH
2026-09-09 23:47:00+00:00,2467.22998046875,ETH
2026-09-09 23:48:00+00:00,2467.469970703125,ETH
2026-09-09 23:49:00+00:00,2467.800048828125,ETH
2026-09-09 23:50:00+00:00,2466.4599609375,ETH
2026-09-09 23:51:00+00:00,2467.360107421875,ETH
2026-09-09 23:52:00+00:00,2467.5,ETH
2026-09-09 23:53:00+00:00,2468.080078125,ETH
2026-09-09 23:54:00+00:00,2467.389892578125,ETH
2026-09-09 23:55:00+00:00,2466.39990234375,ETH
2026-09-09 23:56:00+00:00,2466.760009765625,ETH
2026-09-09 23:57:00+00:00,2467.68994140625,ETH
2026-09-09 23:58:00+00:00,2466.949951171875,ETH
2026-09-10 00:00:00+00:00,2467.97998046875,ETH
2026-09-10 00:01:00+00:00,2468.06005859375,ETH
2026-09-10 00:02:00+00:00,2469.0400390625,ETH
2026-09-10 00:03:00+00:00,2468.85009765625,ETH
2026-09-10 00:04:00+00:00,2469.489990234375,ETH
2026-09-10 00:05:00+00:00,2468.679931640625,ETH
2026-09-10 00:06:00+00:00,2468.72998046875,ETH
2026-09-10 00:07:00+00:00,2468.199951171875,ETH
2026-09-10 00:08:00+00:00,2468.02001953125,ETH
2026-09-10 00:09:00+00:00,2468.169921875,ETH
2026-09-10 00:10:00+00:00,2468.510009765625,ETH
2026-09-10 00:11:00+00:00,2469.429931640625,ETH
2026-09-10 00:12:00+00:00,2467.760009765625,ETH
2026-09-10 00:13:00+00:00,2466.330078125,ETH
2026-09-10 00:14:00+00:00,2467.0400390625,ETH
2026-09-10 00:15:00+00:00,2467.8798828125,ETH
2026-09-10 00:16:00+00:00,2467.14990234375,ETH
2026-09-10 00:17:00+00:00,2467.0,ETH
2026-09-10 00:18:00+00:00,2466.610107421875,ETH
2026-09-10 00:19:00+00:00,2466.0,ETH
2026-09-10 00:20:00+00:00,2464.909912109375,ETH
2026-09-10 00:21:00+00:00,2466.340087890625,ETH
2026-09-10 00:22:00+00:00,2465.699951171875,ETH
2026-09-10 00:23:00+00:00,2468.81005859375,ETH
2026-09-10 00:24:00+00:00,2467.169921875,ETH
2026-09-10 00:25:00+00:00,2466.280029296875,ETH
2026-09-10 00:26:00+00:00,2466.199951171875,ETH
2026-09-10 00:27:00+00:00,2467.800048828125,ETH
2026-09-10 00:28:00+00:00,2469.6201171875,ETH
2026-09-10 00:29:00+00:00,2469.760009765625,ETH
2026-09-10 00:30:00+00:00,2469.320068359375,ETH
2026-09-10 00:31:00+00:00,2467.0400390625,ETH
2026-09-10 00:32:00+00:00,2466.10009765625,ETH
2026-09-10 00:33:00+00:00,2466.64990234375,ETH
2026-09-10 00:34:00+00:00,2467.590087890625,ETH
2026-09-10 00:35:00+00:00,2467.300048828125,ETH
2026-09-10 00:36:00+00:00,2468.72998046875,ETH
2026-09-10 00:37:00+00:00,2467.93994140625,ETH
2026-09-10 00:38:00+00:00,2468.699951171875,ETH
2026-09-10 00:39:00+00:00,2466.739990234375,ETH
2026-09-10 00:40:00+00:00,2465.199951171875,ETH
2026-09-10 00:41:00+00:00,2464.820068359375,ETH
2026-09-10 00:42:00+00:00,2464.06005859375,ETH
2026-09-10 00:43:00+00:00,2463.64990234375,ETH
2026-09-10 00:44:00+00:00,2463.280029296875,ETH
2026-09-10 00:45:00+00:00,2462.3798828125,ETH
2026-09-10 00:46:00+00:00,2465.0400390625,ETH
2026-09-10 00:47:00+00:00,2467.0400390625,ETH
2026-09-10 00:48:00+00:00,2467.06005859375,ETH
2026-09-10 00:49:00+00:00,2465.699951171875,ETH
2026-09-10 00:50:00+00:00,2464.0,ETH
2026-09-10 00:51:00+00:00,2465.919921875,ETH
2026-09-10 00:52:00+00:00,2467.260009765625,ETH
2026-09-10 00:53:00+00:00,2465.679931640625,ETH
2026-09-10 00:54:00+00:00,2464.97998046875,ETH
2026-09-10 00:55:00+00:00,2465.35009765625,ETH
2026-09-10 00:56:00+00:00,2464.449951171875,ETH
2026-09-10 00:57:00+00:00,2463.389892578125,ETH
2026-09-10 00:58:00+00:00,2465.0,ETH
2026-09-10 00:59:00+00:00,2464.22998046875,ETH
2026-09-10 01:00:00+00:00,2465.719970703125,ETH
2026-09-10 01:01:00+00:00,2466.030029296875,ETH
2026-09-10 01:02:00+00:00,2466.22998046875,ETH
2026-09-10 01:03:00+00:00,2468.929931640625,ETH
2026-09-10 01:04:00+00:00,2470.43994140625,ETH
2026-09-10 01:05:00+00:00,2473.56005859375,ETH
2026-09-10 01:06:00+00:00,2472.820068359375,ETH
2026-09-10 01:07:00+00:00,2474.489990234375,ETH
2026-09-10 01:08:00+00:00,2477.919921875,ETH
2026-09-10 01:09:00+00:00,2473.580078125,ETH
2026-09-10 01:10:00+00:00,2473.47998046875,ETH
2026-09-10 01:11:00+00:00,2471.929931640625,ETH
2026-09-10 01:12:00+00:00,2470.3798828125,ETH
2026-09-10 01:13:00+00:00,2468.840087890625,ETH
2026-09-10 01:14:00+00:00,2469.580078125,ETH
2026-09-10 01:15:00+00:00,2468.35009765625,ETH
2026-09-10 01:16:00+00:00,2467.52001953125,ETH
2026-09-10 01:17:00+00:00,2466.360107421875,ETH
2026-09-10 01:18:00+00:00,2464.550048828125,ETH
2026-09-10 01:19:00+00:00,2469.159912109375,ETH
2026-09-10 01:20:00+00:00,2465.14990234375,ETH
2026-09-10 01:21:00+00:00,2464.7099609375,ETH
2026-09-10 01:22:00+00:00,2464.300048828125,ETH
2026-09-10 01:23:00+00:00,2467.8701171875,ETH
2026-09-10 01:24:00+00:00,2467.510009765625,ETH
2026-09-10 01:25:00+00:00,2466.360107421875,ETH
2026-09-10 01:26:00+00:00,2465.6298828125,ETH
2026-09-10 01:27:00+00:00,2465.0,ETH
2026-09-10 01:28:00+00:00,2464.02001953125,ETH
2026-09-10 01:29:00+00:00,2463.4599609375,ETH
2026-09-10 01:30:00+00:00,2465.050048828125,ETH
2026-09-10 01:31:00+00:00,2463.60009765625,ETH
2026-09-10 01:32:00+00:00,2462.2099609375,ETH
2026-09-10 01:33:00+00:00,2459.56005859375,ETH
2026-09-10 01:34:00+00:00,2458.47998046875,ETH
2026-09-10 01:35:00+00:00,2456.8798828125,ETH
2026-09-10 01:36:00+00:00,2458.699951171875,ETH
2026-09-10 01:37:00+00:00,2458.35009765625,ETH
2026-09-10 01:38:00+00:00,2456.14990234375,ETH
2026-09-10 01:39:00+00:00,2455.81005859375,ETH
2026-09-10 01:40:00+00:00,2459.820068359375,ETH
2026-09-10 01:41:00+00:00,2463.949951171875,ETH
2026-09-10 01:42:00+00:00,2462.840087890625,ETH
2026-09-10 01:43:00+00:00,2461.300048828125,ETH
2026-09-10 01:44:00+00:00,2462.010009765625,ETH
2026-09-10 01:45:00+00:00,2461.199951171875,ETH
2026-09-10 01:46:00+00:00,2460.820068359375,ETH
2026-09-10 01:47:00+00:00,2463.340087890625,ETH
2026-09-10 01:48:00+00:00,2462.31005859375,ETH
2026-09-10 01:49:00+00:00,2461.989990234375,ETH
2026-09-10 01:50:00+00:00,2461.429931640625,ETH
2026-09-10 01:51:00+00:00,2460.239990234375,ETH
2026-09-10 01:52:00+00:00,2458.679931640625,ETH
2026-09-10 01:53:00+00:00,2457.43994140625,ETH
2026-09-10 01:54:00+00:00,2458.820068359375,ETH
2026-09-10 01:55:00+00:00,2461.469970703125,ETH
2026-09-10 01:56:00+00:00,2462.010009765625,ETH
2026-09-10 01:57:00+00:00,2462.97998046875,ETH
2026-09-10 01:58:00+00:00,2464.409912109375,ETH
2026-09-10 01:59:00+00:00,2462.919921875,ETH
2026-09-10 02:00:00+00:00,2462.5,ETH
2026-09-10 02:01:00+00:00,2462.340087890625,ETH
2026-09-10 02:02:00+00:00,2461.2900390625,ETH
2026-09-10 02:03:00+00:00,2462.6201171875,ETH
2026-09-10 02:04:00+00:00,2461.02001953125,ETH
2026-09-10 02:05:00+00:00,2462.39990234375,ETH
2026-09-10 02:06:00+00:00,2462.320068359375,ETH
2026-09-10 02:07:00+00:00,2463.340087890625,ETH
2026-09-10 02:08:00+00:00,2460.8701171875,ETH
2026-09-10 02:09:00+00:00,2461.449951171875,ETH
2026-09-10 02:10:00+00:00,2460.85009765625,ETH
2026-09-10 02:11:00+00:00,2462.030029296875,ETH
2026-09-10 02:12:00+00:00,2460.5400390625,ETH
2026-09-10 02:13:00+00:00,2461.93994140625,ETH
2026-09-10 02:14:00+00:00,2462.31005859375,ETH
2026-09-10 02:15:00+00:00,2462.97998046875,ETH
2026-09-10 02:16:00+00:00,2459.93994140625,ETH
2026-09-10 02:17:00+00:00,2460.360107421875,ETH
2026-09-10 02:18:00+00:00,2460.800048828125,ETH
2026-09-10 02:19:00+00:00,2461.659912109375,ETH
2026-09-10 02:20:00+00:00,2461.260009765625,ETH
2026-09-10 02:21:00+00:00,2460.35009765625,ETH
2026-09-10 02:22:00+00:00,2461.280029296875,ETH
2026-09-10 02:23:00+00:00,2460.449951171875,ETH
2026-09-10 02:24:00+00:00,2459.989990234375,ETH
2026-09-10 02:25:00+00:00,2459.820068359375,ETH
2026-09-10 02:26:00+00:00,2459.760009765625,ETH
2026-09-10 02:27:00+00:00,2460.0,ETH
2026-09-10 02:28:00+00:00,2460.320068359375,ETH
2026-09-10 02:29:00+00:00,2460.679931640625,ETH
2026-09-10 02:30:00+00:00,2461.60009765625,ETH
2026-09-10 02:31:00+00:00,2462.47998046875,ETH
2026-09-10 02:32:00+00:00,2464.97998046875,ETH
2026-09-10 02:33:00+00:00,2465.909912109375,ETH
2026-09-10 02:34:00+00:00,2467.3798828125,ETH
2026-09-10 02:35:00+00:00,2467.010009765625,ETH
2026-09-10 02:36:00+00:00,2467.3798828125,ETH
2026-09-10 02:37:00+00:00,2468.77001953125,ETH
2026-09-10 02:38:00+00:00,2470.090087890625,ETH
2026-09-10 02:39:00+00:00,2468.5400390625,ETH
2026-09-10 02:40:00+00:00,2469.25,ETH
2026-09-10 02:41:00+00:00,2469.1298828125,ETH
2026-09-10 02:42:00+00:00,2469.419921875,ETH
2026-09-10 02:43:00+00:00,2470.1201171875,ETH
2026-09-10 02:44:00+00:00,2470.6201171875,ETH
2026-09-10 02:45:00+00:00,2470.419921875,ETH
2026-09-10 02:46:00+00:00,2471.110107421875,ETH
2026-09-10 02:47:00+00:00,2472.31005859375,ETH
2026-09-10 02:48:00+00:00,2472.239990234375,ETH
2026-09-10 02:49:00+00:00,2473.330078125,ETH
2026-09-10 02:50:00+00:00,2471.81005859375,ETH
2026-09-10 02:51:00+00:00,2472.639892578125,ETH
2026-09-10 02:52:00+00:00,2473.2900390625,ETH
2026-09-10 02:53:00+00:00,2473.919921875,ETH
2026-09-10 02:54:00+00:00,2474.300048828125,ETH
2026-09-10 02:55:00+00:00,2475.139892578125,ETH
2026-09-10 02:56:00+00:00,2473.889892578125,ETH
2026-09-10 02:57:00+00:00,2473.6298828125,ETH
2026-09-10 02:58:00+00:00,2473.56005859375,ETH
2026-09-10 02:59:00+00:00,2474.0,ETH
2026-09-10 03:00:00+00:00,2474.52001953125,ETH
2026-09-10 03:01:00+00:00,2475.010009765625,ETH
2026-09-10 03:02:00+00:00,2476.219970703125,ETH
2026-09-10 03:03:00+00:00,2475.780029296875,ETH
2026-09-10 03:04:00+00:00,2477.280029296875,ETH
2026-09-10 03:05:00+00:00,2477.2099609375,ETH
2026-09-10 03:06:00+00:00,2475.260009765625,ETH
2026-09-10 03:07:00+00:00,2475.639892578125,ETH
2026-09-10 03:08:00+00:00,2475.719970703125,ETH
2026-09-10 03:09:00+00:00,2475.47998046875,ETH
2026-09-10 03:10:00+00:00,2475.77001953125,ETH
2026-09-10 03:11:00+00:00,2475.510009765625,ETH
2026-09-10 03:12:00+00:00,2475.320068359375,ETH
2026-09-10 03:13:00+00:00,2475.02001953125,ETH
2026-09-10 03:14:00+00:00,2474.699951171875,ETH
2026-09-10 03:15:00+00:00,2474.449951171875,ETH
2026-09-10 03:16:00+00:00,2474.010009765625,ETH
2026-09-10 03:17:00+00:00,2474.820068359375,ETH
2026-09-10 03:18:00+00:00,2475.43994140625,ETH
2026-09-10 03:19:00+00:00,2474.760009765625,ETH
2026-09-10 03:20:00+00:00,2475.340087890625,ETH
2026-09-10 03:21:00+00:00,2475.43994140625,ETH
2026-09-10 03:22:00+00:00,2475.320068359375,ETH
2026-09-10 03:23:00+00:00,2472.949951171875,ETH
2026-09-10 03:24:00+00:00,2472.389892578125,ETH
2026-09-10 03:25:00+00:00,2472.72998046875,ETH
2026-09-10 03:26:00+00:00,2471.469970703125,ETH
2026-09-10 03:27:00+00:00,2471.550048828125,ETH
2026-09-10 03:28:00+00:00,2474.840087890625,ETH
2026-09-10 03:29:00+00:00,2475.590087890625,ETH
2026-09-10 03:30:00+00:00,2474.8701171875,ETH
2026-09-10 03:31:00+00:00,2474.85009765625,ETH
2026-09-10 03:32:00+00:00,2476.330078125,ETH
2026-09-10 03:33:00+00:00,2477.75,ETH
2026-09-10 03:34:00+00:00,2478.070068359375,ETH
2026-09-10 03:35:00+00:00,2473.1298828125,ETH
2026-09-10 03:36:00+00:00,2473.2099609375,ETH
2026-09-10 03:37:00+00:00,2474.280029296875,ETH
2026-09-10 03:38:00+00:00,2473.5,ETH
2026-09-10 03:39:00+00:00,2473.929931640625,ETH
2026-09-10 03:40:00+00:00,2474.030029296875,ETH
2026-09-10 03:41:00+00:00,2473.8701171875,ETH
2026-09-10 03:42:00+00:00,2475.260009765625,ETH
2026-09-10 03:43:00+00:00,2475.47998046875,ETH
2026-09-10 03:44:00+00:00,2475.489990234375,ETH
2026-09-10 03:45:00+00:00,2475.5400390625,ETH
2026-09-10 03:46:00+00:00,2476.3701171875,ETH
2026-09-10 03:47:00+00:00,2477.340087890625,ETH
2026-09-10 03:48:00+00:00,2477.739990234375,ETH
2026-09-10 03:49:00+00:00,2478.25,ETH
2026-09-10 03:50:00+00:00,2475.050048828125,ETH
2026-09-10 03:51:00+00:00,2474.070068359375,ETH
2026-09-10 03:52:00+00:00,2473.719970703125,ETH
2026-09-10 03:53:00+00:00,2474.1298828125,ETH
2026-09-10 03:54:00+00:00,2474.280029296875,ETH
2026-09-10 03:55:00+00:00,2472.570068359375,ETH
2026-09-10 03:56:00+00:00,2473.0,ETH
2026-09-10 03:57:00+00:00,2472.919921875,ETH
2026-09-10 03:58:00+00:00,2472.47998046875,ETH
2026-09-10 03:59:00+00:00,2474.5,ETH
2026-09-10 04:00:00+00:00,2474.949951171875,ETH
2026-09-10 04:01:00+00:00,2474.969970703125,ETH
2026-09-10 04:02:00+00:00,2474.679931640625,ETH
2026-09-10 04:03:00+00:00,2475.18994140625,ETH
2026-09-10 04:04:00+00:00,2475.679931640625,ETH
2026-09-10 04:05:00+00:00,2477.030029296875,ETH
2026-09-10 04:06:00+00:00,2476.8798828125,ETH
2026-09-10 04:07:00+00:00,2477.22998046875,ETH
2026-09-10 04:08:00+00:00,2476.22998046875,ETH
2026-09-10 04:09:00+00:00,2476.159912109375,ETH
2026-09-10 04:10:00+00:00,2475.219970703125,ETH
2026-09-10 04:11:00+00:00,2474.989990234375,ETH
2026-09-10 04:12:00+00:00,2474.760009765625,ETH
2026-09-10 04:13:00+00:00,2474.47998046875,ETH
2026-09-10 04:14:00+00:00,2474.18994140625,ETH
2026-09-10 04:15:00+00:00,2474.719970703125,ETH
2026-09-10 04:16:00+00:00,2474.6298828125,ETH
2026-09-10 04:17:00+00:00,2474.820068359375,ETH
2026-09-10 04:18:00+00:00,2475.969970703125,ETH
2026-09-10 04:19:00+00:00,2476.830078125,ETH
2026-09-10 04:20:00+00:00,2476.2099609375,ETH
2026-09-10 04:21:00+00:00,2475.989990234375,ETH
2026-09-10 04:22:00+00:00,2475.669921875,ETH
2026-09-10 04:23:00+00:00,2475.6201171875,ETH
2026-09-10 04:24:00+00:00,2475.659912109375,ETH
2026-09-10 04:25:00+00:00,2475.5,ETH
2026-09-10 04:26:00+00:00,2475.25,ETH
2026-09-10 04:27:00+00:00,2475.72998046875,ETH
2026-09-10 04:28:00+00:00,2478.4599609375,ETH
2026-09-10 04:29:00+00:00,2477.179931640625,ETH
2026-09-10 04:30:00+00:00,2477.179931640625,ETH
2026-09-10 04:31:00+00:00,2478.489990234375,ETH
2026-09-10 04:32:00+00:00,2478.949951171875,ETH
2026-09-10 04:33:00+00:00,2479.06005859375,ETH
2026-09-10 04:34:00+00:00,2479.320068359375,ETH
2026-09-10 04:35:00+00:00,2476.860107421875,ETH
2026-09-10 04:36:00+00:00,2476.840087890625,ETH
2026-09-10 04:37:00+00:00,2476.909912109375,ETH
2026-09-10 04:38:00+00:00,2476.669921875,ETH
2026-09-10 04:39:00+00:00,2476.56005859375,ETH
2026-09-10 04:40:00+00:00,2476.6298828125,ETH
2026-09-10 04:41:00+00:00,2477.659912109375,ETH
2026-09-10 04:42:00+00:00,2476.219970703125,ETH
2026-09-10 04:43:00+00:00,2477.080078125,ETH
2026-09-10 04:44:00+00:00,2476.25,ETH
2026-09-10 04:45:00+00:00,2476.47998046875,ETH
2026-09-10 04:46:00+00:00,2478.1201171875,ETH
2026-09-10 04:47:00+00:00,2476.530029296875,ETH
2026-09-10 04:48:00+00:00,2476.360107421875,ETH
2026-09-10 04:49:00+00:00,2476.699951171875,ETH
2026-09-10 04:50:00+00:00,2476.080078125,ETH
2026-09-10 04:51:00+00:00,2476.25,ETH
2026-09-10 04:52:00+00:00,2475.409912109375,ETH
2026-09-10 04:53:00+00:00,2476.72998046875,ETH
2026-09-10 04:54:00+00:00,2476.840087890625,ETH
2026-09-10 04:55:00+00:00,2476.10009765625,ETH
2026-09-10 04:56:00+00:00,2476.989990234375,ETH
2026-09-10 04:57:00+00:00,2478.56005859375,ETH
2026-09-10 04:58:00+00:00,2478.4599609375,ETH
2026-09-10 04:59:00+00:00,2477.489990234375,ETH
2026-09-10 05:00:00+00:00,2478.31005859375,ETH
2026-09-10 05:01:00+00:00,2477.60009765625,ETH
2026-09-10 05:02:00+00:00,2476.3701171875,ETH
2026-09-10 05:03:00+00:00,2475.010009765625,ETH
2026-09-10 05:04:00+00:00,2473.39990234375,ETH
2026-09-10 05:05:00+00:00,2474.169921875,ETH
2026-09-10 05:06:00+00:00,2474.0400390625,ETH
2026-09-10 05:07:00+00:00,2474.199951171875,ETH
2026-09-10 05:08:00+00:00,2474.800048828125,ETH
2026-09-10 05:09:00+00:00,2475.139892578125,ETH
2026-09-10 05:10:00+00:00,2476.570068359375,ETH
2026-09-10 05:11:00+00:00,2477.93994140625,ETH
2026-09-10 05:12:00+00:00,2479.639892578125,ETH
2026-09-10 05:13:00+00:00,2479.699951171875,ETH
2026-09-10 05:14:00+00:00,2481.409912109375,ETH
2026-09-10 05:15:00+00:00,2480.27001953125,ETH
2026-09-10 05:16:00+00:00,2477.419921875,ETH
2026-09-10 05:17:00+00:00,2477.639892578125,ETH
2026-09-10 05:18:00+00:00,2477.889892578125,ETH
2026-09-10 05:19:00+00:00,2477.85009765625,ETH
2026-09-10 05:20:00+00:00,2477.31005859375,ETH
2026-09-10 05:21:00+00:00,2477.389892578125,ETH
2026-09-10 05:22:00+00:00,2477.169921875,ETH
2026-09-10 05:23:00+00:00,2478.02001953125,ETH
2026-09-10 05:24:00+00:00,2477.52001953125,ETH
2026-09-10 05:25:00+00:00,2476.580078125,ETH
2026-09-10 05:26:00+00:00,2476.780029296875,ETH
2026-09-10 05:27:00+00:00,2476.719970703125,ETH
2026-09-10 05:28:00+00:00,2480.590087890625,ETH
2026-09-10 05:29:00+00:00,2479.5,ETH
2026-09-10 05:30:00+00:00,2478.639892578125,ETH
2026-09-10 05:31:00+00:00,2480.610107421875,ETH
2026-09-10 05:32:00+00:00,2480.18994140625,ETH
2026-09-10 05:33:00+00:00,2479.60009765625,ETH
2026-09-10 05:34:00+00:00,2479.3701171875,ETH
2026-09-10 05:35:00+00:00,2480.9599609375,ETH
2026-09-10 05:36:00+00:00,2481.199951171875,ETH
2026-09-10 05:37:00+00:00,2479.659912109375,ETH
2026-09-10 05:38:00+00:00,2479.4599609375,ETH
2026-09-10 05:39:00+00:00,2479.4599609375,ETH
2026-09-10 05:40:00+00:00,2478.6201171875,ETH
2026-09-10 05:41:00+00:00,2478.9599609375,ETH
2026-09-10 05:42:00+00:00,2479.77001953125,ETH
2026-09-10 05:43:00+00:00,2479.5,ETH
2026-09-10 05:44:00+00:00,2479.679931640625,ETH
2026-09-10 05:45:00+00:00,2480.110107421875,ETH
2026-09-10 05:46:00+00:00,2480.1201171875,ETH
2026-09-10 05:47:00+00:00,2479.3701171875,ETH
2026-09-10 05:48:00+00:00,2479.89990234375,ETH
2026-09-10 05:49:00+00:00,2479.669921875,ETH
2026-09-10 05:50:00+00:00,2479.85009765625,ETH
2026-09-10 05:51:00+00:00,2479.68994140625,ETH
2026-09-10 05:52:00+00:00,2480.969970703125,ETH
2026-09-10 05:53:00+00:00,2482.199951171875,ETH
2026-09-10 05:54:00+00:00,2482.77001953125,ETH
2026-09-10 05:55:00+00:00,2481.89990234375,ETH
2026-09-10 05:56:00+00:00,2480.43994140625,ETH
2026-09-10 05:57:00+00:00,2481.06005859375,ETH
2026-09-10 05:58:00+00:00,2482.1298828125,ETH
2026-09-10 05:59:00+00:00,2481.22998046875,ETH
2026-09-10 06:00:00+00:00,2480.64990234375,ETH
2026-09-10 06:01:00+00:00,2481.080078125,ETH
2026-09-10 06:02:00+00:00,2480.0400390625,ETH
2026-09-10 06:03:00+00:00,2480.280029296875,ETH
2026-09-10 06:04:00+00:00,2479.1201171875,ETH
2026-09-10 06:05:00+00:00,2477.820068359375,ETH
2026-09-10 06:06:00+00:00,2478.43994140625,ETH
2026-09-10 06:07:00+00:00,2477.719970703125,ETH
2026-09-10 06:08:00+00:00,2478.570068359375,ETH
2026-09-10 06:09:00+00:00,2477.840087890625,ETH
2026-09-10 06:10:00+00:00,2475.360107421875,ETH
2026-09-10 06:11:00+00:00,2474.8701171875,ETH
2026-09-10 06:12:00+00:00,2475.0,ETH
2026-09-10 06:13:00+00:00,2474.5400390625,ETH
2026-09-10 06:14:00+00:00,2474.669921875,ETH
2026-09-10 06:15:00+00:00,2473.72998046875,ETH
2026-09-10 06:16:00+00:00,2474.179931640625,ETH
2026-09-10 06:17:00+00:00,2472.340087890625,ETH
2026-09-10 06:18:00+00:00,2472.090087890625,ETH
2026-09-10 06:19:00+00:00,2472.97998046875,ETH
2026-09-10 06:20:00+00:00,2472.550048828125,ETH
2026-09-10 06:21:00+00:00,2473.320068359375,ETH
2026-09-10 06:22:00+00:00,2472.75,ETH
2026-09-10 06:23:00+00:00,2471.739990234375,ETH
2026-09-10 06:24:00+00:00,2472.47998046875,ETH
2026-09-10 06:25:00+00:00,2473.449951171875,ETH
2026-09-10 06:26:00+00:00,2472.889892578125,ETH
2026-09-10 06:27:00+00:00,2473.300048828125,ETH
2026-09-10 06:28:00+00:00,2472.81005859375,ETH
2026-09-10 06:29:00+00:00,2472.719970703125,ETH
2026-09-10 06:30:00+00:00,2473.3798828125,ETH
2026-09-10 06:31:00+00:00,2472.219970703125,ETH
2026-09-10 06:32:00+00:00,2471.840087890625,ETH
2026-09-10 06:33:00+00:00,2471.52001953125,ETH
2026-09-10 06:34:00+00:00,2471.449951171875,ETH
2026-09-10 06:35:00+00:00,2472.56005859375,ETH
2026-09-10 06:36:00+00:00,2472.760009765625,ETH
2026-09-10 06:37:00+00:00,2473.179931640625,ETH
2026-09-10 06:38:00+00:00,2473.340087890625,ETH
2026-09-10 06:39:00+00:00,2474.510009765625,ETH
2026-09-10 06:40:00+00:00,2476.10009765625,ETH
2026-09-10 06:41:00+00:00,2475.929931640625,ETH
2026-09-10 06:42:00+00:00,2476.3701171875,ETH
2026-09-10 06:43:00+00:00,2475.010009765625,ETH
2026-09-10 06:44:00+00:00,2474.360107421875,ETH
2026-09-10 06:45:00+00:00,2475.580078125,ETH
2026-09-10 06:46:00+00:00,2477.56005859375,ETH
2026-09-10 06:47:00+00:00,2478.360107421875,ETH
2026-09-10 06:48:00+00:00,2478.9599609375,ETH
2026-09-10 06:49:00+00:00,2480.260009765625,ETH
2026-09-10 06:50:00+00:00,2483.050048828125,ETH
2026-09-10 06:51:00+00:00,2482.929931640625,ETH
2026-09-10 06:52:00+00:00,2481.419921875,ETH
2026-09-10 06:53:00+00:00,2480.97998046875,ETH
2026-09-10 06:54:00+00:00,2479.8701171875,ETH
2026-09-10 06:55:00+00:00,2480.25,ETH
2026-09-10 06:56:00+00:00,2480.02001953125,ETH
2026-09-10 06:57:00+00:00,2480.22998046875,ETH
2026-09-10 06:58:00+00:00,2479.81005859375,ETH
2026-09-10 06:59:00+00:00,2479.60009765625,ETH
2026-09-10 07:00:00+00:00,2478.280029296875,ETH
2026-09-10 07:01:00+00:00,2476.72998046875,ETH
2026-09-10 07:02:00+00:00,2475.919921875,ETH
2026-09-10 07:03:00+00:00,2475.0,ETH
2026-09-10 07:04:00+00:00,2474.050048828125,ETH
2026-09-10 07:05:00+00:00,2473.050048828125,ETH
2026-09-10 07:06:00+00:00,2473.530029296875,ETH
2026-09-10 07:07:00+00:00,2472.56005859375,ETH
2026-09-10 07:08:00+00:00,2472.989990234375,ETH
2026-09-10 07:09:00+00:00,2474.179931640625,ETH
2026-09-10 07:10:00+00:00,2475.360107421875,ETH
2026-09-10 07:11:00+00:00,2474.760009765625,ETH
2026-09-10 07:12:00+00:00,2474.739990234375,ETH
2026-09-10 07:13:00+00:00,2474.199951171875,ETH
2026-09-10 07:14:00+00:00,2474.639892578125,ETH
2026-09-10 07:15:00+00:00,2474.81005859375,ETH
2026-09-10 07:16:00+00:00,2474.340087890625,ETH
2026-09-10 07:17:00+00:00,2474.409912109375,ETH
2026-09-10 07:18:00+00:00,2474.25,ETH
2026-09-10 07:19:00+00:00,2473.360107421875,ETH
2026-09-10 07:20:00+00:00,2472.639892578125,ETH
2026-09-10 07:21:00+00:00,2471.31005859375,ETH
2026-09-10 07:22:00+00:00,2469.85009765625,ETH
2026-09-10 07:23:00+00:00,2470.43994140625,ETH
2026-09-10 07:24:00+00:00,2467.75,ETH
2026-09-10 07:25:00+00:00,2467.1201171875,ETH
2026-09-10 07:26:00+00:00,2468.010009765625,ETH
2026-09-10 07:27:00+00:00,2468.6298828125,ETH
2026-09-10 07:28:00+00:00,2467.699951171875,ETH
2026-09-10 07:29:00+00:00,2467.06005859375,ETH
2026-09-10 07:30:00+00:00,2467.610107421875,ETH
2026-09-10 07:31:00+00:00,2467.25,ETH
2026-09-10 07:32:00+00:00,2465.909912109375,ETH
2026-09-10 07:33:00+00:00,2464.800048828125,ETH
2026-09-10 07:34:00+00:00,2463.969970703125,ETH
2026-09-10 07:35:00+00:00,2465.64990234375,ETH
2026-09-10 07:36:00+00:00,2465.0,ETH
2026-09-10 07:37:00+00:00,2465.669921875,ETH
2026-09-10 07:38:00+00:00,2465.31005859375,ETH
2026-09-10 07:39:00+00:00,2463.909912109375,ETH
2026-09-10 07:40:00+00:00,2464.739990234375,ETH
2026-09-10 07:41:00+00:00,2465.800048828125,ETH
2026-09-10 07:42:00+00:00,2465.919921875,ETH
2026-09-10 07:43:00+00:00,2466.320068359375,ETH
2026-09-10 07:44:00+00:00,2466.659912109375,ETH
2026-09-10 07:45:00+00:00,2468.830078125,ETH
2026-09-10 07:46:00+00:00,2468.93994140625,ETH
2026-09-10 07:47:00+00:00,2469.39990234375,ETH
2026-09-10 07:48:00+00:00,2470.090087890625,ETH
2026-09-10 07:49:00+00:00,2469.409912109375,ETH
2026-09-10 07:50:00+00:00,2471.239990234375,ETH
2026-09-10 07:51:00+00:00,2471.429931640625,ETH
2026-09-10 07:52:00+00:00,2472.47998046875,ETH
2026-09-10 07:53:00+00:00,2471.27001953125,ETH
2026-09-10 07:54:00+00:00,2472.81005859375,ETH
2026-09-10 07:55:00+00:00,2473.0,ETH
2026-09-10 07:56:00+00:00,2471.47998046875,ETH
2026-09-10 07:57:00+00:00,2471.699951171875,ETH
2026-09-10 07:58:00+00:00,2472.1201171875,ETH
2026-09-10 07:59:00+00:00,2472.199951171875,ETH
2026-09-10 08:00:00+00:00,2472.47998046875,ETH
2026-09-10 08:01:00+00:00,2471.080078125,ETH
2026-09-10 08:02:00+00:00,2471.929931640625,ETH
2026-09-10 08:03:00+00:00,2470.780029296875,ETH
2026-09-10 08:04:00+00:00,2470.780029296875,ETH
2026-09-10 08:05:00+00:00,2471.050048828125,ETH
2026-09-10 08:06:00+00:00,2469.56005859375,ETH
2026-09-10 08:07:00+00:00,2472.199951171875,ETH
2026-09-10 08:08:00+00:00,2474.139892578125,ETH
2026-09-10 08:09:00+00:00,2472.699951171875,ETH
2026-09-10 08:10:00+00:00,2472.6298828125,ETH
2026-09-10 08:11:00+00:00,2471.22998046875,ETH
2026-09-10 08:12:00+00:00,2471.360107421875,ETH
2026-09-10 08:13:00+00:00,2469.6201171875,ETH
2026-09-10 08:14:00+00:00,2469.4599609375,ETH
2026-09-10 08:15:00+00:00,2468.6298828125,ETH
2026-09-10 08:16:00+00:00,2470.52001953125,ETH
2026-09-10 08:17:00+00:00,2470.2099609375,ETH
2026-09-10 08:18:00+00:00,2468.840087890625,ETH
2026-09-10 08:19:00+00:00,2470.27001953125,ETH
2026-09-10 08:20:00+00:00,2470.820068359375,ETH
2026-09-10 08:21:00+00:00,2472.280029296875,ETH
2026-09-10 08:22:00+00:00,2472.860107421875,ETH
2026-09-10 08:23:00+00:00,2473.669921875,ETH
2026-09-10 08:24:00+00:00,2473.800048828125,ETH
2026-09-10 08:25:00+00:00,2471.830078125,ETH
2026-09-10 08:26:00+00:00,2473.5,ETH
2026-09-10 08:27:00+00:00,2472.25,ETH
2026-09-10 08:28:00+00:00,2473.9599609375,ETH
2026-09-10 08:29:00+00:00,2473.830078125,ETH
2026-09-10 08:30:00+00:00,2472.550048828125,ETH
2026-09-10 08:31:00+00:00,2472.39990234375,ETH
2026-09-10 08:32:00+00:00,2469.989990234375,ETH
2026-09-10 08:33:00+00:00,2472.320068359375,ETH
2026-09-10 08:34:00+00:00,2471.760009765625,ETH
2026-09-10 08:35:00+00:00,2471.699951171875,ETH
2026-09-10 08:36:00+00:00,2472.5,ETH
2026-09-10 08:37:00+00:00,2472.3701171875,ETH
2026-09-10 08:38:00+00:00,2470.840087890625,ETH
2026-09-10 08:39:00+00:00,2471.139892578125,ETH
2026-09-10 08:40:00+00:00,2471.159912109375,ETH
2026-09-10 08:41:00+00:00,2469.9599609375,ETH
2026-09-10 08:42:00+00:00,2469.590087890625,ETH
2026-09-10 08:43:00+00:00,2469.75,ETH
2026-09-10 08:44:00+00:00,2470.18994140625,ETH
2026-09-10 08:45:00+00:00,2469.7099609375,ETH
2026-09-10 08:46:00+00:00,2470.679931640625,ETH
2026-09-10 08:47:00+00:00,2471.81005859375,ETH
2026-09-10 08:48:00+00:00,2470.93994140625,ETH
2026-09-10 08:49:00+00:00,2470.93994140625,ETH
2026-09-10 08:50:00+00:00,2470.330078125,ETH
2026-09-10 08:51:00+00:00,2471.7099609375,ETH
2026-09-10 08:52:00+00:00,2471.530029296875,ETH
2026-09-10 08:53:00+00:00,2471.419921875,ETH
2026-09-10 08:54:00+00:00,2471.659912109375,ETH
2026-09-10 08:55:00+00:00,2471.260009765625,ETH
2026-09-10 08:56:00+00:00,2470.550048828125,ETH
2026-09-10 08:57:00+00:00,2470.1201171875,ETH
2026-09-10 08:58:00+00:00,2470.56005859375,ETH
2026-09-10 08:59:00+00:00,2470.6201171875,ETH
2026-09-10 09:00:00+00:00,2471.280029296875,ETH
2026-09-10 09:01:00+00:00,2471.580078125,ETH
2026-09-10 09:02:00+00:00,2472.219970703125,ETH
2026-09-10 09:03:00+00:00,2472.800048828125,ETH
2026-09-10 09:04:00+00:00,2472.659912109375,ETH
2026-09-10 09:05:00+00:00,2472.4599609375,ETH
2026-09-10 09:06:00+00:00,2472.889892578125,ETH
2026-09-10 09:07:00+00:00,2473.320068359375,ETH
2026-09-10 09:08:00+00:00,2472.72998046875,ETH
2026-09-10 09:09:00+00:00,2471.89990234375,ETH
2026-09-10 09:10:00+00:00,2472.14990234375,ETH
2026-09-10 09:11:00+00:00,2473.18994140625,ETH
2026-09-10 09:12:00+00:00,2473.530029296875,ETH
2026-09-10 09:13:00+00:00,2472.739990234375,ETH
2026-09-10 09:14:00+00:00,2473.4599609375,ETH
2026-09-10 09:15:00+00:00,2473.669921875,ETH
2026-09-10 09:16:00+00:00,2473.800048828125,ETH
2026-09-10 09:17:00+00:00,2474.25,ETH
2026-09-10 09:18:00+00:00,2475.330078125,ETH
2026-09-10 09:19:00+00:00,2475.419921875,ETH
2026-09-10 09:20:00+00:00,2475.580078125,ETH
2026-09-10 09:21:00+00:00,2475.5,ETH
2026-09-10 09:22:00+00:00,2475.830078125,ETH
2026-09-10 09:23:00+00:00,2476.280029296875,ETH
2026-09-10 09:24:00+00:00,2475.820068359375,ETH
2026-09-10 09:25:00+00:00,2475.43994140625,ETH
2026-09-10 09:26:00+00:00,2475.89990234375,ETH
2026-09-10 09:27:00+00:00,2476.93994140625,ETH
2026-09-10 09:28:00+00:00,2476.72998046875,ETH
2026-09-10 09:29:00+00:00,2476.31005859375,ETH
2026-09-10 09:30:00+00:00,2474.43994140625,ETH
2026-09-10 09:31:00+00:00,2472.909912109375,ETH
2026-09-10 09:32:00+00:00,2472.909912109375,ETH
2026-09-10 09:33:00+00:00,2472.010009765625,ETH
2026-09-10 09:34:00+00:00,2473.139892578125,ETH
2026-09-10 09:35:00+00:00,2471.169921875,ETH
2026-09-10 09:36:00+00:00,2471.139892578125,ETH
2026-09-10 09:37:00+00:00,2470.530029296875,ETH
2026-09-10 09:38:00+00:00,2465.31005859375,ETH
2026-09-10 09:39:00+00:00,2466.389892578125,ETH
2026-09-10 09:40:00+00:00,2465.580078125,ETH
2026-09-10 09:41:00+00:00,2465.22998046875,ETH
2026-09-10 09:42:00+00:00,2464.800048828125,ETH
2026-09-10 09:43:00+00:00,2467.260009765625,ETH
2026-09-10 09:44:00+00:00,2467.010009765625,ETH
2026-09-10 09:45:00+00:00,2466.909912109375,ETH
2026-09-10 09:46:00+00:00,2468.4599609375,ETH
2026-09-10 09:47:00+00:00,2468.06005859375,ETH
2026-09-10 09:48:00+00:00,2467.739990234375,ETH
2026-09-10 09:49:00+00:00,2468.75,ETH
2026-09-10 09:50:00+00:00,2468.409912109375,ETH
2026-09-10 09:51:00+00:00,2467.820068359375,ETH
2026-09-10 09:52:00+00:00,2469.340087890625,ETH
2026-09-10 09:53:00+00:00,2470.360107421875,ETH
2026-09-10 09:54:00+00:00,2470.320068359375,ETH
2026-09-10 09:55:00+00:00,2468.889892578125,ETH
2026-09-10 09:56:00+00:00,2469.510009765625,ETH
2026-09-10 09:57:00+00:00,2466.030029296875,ETH
2026-09-10 09:58:00+00:00,2466.81005859375,ETH
2026-09-10 09:59:00+00:00,2467.800048828125,ETH
2026-09-10 10:00:00+00:00,2466.8798828125,ETH
2026-09-10 10:01:00+00:00,2467.18994140625,ETH
2026-09-10 10:02:00+00:00,2469.77001953125,ETH
2026-09-10 10:03:00+00:00,2470.47998046875,ETH
2026-09-10 10:04:00+00:00,2469.3701171875,ETH
2026-09-10 10:05:00+00:00,2469.25,ETH
2026-09-10 10:06:00+00:00,2470.2099609375,ETH
2026-09-10 10:07:00+00:00,2468.409912109375,ETH
2026-09-10 10:08:00+00:00,2468.260009765625,ETH
2026-09-10 10:09:00+00:00,2467.110107421875,ETH
2026-09-10 10:10:00+00:00,2468.139892578125,ETH
2026-09-10 10:11:00+00:00,2468.93994140625,ETH
2026-09-10 10:12:00+00:00,2468.050048828125,ETH
2026-09-10 10:13:00+00:00,2467.7900390625,ETH
2026-09-10 10:14:00+00:00,2469.300048828125,ETH
2026-09-10 10:15:00+00:00,2470.050048828125,ETH
2026-09-10 10:16:00+00:00,2469.10009765625,ETH
2026-09-10 10:17:00+00:00,2468.110107421875,ETH
2026-09-10 10:18:00+00:00,2467.800048828125,ETH
2026-09-10 10:19:00+00:00,2468.669921875,ETH
2026-09-10 10:20:00+00:00,2468.81005859375,ETH
2026-09-10 10:21:00+00:00,2469.89990234375,ETH
2026-09-10 10:22:00+00:00,2469.22998046875,ETH
2026-09-10 10:23:00+00:00,2467.889892578125,ETH
2026-09-10 10:24:00+00:00,2466.52001953125,ETH
2026-09-10 10:25:00+00:00,2467.199951171875,ETH
2026-09-10 10:26:00+00:00,2466.610107421875,ETH
2026-09-10 10:27:00+00:00,2466.60009765625,ETH
2026-09-10 10:28:00+00:00,2467.219970703125,ETH
2026-09-10 10:29:00+00:00,2467.3701171875,ETH
2026-09-10 10:30:00+00:00,2465.739990234375,ETH
2026-09-10 10:31:00+00:00,2465.39990234375,ETH
2026-09-10 10:32:00+00:00,2465.389892578125,ETH
2026-09-10 10:33:00+00:00,2463.389892578125,ETH
2026-09-10 10:34:00+00:00,2464.909912109375,ETH
2026-09-10 10:35:00+00:00,2465.840087890625,ETH
2026-09-10 10:36:00+00:00,2466.89990234375,ETH
2026-09-10 10:37:00+00:00,2468.699951171875,ETH
2026-09-10 10:38:00+00:00,2468.919921875,ETH
2026-09-10 10:39:00+00:00,2469.1201171875,ETH
2026-09-10 10:40:00+00:00,2469.60009765625,ETH
2026-09-10 10:41:00+00:00,2469.580078125,ETH
2026-09-10 10:42:00+00:00,2469.22998046875,ETH
2026-09-10 10:43:00+00:00,2468.27001953125,ETH
2026-09-10 10:44:00+00:00,2467.389892578125,ETH
2026-09-10 10:45:00+00:00,2467.1201171875,ETH
2026-09-10 10:46:00+00:00,2467.5,ETH
2026-09-10 10:47:00+00:00,2468.0400390625,ETH
2026-09-10 10:48:00+00:00,2468.159912109375,ETH
2026-09-10 10:49:00+00:00,2468.300048828125,ETH
2026-09-10 10:50:00+00:00,2467.77001953125,ETH
2026-09-10 10:51:00+00:00,2466.760009765625,ETH
2026-09-10 10:52:00+00:00,2465.580078125,ETH
2026-09-10 10:53:00+00:00,2465.27001953125,ETH
2026-09-10 10:54:00+00:00,2464.8798828125,ETH
2026-09-10 10:55:00+00:00,2464.679931640625,ETH
2026-09-10 10:56:00+00:00,2468.2099609375,ETH
2026-09-10 10:57:00+00:00,2466.080078125,ETH
2026-09-10 10:58:00+00:00,2464.360107421875,ETH
2026-09-10 10:59:00+00:00,2463.39990234375,ETH
2026-09-10 11:00:00+00:00,2462.89990234375,ETH
2026-09-10 11:01:00+00:00,2462.419921875,ETH
2026-09-10 11:02:00+00:00,2461.0400390625,ETH
2026-09-10 11:03:00+00:00,2461.81005859375,ETH
2026-09-10 11:04:00+00:00,2459.10009765625,ETH
2026-09-10 11:05:00+00:00,2459.340087890625,ETH
2026-09-10 11:06:00+00:00,2459.159912109375,ETH
2026-09-10 11:07:00+00:00,2460.02001953125,ETH
2026-09-10 11:08:00+00:00,2460.02001953125,ETH
2026-09-10 11:09:00+00:00,2460.0,ETH
2026-09-10 11:10:00+00:00,2460.6201171875,ETH
2026-09-10 11:11:00+00:00,2459.6201171875,ETH
2026-09-10 11:12:00+00:00,2459.39990234375,ETH
2026-09-10 11:13:00+00:00,2460.300048828125,ETH
2026-09-10 11:14:00+00:00,2460.97998046875,ETH
2026-09-10 11:15:00+00:00,2465.179931640625,ETH
2026-09-10 11:16:00+00:00,2464.4599609375,ETH
2026-09-10 11:17:00+00:00,2464.6201171875,ETH
2026-09-10 11:18:00+00:00,2464.7900390625,ETH
2026-09-10 11:19:00+00:00,2464.889892578125,ETH
2026-09-10 11:20:00+00:00,2466.239990234375,ETH
2026-09-10 11:21:00+00:00,2465.699951171875,ETH
2026-09-10 11:22:00+00:00,2465.6201171875,ETH
2026-09-10 11:23:00+00:00,2466.2099609375,ETH
2026-09-10 11:24:00+00:00,2467.06005859375,ETH
2026-09-10 11:25:00+00:00,2466.64990234375,ETH
2026-09-10 11:26:00+00:00,2465.580078125,ETH
2026-09-10 11:27:00+00:00,2466.02001953125,ETH
2026-09-10 11:28:00+00:00,2466.820068359375,ETH
2026-09-10 11:29:00+00:00,2466.580078125,ETH
2026-09-10 11:30:00+00:00,2467.179931640625,ETH
2026-09-10 11:31:00+00:00,2467.39990234375,ETH
2026-09-10 11:32:00+00:00,2468.300048828125,ETH
2026-09-10 11:33:00+00:00,2467.820068359375,ETH
2026-09-10 11:34:00+00:00,2467.840087890625,ETH
2026-09-10 11:35:00+00:00,2468.070068359375,ETH
2026-09-10 11:36:00+00:00,2467.820068359375,ETH
2026-09-10 11:37:00+00:00,2467.300048828125,ETH
2026-09-10 11:38:00+00:00,2468.699951171875,ETH
2026-09-10 11:39:00+00:00,2468.860107421875,ETH
2026-09-10 11:40:00+00:00,2468.179931640625,ETH
2026-09-10 11:41:00+00:00,2468.669921875,ETH
2026-09-10 11:42:00+00:00,2468.7099609375,ETH
2026-09-10 11:43:00+00:00,2466.5,ETH
2026-09-10 11:44:00+00:00,2466.780029296875,ETH
2026-09-10 11:45:00+00:00,2466.800048828125,ETH
2026-09-10 11:46:00+00:00,2465.75,ETH
2026-09-10 11:47:00+00:00,2462.889892578125,ETH
2026-09-10 11:48:00+00:00,2464.360107421875,ETH
2026-09-10 11:49:00+00:00,2465.699951171875,ETH
2026-09-10 11:50:00+00:00,2463.330078125,ETH
2026-09-10 11:51:00+00:00,2463.179931640625,ETH
2026-09-10 11:52:00+00:00,2462.719970703125,ETH
2026-09-10 11:53:00+00:00,2465.89990234375,ETH
2026-09-10 11:54:00+00:00,2463.429931640625,ETH
2026-09-10 11:55:00+00:00,2461.320068359375,ETH
2026-09-10 11:56:00+00:00,2460.830078125,ETH
2026-09-10 11:57:00+00:00,2461.3798828125,ETH
2026-09-10 11:58:00+00:00,2463.139892578125,ETH
2026-09-10 11:59:00+00:00,2461.5,ETH
2026-09-10 12:00:00+00:00,2461.860107421875,ETH
2026-09-10 12:01:00+00:00,2461.340087890625,ETH
2026-09-10 12:02:00+00:00,2461.010009765625,ETH
2026-09-10 12:03:00+00:00,2458.699951171875,ETH
2026-09-10 12:04:00+00:00,2458.550048828125,ETH
2026-09-10 12:05:00+00:00,2459.43994140625,ETH
2026-09-10 12:06:00+00:00,2457.679931640625,ETH
2026-09-10 12:07:00+00:00,2457.840087890625,ETH
2026-09-10 12:08:00+00:00,2456.909912109375,ETH
2026-09-10 12:09:00+00:00,2455.800048828125,ETH
2026-09-10 12:10:00+00:00,2456.219970703125,ETH
2026-09-10 12:11:00+00:00,2456.780029296875,ETH
2026-09-10 12:12:00+00:00,2456.860107421875,ETH
2026-09-10 12:13:00+00:00,2459.590087890625,ETH
2026-09-10 12:14:00+00:00,2459.659912109375,ETH
2026-09-10 12:15:00+00:00,2458.0400390625,ETH
2026-09-10 12:16:00+00:00,2457.260009765625,ETH
2026-09-10 12:17:00+00:00,2457.090087890625,ETH
2026-09-10 12:18:00+00:00,2457.820068359375,ETH
2026-09-10 12:19:00+00:00,2456.0,ETH
2026-09-10 12:20:00+00:00,2455.77001953125,ETH
2026-09-10 12:21:00+00:00,2455.320068359375,ETH
2026-09-10 12:22:00+00:00,2456.93994140625,ETH
2026-09-10 12:23:00+00:00,2457.3701171875,ETH
2026-09-10 12:24:00+00:00,2456.60009765625,ETH
2026-09-10 12:25:00+00:00,2457.330078125,ETH
2026-09-10 12:26:00+00:00,2456.699951171875,ETH
2026-09-10 12:27:00+00:00,2456.159912109375,ETH
2026-09-10 12:28:00+00:00,2456.550048828125,ETH
2026-09-10 12:29:00+00:00,2457.550048828125,ETH
2026-09-10 12:30:00+00:00,2456.47998046875,ETH
2026-09-10 12:31:00+00:00,2449.719970703125,ETH
2026-09-10 12:32:00+00:00,2448.64990234375,ETH
2026-09-10 12:33:00+00:00,2447.780029296875,ETH
2026-09-10 12:34:00+00:00,2441.39990234375,ETH
2026-09-10 12:35:00+00:00,2443.610107421875,ETH
2026-09-10 12:36:00+00:00,2440.909912109375,ETH
2026-09-10 12:37:00+00:00,2438.419921875,ETH
2026-09-10 12:38:00+00:00,2431.89990234375,ETH
2026-09-10 12:39:00+00:00,2434.800048828125,ETH
2026-09-10 12:40:00+00:00,2432.56005859375,ETH
2026-09-10 12:41:00+00:00,2434.679931640625,ETH
2026-09-10 12:42:00+00:00,2436.669921875,ETH
2026-09-10 12:43:00+00:00,2434.7099609375,ETH
2026-09-10 12:44:00+00:00,2436.47998046875,ETH
2026-09-10 12:45:00+00:00,2433.18994140625,ETH
2026-09-10 12:46:00+00:00,2425.800048828125,ETH
2026-09-10 12:47:00+00:00,2422.219970703125,ETH
2026-09-10 12:48:00+00:00,2424.639892578125,ETH
2026-09-10 12:49:00+00:00,2426.18994140625,ETH
2026-09-10 12:50:00+00:00,2430.0,ETH
2026-09-10 12:51:00+00:00,2424.8701171875,ETH
2026-09-10 12:52:00+00:00,2423.639892578125,ETH
2026-09-10 12:53:00+00:00,2420.110107421875,ETH
2026-09-10 12:54:00+00:00,2419.72998046875,ETH
2026-09-10 12:55:00+00:00,2414.5400390625,ETH
2026-09-10 12:56:00+00:00,2414.239990234375,ETH
2026-09-10 12:57:00+00:00,2417.080078125,ETH
2026-09-10 12:58:00+00:00,2411.679931640625,ETH
2026-09-10 12:59:00+00:00,2413.469970703125,ETH
2026-09-10 13:00:00+00:00,2417.1298828125,ETH
2026-09-10 13:01:00+00:00,2418.280029296875,ETH
2026-09-10 13:02:00+00:00,2422.93994140625,ETH
2026-09-10 13:03:00+00:00,2420.199951171875,ETH
2026-09-10 13:04:00+00:00,2419.919921875,ETH
2026-09-10 13:05:00+00:00,2419.3798828125,ETH
2026-09-10 13:06:00+00:00,2421.0,ETH
2026-09-10 13:07:00+00:00,2418.929931640625,ETH
2026-09-10 13:08:00+00:00,2417.580078125,ETH
2026-09-10 13:09:00+00:00,2418.6201171875,ETH
2026-09-10 13:10:00+00:00,2417.6298828125,ETH
2026-09-10 13:11:00+00:00,2418.780029296875,ETH
2026-09-10 13:12:00+00:00,2410.580078125,ETH
2026-09-10 13:13:00+00:00,2408.610107421875,ETH
2026-09-10 13:14:00+00:00,2410.050048828125,ETH
2026-09-10 13:15:00+00:00,2412.199951171875,ETH
2026-09-10 13:16:00+00:00,2415.5,ETH
2026-09-10 13:17:00+00:00,2413.989990234375,ETH
2026-09-10 13:18:00+00:00,2410.18994140625,ETH
2026-09-10 13:19:00+00:00,2410.320068359375,ETH
2026-09-10 13:20:00+00:00,2413.52001953125,ETH
2026-09-10 13:21:00+00:00,2415.699951171875,ETH
2026-09-10 13:22:00+00:00,2416.929931640625,ETH
2026-09-10 13:23:00+00:00,2417.820068359375,ETH
2026-09-10 13:24:00+00:00,2418.2900390625,ETH
2026-09-10 13:25:00+00:00,2417.260009765625,ETH
2026-09-10 13:26:00+00:00,2417.72998046875,ETH
2026-09-10 13:27:00+00:00,2418.60009765625,ETH
2026-09-10 13:28:00+00:00,2420.239990234375,ETH
2026-09-10 13:29:00+00:00,2419.179931640625,ETH
2026-09-10 13:30:00+00:00,2418.56005859375,ETH
2026-09-10 13:31:00+00:00,2418.39990234375,ETH
2026-09-10 13:32:00+00:00,2420.669921875,ETH
2026-09-10 13:33:00+00:00,2420.56005859375,ETH
2026-09-10 13:34:00+00:00,2421.449951171875,ETH
2026-09-10 13:35:00+00:00,2420.110107421875,ETH
2026-09-10 13:36:00+00:00,2426.830078125,ETH
2026-09-10 13:37:00+00:00,2425.590087890625,ETH
2026-09-10 13:38:00+00:00,2426.2099609375,ETH
2026-09-10 13:39:00+00:00,2427.820068359375,ETH
2026-09-10 13:40:00+00:00,2426.77001953125,ETH
2026-09-10 13:41:00+00:00,2426.409912109375,ETH
2026-09-10 13:42:00+00:00,2426.27001953125,ETH
2026-09-10 13:43:00+00:00,2427.60009765625,ETH
2026-09-10 13:44:00+00:00,2424.60009765625,ETH
2026-09-10 13:45:00+00:00,2425.56005859375,ETH
2026-09-10 13:46:00+00:00,2428.169921875,ETH
2026-09-10 13:47:00+00:00,2429.419921875,ETH
2026-09-10 13:48:00+00:00,2428.840087890625,ETH
2026-09-10 13:49:00+00:00,2429.27001953125,ETH
2026-09-10 13:50:00+00:00,2426.1201171875,ETH
2026-09-10 13:51:00+00:00,2427.18994140625,ETH
2026-09-10 13:52:00+00:00,2433.489990234375,ETH
2026-09-10 13:53:00+00:00,2433.050048828125,ETH
2026-09-10 13:54:00+00:00,2431.820068359375,ETH
2026-09-10 13:55:00+00:00,2432.919921875,ETH
2026-09-10 13:56:00+00:00,2433.659912109375,ETH
2026-09-10 13:57:00+00:00,2435.35009765625,ETH
2026-09-10 13:58:00+00:00,2436.0,ETH
2026-09-10 13:59:00+00:00,2434.52001953125,ETH
2026-09-10 14:00:00+00:00,2436.8701171875,ETH
2026-09-10 14:01:00+00:00,2439.02001953125,ETH
2026-09-10 14:02:00+00:00,2437.47998046875,ETH
2026-09-10 14:03:00+00:00,2437.070068359375,ETH
2026-09-10 14:04:00+00:00,2437.52001953125,ETH
2026-09-10 14:05:00+00:00,2432.550048828125,ETH
2026-09-10 14:06:00+00:00,2433.780029296875,ETH
2026-09-10 14:07:00+00:00,2431.550048828125,ETH
2026-09-10 14:08:00+00:00,2431.2099609375,ETH
2026-09-10 14:09:00+00:00,2432.52001953125,ETH
2026-09-10 14:10:00+00:00,2430.280029296875,ETH
2026-09-10 14:11:00+00:00,2432.35009765625,ETH
2026-09-10 14:12:00+00:00,2433.14990234375,ETH
2026-09-10 14:13:00+00:00,2433.0,ETH
2026-09-10 14:14:00+00:00,2431.389892578125,ETH
2026-09-10 14:15:00+00:00,2429.97998046875,ETH
2026-09-10 14:16:00+00:00,2429.93994140625,ETH
2026-09-10 14:17:00+00:00,2429.280029296875,ETH
2026-09-10 14:18:00+00:00,2428.47998046875,ETH
2026-09-10 14:19:00+00:00,2430.840087890625,ETH
2026-09-10 14:20:00+00:00,2432.889892578125,ETH
2026-09-10 14:21:00+00:00,2433.510009765625,ETH
2026-09-10 14:22:00+00:00,2435.97998046875,ETH
2026-09-10 14:23:00+00:00,2437.39990234375,ETH
2026-09-10 14:24:00+00:00,2439.530029296875,ETH
2026-09-10 14:25:00+00:00,2441.719970703125,ETH
2026-09-10 14:26:00+00:00,2439.719970703125,ETH
2026-09-10 14:27:00+00:00,2439.89990234375,ETH
2026-09-10 14:28:00+00:00,2442.169921875,ETH
2026-09-10 14:29:00+00:00,2438.81005859375,ETH
2026-09-10 14:30:00+00:00,2439.320068359375,ETH
2026-09-10 14:31:00+00:00,2439.0400390625,ETH
2026-09-10 14:32:00+00:00,2439.77001953125,ETH
2026-09-10 14:33:00+00:00,2440.590087890625,ETH
2026-09-10 14:34:00+00:00,2439.820068359375,ETH
2026-09-10 14:35:00+00:00,2441.429931640625,ETH
2026-09-10 14:36:00+00:00,2441.3798828125,ETH
2026-09-10 14:37:00+00:00,2441.280029296875,ETH
2026-09-10 14:38:00+00:00,2439.330078125,ETH
2026-09-10 14:39:00+00:00,2439.3798828125,ETH
2026-09-10 14:40:00+00:00,2440.419921875,ETH
2026-09-10 14:41:00+00:00,2440.93994140625,ETH
2026-09-10 14:42:00+00:00,2439.60009765625,ETH
2026-09-10 14:43:00+00:00,2439.4599609375,ETH
2026-09-10 14:44:00+00:00,2439.389892578125,ETH
2026-09-10 14:45:00+00:00,2441.52001953125,ETH
2026-09-10 14:46:00+00:00,2442.860107421875,ETH
2026-09-10 14:47:00+00:00,2440.1298828125,ETH
2026-09-10 14:48:00+00:00,2438.919921875,ETH
2026-09-10 14:49:00+00:00,2438.2099609375,ETH
2026-09-10 14:50:00+00:00,2437.3701171875,ETH
2026-09-10 14:51:00+00:00,2437.199951171875,ETH
2026-09-10 14:52:00+00:00,2439.679931640625,ETH
2026-09-10 14:53:00+00:00,2441.0400390625,ETH
2026-09-10 14:54:00+00:00,2442.030029296875,ETH
2026-09-10 14:55:00+00:00,2442.18994140625,ETH
2026-09-10 14:56:00+00:00,2443.3798828125,ETH
2026-09-10 14:57:00+00:00,2442.7099609375,ETH
2026-09-10 14:58:00+00:00,2442.56005859375,ETH
2026-09-10 14:59:00+00:00,2443.22998046875,ETH
2026-09-10 15:00:00+00:00,2439.760009765625,ETH
2026-09-10 15:01:00+00:00,2438.550048828125,ETH
2026-09-10 15:02:00+00:00,2438.39990234375,ETH
2026-09-10 15:03:00+00:00,2440.760009765625,ETH
2026-09-10 15:04:00+00:00,2439.780029296875,ETH
2026-09-10 15:05:00+00:00,2441.550048828125,ETH
2026-09-10 15:06:00+00:00,2440.25,ETH
2026-09-10 15:07:00+00:00,2441.260009765625,ETH
2026-09-10 15:08:00+00:00,2441.64990234375,ETH
2026-09-10 15:09:00+00:00,2441.39990234375,ETH
2026-09-10 15:10:00+00:00,2443.68994140625,ETH
2026-09-10 15:11:00+00:00,2441.860107421875,ETH
2026-09-10 15:12:00+00:00,2441.2099609375,ETH
2026-09-10 15:13:00+00:00,2442.239990234375,ETH
2026-09-10 15:14:00+00:00,2441.159912109375,ETH
2026-09-10 15:15:00+00:00,2441.9599609375,ETH
2026-09-10 15:16:00+00:00,2440.280029296875,ETH
2026-09-10 15:17:00+00:00,2438.81005859375,ETH
2026-09-10 15:18:00+00:00,2437.969970703125,ETH
2026-09-10 15:19:00+00:00,2438.389892578125,ETH
2026-09-10 15:20:00+00:00,2437.139892578125,ETH
2026-09-10 15:21:00+00:00,2437.199951171875,ETH
2026-09-10 15:22:00+00:00,2436.929931640625,ETH
2026-09-10 15:23:00+00:00,2434.77001953125,ETH
2026-09-10 15:24:00+00:00,2435.610107421875,ETH
2026-09-10 15:25:00+00:00,2433.919921875,ETH
2026-09-10 15:26:00+00:00,2433.010009765625,ETH
2026-09-10 15:27:00+00:00,2434.409912109375,ETH
2026-09-10 15:28:00+00:00,2434.97998046875,ETH
2026-09-10 15:29:00+00:00,2434.3701171875,ETH
2026-09-10 15:30:00+00:00,2435.679931640625,ETH
2026-09-10 15:31:00+00:00,2435.8798828125,ETH
2026-09-10 15:32:00+00:00,2435.510009765625,ETH
2026-09-10 15:33:00+00:00,2438.429931640625,ETH
2026-09-10 15:34:00+00:00,2437.10009765625,ETH
2026-09-10 15:35:00+00:00,2437.2099609375,ETH
2026-09-10 15:36:00+00:00,2441.72998046875,ETH
2026-09-10 15:37:00+00:00,2442.489990234375,ETH
2026-09-10 15:38:00+00:00,2442.5400390625,ETH
2026-09-10 15:39:00+00:00,2440.6298828125,ETH
2026-09-10 15:40:00+00:00,2438.1298828125,ETH
2026-09-10 15:41:00+00:00,2437.929931640625,ETH
2026-09-10 15:42:00+00:00,2438.469970703125,ETH
2026-09-10 15:43:00+00:00,2438.179931640625,ETH
2026-09-10 15:44:00+00:00,2437.39990234375,ETH
2026-09-10 15:45:00+00:00,2438.409912109375,ETH
2026-09-10 15:46:00+00:00,2435.590087890625,ETH
2026-09-10 15:47:00+00:00,2435.10009765625,ETH
2026-09-10 15:48:00+00:00,2435.39990234375,ETH
2026-09-10 15:49:00+00:00,2437.260009765625,ETH
2026-09-10 15:50:00+00:00,2436.64990234375,ETH
2026-09-10 15:51:00+00:00,2436.030029296875,ETH
2026-09-10 15:52:00+00:00,2437.5,ETH
2026-09-10 15:53:00+00:00,2436.669921875,ETH
2026-09-10 15:54:00+00:00,2436.139892578125,ETH
2026-09-10 15:55:00+00:00,2436.56005859375,ETH
2026-09-10 15:56:00+00:00,2438.260009765625,ETH
2026-09-10 15:57:00+00:00,2438.5400390625,ETH
2026-09-10 15:58:00+00:00,2439.669921875,ETH
2026-09-10 15:59:00+00:00,2440.43994140625,ETH
2026-09-10 16:00:00+00:00,2441.43994140625,ETH
2026-09-10 16:01:00+00:00,2442.610107421875,ETH
2026-09-10 16:02:00+00:00,2439.469970703125,ETH
2026-09-10 16:03:00+00:00,2438.860107421875,ETH
2026-09-10 16:04:00+00:00,2438.800048828125,ETH
2026-09-10 16:05:00+00:00,2439.360107421875,ETH
2026-09-10 16:06:00+00:00,2439.080078125,ETH
2026-09-10 16:07:00+00:00,2437.419921875,ETH
2026-09-10 16:08:00+00:00,2435.580078125,ETH
2026-09-10 16:09:00+00:00,2434.219970703125,ETH
2026-09-10 16:10:00+00:00,2435.699951171875,ETH
2026-09-10 16:11:00+00:00,2434.47998046875,ETH
2026-09-10 16:12:00+00:00,2439.570068359375,ETH
2026-09-10 16:13:00+00:00,2438.10009765625,ETH
2026-09-10 16:14:00+00:00,2436.679931640625,ETH
2026-09-10 16:15:00+00:00,2436.719970703125,ETH
2026-09-10 16:16:00+00:00,2436.0,ETH
2026-09-10 16:17:00+00:00,2435.530029296875,ETH
2026-09-10 16:18:00+00:00,2432.320068359375,ETH
2026-09-10 16:19:00+00:00,2434.1298828125,ETH
2026-09-10 16:20:00+00:00,2440.050048828125,ETH
2026-09-10 16:21:00+00:00,2440.340087890625,ETH
2026-09-10 16:22:00+00:00,2438.0,ETH
2026-09-10 16:23:00+00:00,2438.550048828125,ETH
2026-09-10 16:24:00+00:00,2438.989990234375,ETH
2026-09-10 16:25:00+00:00,2438.860107421875,ETH
2026-09-10 16:26:00+00:00,2438.2900390625,ETH
2026-09-10 16:27:00+00:00,2438.639892578125,ETH
2026-09-10 16:28:00+00:00,2438.719970703125,ETH
2026-09-10 16:29:00+00:00,2437.800048828125,ETH
2026-09-10 16:30:00+00:00,2437.60009765625,ETH
2026-09-10 16:31:00+00:00,2437.840087890625,ETH
2026-09-10 16:32:00+00:00,2436.27001953125,ETH
2026-09-10 16:33:00+00:00,2435.5400390625,ETH
2026-09-10 16:34:00+00:00,2433.360107421875,ETH
2026-09-10 16:35:00+00:00,2431.8701171875,ETH
2026-09-10 16:36:00+00:00,2435.56005859375,ETH
2026-09-10 16:37:00+00:00,2438.5400390625,ETH
2026-09-10 16:38:00+00:00,2437.2099609375,ETH
2026-09-10 16:39:00+00:00,2438.89990234375,ETH
2026-09-10 16:40:00+00:00,2439.77001953125,ETH
2026-09-10 16:41:00+00:00,2440.489990234375,ETH
2026-09-10 16:42:00+00:00,2439.6201171875,ETH
2026-09-10 16:43:00+00:00,2437.550048828125,ETH
2026-09-10 16:44:00+00:00,2439.300048828125,ETH
2026-09-10 16:45:00+00:00,2442.60009765625,ETH
2026-09-10 16:46:00+00:00,2447.06005859375,ETH
2026-09-10 16:47:00+00:00,2448.06005859375,ETH
2026-09-10 16:48:00+00:00,2445.030029296875,ETH
2026-09-10 16:49:00+00:00,2444.659912109375,ETH
2026-09-10 16:50:00+00:00,2444.6201171875,ETH
2026-09-10 16:51:00+00:00,2444.4599609375,ETH
2026-09-10 16:52:00+00:00,2443.360107421875,ETH
2026-09-10 16:53:00+00:00,2443.860107421875,ETH
2026-09-10 16:54:00+00:00,2443.89990234375,ETH
2026-09-10 16:55:00+00:00,2445.52001953125,ETH
2026-09-10 16:56:00+00:00,2446.14990234375,ETH
2026-09-10 16:57:00+00:00,2445.1201171875,ETH
2026-09-10 16:58:00+00:00,2447.2099609375,ETH
2026-09-10 16:59:00+00:00,2447.669921875,ETH
2026-09-10 17:00:00+00:00,2447.6298828125,ETH
2026-09-10 17:01:00+00:00,2446.840087890625,ETH
2026-09-10 17:02:00+00:00,2448.18994140625,ETH
2026-09-10 17:03:00+00:00,2446.5,ETH
2026-09-10 17:04:00+00:00,2447.159912109375,ETH
2026-09-10 17:05:00+00:00,2448.239990234375,ETH
2026-09-10 17:06:00+00:00,2447.56005859375,ETH
2026-09-10 17:07:00+00:00,2449.02001953125,ETH
2026-09-10 17:08:00+00:00,2448.659912109375,ETH
2026-09-10 17:09:00+00:00,2449.0400390625,ETH
2026-09-10 17:10:00+00:00,2451.5,ETH
2026-09-10 17:11:00+00:00,2451.699951171875,ETH
2026-09-10 17:12:00+00:00,2450.860107421875,ETH
2026-09-10 17:13:00+00:00,2450.85009765625,ETH
2026-09-10 17:14:00+00:00,2451.93994140625,ETH
2026-09-10 17:15:00+00:00,2452.52001953125,ETH
2026-09-10 17:16:00+00:00,2452.3701171875,ETH
2026-09-10 17:17:00+00:00,2452.580078125,ETH
2026-09-10 17:18:00+00:00,2452.7900390625,ETH
2026-09-10 17:19:00+00:00,2452.68994140625,ETH
2026-09-10 17:20:00+00:00,2454.110107421875,ETH
2026-09-10 17:21:00+00:00,2455.360107421875,ETH
2026-09-10 17:22:00+00:00,2455.840087890625,ETH
2026-09-10 17:23:00+00:00,2457.679931640625,ETH
2026-09-10 17:24:00+00:00,2458.340087890625,ETH
2026-09-10 17:25:00+00:00,2455.5400390625,ETH
2026-09-10 17:26:00+00:00,2456.47998046875,ETH
2026-09-10 17:27:00+00:00,2456.7900390625,ETH
2026-09-10 17:28:00+00:00,2459.25,ETH
2026-09-10 17:29:00+00:00,2458.81005859375,ETH
2026-09-10 17:30:00+00:00,2461.050048828125,ETH
2026-09-10 17:31:00+00:00,2463.97998046875,ETH
2026-09-10 17:32:00+00:00,2466.389892578125,ETH
2026-09-10 17:33:00+00:00,2464.8798828125,ETH
2026-09-10 17:34:00+00:00,2471.699951171875,ETH
2026-09-10 17:35:00+00:00,2472.31005859375,ETH
2026-09-10 17:36:00+00:00,2470.35009765625,ETH
2026-09-10 17:37:00+00:00,2467.800048828125,ETH
2026-09-10 17:38:00+00:00,2465.02001953125,ETH
2026-09-10 17:39:00+00:00,2464.139892578125,ETH
2026-09-10 17:40:00+00:00,2464.72998046875,ETH
2026-09-10 17:41:00+00:00,2465.7099609375,ETH
2026-09-10 17:42:00+00:00,2464.080078125,ETH
2026-09-10 17:43:00+00:00,2464.719970703125,ETH
2026-09-10 17:44:00+00:00,2465.530029296875,ETH
2026-09-10 17:45:00+00:00,2465.830078125,ETH
2026-09-10 17:46:00+00:00,2463.489990234375,ETH
2026-09-10 17:47:00+00:00,2464.949951171875,ETH
2026-09-10 17:48:00+00:00,2467.60009765625,ETH
2026-09-10 17:49:00+00:00,2468.340087890625,ETH
2026-09-10 17:50:00+00:00,2467.489990234375,ETH
2026-09-10 17:51:00+00:00,2469.52001953125,ETH
2026-09-10 17:52:00+00:00,2469.89990234375,ETH
2026-09-10 17:53:00+00:00,2469.800048828125,ETH
2026-09-10 17:54:00+00:00,2470.18994140625,ETH
2026-09-10 17:55:00+00:00,2467.1298828125,ETH
2026-09-10 17:56:00+00:00,2467.969970703125,ETH
2026-09-10 17:57:00+00:00,2466.14990234375,ETH
2026-09-10 17:58:00+00:00,2467.090087890625,ETH
2026-09-10 17:59:00+00:00,2465.590087890625,ETH
2026-09-10 18:00:00+00:00,2465.739990234375,ETH
2026-09-10 18:01:00+00:00,2462.699951171875,ETH
2026-09-10 18:02:00+00:00,2462.52001953125,ETH
2026-09-10 18:03:00+00:00,2460.800048828125,ETH
2026-09-10 18:04:00+00:00,2460.18994140625,ETH
2026-09-10 18:05:00+00:00,2461.25,ETH
2026-09-10 18:06:00+00:00,2461.139892578125,ETH
2026-09-10 18:07:00+00:00,2459.820068359375,ETH
2026-09-10 18:08:00+00:00,2458.0,ETH
2026-09-10 18:09:00+00:00,2455.199951171875,ETH
2026-09-10 18:10:00+00:00,2455.679931640625,ETH
2026-09-10 18:11:00+00:00,2456.27001953125,ETH
2026-09-10 18:12:00+00:00,2456.389892578125,ETH
2026-09-10 18:13:00+00:00,2455.699951171875,ETH
2026-09-10 18:14:00+00:00,2455.449951171875,ETH
2026-09-10 18:15:00+00:00,2455.760009765625,ETH
2026-09-10 18:16:00+00:00,2457.199951171875,ETH
2026-09-10 18:17:00+00:00,2454.719970703125,ETH
2026-09-10 18:18:00+00:00,2454.60009765625,ETH
2026-09-10 18:19:00+00:00,2455.14990234375,ETH
2026-09-10 18:20:00+00:00,2456.81005859375,ETH
2026-09-10 18:21:00+00:00,2458.75,ETH
2026-09-10 18:22:00+00:00,2460.929931640625,ETH
2026-09-10 18:23:00+00:00,2459.60009765625,ETH
2026-09-10 18:24:00+00:00,2459.9599609375,ETH
2026-09-10 18:25:00+00:00,2460.60009765625,ETH
2026-09-10 18:26:00+00:00,2459.780029296875,ETH
2026-09-10 18:27:00+00:00,2459.8798828125,ETH
2026-09-10 18:28:00+00:00,2461.2099609375,ETH
2026-09-10 18:29:00+00:00,2458.739990234375,ETH
2026-09-10 18:30:00+00:00,2457.820068359375,ETH
2026-09-10 18:31:00+00:00,2457.7099609375,ETH
2026-09-10 18:32:00+00:00,2457.860107421875,ETH
2026-09-10 18:33:00+00:00,2455.7099609375,ETH
2026-09-10 18:34:00+00:00,2457.3798828125,ETH
2026-09-10 18:35:00+00:00,2456.85009765625,ETH
2026-09-10 18:36:00+00:00,2460.0,ETH
2026-09-10 18:37:00+00:00,2460.4599609375,ETH
2026-09-10 18:38:00+00:00,2462.800048828125,ETH
2026-09-10 18:39:00+00:00,2462.090087890625,ETH
2026-09-10 18:40:00+00:00,2461.919921875,ETH
2026-09-10 18:41:00+00:00,2462.739990234375,ETH
2026-09-10 18:42:00+00:00,2461.5400390625,ETH
2026-09-10 18:43:00+00:00,2461.18994140625,ETH
2026-09-10 18:44:00+00:00,2461.889892578125,ETH
2026-09-10 18:45:00+00:00,2460.639892578125,ETH
2026-09-10 18:46:00+00:00,2460.739990234375,ETH
2026-09-10 18:47:00+00:00,2460.719970703125,ETH
2026-09-10 18:48:00+00:00,2459.219970703125,ETH
2026-09-10 18:49:00+00:00,2461.1298828125,ETH
2026-09-10 18:50:00+00:00,2461.199951171875,ETH
2026-09-10 18:51:00+00:00,2464.97998046875,ETH
2026-09-10 18:52:00+00:00,2464.659912109375,ETH
2026-09-10 18:53:00+00:00,2465.639892578125,ETH
2026-09-10 18:54:00+00:00,2467.330078125,ETH
2026-09-10 18:55:00+00:00,2466.1201171875,ETH
2026-09-10 18:56:00+00:00,2466.1201171875,ETH
2026-09-10 18:57:00+00:00,2464.8798828125,ETH
2026-09-10 18:58:00+00:00,2465.840087890625,ETH
2026-09-10 18:59:00+00:00,2467.52001953125,ETH
2026-09-10 19:00:00+00:00,2465.889892578125,ETH
2026-09-10 19:01:00+00:00,2465.510009765625,ETH
2026-09-10 19:02:00+00:00,2464.820068359375,ETH
2026-09-10 19:03:00+00:00,2466.030029296875,ETH
2026-09-10 19:04:00+00:00,2465.409912109375,ETH
2026-09-10 19:05:00+00:00,2463.760009765625,ETH
2026-09-10 19:06:00+00:00,2463.429931640625,ETH
2026-09-10 19:07:00+00:00,2463.1298828125,ETH
2026-09-10 19:08:00+00:00,2462.449951171875,ETH
2026-09-10 19:09:00+00:00,2464.18994140625,ETH
2026-09-10 19:10:00+00:00,2462.72998046875,ETH
2026-09-10 19:11:00+00:00,2462.030029296875,ETH
2026-09-10 19:12:00+00:00,2462.159912109375,ETH
2026-09-10 19:13:00+00:00,2463.320068359375,ETH
2026-09-10 19:14:00+00:00,2463.9599609375,ETH
2026-09-10 19:15:00+00:00,2464.77001953125,ETH
2026-09-10 19:16:00+00:00,2464.300048828125,ETH
2026-09-10 19:17:00+00:00,2464.030029296875,ETH
2026-09-10 19:18:00+00:00,2464.0,ETH
2026-09-10 19:19:00+00:00,2463.8798828125,ETH
2026-09-10 19:20:00+00:00,2462.8798828125,ETH
2026-09-10 19:21:00+00:00,2463.159912109375,ETH
2026-09-10 19:22:00+00:00,2463.3798828125,ETH
2026-09-10 19:23:00+00:00,2461.81005859375,ETH
2026-09-10 19:24:00+00:00,2465.419921875,ETH
2026-09-10 19:25:00+00:00,2465.110107421875,ETH
2026-09-10 19:26:00+00:00,2465.360107421875,ETH
2026-09-10 19:27:00+00:00,2465.679931640625,ETH
2026-09-10 19:28:00+00:00,2466.39990234375,ETH
2026-09-10 19:29:00+00:00,2465.72998046875,ETH
2026-09-10 19:30:00+00:00,2463.360107421875,ETH
2026-09-10 19:31:00+00:00,2463.27001953125,ETH
2026-09-10 19:32:00+00:00,2464.080078125,ETH
2026-09-10 19:33:00+00:00,2463.7099609375,ETH
2026-09-10 19:34:00+00:00,2462.110107421875,ETH
2026-09-10 19:35:00+00:00,2464.0,ETH
2026-09-10 19:36:00+00:00,2464.39990234375,ETH
2026-09-10 19:37:00+00:00,2463.1201171875,ETH
2026-09-10 19:38:00+00:00,2463.760009765625,ETH
2026-09-10 19:39:00+00:00,2464.550048828125,ETH
2026-09-10 19:40:00+00:00,2467.010009765625,ETH
2026-09-10 19:41:00+00:00,2467.360107421875,ETH
2026-09-10 19:42:00+00:00,2468.31005859375,ETH
2026-09-10 19:43:00+00:00,2470.550048828125,ETH
2026-09-10 19:44:00+00:00,2468.77001953125,ETH
2026-09-10 19:45:00+00:00,2466.5400390625,ETH
2026-09-10 19:46:00+00:00,2465.030029296875,ETH
2026-09-10 19:47:00+00:00,2466.330078125,ETH
2026-09-10 19:48:00+00:00,2466.6298828125,ETH
2026-09-10 19:49:00+00:00,2464.659912109375,ETH
2026-09-10 19:50:00+00:00,2460.860107421875,ETH
2026-09-10 19:51:00+00:00,2463.919921875,ETH
2026-09-10 19:52:00+00:00,2459.6201171875,ETH
2026-09-10 19:53:00+00:00,2459.81005859375,ETH
2026-09-10 19:54:00+00:00,2459.919921875,ETH
2026-09-10 19:55:00+00:00,2462.1201171875,ETH
2026-09-10 19:56:00+00:00,2460.89990234375,ETH
2026-09-10 19:57:00+00:00,2461.5,ETH
2026-09-10 19:58:00+00:00,2462.639892578125,ETH
2026-09-10 19:59:00+00:00,2461.7900390625,ETH
2026-09-10 20:00:00+00:00,2462.89990234375,ETH
2026-09-10 20:01:00+00:00,2462.679931640625,ETH
2026-09-10 20:02:00+00:00,2461.6298828125,ETH
2026-09-10 20:03:00+00:00,2461.280029296875,ETH
2026-09-10 20:04:00+00:00,2461.85009765625,ETH
2026-09-10 20:05:00+00:00,2462.409912109375,ETH
2026-09-10 20:06:00+00:00,2461.64990234375,ETH
2026-09-10 20:07:00+00:00,2463.449951171875,ETH
2026-09-10 20:08:00+00:00,2464.300048828125,ETH
2026-09-10 20:09:00+00:00,2465.239990234375,ETH
2026-09-10 20:10:00+00:00,2465.800048828125,ETH
2026-09-10 20:11:00+00:00,2464.77001953125,ETH
2026-09-10 20:12:00+00:00,2465.60009765625,ETH
2026-09-10 20:13:00+00:00,2466.360107421875,ETH
2026-09-10 20:14:00+00:00,2467.469970703125,ETH
2026-09-10 20:15:00+00:00,2466.219970703125,ETH
2026-09-10 20:16:00+00:00,2466.469970703125,ETH
2026-09-10 20:17:00+00:00,2466.31005859375,ETH
2026-09-10 20:18:00+00:00,2466.85009765625,ETH
2026-09-10 20:19:00+00:00,2466.590087890625,ETH
2026-09-10 20:20:00+00:00,2467.389892578125,ETH
2026-09-10 20:21:00+00:00,2468.1201171875,ETH
2026-09-10 20:22:00+00:00,2467.77001953125,ETH
2026-09-10 20:23:00+00:00,2467.110107421875,ETH
2026-09-10 20:24:00+00:00,2464.699951171875,ETH
2026-09-10 20:25:00+00:00,2466.030029296875,ETH
2026-09-10 20:26:00+00:00,2466.030029296875,ETH
2026-09-10 20:27:00+00:00,2465.989990234375,ETH
2026-09-10 20:28:00+00:00,2465.489990234375,ETH
2026-09-10 20:29:00+00:00,2465.56005859375,ETH
2026-09-10 20:30:00+00:00,2465.39990234375,ETH
2026-09-10 20:31:00+00:00,2463.590087890625,ETH
2026-09-10 20:32:00+00:00,2463.72998046875,ETH
2026-09-10 20:33:00+00:00,2464.639892578125,ETH
2026-09-10 20:34:00+00:00,2463.580078125,ETH
2026-09-10 20:35:00+00:00,2463.050048828125,ETH
2026-09-10 20:36:00+00:00,2462.989990234375,ETH
2026-09-10 20:37:00+00:00,2463.3701171875,ETH
2026-09-10 20:38:00+00:00,2462.989990234375,ETH
2026-09-10 20:39:00+00:00,2463.25,ETH
2026-09-10 20:40:00+00:00,2462.72998046875,ETH
2026-09-10 20:41:00+00:00,2462.969970703125,ETH
2026-09-10 20:42:00+00:00,2463.909912109375,ETH
2026-09-10 20:43:00+00:00,2463.800048828125,ETH
2026-09-10 20:44:00+00:00,2463.840087890625,ETH
2026-09-10 20:45:00+00:00,2463.85009765625,ETH
2026-09-10 20:46:00+00:00,2463.669921875,ETH
2026-09-10 20:47:00+00:00,2462.340087890625,ETH
2026-09-10 20:48:00+00:00,2461.3798828125,ETH
2026-09-10 20:49:00+00:00,2461.97998046875,ETH
2026-09-10 20:50:00+00:00,2461.43994140625,ETH
2026-09-10 20:51:00+00:00,2461.840087890625,ETH
2026-09-10 20:52:00+00:00,2461.68994140625,ETH
2026-09-10 20:53:00+00:00,2461.97998046875,ETH
2026-09-10 20:54:00+00:00,2462.159912109375,ETH
2026-09-10 20:55:00+00:00,2462.1298828125,ETH
2026-09-10 20:56:00+00:00,2461.81005859375,ETH
2026-09-10 20:57:00+00:00,2461.60009765625,ETH
2026-09-10 20:58:00+00:00,2461.389892578125,ETH
2026-09-10 20:59:00+00:00,2460.8701171875,ETH
2026-09-10 21:00:00+00:00,2462.320068359375,ETH
2026-09-10 21:01:00+00:00,2460.669921875,ETH
2026-09-10 21:02:00+00:00,2460.7099609375,ETH
2026-09-10 21:03:00+00:00,2460.47998046875,ETH
2026-09-10 21:04:00+00:00,2460.14990234375,ETH
2026-09-10 21:05:00+00:00,2461.31005859375,ETH
2026-09-10 21:06:00+00:00,2460.929931640625,ETH
2026-09-10 21:07:00+00:00,2460.02001953125,ETH
2026-09-10 21:08:00+00:00,2460.510009765625,ETH
2026-09-10 21:09:00+00:00,2461.39990234375,ETH
2026-09-10 21:10:00+00:00,2461.969970703125,ETH
2026-09-10 21:11:00+00:00,2461.1201171875,ETH
2026-09-10 21:12:00+00:00,2461.469970703125,ETH
2026-09-10 21:13:00+00:00,2460.25,ETH
2026-09-10 21:14:00+00:00,2459.39990234375,ETH
2026-09-10 21:15:00+00:00,2459.06005859375,ETH
2026-09-10 21:16:00+00:00,2459.919921875,ETH
2026-09-10 21:17:00+00:00,2459.360107421875,ETH
2026-09-10 21:18:00+00:00,2458.860107421875,ETH
2026-09-10 21:19:00+00:00,2459.0,ETH
2026-09-10 21:20:00+00:00,2459.110107421875,ETH
2026-09-10 21:21:00+00:00,2459.1298828125,ETH
2026-09-10 21:22:00+00:00,2459.5,ETH
2026-09-10 21:23:00+00:00,2460.0,ETH
2026-09-10 21:24:00+00:00,2460.68994140625,ETH
2026-09-10 21:25:00+00:00,2460.639892578125,ETH
2026-09-10 21:26:00+00:00,2460.31005859375,ETH
2026-09-10 21:27:00+00:00,2459.89990234375,ETH
2026-09-10 21:28:00+00:00,2459.909912109375,ETH
2026-09-10 21:29:00+00:00,2460.860107421875,ETH
2026-09-10 21:30:00+00:00,2460.659912109375,ETH
2026-09-10 21:31:00+00:00,2459.93994140625,ETH
2026-09-10 21:32:00+00:00,2459.610107421875,ETH
2026-09-10 21:33:00+00:00,2459.409912109375,ETH
2026-09-10 21:34:00+00:00,2460.169921875,ETH
2026-09-10 21:35:00+00:00,2459.39990234375,ETH
2026-09-10 21:36:00+00:00,2458.820068359375,ETH
2026-09-10 21:37:00+00:00,2459.159912109375,ETH
2026-09-10 21:38:00+00:00,2458.169921875,ETH
2026-09-10 21:39:00+00:00,2458.510009765625,ETH
2026-09-10 21:40:00+00:00,2458.840087890625,ETH
2026-09-10 21:41:00+00:00,2459.389892578125,ETH
2026-09-10 21:42:00+00:00,2458.3798828125,ETH
2026-09-10 21:43:00+00:00,2457.469970703125,ETH
2026-09-10 21:44:00+00:00,2458.139892578125,ETH
2026-09-10 21:45:00+00:00,2458.820068359375,ETH
2026-09-10 21:46:00+00:00,2459.7099609375,ETH
2026-09-10 21:47:00+00:00,2460.860107421875,ETH
2026-09-10 21:48:00+00:00,2460.0400390625,ETH
2026-09-10 21:49:00+00:00,2459.39990234375,ETH
2026-09-10 21:50:00+00:00,2458.72998046875,ETH
2026-09-10 21:51:00+00:00,2458.780029296875,ETH
2026-09-10 21:52:00+00:00,2459.3701171875,ETH
2026-09-10 21:53:00+00:00,2460.090087890625,ETH
2026-09-10 21:54:00+00:00,2458.419921875,ETH
2026-09-10 21:55:00+00:00,2458.25,ETH
2026-09-10 21:56:00+00:00,2458.60009765625,ETH
2026-09-10 21:57:00+00:00,2458.27001953125,ETH
2026-09-10 21:58:00+00:00,2458.3701171875,ETH
2026-09-10 21:59:00+00:00,2459.47998046875,ETH
2026-09-10 22:00:00+00:00,2456.89990234375,ETH
2026-09-10 22:01:00+00:00,2458.3701171875,ETH
2026-09-10 22:02:00+00:00,2457.0400390625,ETH
2026-09-10 22:03:00+00:00,2458.340087890625,ETH
2026-09-10 22:04:00+00:00,2458.9599609375,ETH
2026-09-10 22:05:00+00:00,2458.22998046875,ETH
2026-09-10 22:06:00+00:00,2458.39990234375,ETH
2026-09-10 22:07:00+00:00,2458.68994140625,ETH
2026-09-10 22:08:00+00:00,2459.919921875,ETH
2026-09-10 22:09:00+00:00,2460.010009765625,ETH
2026-09-10 22:10:00+00:00,2461.10009765625,ETH
2026-09-10 22:11:00+00:00,2460.389892578125,ETH
2026-09-10 22:12:00+00:00,2457.93994140625,ETH
2026-09-10 22:13:00+00:00,2457.139892578125,ETH
2026-09-10 22:14:00+00:00,2457.9599609375,ETH
2026-09-10 22:15:00+00:00,2457.360107421875,ETH
2026-09-10 22:16:00+00:00,2458.68994140625,ETH
2026-09-10 22:17:00+00:00,2458.610107421875,ETH
2026-09-10 22:18:00+00:00,2458.14990234375,ETH
2026-09-10 22:19:00+00:00,2458.260009765625,ETH
2026-09-10 22:20:00+00:00,2458.570068359375,ETH
2026-09-10 22:21:00+00:00,2458.97998046875,ETH
2026-09-10 22:22:00+00:00,2457.5,ETH
2026-09-10 22:23:00+00:00,2456.830078125,ETH
2026-09-10 22:24:00+00:00,2456.989990234375,ETH
2026-09-10 22:25:00+00:00,2456.14990234375,ETH
2026-09-10 22:26:00+00:00,2455.2900390625,ETH
2026-09-10 22:27:00+00:00,2454.360107421875,ETH
2026-09-10 22:28:00+00:00,2453.9599609375,ETH
2026-09-10 22:29:00+00:00,2452.919921875,ETH
2026-09-10 22:30:00+00:00,2452.840087890625,ETH
2026-09-10 22:31:00+00:00,2453.169921875,ETH
2026-09-10 22:32:00+00:00,2451.5,ETH
2026-09-10 22:33:00+00:00,2450.419921875,ETH
2026-09-10 22:34:00+00:00,2449.909912109375,ETH
2026-09-10 22:35:00+00:00,2449.610107421875,ETH
2026-09-10 22:36:00+00:00,2448.4599609375,ETH
2026-09-10 22:37:00+00:00,2447.8798828125,ETH
2026-09-10 22:38:00+00:00,2447.39990234375,ETH
2026-09-10 22:39:00+00:00,2447.830078125,ETH
2026-09-10 22:40:00+00:00,2445.89990234375,ETH
2026-09-10 22:41:00+00:00,2446.489990234375,ETH
2026-09-10 22:42:00+00:00,2445.969970703125,ETH
2026-09-10 22:43:00+00:00,2446.10009765625,ETH
2026-09-10 22:44:00+00:00,2446.1201171875,ETH
2026-09-10 22:45:00+00:00,2446.8798828125,ETH
2026-09-10 22:46:00+00:00,2448.760009765625,ETH
2026-09-10 22:47:00+00:00,2450.260009765625,ETH
2026-09-10 22:48:00+00:00,2450.18994140625,ETH
2026-09-10 22:49:00+00:00,2450.300048828125,ETH
2026-09-10 22:50:00+00:00,2449.7900390625,ETH
2026-09-10 22:51:00+00:00,2448.2099609375,ETH
2026-09-10 22:52:00+00:00,2447.0,ETH
2026-09-10 22:53:00+00:00,2446.7900390625,ETH
2026-09-10 22:54:00+00:00,2447.030029296875,ETH
2026-09-10 22:55:00+00:00,2445.330078125,ETH
2026-09-10 22:56:00+00:00,2445.489990234375,ETH
2026-09-10 22:57:00+00:00,2445.360107421875,ETH
2026-09-10 22:58:00+00:00,2444.760009765625,ETH
2026-09-10 22:59:00+00:00,2444.31005859375,ETH
2026-09-10 23:00:00+00:00,2445.840087890625,ETH
2026-09-10 23:01:00+00:00,2444.7099609375,ETH
2026-09-10 23:02:00+00:00,2446.090087890625,ETH
2026-09-10 23:03:00+00:00,2443.800048828125,ETH
2026-09-10 23:04:00+00:00,2443.489990234375,ETH
2026-09-10 23:05:00+00:00,2446.02001953125,ETH
2026-09-10 23:06:00+00:00,2442.77001953125,ETH
2026-09-10 23:07:00+00:00,2442.159912109375,ETH
2026-09-10 23:08:00+00:00,2439.010009765625,ETH
2026-09-10 23:09:00+00:00,2439.429931640625,ETH
2026-09-10 23:10:00+00:00,2438.9599609375,ETH
2026-09-10 23:11:00+00:00,2440.800048828125,ETH
2026-09-10 23:12:00+00:00,2442.010009765625,ETH
2026-09-10 23:13:00+00:00,2440.0400390625,ETH
2026-09-10 23:14:00+00:00,2436.469970703125,ETH
2026-09-10 23:15:00+00:00,2437.5,ETH
2026-09-10 23:16:00+00:00,2437.159912109375,ETH
2026-09-10 23:17:00+00:00,2440.25,ETH
2026-09-10 23:18:00+00:00,2438.4599609375,ETH
2026-09-10 23:19:00+00:00,2438.820068359375,ETH
2026-09-10 23:20:00+00:00,2442.830078125,ETH
2026-09-10 23:21:00+00:00,2443.02001953125,ETH
2026-09-10 23:22:00+00:00,2443.800048828125,ETH
2026-09-10 23:23:00+00:00,2443.510009765625,ETH
2026-09-10 23:24:00+00:00,2443.22998046875,ETH
2026-09-10 23:25:00+00:00,2443.2099609375,ETH
2026-09-10 23:26:00+00:00,2443.93994140625,ETH
2026-09-10 23:27:00+00:00,2445.030029296875,ETH
2026-09-10 23:28:00+00:00,2444.639892578125,ETH
2026-09-10 23:29:00+00:00,2442.639892578125,ETH
2026-09-10 23:30:00+00:00,2444.10009765625,ETH
2026-09-10 23:31:00+00:00,2443.070068359375,ETH
2026-09-10 23:32:00+00:00,2442.93994140625,ETH
2026-09-10 23:33:00+00:00,2443.570068359375,ETH
2026-09-10 23:34:00+00:00,2442.610107421875,ETH
2026-09-10 23:35:00+00:00,2442.60009765625,ETH
2026-09-10 23:36:00+00:00,2442.199951171875,ETH
2026-09-10 23:37:00+00:00,2442.199951171875,ETH
2026-09-10 23:38:00+00:00,2442.7900390625,ETH
2026-09-10 23:39:00+00:00,2441.590087890625,ETH
2026-09-10 23:40:00+00:00,2440.31005859375,ETH
2026-09-10 23:41:00+00:00,2439.7900390625,ETH
2026-09-10 23:42:00+00:00,2440.97998046875,ETH
2026-09-10 23:43:00+00:00,2440.800048828125,ETH
2026-09-10 23:44:00+00:00,2440.989990234375,ETH
2026-09-10 23:45:00+00:00,2441.330078125,ETH
2026-09-10 23:46:00+00:00,2441.68994140625,ETH
2026-09-10 23:47:00+00:00,2440.669921875,ETH
2026-09-10 23:48:00+00:00,2440.419921875,ETH
2026-09-10 23:49:00+00:00,2439.72998046875,ETH
2026-09-10 23:50:00+00:00,2440.330078125,ETH
2026-09-10 23:51:00+00:00,2440.090087890625,ETH
2026-09-10 23:52:00+00:00,2439.3798828125,ETH
2026-09-10 23:53:00+00:00,2438.800048828125,ETH
2026-09-10 23:54:00+00:00,2436.300048828125,ETH
2026-09-10 23:55:00+00:00,2436.60009765625,ETH
2026-09-10 23:56:00+00:00,2437.639892578125,ETH
2026-09-10 23:57:00+00:00,2437.7900390625,ETH
2026-09-10 23:58:00+00:00,2437.030029296875,ETH
2026-09-11 00:00:00+00:00,2439.93994140625,ETH
2026-09-11 00:01:00+00:00,2440.0,ETH
2026-09-11 00:02:00+00:00,2440.35009765625,ETH
2026-09-11 00:03:00+00:00,2441.639892578125,ETH
2026-09-11 00:04:00+00:00,2440.699951171875,ETH
2026-09-11 00:05:00+00:00,2440.52001953125,ETH
2026-09-11 00:06:00+00:00,2442.679931640625,ETH
2026-09-11 00:07:00+00:00,2444.469970703125,ETH
2026-09-11 00:08:00+00:00,2446.10009765625,ETH
2026-09-11 00:09:00+00:00,2446.2900390625,ETH
2026-09-11 00:10:00+00:00,2447.070068359375,ETH
2026-09-11 00:11:00+00:00,2447.510009765625,ETH
2026-09-11 00:12:00+00:00,2448.469970703125,ETH
2026-09-11 00:13:00+00:00,2448.090087890625,ETH
2026-09-11 00:14:00+00:00,2448.3798828125,ETH
2026-09-11 00:15:00+00:00,2448.14990234375,ETH
2026-09-11 00:16:00+00:00,2448.22998046875,ETH
2026-09-11 00:17:00+00:00,2449.60009765625,ETH
2026-09-11 00:18:00+00:00,2448.1201171875,ETH
2026-09-11 00:19:00+00:00,2448.10009765625,ETH
2026-09-11 00:20:00+00:00,2447.77001953125,ETH
2026-09-11 00:21:00+00:00,2448.409912109375,ETH
2026-09-11 00:22:00+00:00,2449.7099609375,ETH
2026-09-11 00:23:00+00:00,2451.909912109375,ETH
2026-09-11 00:24:00+00:00,2450.280029296875,ETH
2026-09-11 00:25:00+00:00,2449.719970703125,ETH
2026-09-11 00:26:00+00:00,2450.580078125,ETH
2026-09-11 00:27:00+00:00,2451.43994140625,ETH
2026-09-11 00:28:00+00:00,2450.14990234375,ETH
2026-09-11 00:29:00+00:00,2450.820068359375,ETH
2026-09-11 00:30:00+00:00,2448.429931640625,ETH
2026-09-11 00:31:00+00:00,2444.840087890625,ETH
2026-09-11 00:32:00+00:00,2445.77001953125,ETH
2026-09-11 00:33:00+00:00,2445.830078125,ETH
2026-09-11 00:34:00+00:00,2449.35009765625,ETH
2026-09-11 00:35:00+00:00,2449.330078125,ETH
2026-09-11 00:36:00+00:00,2450.469970703125,ETH
2026-09-11 00:37:00+00:00,2449.530029296875,ETH
2026-09-11 00:38:00+00:00,2451.43994140625,ETH
2026-09-11 00:39:00+00:00,2450.7099609375,ETH
2026-09-11 00:40:00+00:00,2450.5400390625,ETH
2026-09-11 00:41:00+00:00,2450.340087890625,ETH
2026-09-11 00:42:00+00:00,2451.68994140625,ETH
2026-09-11 00:43:00+00:00,2451.949951171875,ETH
2026-09-11 00:44:00+00:00,2449.989990234375,ETH
2026-09-11 00:45:00+00:00,2451.010009765625,ETH
2026-09-11 00:46:00+00:00,2450.43994140625,ETH
2026-09-11 00:47:00+00:00,2450.760009765625,ETH
2026-09-11 00:48:00+00:00,2450.75,ETH
2026-09-11 00:49:00+00:00,2451.179931640625,ETH
2026-09-11 00:50:00+00:00,2451.820068359375,ETH
2026-09-11 00:51:00+00:00,2453.31005859375,ETH
2026-09-11 00:52:00+00:00,2453.7099609375,ETH
2026-09-11 00:53:00+00:00,2455.199951171875,ETH
2026-09-11 00:54:00+00:00,2456.050048828125,ETH
2026-09-11 00:55:00+00:00,2456.739990234375,ETH
2026-09-11 00:56:00+00:00,2456.840087890625,ETH
2026-09-11 00:57:00+00:00,2455.3798828125,ETH
2026-09-11 00:58:00+00:00,2454.85009765625,ETH
2026-09-11 00:59:00+00:00,2455.989990234375,ETH
2026-09-11 01:00:00+00:00,2456.5,ETH
2026-09-11 01:01:00+00:00,2456.739990234375,ETH
2026-09-11 01:02:00+00:00,2458.070068359375,ETH
2026-09-11 01:03:00+00:00,2459.35009765625,ETH
2026-09-11 01:04:00+00:00,2458.93994140625,ETH
2026-09-11 01:05:00+00:00,2457.080078125,ETH
2026-09-11 01:06:00+00:00,2457.64990234375,ETH
2026-09-11 01:07:00+00:00,2458.110107421875,ETH
2026-09-11 01:08:00+00:00,2457.2099609375,ETH
2026-09-11 01:09:00+00:00,2458.64990234375,ETH
2026-09-11 01:10:00+00:00,2457.889892578125,ETH
2026-09-11 01:11:00+00:00,2458.14990234375,ETH
2026-09-11 01:12:00+00:00,2457.25,ETH
2026-09-11 01:13:00+00:00,2456.909912109375,ETH
2026-09-11 01:14:00+00:00,2455.419921875,ETH
2026-09-11 01:15:00+00:00,2454.3798828125,ETH
2026-09-11 01:16:00+00:00,2454.949951171875,ETH
2026-09-11 01:17:00+00:00,2455.56005859375,ETH
2026-09-11 01:18:00+00:00,2455.18994140625,ETH
2026-09-11 01:19:00+00:00,2456.159912109375,ETH
2026-09-11 01:20:00+00:00,2457.22998046875,ETH
2026-09-11 01:21:00+00:00,2453.010009765625,ETH
2026-09-11 01:22:00+00:00,2452.35009765625,ETH
2026-09-11 01:23:00+00:00,2452.68994140625,ETH
2026-09-11 01:24:00+00:00,2453.739990234375,ETH
2026-09-11 01:25:00+00:00,2454.35009765625,ETH
2026-09-11 01:26:00+00:00,2453.5400390625,ETH
2026-09-11 01:27:00+00:00,2452.35009765625,ETH
2026-09-11 01:28:00+00:00,2450.419921875,ETH
2026-09-11 01:29:00+00:00,2449.570068359375,ETH
2026-09-11 01:30:00+00:00,2448.5,ETH
2026-09-11 01:31:00+00:00,2448.219970703125,ETH
2026-09-11 01:32:00+00:00,2448.0,ETH
2026-09-11 01:33:00+00:00,2446.52001953125,ETH
2026-09-11 01:34:00+00:00,2449.070068359375,ETH
2026-09-11 01:35:00+00:00,2452.5,ETH
2026-09-11 01:36:00+00:00,2450.47998046875,ETH
2026-09-11 01:37:00+00:00,2449.739990234375,ETH
2026-09-11 01:38:00+00:00,2449.47998046875,ETH
2026-09-11 01:39:00+00:00,2449.02001953125,ETH
2026-09-11 01:40:00+00:00,2447.360107421875,ETH
2026-09-11 01:41:00+00:00,2445.8798828125,ETH
2026-09-11 01:42:00+00:00,2447.699951171875,ETH
2026-09-11 01:43:00+00:00,2449.860107421875,ETH
2026-09-11 01:44:00+00:00,2451.1201171875,ETH
2026-09-11 01:45:00+00:00,2449.68994140625,ETH
2026-09-11 01:46:00+00:00,2449.10009765625,ETH
2026-09-11 01:47:00+00:00,2449.89990234375,ETH
2026-09-11 01:48:00+00:00,2451.409912109375,ETH
2026-09-11 01:49:00+00:00,2452.070068359375,ETH
2026-09-11 01:50:00+00:00,2451.93994140625,ETH
2026-09-11 01:51:00+00:00,2451.659912109375,ETH
2026-09-11 01:52:00+00:00,2452.7099609375,ETH
2026-09-11 01:53:00+00:00,2452.25,ETH
2026-09-11 01:54:00+00:00,2452.7900390625,ETH
2026-09-11 01:55:00+00:00,2452.4599609375,ETH
2026-09-11 01:56:00+00:00,2453.43994140625,ETH
2026-09-11 01:57:00+00:00,2452.7099609375,ETH
2026-09-11 01:58:00+00:00,2452.43994140625,ETH
2026-09-11 01:59:00+00:00,2453.659912109375,ETH
2026-09-11 02:00:00+00:00,2452.6298828125,ETH
2026-09-11 02:01:00+00:00,2453.050048828125,ETH
2026-09-11 02:02:00+00:00,2451.510009765625,ETH
2026-09-11 02:03:00+00:00,2450.919921875,ETH
2026-09-11 02:04:00+00:00,2453.300048828125,ETH
2026-09-11 02:05:00+00:00,2453.969970703125,ETH
2026-09-11 02:06:00+00:00,2452.320068359375,ETH
2026-09-11 02:07:00+00:00,2450.8798828125,ETH
2026-09-11 02:08:00+00:00,2453.52001953125,ETH
2026-09-11 02:09:00+00:00,2452.1298828125,ETH
2026-09-11 02:10:00+00:00,2452.260009765625,ETH
2026-09-11 02:11:00+00:00,2451.60009765625,ETH
2026-09-11 02:12:00+00:00,2452.699951171875,ETH
2026-09-11 02:13:00+00:00,2454.139892578125,ETH
2026-09-11 02:14:00+00:00,2453.419921875,ETH
2026-09-11 02:15:00+00:00,2451.260009765625,ETH
2026-09-11 02:16:00+00:00,2451.35009765625,ETH
2026-09-11 02:17:00+00:00,2450.10009765625,ETH
2026-09-11 02:18:00+00:00,2449.639892578125,ETH
2026-09-11 02:19:00+00:00,2449.6201171875,ETH
2026-09-11 02:20:00+00:00,2449.510009765625,ETH
2026-09-11 02:21:00+00:00,2449.0,ETH
2026-09-11 02:22:00+00:00,2449.070068359375,ETH
2026-09-11 02:23:00+00:00,2448.570068359375,ETH
2026-09-11 02:24:00+00:00,2447.510009765625,ETH
2026-09-11 02:25:00+00:00,2446.070068359375,ETH
2026-09-11 02:26:00+00:00,2445.18994140625,ETH
2026-09-11 02:27:00+00:00,2446.080078125,ETH
2026-09-11 02:28:00+00:00,2447.110107421875,ETH
2026-09-11 02:29:00+00:00,2446.31005859375,ETH
2026-09-11 02:30:00+00:00,2446.4599609375,ETH
2026-09-11 02:31:00+00:00,2445.800048828125,ETH
2026-09-11 02:32:00+00:00,2445.77001953125,ETH
2026-09-11 02:33:00+00:00,2444.89990234375,ETH
2026-09-11 02:34:00+00:00,2445.659912109375,ETH
2026-09-11 02:35:00+00:00,2445.35009765625,ETH
2026-09-11 02:36:00+00:00,2446.760009765625,ETH
2026-09-11 02:37:00+00:00,2448.3701171875,ETH
2026-09-11 02:38:00+00:00,2449.169921875,ETH
2026-09-11 02:39:00+00:00,2449.239990234375,ETH
2026-09-11 02:40:00+00:00,2448.219970703125,ETH
2026-09-11 02:41:00+00:00,2448.77001953125,ETH
2026-09-11 02:42:00+00:00,2449.0400390625,ETH
2026-09-11 02:43:00+00:00,2447.93994140625,ETH
2026-09-11 02:44:00+00:00,2447.6201171875,ETH
2026-09-11 02:45:00+00:00,2448.0,ETH
2026-09-11 02:46:00+00:00,2447.97998046875,ETH
2026-09-11 02:47:00+00:00,2448.35009765625,ETH
2026-09-11 02:48:00+00:00,2449.22998046875,ETH
2026-09-11 02:49:00+00:00,2449.47998046875,ETH
2026-09-11 02:50:00+00:00,2448.89990234375,ETH
2026-09-11 02:51:00+00:00,2449.090087890625,ETH
2026-09-11 02:52:00+00:00,2448.3798828125,ETH
2026-09-11 02:53:00+00:00,2447.909912109375,ETH
2026-09-11 02:54:00+00:00,2445.77001953125,ETH
2026-09-11 02:55:00+00:00,2446.0,ETH
2026-09-11 02:56:00+00:00,2446.530029296875,ETH
2026-09-11 02:57:00+00:00,2446.06005859375,ETH
2026-09-11 02:58:00+00:00,2446.06005859375,ETH
2026-09-11 02:59:00+00:00,2446.159912109375,ETH
2026-09-11 03:00:00+00:00,2446.409912109375,ETH
2026-09-11 03:01:00+00:00,2446.050048828125,ETH
2026-09-11 03:02:00+00:00,2446.330078125,ETH
2026-09-11 03:03:00+00:00,2446.0,ETH
2026-09-11 03:04:00+00:00,2444.330078125,ETH
2026-09-11 03:05:00+00:00,2442.610107421875,ETH
2026-09-11 03:06:00+00:00,2442.1298828125,ETH
2026-09-11 03:07:00+00:00,2441.52001953125,ETH
2026-09-11 03:08:00+00:00,2441.239990234375,ETH
2026-09-11 03:09:00+00:00,2441.050048828125,ETH
2026-09-11 03:10:00+00:00,2442.669921875,ETH
2026-09-11 03:11:00+00:00,2441.219970703125,ETH
2026-09-11 03:12:00+00:00,2442.10009765625,ETH
2026-09-11 03:13:00+00:00,2446.830078125,ETH
2026-09-11 03:14:00+00:00,2446.830078125,ETH
2026-09-11 03:15:00+00:00,2445.300048828125,ETH
2026-09-11 03:16:00+00:00,2444.330078125,ETH
2026-09-11 03:17:00+00:00,2444.389892578125,ETH
2026-09-11 03:18:00+00:00,2445.580078125,ETH
2026-09-11 03:19:00+00:00,2445.43994140625,ETH
2026-09-11 03:20:00+00:00,2445.840087890625,ETH
2026-09-11 03:21:00+00:00,2442.60009765625,ETH
2026-09-11 03:22:00+00:00,2443.199951171875,ETH
2026-09-11 03:23:00+00:00,2442.1298828125,ETH
2026-09-11 03:24:00+00:00,2442.300048828125,ETH
2026-09-11 03:25:00+00:00,2441.31005859375,ETH
2026-09-11 03:26:00+00:00,2441.919921875,ETH
2026-09-11 03:27:00+00:00,2442.81005859375,ETH
2026-09-11 03:28:00+00:00,2442.2099609375,ETH
2026-09-11 03:29:00+00:00,2442.360107421875,ETH
2026-09-11 03:30:00+00:00,2441.43994140625,ETH
2026-09-11 03:31:00+00:00,2440.830078125,ETH
2026-09-11 03:32:00+00:00,2440.6201171875,ETH
2026-09-11 03:33:00+00:00,2439.820068359375,ETH
2026-09-11 03:34:00+00:00,2441.10009765625,ETH
2026-09-11 03:35:00+00:00,2441.590087890625,ETH
2026-09-11 03:36:00+00:00,2442.8798828125,ETH
2026-09-11 03:37:00+00:00,2443.64990234375,ETH
2026-09-11 03:38:00+00:00,2445.31005859375,ETH
2026-09-11 03:39:00+00:00,2445.159912109375,ETH
2026-09-11 03:40:00+00:00,2446.02001953125,ETH
2026-09-11 03:41:00+00:00,2445.669921875,ETH
2026-09-11 03:42:00+00:00,2446.280029296875,ETH
2026-09-11 03:43:00+00:00,2445.840087890625,ETH
2026-09-11 03:44:00+00:00,2445.949951171875,ETH
2026-09-11 03:45:00+00:00,2444.489990234375,ETH
2026-09-11 03:46:00+00:00,2444.219970703125,ETH
2026-09-11 03:47:00+00:00,2443.659912109375,ETH
2026-09-11 03:48:00+00:00,2443.719970703125,ETH
2026-09-11 03:49:00+00:00,2443.14990234375,ETH
2026-09-11 03:50:00+00:00,2442.580078125,ETH
2026-09-11 03:51:00+00:00,2443.43994140625,ETH
2026-09-11 03:52:00+00:00,2442.3701171875,ETH
2026-09-11 03:53:00+00:00,2443.43994140625,ETH
2026-09-11 03:54:00+00:00,2443.360107421875,ETH
2026-09-11 03:55:00+00:00,2444.43994140625,ETH
2026-09-11 03:56:00+00:00,2445.159912109375,ETH
2026-09-11 03:57:00+00:00,2444.56005859375,ETH
2026-09-11 03:58:00+00:00,2445.4599609375,ETH
2026-09-11 03:59:00+00:00,2446.18994140625,ETH
2026-09-11 04:00:00+00:00,2446.570068359375,ETH
2026-09-11 04:01:00+00:00,2446.14990234375,ETH
2026-09-11 04:02:00+00:00,2445.75,ETH
2026-09-11 04:03:00+00:00,2446.050048828125,ETH
2026-09-11 04:04:00+00:00,2448.02001953125,ETH
2026-09-11 04:05:00+00:00,2448.830078125,ETH
2026-09-11 04:06:00+00:00,2449.699951171875,ETH
2026-09-11 04:07:00+00:00,2449.550048828125,ETH
2026-09-11 04:08:00+00:00,2449.530029296875,ETH
2026-09-11 04:09:00+00:00,2449.35009765625,ETH
2026-09-11 04:10:00+00:00,2449.199951171875,ETH
2026-09-11 04:11:00+00:00,2448.199951171875,ETH
2026-09-11 04:12:00+00:00,2447.699951171875,ETH
2026-09-11 04:13:00+00:00,2449.330078125,ETH
2026-09-11 04:14:00+00:00,2449.449951171875,ETH
2026-09-11 04:15:00+00:00,2449.820068359375,ETH
2026-09-11 04:16:00+00:00,2450.85009765625,ETH
2026-09-11 04:17:00+00:00,2449.43994140625,ETH
2026-09-11 04:18:00+00:00,2450.030029296875,ETH
2026-09-11 04:19:00+00:00,2450.139892578125,ETH
2026-09-11 04:20:00+00:00,2451.830078125,ETH
2026-09-11 04:21:00+00:00,2450.909912109375,ETH
2026-09-11 04:22:00+00:00,2452.320068359375,ETH
2026-09-11 04:23:00+00:00,2452.89990234375,ETH
2026-09-11 04:24:00+00:00,2455.60009765625,ETH
2026-09-11 04:25:00+00:00,2457.6201171875,ETH
2026-09-11 04:26:00+00:00,2458.320068359375,ETH
2026-09-11 04:27:00+00:00,2460.2099609375,ETH
2026-09-11 04:28:00+00:00,2459.489990234375,ETH
2026-09-11 04:29:00+00:00,2460.93994140625,ETH
2026-09-11 04:30:00+00:00,2462.409912109375,ETH
2026-09-11 04:31:00+00:00,2462.340087890625,ETH
2026-09-11 04:32:00+00:00,2461.199951171875,ETH
2026-09-11 04:33:00+00:00,2460.8798828125,ETH
2026-09-11 04:34:00+00:00,2460.0400390625,ETH
2026-09-11 04:35:00+00:00,2459.31005859375,ETH
2026-09-11 04:36:00+00:00,2459.889892578125,ETH
2026-09-11 04:37:00+00:00,2458.360107421875,ETH
2026-09-11 04:38:00+00:00,2458.139892578125,ETH
2026-09-11 04:39:00+00:00,2458.929931640625,ETH
2026-09-11 04:40:00+00:00,2458.389892578125,ETH
2026-09-11 04:41:00+00:00,2459.10009765625,ETH
2026-09-11 04:42:00+00:00,2459.719970703125,ETH
2026-09-11 04:43:00+00:00,2456.110107421875,ETH
2026-09-11 04:44:00+00:00,2456.530029296875,ETH
2026-09-11 04:45:00+00:00,2455.830078125,ETH
2026-09-11 04:46:00+00:00,2456.330078125,ETH
2026-09-11 04:47:00+00:00,2456.5400390625,ETH
2026-09-11 04:48:00+00:00,2456.739990234375,ETH
2026-09-11 04:49:00+00:00,2457.070068359375,ETH
2026-09-11 04:50:00+00:00,2458.06005859375,ETH
2026-09-11 04:51:00+00:00,2458.2099609375,ETH
2026-09-11 04:52:00+00:00,2457.89990234375,ETH
2026-09-11 04:53:00+00:00,2458.050048828125,ETH
2026-09-11 04:54:00+00:00,2458.43994140625,ETH
2026-09-11 04:55:00+00:00,2458.070068359375,ETH
2026-09-11 04:56:00+00:00,2459.030029296875,ETH
2026-09-11 04:57:00+00:00,2458.52001953125,ETH
2026-09-11 04:58:00+00:00,2458.4599609375,ETH
2026-09-11 04:59:00+00:00,2458.27001953125,ETH
2026-09-11 05:00:00+00:00,2457.669921875,ETH
2026-09-11 05:01:00+00:00,2457.159912109375,ETH
2026-09-11 05:02:00+00:00,2457.010009765625,ETH
2026-09-11 05:03:00+00:00,2457.3798828125,ETH
2026-09-11 05:04:00+00:00,2456.949951171875,ETH
2026-09-11 05:05:00+00:00,2458.260009765625,ETH
2026-09-11 05:06:00+00:00,2458.389892578125,ETH
2026-09-11 05:07:00+00:00,2458.77001953125,ETH
2026-09-11 05:08:00+00:00,2458.110107421875,ETH
2026-09-11 05:09:00+00:00,2458.75,ETH
2026-09-11 05:10:00+00:00,2458.93994140625,ETH
2026-09-11 05:11:00+00:00,2460.39990234375,ETH
2026-09-11 05:12:00+00:00,2458.590087890625,ETH
2026-09-11 05:13:00+00:00,2457.760009765625,ETH
2026-09-11 05:14:00+00:00,2460.719970703125,ETH
2026-09-11 05:15:00+00:00,2459.239990234375,ETH
2026-09-11 05:16:00+00:00,2460.14990234375,ETH
2026-09-11 05:17:00+00:00,2459.139892578125,ETH
2026-09-11 05:18:00+00:00,2459.6298828125,ETH
2026-09-11 05:19:00+00:00,2459.22998046875,ETH
2026-09-11 05:20:00+00:00,2459.2900390625,ETH
2026-09-11 05:21:00+00:00,2457.570068359375,ETH
2026-09-11 05:22:00+00:00,2458.93994140625,ETH
2026-09-11 05:23:00+00:00,2458.669921875,ETH
2026-09-11 05:24:00+00:00,2458.830078125,ETH
2026-09-11 05:25:00+00:00,2457.389892578125,ETH
2026-09-11 05:26:00+00:00,2457.14990234375,ETH
2026-09-11 05:27:00+00:00,2458.949951171875,ETH
2026-09-11 05:28:00+00:00,2458.18994140625,ETH
2026-09-11 05:29:00+00:00,2457.919921875,ETH
2026-09-11 05:30:00+00:00,2459.409912109375,ETH
2026-09-11 05:31:00+00:00,2459.8798828125,ETH
2026-09-11 05:32:00+00:00,2457.550048828125,ETH
2026-09-11 05:33:00+00:00,2458.199951171875,ETH
2026-09-11 05:34:00+00:00,2459.169921875,ETH
2026-09-11 05:35:00+00:00,2460.300048828125,ETH
2026-09-11 05:36:00+00:00,2460.929931640625,ETH
2026-09-11 05:37:00+00:00,2461.639892578125,ETH
2026-09-11 05:38:00+00:00,2460.929931640625,ETH
2026-09-11 05:39:00+00:00,2461.580078125,ETH
2026-09-11 05:40:00+00:00,2461.489990234375,ETH
2026-09-11 05:41:00+00:00,2462.22998046875,ETH
2026-09-11 05:42:00+00:00,2462.139892578125,ETH
2026-09-11 05:43:00+00:00,2463.5400390625,ETH
2026-09-11 05:44:00+00:00,2464.179931640625,ETH
2026-09-11 05:45:00+00:00,2463.280029296875,ETH
2026-09-11 05:46:00+00:00,2464.7099609375,ETH
2026-09-11 05:47:00+00:00,2464.739990234375,ETH
2026-09-11 05:48:00+00:00,2464.860107421875,ETH
2026-09-11 05:49:00+00:00,2464.909912109375,ETH
2026-09-11 05:50:00+00:00,2465.219970703125,ETH
2026-09-11 05:51:00+00:00,2465.860107421875,ETH
2026-09-11 05:52:00+00:00,2464.830078125,ETH
2026-09-11 05:53:00+00:00,2465.320068359375,ETH
2026-09-11 05:54:00+00:00,2465.570068359375,ETH
2026-09-11 05:55:00+00:00,2466.389892578125,ETH
2026-09-11 05:56:00+00:00,2465.909912109375,ETH
2026-09-11 05:57:00+00:00,2466.81005859375,ETH
2026-09-11 05:58:00+00:00,2467.27001953125,ETH
2026-09-11 05:59:00+00:00,2467.469970703125,ETH
2026-09-11 06:00:00+00:00,2466.840087890625,ETH
2026-09-11 06:01:00+00:00,2467.169921875,ETH
2026-09-11 06:02:00+00:00,2467.760009765625,ETH
2026-09-11 06:03:00+00:00,2466.659912109375,ETH
2026-09-11 06:04:00+00:00,2466.75,ETH
2026-09-11 06:05:00+00:00,2466.260009765625,ETH
2026-09-11 06:06:00+00:00,2466.4599609375,ETH
2026-09-11 06:07:00+00:00,2468.090087890625,ETH
2026-09-11 06:08:00+00:00,2468.39990234375,ETH
2026-09-11 06:09:00+00:00,2467.239990234375,ETH
2026-09-11 06:10:00+00:00,2468.10009765625,ETH
2026-09-11 06:11:00+00:00,2468.300048828125,ETH
2026-09-11 06:12:00+00:00,2467.89990234375,ETH
2026-09-11 06:13:00+00:00,2469.18994140625,ETH
2026-09-11 06:14:00+00:00,2469.219970703125,ETH
2026-09-11 06:15:00+00:00,2468.699951171875,ETH
2026-09-11 06:16:00+00:00,2469.25,ETH
2026-09-11 06:17:00+00:00,2468.56005859375,ETH
2026-09-11 06:18:00+00:00,2468.139892578125,ETH
2026-09-11 06:19:00+00:00,2466.93994140625,ETH
2026-09-11 06:20:00+00:00,2467.47998046875,ETH
2026-09-11 06:21:00+00:00,2466.909912109375,ETH
2026-09-11 06:22:00+00:00,2467.320068359375,ETH
2026-09-11 06:23:00+00:00,2465.699951171875,ETH
2026-09-11 06:24:00+00:00,2465.72998046875,ETH
2026-09-11 06:25:00+00:00,2465.260009765625,ETH
2026-09-11 06:26:00+00:00,2465.139892578125,ETH
2026-09-11 06:27:00+00:00,2464.929931640625,ETH
2026-09-11 06:28:00+00:00,2466.530029296875,ETH
2026-09-11 06:29:00+00:00,2465.56005859375,ETH
2026-09-11 06:30:00+00:00,2464.760009765625,ETH
2026-09-11 06:31:00+00:00,2465.64990234375,ETH
2026-09-11 06:32:00+00:00,2463.239990234375,ETH
2026-09-11 06:33:00+00:00,2462.9599609375,ETH
2026-09-11 06:34:00+00:00,2462.760009765625,ETH
2026-09-11 06:35:00+00:00,2464.3798828125,ETH
2026-09-11 06:36:00+00:00,2464.860107421875,ETH
2026-09-11 06:37:00+00:00,2465.340087890625,ETH
2026-09-11 06:38:00+00:00,2465.2099609375,ETH
2026-09-11 06:39:00+00:00,2465.989990234375,ETH
2026-09-11 06:40:00+00:00,2465.02001953125,ETH
2026-09-11 06:41:00+00:00,2464.739990234375,ETH
2026-09-11 06:42:00+00:00,2464.52001953125,ETH
2026-09-11 06:43:00+00:00,2464.5,ETH
2026-09-11 06:44:00+00:00,2465.4599609375,ETH
2026-09-11 06:45:00+00:00,2465.2099609375,ETH
2026-09-11 06:46:00+00:00,2465.64990234375,ETH
2026-09-11 06:47:00+00:00,2465.739990234375,ETH
2026-09-11 06:48:00+00:00,2466.4599609375,ETH
2026-09-11 06:49:00+00:00,2466.159912109375,ETH
2026-09-11 06:50:00+00:00,2466.010009765625,ETH
2026-09-11 06:51:00+00:00,2466.3701171875,ETH
2026-09-11 06:52:00+00:00,2466.60009765625,ETH
2026-09-11 06:53:00+00:00,2466.090087890625,ETH
2026-09-11 06:54:00+00:00,2466.10009765625,ETH
2026-09-11 06:55:00+00:00,2465.989990234375,ETH
2026-09-11 06:56:00+00:00,2466.510009765625,ETH
2026-09-11 06:57:00+00:00,2466.06005859375,ETH
2026-09-11 06:58:00+00:00,2466.10009765625,ETH
2026-09-11 06:59:00+00:00,2466.159912109375,ETH
2026-09-11 07:00:00+00:00,2465.699951171875,ETH
2026-09-11 07:01:00+00:00,2465.610107421875,ETH
2026-09-11 07:02:00+00:00,2466.070068359375,ETH
2026-09-11 07:03:00+00:00,2465.639892578125,ETH
2026-09-11 07:04:00+00:00,2466.820068359375,ETH
2026-09-11 07:05:00+00:00,2467.35009765625,ETH
2026-09-11 07:06:00+00:00,2468.139892578125,ETH
2026-09-11 07:07:00+00:00,2468.139892578125,ETH
2026-09-11 07:08:00+00:00,2468.840087890625,ETH
2026-09-11 07:09:00+00:00,2468.89990234375,ETH
2026-09-11 07:10:00+00:00,2469.56005859375,ETH
2026-09-11 07:11:00+00:00,2468.639892578125,ETH
2026-09-11 07:12:00+00:00,2468.800048828125,ETH
2026-09-11 07:13:00+00:00,2468.02001953125,ETH
2026-09-11 07:14:00+00:00,2467.81005859375,ETH
2026-09-11 07:15:00+00:00,2468.389892578125,ETH
2026-09-11 07:16:00+00:00,2468.280029296875,ETH
2026-09-11 07:17:00+00:00,2468.4599609375,ETH
2026-09-11 07:18:00+00:00,2469.18994140625,ETH
2026-09-11 07:19:00+00:00,2468.360107421875,ETH
2026-09-11 07:20:00+00:00,2468.830078125,ETH
2026-09-11 07:21:00+00:00,2469.02001953125,ETH
2026-09-11 07:22:00+00:00,2468.409912109375,ETH
2026-09-11 07:23:00+00:00,2470.18994140625,ETH
2026-09-11 07:24:00+00:00,2471.070068359375,ETH
2026-09-11 07:25:00+00:00,2469.159912109375,ETH
2026-09-11 07:26:00+00:00,2468.659912109375,ETH
2026-09-11 07:27:00+00:00,2468.52001953125,ETH
2026-09-11 07:28:00+00:00,2468.27001953125,ETH
2026-09-11 07:29:00+00:00,2467.969970703125,ETH
2026-09-11 07:30:00+00:00,2468.820068359375,ETH
2026-09-11 07:31:00+00:00,2467.60009765625,ETH
2026-09-11 07:32:00+00:00,2466.570068359375,ETH
2026-09-11 07:33:00+00:00,2465.969970703125,ETH
2026-09-11 07:34:00+00:00,2467.2099609375,ETH
2026-09-11 07:35:00+00:00,2467.300048828125,ETH
2026-09-11 07:36:00+00:00,2468.280029296875,ETH
2026-09-11 07:37:00+00:00,2468.179931640625,ETH
2026-09-11 07:38:00+00:00,2466.719970703125,ETH
2026-09-11 07:39:00+00:00,2466.739990234375,ETH
2026-09-11 07:40:00+00:00,2467.320068359375,ETH
2026-09-11 07:41:00+00:00,2467.18994140625,ETH
2026-09-11 07:42:00+00:00,2467.1201171875,ETH
2026-09-11 07:43:00+00:00,2466.85009765625,ETH
2026-09-11 07:44:00+00:00,2466.52001953125,ETH
2026-09-11 07:45:00+00:00,2466.159912109375,ETH
2026-09-11 07:46:00+00:00,2466.22998046875,ETH
2026-09-11 07:47:00+00:00,2466.360107421875,ETH
2026-09-11 07:48:00+00:00,2466.0,ETH
2026-09-11 07:49:00+00:00,2465.9599609375,ETH
2026-09-11 07:50:00+00:00,2466.64990234375,ETH
2026-09-11 07:51:00+00:00,2465.889892578125,ETH
2026-09-11 07:52:00+00:00,2465.429931640625,ETH
2026-09-11 07:53:00+00:00,2465.300048828125,ETH
2026-09-11 07:54:00+00:00,2465.360107421875,ETH
2026-09-11 07:55:00+00:00,2465.02001953125,ETH
2026-09-11 07:56:00+00:00,2467.739990234375,ETH
2026-09-11 07:57:00+00:00,2466.280029296875,ETH
2026-09-11 07:58:00+00:00,2466.25,ETH
2026-09-11 07:59:00+00:00,2466.0400390625,ETH
2026-09-11 08:00:00+00:00,2466.25,ETH
2026-09-11 08:01:00+00:00,2466.969970703125,ETH
2026-09-11 08:02:00+00:00,2466.300048828125,ETH
2026-09-11 08:03:00+00:00,2465.159912109375,ETH
2026-09-11 08:04:00+00:00,2464.830078125,ETH
2026-09-11 08:05:00+00:00,2464.110107421875,ETH
2026-09-11 08:06:00+00:00,2465.179931640625,ETH
2026-09-11 08:07:00+00:00,2465.27001953125,ETH
2026-09-11 08:08:00+00:00,2464.139892578125,ETH
2026-09-11 08:09:00+00:00,2463.090087890625,ETH
2026-09-11 08:10:00+00:00,2463.989990234375,ETH
2026-09-11 08:11:00+00:00,2463.27001953125,ETH
2026-09-11 08:12:00+00:00,2463.989990234375,ETH
2026-09-11 08:13:00+00:00,2464.72998046875,ETH
2026-09-11 08:14:00+00:00,2464.25,ETH
2026-09-11 08:15:00+00:00,2464.669921875,ETH
2026-09-11 08:16:00+00:00,2465.419921875,ETH
2026-09-11 08:17:00+00:00,2466.909912109375,ETH
2026-09-11 08:18:00+00:00,2466.39990234375,ETH
2026-09-11 08:19:00+00:00,2465.949951171875,ETH
2026-09-11 08:20:00+00:00,2466.669921875,ETH
2026-09-11 08:21:00+00:00,2467.300048828125,ETH
2026-09-11 08:22:00+00:00,2467.419921875,ETH
2026-09-11 08:23:00+00:00,2467.9599609375,ETH
2026-09-11 08:24:00+00:00,2474.27001953125,ETH
2026-09-11 08:25:00+00:00,2473.27001953125,ETH
2026-09-11 08:26:00+00:00,2471.360107421875,ETH
2026-09-11 08:27:00+00:00,2470.93994140625,ETH
2026-09-11 08:28:00+00:00,2471.340087890625,ETH
2026-09-11 08:29:00+00:00,2473.659912109375,ETH
2026-09-11 08:30:00+00:00,2477.8798828125,ETH
2026-09-11 08:31:00+00:00,2481.010009765625,ETH
2026-09-11 08:32:00+00:00,2480.080078125,ETH
2026-09-11 08:33:00+00:00,2478.14990234375,ETH
2026-09-11 08:34:00+00:00,2477.320068359375,ETH
2026-09-11 08:35:00+00:00,2476.550048828125,ETH
2026-09-11 08:36:00+00:00,2477.3798828125,ETH
2026-09-11 08:37:00+00:00,2476.8701171875,ETH
2026-09-11 08:38:00+00:00,2477.159912109375,ETH
2026-09-11 08:39:00+00:00,2477.080078125,ETH
2026-09-11 08:40:00+00:00,2477.64990234375,ETH
2026-09-11 08:41:00+00:00,2478.300048828125,ETH
2026-09-11 08:42:00+00:00,2477.949951171875,ETH
2026-09-11 08:43:00+00:00,2477.239990234375,ETH
2026-09-11 08:44:00+00:00,2477.510009765625,ETH
2026-09-11 08:45:00+00:00,2478.050048828125,ETH
2026-09-11 08:46:00+00:00,2476.85009765625,ETH
2026-09-11 08:47:00+00:00,2476.3701171875,ETH
2026-09-11 08:48:00+00:00,2475.8701171875,ETH
2026-09-11 08:49:00+00:00,2475.72998046875,ETH
2026-09-11 08:50:00+00:00,2475.590087890625,ETH
2026-09-11 08:51:00+00:00,2476.550048828125,ETH
2026-09-11 08:52:00+00:00,2476.2099609375,ETH
2026-09-11 08:53:00+00:00,2476.3701171875,ETH
2026-09-11 08:54:00+00:00,2475.260009765625,ETH
2026-09-11 08:55:00+00:00,2475.1201171875,ETH
2026-09-11 08:56:00+00:00,2475.7900390625,ETH
2026-09-11 08:57:00+00:00,2475.719970703125,ETH
2026-09-11 08:58:00+00:00,2475.52001953125,ETH
2026-09-11 08:59:00+00:00,2475.7099609375,ETH
2026-09-11 09:00:00+00:00,2476.300048828125,ETH
2026-09-11 09:01:00+00:00,2476.050048828125,ETH
2026-09-11 09:02:00+00:00,2475.159912109375,ETH
2026-09-11 09:03:00+00:00,2474.830078125,ETH
2026-09-11 09:04:00+00:00,2475.030029296875,ETH
2026-09-11 09:05:00+00:00,2474.5400390625,ETH
2026-09-11 09:06:00+00:00,2474.1201171875,ETH
2026-09-11 09:07:00+00:00,2474.239990234375,ETH
2026-09-11 09:08:00+00:00,2473.31005859375,ETH
2026-09-11 09:09:00+00:00,2472.89990234375,ETH
2026-09-11 09:10:00+00:00,2472.97998046875,ETH
2026-09-11 09:11:00+00:00,2473.330078125,ETH
2026-09-11 09:12:00+00:00,2473.1201171875,ETH
2026-09-11 09:13:00+00:00,2474.0400390625,ETH
2026-09-11 09:14:00+00:00,2472.8798828125,ETH
2026-09-11 09:15:00+00:00,2473.260009765625,ETH
2026-09-11 09:16:00+00:00,2473.330078125,ETH
2026-09-11 09:17:00+00:00,2473.14990234375,ETH
2026-09-11 09:18:00+00:00,2473.5,ETH
2026-09-11 09:19:00+00:00,2473.139892578125,ETH
2026-09-11 09:20:00+00:00,2473.85009765625,ETH
2026-09-11 09:21:00+00:00,2473.5,ETH
2026-09-11 09:22:00+00:00,2472.800048828125,ETH
2026-09-11 09:23:00+00:00,2472.72998046875,ETH
2026-09-11 09:24:00+00:00,2472.25,ETH
2026-09-11 09:25:00+00:00,2471.93994140625,ETH
2026-09-11 09:26:00+00:00,2472.25,ETH
2026-09-11 09:27:00+00:00,2472.3798828125,ETH
2026-09-11 09:28:00+00:00,2473.0,ETH
2026-09-11 09:29:00+00:00,2471.919921875,ETH
2026-09-11 09:30:00+00:00,2472.06005859375,ETH
2026-09-11 09:31:00+00:00,2472.06005859375,ETH
2026-09-11 09:32:00+00:00,2472.75,ETH
2026-09-11 09:33:00+00:00,2472.360107421875,ETH
2026-09-11 09:34:00+00:00,2470.860107421875,ETH
2026-09-11 09:35:00+00:00,2467.659912109375,ETH
2026-09-11 09:36:00+00:00,2466.60009765625,ETH
2026-09-11 09:37:00+00:00,2463.909912109375,ETH
2026-09-11 09:38:00+00:00,2464.300048828125,ETH
2026-09-11 09:39:00+00:00,2463.889892578125,ETH
2026-09-11 09:40:00+00:00,2461.52001953125,ETH
2026-09-11 09:41:00+00:00,2461.419921875,ETH
2026-09-11 09:42:00+00:00,2463.570068359375,ETH
2026-09-11 09:43:00+00:00,2464.570068359375,ETH
2026-09-11 09:44:00+00:00,2464.989990234375,ETH
2026-09-11 09:45:00+00:00,2466.300048828125,ETH
2026-09-11 09:46:00+00:00,2465.949951171875,ETH
2026-09-11 09:47:00+00:00,2466.800048828125,ETH
2026-09-11 09:48:00+00:00,2466.989990234375,ETH
2026-09-11 09:49:00+00:00,2466.409912109375,ETH
2026-09-11 09:50:00+00:00,2466.0400390625,ETH
2026-09-11 09:51:00+00:00,2467.77001953125,ETH
2026-09-11 09:52:00+00:00,2468.469970703125,ETH
2026-09-11 09:53:00+00:00,2468.360107421875,ETH
2026-09-11 09:54:00+00:00,2469.340087890625,ETH
2026-09-11 09:55:00+00:00,2468.219970703125,ETH
2026-09-11 09:56:00+00:00,2468.050048828125,ETH
2026-09-11 09:57:00+00:00,2468.18994140625,ETH
2026-09-11 09:58:00+00:00,2469.64990234375,ETH
2026-09-11 09:59:00+00:00,2468.31005859375,ETH
2026-09-11 10:00:00+00:00,2468.840087890625,ETH
2026-09-11 10:01:00+00:00,2469.14990234375,ETH
2026-09-11 10:02:00+00:00,2470.239990234375,ETH
2026-09-11 10:03:00+00:00,2471.97998046875,ETH
2026-09-11 10:04:00+00:00,2473.64990234375,ETH
2026-09-11 10:05:00+00:00,2471.47998046875,ETH
2026-09-11 10:06:00+00:00,2471.4599609375,ETH
2026-09-11 10:07:00+00:00,2471.169921875,ETH
2026-09-11 10:08:00+00:00,2471.6298828125,ETH
2026-09-11 10:09:00+00:00,2468.5,ETH
2026-09-11 10:10:00+00:00,2469.010009765625,ETH
2026-09-11 10:11:00+00:00,2468.10009765625,ETH
2026-09-11 10:12:00+00:00,2466.360107421875,ETH
2026-09-11 10:13:00+00:00,2464.969970703125,ETH
2026-09-11 10:14:00+00:00,2467.25,ETH
2026-09-11 10:15:00+00:00,2466.7099609375,ETH
2026-09-11 10:16:00+00:00,2465.969970703125,ETH
2026-09-11 10:17:00+00:00,2467.669921875,ETH
2026-09-11 10:18:00+00:00,2468.68994140625,ETH
2026-09-11 10:19:00+00:00,2467.739990234375,ETH
2026-09-11 10:20:00+00:00,2466.580078125,ETH
2026-09-11 10:21:00+00:00,2466.610107421875,ETH
2026-09-11 10:22:00+00:00,2466.43994140625,ETH
2026-09-11 10:23:00+00:00,2465.820068359375,ETH
2026-09-11 10:24:00+00:00,2465.840087890625,ETH
2026-09-11 10:25:00+00:00,2465.9599609375,ETH
2026-09-11 10:26:00+00:00,2464.929931640625,ETH
2026-09-11 10:27:00+00:00,2464.239990234375,ETH
2026-09-11 10:28:00+00:00,2464.139892578125,ETH
2026-09-11 10:29:00+00:00,2464.10009765625,ETH
2026-09-11 10:30:00+00:00,2463.8701171875,ETH
2026-09-11 10:31:00+00:00,2463.659912109375,ETH
2026-09-11 10:32:00+00:00,2462.510009765625,ETH
2026-09-11 10:33:00+00:00,2463.090087890625,ETH
2026-09-11 10:34:00+00:00,2463.989990234375,ETH
2026-09-11 10:35:00+00:00,2465.090087890625,ETH
2026-09-11 10:36:00+00:00,2463.60009765625,ETH
2026-09-11 10:37:00+00:00,2464.260009765625,ETH
2026-09-11 10:38:00+00:00,2464.47998046875,ETH
2026-09-11 10:39:00+00:00,2464.89990234375,ETH
2026-09-11 10:40:00+00:00,2464.639892578125,ETH
2026-09-11 10:41:00+00:00,2463.60009765625,ETH
2026-09-11 10:42:00+00:00,2463.320068359375,ETH
2026-09-11 10:43:00+00:00,2462.9599609375,ETH
2026-09-11 10:44:00+00:00,2462.830078125,ETH
2026-09-11 10:45:00+00:00,2463.260009765625,ETH
2026-09-11 10:46:00+00:00,2463.989990234375,ETH
2026-09-11 10:47:00+00:00,2463.219970703125,ETH
2026-09-11 10:48:00+00:00,2463.320068359375,ETH
2026-09-11 10:49:00+00:00,2462.389892578125,ETH
2026-09-11 10:50:00+00:00,2462.89990234375,ETH
2026-09-11 10:51:00+00:00,2463.68994140625,ETH
2026-09-11 10:52:00+00:00,2463.949951171875,ETH
2026-09-11 10:53:00+00:00,2463.260009765625,ETH
2026-09-11 10:54:00+00:00,2463.179931640625,ETH
2026-09-11 10:55:00+00:00,2463.18994140625,ETH
2026-09-11 10:56:00+00:00,2463.179931640625,ETH
2026-09-11 10:57:00+00:00,2462.739990234375,ETH
2026-09-11 10:58:00+00:00,2461.52001953125,ETH
2026-09-11 10:59:00+00:00,2461.010009765625,ETH
2026-09-11 11:00:00+00:00,2459.780029296875,ETH
2026-09-11 11:01:00+00:00,2459.02001953125,ETH
2026-09-11 11:02:00+00:00,2457.830078125,ETH
2026-09-11 11:03:00+00:00,2457.530029296875,ETH
2026-09-11 11:04:00+00:00,2455.43994140625,ETH
2026-09-11 11:05:00+00:00,2457.320068359375,ETH
2026-09-11 11:06:00+00:00,2455.800048828125,ETH
2026-09-11 11:07:00+00:00,2453.449951171875,ETH
2026-09-11 11:08:00+00:00,2452.739990234375,ETH
2026-09-11 11:09:00+00:00,2452.56005859375,ETH
2026-09-11 11:10:00+00:00,2453.6298828125,ETH
2026-09-11 11:11:00+00:00,2451.760009765625,ETH
2026-09-11 11:12:00+00:00,2452.4599609375,ETH
2026-09-11 11:13:00+00:00,2453.830078125,ETH
2026-09-11 11:14:00+00:00,2453.030029296875,ETH
2026-09-11 11:15:00+00:00,2454.22998046875,ETH
2026-09-11 11:16:00+00:00,2453.510009765625,ETH
2026-09-11 11:17:00+00:00,2454.3798828125,ETH
2026-09-11 11:18:00+00:00,2455.300048828125,ETH
2026-09-11 11:19:00+00:00,2455.090087890625,ETH
2026-09-11 11:20:00+00:00,2454.080078125,ETH
2026-09-11 11:21:00+00:00,2453.97998046875,ETH
2026-09-11 11:22:00+00:00,2453.360107421875,ETH
2026-09-11 11:23:00+00:00,2454.77001953125,ETH
2026-09-11 11:24:00+00:00,2453.989990234375,ETH
2026-09-11 11:25:00+00:00,2456.830078125,ETH
2026-09-11 11:26:00+00:00,2457.47998046875,ETH
2026-09-11 11:27:00+00:00,2456.449951171875,ETH
2026-09-11 11:28:00+00:00,2455.429931640625,ETH
2026-09-11 11:29:00+00:00,2455.0,ETH
2026-09-11 11:30:00+00:00,2454.080078125,ETH
2026-09-11 11:31:00+00:00,2454.0,ETH
2026-09-11 11:32:00+00:00,2453.639892578125,ETH
2026-09-11 11:33:00+00:00,2454.199951171875,ETH
2026-09-11 11:34:00+00:00,2453.27001953125,ETH
2026-09-11 11:35:00+00:00,2453.530029296875,ETH
2026-09-11 11:36:00+00:00,2454.25,ETH
2026-09-11 11:37:00+00:00,2455.989990234375,ETH
2026-09-11 11:38:00+00:00,2456.030029296875,ETH
2026-09-11 11:39:00+00:00,2455.590087890625,ETH
2026-09-11 11:40:00+00:00,2457.590087890625,ETH
2026-09-11 11:41:00+00:00,2458.090087890625,ETH
2026-09-11 11:42:00+00:00,2458.030029296875,ETH
2026-09-11 11:43:00+00:00,2457.52001953125,ETH
2026-09-11 11:44:00+00:00,2457.909912109375,ETH
2026-09-11 11:45:00+00:00,2458.43994140625,ETH
2026-09-11 11:46:00+00:00,2458.580078125,ETH
2026-09-11 11:47:00+00:00,2457.050048828125,ETH
2026-09-11 11:48:00+00:00,2457.300048828125,ETH
2026-09-11 11:49:00+00:00,2457.010009765625,ETH
2026-09-11 11:50:00+00:00,2455.169921875,ETH
2026-09-11 11:51:00+00:00,2455.93994140625,ETH
2026-09-11 11:52:00+00:00,2456.510009765625,ETH
2026-09-11 11:53:00+00:00,2456.739990234375,ETH
2026-09-11 11:54:00+00:00,2456.590087890625,ETH
2026-09-11 11:55:00+00:00,2455.679931640625,ETH
2026-09-11 11:56:00+00:00,2456.68994140625,ETH
2026-09-11 11:57:00+00:00,2456.10009765625,ETH
2026-09-11 11:58:00+00:00,2457.2099609375,ETH
2026-09-11 11:59:00+00:00,2457.610107421875,ETH
2026-09-11 12:00:00+00:00,2456.679931640625,ETH
2026-09-11 12:01:00+00:00,2457.81005859375,ETH
2026-09-11 12:02:00+00:00,2459.320068359375,ETH
2026-09-11 12:03:00+00:00,2457.75,ETH
2026-09-11 12:04:00+00:00,2457.840087890625,ETH
2026-09-11 12:05:00+00:00,2454.6201171875,ETH
2026-09-11 12:06:00+00:00,2453.699951171875,ETH
2026-09-11 12:07:00+00:00,2452.1298828125,ETH
2026-09-11 12:08:00+00:00,2452.1298828125,ETH
2026-09-11 12:09:00+00:00,2450.3701171875,ETH
2026-09-11 12:10:00+00:00,2452.1201171875,ETH
2026-09-11 12:11:00+00:00,2452.090087890625,ETH
2026-09-11 12:12:00+00:00,2450.949951171875,ETH
2026-09-11 12:13:00+00:00,2450.60009765625,ETH
2026-09-11 12:14:00+00:00,2451.429931640625,ETH
2026-09-11 12:15:00+00:00,2453.18994140625,ETH
2026-09-11 12:16:00+00:00,2454.60009765625,ETH
2026-09-11 12:17:00+00:00,2455.4599609375,ETH
2026-09-11 12:18:00+00:00,2456.320068359375,ETH
2026-09-11 12:19:00+00:00,2453.280029296875,ETH
2026-09-11 12:20:00+00:00,2456.070068359375,ETH
2026-09-11 12:21:00+00:00,2455.919921875,ETH
2026-09-11 12:22:00+00:00,2456.39990234375,ETH
2026-09-11 12:23:00+00:00,2456.580078125,ETH
2026-09-11 12:24:00+00:00,2454.5,ETH
2026-09-11 12:25:00+00:00,2455.929931640625,ETH
2026-09-11 12:26:00+00:00,2456.360107421875,ETH
2026-09-11 12:27:00+00:00,2458.1201171875,ETH
2026-09-11 12:28:00+00:00,2455.840087890625,ETH
2026-09-11 12:29:00+00:00,2466.409912109375,ETH
2026-09-11 12:30:00+00:00,2441.7900390625,ETH
2026-09-11 12:31:00+00:00,2443.5,ETH
2026-09-11 12:32:00+00:00,2457.60009765625,ETH
2026-09-11 12:33:00+00:00,2467.800048828125,ETH
2026-09-11 12:34:00+00:00,2470.820068359375,ETH
2026-09-11 12:35:00+00:00,2471.169921875,ETH
2026-09-11 12:36:00+00:00,2479.89990234375,ETH
2026-09-11 12:37:00+00:00,2485.60009765625,ETH
2026-09-11 12:38:00+00:00,2492.840087890625,ETH
2026-09-11 12:39:00+00:00,2496.89990234375,ETH
2026-09-11 12:40:00+00:00,2492.800048828125,ETH
2026-09-11 12:41:00+00:00,2491.9599609375,ETH
2026-09-11 12:42:00+00:00,2491.949951171875,ETH
2026-09-11 12:43:00+00:00,2492.10009765625,ETH
2026-09-11 12:44:00+00:00,2493.1201171875,ETH
2026-09-11 12:45:00+00:00,2494.340087890625,ETH
2026-09-11 12:46:00+00:00,2502.0,ETH
2026-09-11 12:47:00+00:00,2507.830078125,ETH
2026-09-11 12:48:00+00:00,2506.419921875,ETH
2026-09-11 12:49:00+00:00,2503.510009765625,ETH
2026-09-11 12:50:00+00:00,2511.739990234375,ETH
2026-09-11 12:51:00+00:00,2506.39990234375,ETH
2026-09-11 12:52:00+00:00,2511.0,ETH
2026-09-11 12:53:00+00:00,2511.800048828125,ETH
2026-09-11 12:54:00+00:00,2509.39990234375,ETH
2026-09-11 12:55:00+00:00,2510.0,ETH
2026-09-11 12:56:00+00:00,2505.0,ETH
2026-09-11 12:57:00+00:00,2505.830078125,ETH
2026-09-11 12:58:00+00:00,2507.280029296875,ETH
2026-09-11 12:59:00+00:00,2510.169921875,ETH
2026-09-11 13:00:00+00:00,2502.64990234375,ETH
2026-09-11 13:01:00+00:00,2503.3701171875,ETH
2026-09-11 13:02:00+00:00,2501.85009765625,ETH
2026-09-11 13:03:00+00:00,2502.429931640625,ETH
2026-09-11 13:04:00+00:00,2500.360107421875,ETH
2026-09-11 13:05:00+00:00,2506.489990234375,ETH
2026-09-11 13:06:00+00:00,2506.77001953125,ETH
2026-09-11 13:07:00+00:00,2504.260009765625,ETH
2026-09-11 13:08:00+00:00,2498.699951171875,ETH
2026-09-11 13:09:00+00:00,2494.800048828125,ETH
2026-09-11 13:10:00+00:00,2498.8798828125,ETH
2026-09-11 13:11:00+00:00,2497.989990234375,ETH
2026-09-11 13:12:00+00:00,2497.39990234375,ETH
2026-09-11 13:13:00+00:00,2499.89990234375,ETH
2026-09-11 13:14:00+00:00,2501.10009765625,ETH
2026-09-11 13:15:00+00:00,2499.050048828125,ETH
2026-09-11 13:16:00+00:00,2498.860107421875,ETH
2026-09-11 13:17:00+00:00,2497.6298828125,ETH
2026-09-11 13:18:00+00:00,2500.47998046875,ETH
2026-09-11 13:19:00+00:00,2500.429931640625,ETH
2026-09-11 13:20:00+00:00,2501.52001953125,ETH
2026-09-11 13:21:00+00:00,2505.280029296875,ETH
2026-09-11 13:22:00+00:00,2509.550048828125,ETH
2026-09-11 13:23:00+00:00,2507.699951171875,ETH
2026-09-11 13:24:00+00:00,2506.949951171875,ETH
2026-09-11 13:25:00+00:00,2504.8701171875,ETH
2026-09-11 13:26:00+00:00,2505.81005859375,ETH
2026-09-11 13:27:00+00:00,2501.389892578125,ETH
2026-09-11 13:28:00+00:00,2503.090087890625,ETH
2026-09-11 13:29:00+00:00,2500.93994140625,ETH
2026-09-11 13:30:00+00:00,2506.489990234375,ETH
2026-09-11 13:31:00+00:00,2498.8798828125,ETH
2026-09-11 13:32:00+00:00,2496.989990234375,ETH
2026-09-11 13:33:00+00:00,2496.889892578125,ETH
2026-09-11 13:34:00+00:00,2499.830078125,ETH
2026-09-11 13:35:00+00:00,2499.89990234375,ETH
2026-09-11 13:36:00+00:00,2491.14990234375,ETH
2026-09-11 13:37:00+00:00,2498.699951171875,ETH
2026-09-11 13:38:00+00:00,2499.909912109375,ETH
2026-09-11 13:39:00+00:00,2504.969970703125,ETH
2026-09-11 13:40:00+00:00,2507.14990234375,ETH
2026-09-11 13:41:00+00:00,2513.590087890625,ETH
2026-09-11 13:42:00+00:00,2519.590087890625,ETH
2026-09-11 13:43:00+00:00,2519.590087890625,ETH
2026-09-11 13:44:00+00:00,2521.18994140625,ETH
2026-09-11 13:45:00+00:00,2523.39990234375,ETH
2026-09-11 13:46:00+00:00,2526.75,ETH
2026-09-11 13:47:00+00:00,2530.97998046875,ETH
2026-09-11 13:48:00+00:00,2539.5,ETH
2026-09-11 13:49:00+00:00,2582.719970703125,ETH
2026-09-11 13:50:00+00:00,2577.159912109375,ETH
2026-09-11 13:51:00+00:00,2583.090087890625,ETH
2026-09-11 13:52:00+00:00,2597.47998046875,ETH
2026-09-11 13:53:00+00:00,2596.2900390625,ETH
2026-09-11 13:54:00+00:00,2590.2900390625,ETH
2026-09-11 13:55:00+00:00,2600.60009765625,ETH
2026-09-11 13:56:00+00:00,2597.840087890625,ETH
2026-09-11 13:57:00+00:00,2597.43994140625,ETH
2026-09-11 13:58:00+00:00,2620.889892578125,ETH
2026-09-11 13:59:00+00:00,2626.739990234375,ETH
2026-09-11 14:00:00+00:00,2627.389892578125,ETH
2026-09-11 14:01:00+00:00,2634.39990234375,ETH
2026-09-11 14:02:00+00:00,2648.64990234375,ETH
2026-09-11 14:03:00+00:00,2634.550048828125,ETH
2026-09-11 14:04:00+00:00,2640.0,ETH
2026-09-11 14:05:00+00:00,2634.580078125,ETH
2026-09-11 14:06:00+00:00,2628.449951171875,ETH
2026-09-11 14:07:00+00:00,2620.360107421875,ETH
2026-09-11 14:08:00+00:00,2613.75,ETH
2026-09-11 14:09:00+00:00,2616.989990234375,ETH
2026-09-11 14:10:00+00:00,2609.1201171875,ETH
2026-09-11 14:11:00+00:00,2605.27001953125,ETH
2026-09-11 14:12:00+00:00,2607.06005859375,ETH
2026-09-11 14:13:00+00:00,2613.89990234375,ETH
2026-09-11 14:14:00+00:00,2611.510009765625,ETH
2026-09-11 14:15:00+00:00,2609.2099609375,ETH
2026-09-11 14:16:00+00:00,2606.989990234375,ETH
2026-09-11 14:17:00+00:00,2611.280029296875,ETH
2026-09-11 14:18:00+00:00,2614.530029296875,ETH
2026-09-11 14:19:00+00:00,2615.679931640625,ETH
2026-09-11 14:20:00+00:00,2618.989990234375,ETH
2026-09-11 14:21:00+00:00,2614.840087890625,ETH
2026-09-11 14:22:00+00:00,2612.18994140625,ETH
2026-09-11 14:23:00+00:00,2615.3798828125,ETH
2026-09-11 14:24:00+00:00,2615.110107421875,ETH
2026-09-11 14:25:00+00:00,2619.9599609375,ETH
2026-09-11 14:26:00+00:00,2617.030029296875,ETH
2026-09-11 14:27:00+00:00,2620.31005859375,ETH
2026-09-11 14:28:00+00:00,2619.0,ETH
2026-09-11 14:29:00+00:00,2617.800048828125,ETH
2026-09-11 14:30:00+00:00,2618.5400390625,ETH
2026-09-11 14:31:00+00:00,2614.02001953125,ETH
2026-09-11 14:32:00+00:00,2618.929931640625,ETH
2026-09-11 14:33:00+00:00,2614.489990234375,ETH
2026-09-11 14:34:00+00:00,2608.85009765625,ETH
2026-09-11 14:35:00+00:00,2605.889892578125,ETH
2026-09-11 14:36:00+00:00,2604.47998046875,ETH
2026-09-11 14:37:00+00:00,2608.9599609375,ETH
2026-09-11 14:38:00+00:00,2607.31005859375,ETH
2026-09-11 14:39:00+00:00,2609.570068359375,ETH
2026-09-11 14:40:00+00:00,2610.929931640625,ETH
2026-09-11 14:41:00+00:00,2607.929931640625,ETH
2026-09-11 14:42:00+00:00,2606.080078125,ETH
2026-09-11 14:43:00+00:00,2601.909912109375,ETH
2026-09-11 14:44:00+00:00,2606.550048828125,ETH
2026-09-11 14:45:00+00:00,2608.5,ETH
2026-09-11 14:46:00+00:00,2610.169921875,ETH
2026-09-11 14:47:00+00:00,2607.77001953125,ETH
2026-09-11 14:48:00+00:00,2594.639892578125,ETH
2026-09-11 14:49:00+00:00,2599.64990234375,ETH
2026-09-11 14:50:00+00:00,2593.889892578125,ETH
2026-09-11 14:51:00+00:00,2598.139892578125,ETH
2026-09-11 14:52:00+00:00,2602.389892578125,ETH
2026-09-11 14:53:00+00:00,2603.550048828125,ETH
2026-09-11 14:54:00+00:00,2603.760009765625,ETH
2026-09-11 14:55:00+00:00,2603.169921875,ETH
2026-09-11 14:56:00+00:00,2604.47998046875,ETH
2026-09-11 14:57:00+00:00,2606.989990234375,ETH
2026-09-11 14:58:00+00:00,2606.159912109375,ETH
2026-09-11 14:59:00+00:00,2607.10009765625,ETH
2026-09-11 15:00:00+00:00,2607.68994140625,ETH
2026-09-11 15:01:00+00:00,2600.409912109375,ETH
2026-09-11 15:02:00+00:00,2605.429931640625,ETH
2026-09-11 15:03:00+00:00,2603.68994140625,ETH
2026-09-11 15:04:00+00:00,2603.85009765625,ETH
2026-09-11 15:05:00+00:00,2604.02001953125,ETH
2026-09-11 15:06:00+00:00,2609.449951171875,ETH
2026-09-11 15:07:00+00:00,2607.22998046875,ETH
2026-09-11 15:08:00+00:00,2608.929931640625,ETH
2026-09-11 15:09:00+00:00,2607.239990234375,ETH
2026-09-11 15:10:00+00:00,2603.5,ETH
2026-09-11 15:11:00+00:00,2604.389892578125,ETH
2026-09-11 15:12:00+00:00,2605.81005859375,ETH
2026-09-11 15:13:00+00:00,2607.679931640625,ETH
2026-09-11 15:14:00+00:00,2602.7900390625,ETH
2026-09-11 15:15:00+00:00,2607.840087890625,ETH
2026-09-11 15:16:00+00:00,2608.75,ETH
2026-09-11 15:17:00+00:00,2609.6201171875,ETH
2026-09-11 15:18:00+00:00,2612.610107421875,ETH
2026-09-11 15:19:00+00:00,2615.919921875,ETH
2026-09-11 15:20:00+00:00,2614.47998046875,ETH
2026-09-11 15:21:00+00:00,2613.14990234375,ETH
2026-09-11 15:22:00+00:00,2611.0400390625,ETH
2026-09-11 15:23:00+00:00,2615.10009765625,ETH
2026-09-11 15:24:00+00:00,2613.739990234375,ETH
2026-09-11 15:25:00+00:00,2611.43994140625,ETH
2026-09-11 15:26:00+00:00,2613.2900390625,ETH
2026-09-11 15:27:00+00:00,2614.14990234375,ETH
2026-09-11 15:28:00+00:00,2613.070068359375,ETH
2026-09-11 15:29:00+00:00,2610.820068359375,ETH
2026-09-11 15:30:00+00:00,2608.780029296875,ETH
2026-09-11 15:31:00+00:00,2609.9599609375,ETH
2026-09-11 15:32:00+00:00,2611.030029296875,ETH
2026-09-11 15:33:00+00:00,2612.639892578125,ETH
2026-09-11 15:34:00+00:00,2615.18994140625,ETH
2026-09-11 15:35:00+00:00,2612.830078125,ETH
2026-09-11 15:36:00+00:00,2608.840087890625,ETH
2026-09-11 15:37:00+00:00,2609.3701171875,ETH
2026-09-11 15:38:00+00:00,2611.97998046875,ETH
2026-09-11 15:39:00+00:00,2612.179931640625,ETH
2026-09-11 15:40:00+00:00,2611.14990234375,ETH
2026-09-11 15:41:00+00:00,2612.77001953125,ETH
2026-09-11 15:42:00+00:00,2611.0,ETH
2026-09-11 15:43:00+00:00,2608.31005859375,ETH
2026-09-11 15:44:00+00:00,2607.800048828125,ETH
2026-09-11 15:45:00+00:00,2606.75,ETH
2026-09-11 15:46:00+00:00,2610.25,ETH
2026-09-11 15:47:00+00:00,2609.25,ETH
2026-09-11 15:48:00+00:00,2607.469970703125,ETH
2026-09-11 15:49:00+00:00,2607.39990234375,ETH
2026-09-11 15:50:00+00:00,2604.4599609375,ETH
2026-09-11 15:51:00+00:00,2592.570068359375,ETH
2026-09-11 15:52:00+00:00,2588.760009765625,ETH
2026-09-11 15:53:00+00:00,2571.4599609375,ETH
2026-09-11 15:54:00+00:00,2560.25,ETH
2026-09-11 15:55:00+00:00,2549.800048828125,ETH
2026-09-11 15:56:00+00:00,2557.93994140625,ETH
2026-09-11 15:57:00+00:00,2562.659912109375,ETH
2026-09-11 15:58:00+00:00,2557.02001953125,ETH
2026-09-11 15:59:00+00:00,2558.800048828125,ETH
2026-09-11 16:00:00+00:00,2569.52001953125,ETH
2026-09-11 16:01:00+00:00,2573.639892578125,ETH
2026-09-11 16:02:00+00:00,2570.8701171875,ETH
2026-09-11 16:03:00+00:00,2565.72998046875,ETH
2026-09-11 16:04:00+00:00,2569.0,ETH
2026-09-11 16:05:00+00:00,2574.179931640625,ETH
2026-09-11 16:06:00+00:00,2576.409912109375,ETH
2026-09-11 16:07:00+00:00,2571.409912109375,ETH
2026-09-11 16:08:00+00:00,2569.429931640625,ETH
2026-09-11 16:09:00+00:00,2572.760009765625,ETH
2026-09-11 16:10:00+00:00,2566.0,ETH
2026-09-11 16:11:00+00:00,2566.489990234375,ETH
2026-09-11 16:12:00+00:00,2566.2900390625,ETH
2026-09-11 16:13:00+00:00,2563.659912109375,ETH
2026-09-11 16:14:00+00:00,2560.239990234375,ETH
2026-09-11 16:15:00+00:00,2560.14990234375,ETH
2026-09-11 16:16:00+00:00,2564.949951171875,ETH
2026-09-11 16:17:00+00:00,2557.760009765625,ETH
2026-09-11 16:18:00+00:00,2552.4599609375,ETH
2026-09-11 16:19:00+00:00,2551.169921875,ETH
2026-09-11 16:20:00+00:00,2548.39990234375,ETH
2026-09-11 16:21:00+00:00,2548.669921875,ETH
2026-09-11 16:22:00+00:00,2554.030029296875,ETH
2026-09-11 16:23:00+00:00,2551.199951171875,ETH
2026-09-11 16:24:00+00:00,2553.330078125,ETH
2026-09-11 16:25:00+00:00,2559.780029296875,ETH
2026-09-11 16:26:00+00:00,2562.18994140625,ETH
2026-09-11 16:27:00+00:00,2564.47998046875,ETH
2026-09-11 16:28:00+00:00,2566.75,ETH
2026-09-11 16:29:00+00:00,2563.89990234375,ETH
2026-09-11 16:30:00+00:00,2565.679931640625,ETH
2026-09-11 16:31:00+00:00,2563.199951171875,ETH
2026-09-11 16:32:00+00:00,2560.409912109375,ETH
2026-09-11 16:33:00+00:00,2566.6298828125,ETH
2026-09-11 16:34:00+00:00,2570.31005859375,ETH
2026-09-11 16:35:00+00:00,2567.909912109375,ETH
2026-09-11 16:36:00+00:00,2566.02001953125,ETH
2026-09-11 16:37:00+00:00,2564.93994140625,ETH
2026-09-11 16:38:00+00:00,2564.4599609375,ETH
2026-09-11 16:39:00+00:00,2565.340087890625,ETH
2026-09-11 16:40:00+00:00,2569.10009765625,ETH
2026-09-11 16:41:00+00:00,2568.320068359375,ETH
2026-09-11 16:42:00+00:00,2569.6298828125,ETH
2026-09-11 16:43:00+00:00,2570.699951171875,ETH
2026-09-11 16:44:00+00:00,2570.9599609375,ETH
2026-09-11 16:45:00+00:00,2574.25,ETH
2026-09-11 16:46:00+00:00,2577.60009765625,ETH
2026-09-11 16:47:00+00:00,2579.39990234375,ETH
2026-09-11 16:48:00+00:00,2580.02001953125,ETH
2026-09-11 16:49:00+00:00,2578.320068359375,ETH
2026-09-11 16:50:00+00:00,2577.60009765625,ETH
2026-09-11 16:51:00+00:00,2579.469970703125,ETH
2026-09-11 16:52:00+00:00,2578.489990234375,ETH
2026-09-11 16:53:00+00:00,2578.56005859375,ETH
2026-09-11 16:54:00+00:00,2578.699951171875,ETH
2026-09-11 16:55:00+00:00,2579.219970703125,ETH
2026-09-11 16:56:00+00:00,2577.610107421875,ETH
2026-09-11 16:57:00+00:00,2576.81005859375,ETH
2026-09-11 16:58:00+00:00,2578.090087890625,ETH
2026-09-11 16:59:00+00:00,2577.43994140625,ETH
2026-09-11 17:00:00+00:00,2577.590087890625,ETH
2026-09-11 17:01:00+00:00,2578.9599609375,ETH
2026-09-11 17:02:00+00:00,2577.719970703125,ETH
2026-09-11 17:03:00+00:00,2577.0,ETH
2026-09-11 17:04:00+00:00,2579.320068359375,ETH
2026-09-11 17:05:00+00:00,2577.0,ETH
2026-09-11 17:06:00+00:00,2577.4599609375,ETH
2026-09-11 17:07:00+00:00,2578.360107421875,ETH
2026-09-11 17:08:00+00:00,2578.2900390625,ETH
2026-09-11 17:09:00+00:00,2574.919921875,ETH
2026-09-11 17:10:00+00:00,2573.85009765625,ETH
2026-09-11 17:11:00+00:00,2573.199951171875,ETH
2026-09-11 17:12:00+00:00,2574.489990234375,ETH
2026-09-11 17:13:00+00:00,2573.3798828125,ETH
2026-09-11 17:14:00+00:00,2570.22998046875,ETH
2026-09-11 17:15:00+00:00,2572.18994140625,ETH
2026-09-11 17:16:00+00:00,2577.8798828125,ETH
2026-09-11 17:17:00+00:00,2575.510009765625,ETH
2026-09-11 17:18:00+00:00,2578.050048828125,ETH
2026-09-11 17:19:00+00:00,2578.080078125,ETH
2026-09-11 17:20:00+00:00,2575.860107421875,ETH
2026-09-11 17:21:00+00:00,2572.3798828125,ETH
2026-09-11 17:22:00+00:00,2572.800048828125,ETH
2026-09-11 17:23:00+00:00,2576.43994140625,ETH
2026-09-11 17:24:00+00:00,2576.0,ETH
2026-09-11 17:25:00+00:00,2577.9599609375,ETH
2026-09-11 17:26:00+00:00,2578.429931640625,ETH
2026-09-11 17:27:00+00:00,2576.449951171875,ETH
2026-09-11 17:28:00+00:00,2576.469970703125,ETH
2026-09-11 17:29:00+00:00,2575.840087890625,ETH
2026-09-11 17:30:00+00:00,2577.320068359375,ETH
2026-09-11 17:31:00+00:00,2577.489990234375,ETH
2026-09-11 17:32:00+00:00,2575.6298828125,ETH
2026-09-11 17:33:00+00:00,2577.030029296875,ETH
2026-09-11 17:34:00+00:00,2576.639892578125,ETH
2026-09-11 17:35:00+00:00,2574.47998046875,ETH
2026-09-11 17:36:00+00:00,2571.39990234375,ETH
2026-09-11 17:37:00+00:00,2570.179931640625,ETH
2026-09-11 17:38:00+00:00,2568.6298828125,ETH
2026-09-11 17:39:00+00:00,2567.570068359375,ETH
2026-09-11 17:40:00+00:00,2569.47998046875,ETH
2026-09-11 17:41:00+00:00,2568.030029296875,ETH
2026-09-11 17:42:00+00:00,2567.489990234375,ETH
2026-09-11 17:43:00+00:00,2570.489990234375,ETH
2026-09-11 17:44:00+00:00,2568.989990234375,ETH
2026-09-11 17:45:00+00:00,2568.77001953125,ETH
2026-09-11 17:46:00+00:00,2568.919921875,ETH
2026-09-11 17:47:00+00:00,2569.840087890625,ETH
2026-09-11 17:48:00+00:00,2571.929931640625,ETH
2026-09-11 17:49:00+00:00,2570.969970703125,ETH
2026-09-11 17:50:00+00:00,2568.929931640625,ETH
2026-09-11 17:51:00+00:00,2566.31005859375,ETH
2026-09-11 17:52:00+00:00,2567.1298828125,ETH
2026-09-11 17:53:00+00:00,2566.3701171875,ETH
2026-09-11 17:54:00+00:00,2563.840087890625,ETH
2026-09-11 17:55:00+00:00,2565.340087890625,ETH
2026-09-11 17:56:00+00:00,2567.5,ETH
2026-09-11 17:57:00+00:00,2567.820068359375,ETH
2026-09-11 17:58:00+00:00,2566.64990234375,ETH
2026-09-11 17:59:00+00:00,2566.139892578125,ETH
2026-09-11 18:00:00+00:00,2565.0,ETH
2026-09-11 18:01:00+00:00,2563.070068359375,ETH
2026-09-11 18:02:00+00:00,2559.760009765625,ETH
2026-09-11 18:03:00+00:00,2551.60009765625,ETH
2026-09-11 18:04:00+00:00,2549.550048828125,ETH
2026-09-11 18:05:00+00:00,2538.60009765625,ETH
2026-09-11 18:06:00+00:00,2542.780029296875,ETH
2026-09-11 18:07:00+00:00,2546.760009765625,ETH
2026-09-11 18:08:00+00:00,2544.7099609375,ETH
2026-09-11 18:09:00+00:00,2538.699951171875,ETH
2026-09-11 18:10:00+00:00,2542.389892578125,ETH
2026-09-11 18:11:00+00:00,2541.7900390625,ETH
2026-09-11 18:12:00+00:00,2538.510009765625,ETH
2026-09-11 18:13:00+00:00,2539.89990234375,ETH
2026-09-11 18:14:00+00:00,2538.889892578125,ETH
2026-09-11 18:15:00+00:00,2540.1298828125,ETH
2026-09-11 18:16:00+00:00,2541.60009765625,ETH
2026-09-11 18:17:00+00:00,2544.3701171875,ETH
2026-09-11 18:18:00+00:00,2546.39990234375,ETH
2026-09-11 18:19:00+00:00,2548.31005859375,ETH
2026-09-11 18:20:00+00:00,2545.669921875,ETH
2026-09-11 18:21:00+00:00,2545.590087890625,ETH
2026-09-11 18:22:00+00:00,2546.239990234375,ETH
2026-09-11 18:23:00+00:00,2544.830078125,ETH
2026-09-11 18:24:00+00:00,2543.7900390625,ETH
2026-09-11 18:25:00+00:00,2541.300048828125,ETH
2026-09-11 18:26:00+00:00,2542.030029296875,ETH
2026-09-11 18:27:00+00:00,2539.010009765625,ETH
2026-09-11 18:28:00+00:00,2542.080078125,ETH
2026-09-11 18:29:00+00:00,2543.800048828125,ETH
2026-09-11 18:30:00+00:00,2542.469970703125,ETH
2026-09-11 18:31:00+00:00,2541.969970703125,ETH
2026-09-11 18:32:00+00:00,2541.72998046875,ETH
2026-09-11 18:33:00+00:00,2543.5400390625,ETH
2026-09-11 18:34:00+00:00,2546.0,ETH
2026-09-11 18:35:00+00:00,2542.760009765625,ETH
2026-09-11 18:36:00+00:00,2544.68994140625,ETH
2026-09-11 18:37:00+00:00,2544.0,ETH
2026-09-11 18:38:00+00:00,2543.550048828125,ETH
2026-09-11 18:39:00+00:00,2546.050048828125,ETH
2026-09-11 18:40:00+00:00,2546.5,ETH
2026-09-11 18:41:00+00:00,2542.43994140625,ETH
2026-09-11 18:42:00+00:00,2543.219970703125,ETH
2026-09-11 18:43:00+00:00,2540.02001953125,ETH
2026-09-11 18:44:00+00:00,2541.280029296875,ETH
2026-09-11 18:45:00+00:00,2545.169921875,ETH
2026-09-11 18:46:00+00:00,2542.43994140625,ETH
2026-09-11 18:47:00+00:00,2539.860107421875,ETH
2026-09-11 18:48:00+00:00,2540.840087890625,ETH
2026-09-11 18:49:00+00:00,2542.030029296875,ETH
2026-09-11 18:50:00+00:00,2539.06005859375,ETH
2026-09-11 18:51:00+00:00,2536.6298828125,ETH
2026-09-11 18:52:00+00:00,2535.739990234375,ETH
2026-09-11 18:53:00+00:00,2534.60009765625,ETH
2026-09-11 18:54:00+00:00,2532.340087890625,ETH
2026-09-11 18:55:00+00:00,2533.360107421875,ETH
2026-09-11 18:56:00+00:00,2534.31005859375,ETH
2026-09-11 18:57:00+00:00,2536.0,ETH
2026-09-11 18:58:00+00:00,2536.050048828125,ETH
2026-09-11 18:59:00+00:00,2536.0,ETH
2026-09-11 19:00:00+00:00,2536.8798828125,ETH
2026-09-11 19:01:00+00:00,2533.77001953125,ETH
2026-09-11 19:02:00+00:00,2536.2900390625,ETH
2026-09-11 19:03:00+00:00,2538.72998046875,ETH
2026-09-11 19:04:00+00:00,2541.2099609375,ETH
2026-09-11 19:05:00+00:00,2543.18994140625,ETH
2026-09-11 19:06:00+00:00,2543.199951171875,ETH
2026-09-11 19:07:00+00:00,2541.739990234375,ETH
2026-09-11 19:08:00+00:00,2546.06005859375,ETH
2026-09-11 19:09:00+00:00,2544.60009765625,ETH
2026-09-11 19:10:00+00:00,2543.659912109375,ETH
2026-09-11 19:11:00+00:00,2544.56005859375,ETH
2026-09-11 19:12:00+00:00,2546.4599609375,ETH
2026-09-11 19:13:00+00:00,2545.429931640625,ETH
2026-09-11 19:14:00+00:00,2544.889892578125,ETH
2026-09-11 19:15:00+00:00,2540.75,ETH
2026-09-11 19:16:00+00:00,2539.300048828125,ETH
2026-09-11 19:17:00+00:00,2541.280029296875,ETH
2026-09-11 19:18:00+00:00,2542.8701171875,ETH
2026-09-11 19:19:00+00:00,2541.0400390625,ETH
2026-09-11 19:20:00+00:00,2539.300048828125,ETH
2026-09-11 19:21:00+00:00,2540.820068359375,ETH
2026-09-11 19:22:00+00:00,2542.110107421875,ETH
2026-09-11 19:23:00+00:00,2542.389892578125,ETH
2026-09-11 19:24:00+00:00,2545.050048828125,ETH
2026-09-11 19:25:00+00:00,2545.4599609375,ETH
2026-09-11 19:26:00+00:00,2546.75,ETH
2026-09-11 19:27:00+00:00,2544.77001953125,ETH
2026-09-11 19:28:00+00:00,2545.93994140625,ETH
2026-09-11 19:29:00+00:00,2545.2099609375,ETH
2026-09-11 19:30:00+00:00,2545.22998046875,ETH
2026-09-11 19:31:00+00:00,2545.169921875,ETH
2026-09-11 19:32:00+00:00,2545.8701171875,ETH
2026-09-11 19:33:00+00:00,2544.389892578125,ETH
2026-09-11 19:34:00+00:00,2544.8798828125,ETH
2026-09-11 19:35:00+00:00,2545.31005859375,ETH
2026-09-11 19:36:00+00:00,2545.469970703125,ETH
2026-09-11 19:37:00+00:00,2545.989990234375,ETH
2026-09-11 19:38:00+00:00,2541.89990234375,ETH
2026-09-11 19:39:00+00:00,2543.929931640625,ETH
2026-09-11 19:40:00+00:00,2543.6298828125,ETH
2026-09-11 19:41:00+00:00,2543.419921875,ETH
2026-09-11 19:42:00+00:00,2542.969970703125,ETH
2026-09-11 19:43:00+00:00,2541.840087890625,ETH
2026-09-11 19:44:00+00:00,2543.27001953125,ETH
2026-09-11 19:45:00+00:00,2541.949951171875,ETH
2026-09-11 19:46:00+00:00,2539.77001953125,ETH
2026-09-11 19:47:00+00:00,2540.72998046875,ETH
2026-09-11 19:48:00+00:00,2541.1298828125,ETH
2026-09-11 19:49:00+00:00,2540.679931640625,ETH
2026-09-11 19:50:00+00:00,2540.800048828125,ETH
2026-09-11 19:51:00+00:00,2542.419921875,ETH
2026-09-11 19:52:00+00:00,2539.919921875,ETH
2026-09-11 19:53:00+00:00,2538.800048828125,ETH
2026-09-11 19:54:00+00:00,2540.409912109375,ETH
2026-09-11 19:55:00+00:00,2539.14990234375,ETH
2026-09-11 19:56:00+00:00,2540.590087890625,ETH
2026-09-11 19:57:00+00:00,2538.820068359375,ETH
2026-09-11 19:58:00+00:00,2538.77001953125,ETH
2026-09-11 19:59:00+00:00,2539.010009765625,ETH
2026-09-11 20:00:00+00:00,2538.68994140625,ETH
2026-09-11 20:01:00+00:00,2539.97998046875,ETH
2026-09-11 20:02:00+00:00,2542.929931640625,ETH
2026-09-11 20:03:00+00:00,2544.2900390625,ETH
2026-09-11 20:04:00+00:00,2544.89990234375,ETH
2026-09-11 20:05:00+00:00,2544.22998046875,ETH
2026-09-11 20:06:00+00:00,2545.360107421875,ETH
2026-09-11 20:07:00+00:00,2544.280029296875,ETH
2026-09-11 20:08:00+00:00,2543.590087890625,ETH
2026-09-11 20:09:00+00:00,2542.419921875,ETH
2026-09-11 20:10:00+00:00,2543.590087890625,ETH
2026-09-11 20:11:00+00:00,2546.260009765625,ETH
2026-09-11 20:12:00+00:00,2544.669921875,ETH
2026-09-11 20:13:00+00:00,2544.800048828125,ETH
2026-09-11 20:14:00+00:00,2544.300048828125,ETH
2026-09-11 20:15:00+00:00,2543.7099609375,ETH
2026-09-11 20:16:00+00:00,2542.75,ETH
2026-09-11 20:17:00+00:00,2541.97998046875,ETH
2026-09-11 20:18:00+00:00,2539.389892578125,ETH
2026-09-11 20:19:00+00:00,2539.5400390625,ETH
2026-09-11 20:20:00+00:00,2538.0,ETH
2026-09-11 20:21:00+00:00,2539.6298828125,ETH
2026-09-11 20:22:00+00:00,2539.6298828125,ETH
2026-09-11 20:23:00+00:00,2539.179931640625,ETH
2026-09-11 20:24:00+00:00,2540.0,ETH
2026-09-11 20:25:00+00:00,2538.570068359375,ETH
2026-09-11 20:26:00+00:00,2539.340087890625,ETH
2026-09-11 20:27:00+00:00,2538.97998046875,ETH
2026-09-11 20:28:00+00:00,2538.39990234375,ETH
2026-09-11 20:29:00+00:00,2536.090087890625,ETH
2026-09-11 20:30:00+00:00,2534.64990234375,ETH
2026-09-11 20:31:00+00:00,2530.9599609375,ETH
2026-09-11 20:32:00+00:00,2527.89990234375,ETH
2026-09-11 20:33:00+00:00,2532.31005859375,ETH
2026-09-11 20:34:00+00:00,2532.929931640625,ETH
2026-09-11 20:35:00+00:00,2533.469970703125,ETH
2026-09-11 20:36:00+00:00,2532.7900390625,ETH
2026-09-11 20:37:00+00:00,2536.419921875,ETH
2026-09-11 20:38:00+00:00,2537.4599609375,ETH
2026-09-11 20:39:00+00:00,2537.8701171875,ETH
2026-09-11 20:40:00+00:00,2538.60009765625,ETH
2026-09-11 20:41:00+00:00,2536.030029296875,ETH
2026-09-11 20:42:00+00:00,2537.219970703125,ETH
2026-09-11 20:43:00+00:00,2537.580078125,ETH
2026-09-11 20:44:00+00:00,2536.699951171875,ETH
2026-09-11 20:45:00+00:00,2536.35009765625,ETH
2026-09-11 20:46:00+00:00,2533.14990234375,ETH
2026-09-11 20:47:00+00:00,2532.719970703125,ETH
2026-09-11 20:48:00+00:00,2529.14990234375,ETH
2026-09-11 20:49:00+00:00,2528.10009765625,ETH
2026-09-11 20:50:00+00:00,2526.8701171875,ETH
2026-09-11 20:51:00+00:00,2523.9599609375,ETH
2026-09-11 20:52:00+00:00,2529.219970703125,ETH
2026-09-11 20:53:00+00:00,2527.820068359375,ETH
2026-09-11 20:54:00+00:00,2527.14990234375,ETH
2026-09-11 20:55:00+00:00,2528.050048828125,ETH
2026-09-11 20:56:00+00:00,2527.35009765625,ETH
2026-09-11 20:57:00+00:00,2527.800048828125,ETH
2026-09-11 20:58:00+00:00,2529.219970703125,ETH
2026-09-11 20:59:00+00:00,2530.06005859375,ETH
2026-09-11 21:00:00+00:00,2530.35009765625,ETH
2026-09-11 21:01:00+00:00,2531.169921875,ETH
2026-09-11 21:02:00+00:00,2531.760009765625,ETH
2026-09-11 21:03:00+00:00,2531.39990234375,ETH
2026-09-11 21:04:00+00:00,2531.800048828125,ETH
2026-09-11 21:05:00+00:00,2531.39990234375,ETH
2026-09-11 21:06:00+00:00,2531.699951171875,ETH
2026-09-11 21:07:00+00:00,2534.8701171875,ETH
2026-09-11 21:08:00+00:00,2535.719970703125,ETH
2026-09-11 21:09:00+00:00,2535.909912109375,ETH
2026-09-11 21:10:00+00:00,2537.60009765625,ETH
2026-09-11 21:11:00+00:00,2540.2099609375,ETH
2026-09-11 21:12:00+00:00,2538.389892578125,ETH
2026-09-11 21:13:00+00:00,2536.820068359375,ETH
2026-09-11 21:14:00+00:00,2538.60009765625,ETH
2026-09-11 21:15:00+00:00,2539.050048828125,ETH
2026-09-11 21:16:00+00:00,2538.719970703125,ETH
2026-09-11 21:17:00+00:00,2538.610107421875,ETH
2026-09-11 21:18:00+00:00,2538.81005859375,ETH
2026-09-11 21:19:00+00:00,2538.02001953125,ETH
2026-09-11 21:20:00+00:00,2538.6298828125,ETH
2026-09-11 21:21:00+00:00,2536.9599609375,ETH
2026-09-11 21:22:00+00:00,2537.389892578125,ETH
2026-09-11 21:23:00+00:00,2536.780029296875,ETH
2026-09-11 21:24:00+00:00,2537.27001953125,ETH
2026-09-11 21:25:00+00:00,2537.77001953125,ETH
2026-09-11 21:26:00+00:00,2537.0,ETH
2026-09-11 21:27:00+00:00,2536.580078125,ETH
2026-09-11 21:28:00+00:00,2535.699951171875,ETH
2026-09-11 21:29:00+00:00,2535.429931640625,ETH
2026-09-11 21:30:00+00:00,2534.639892578125,ETH
2026-09-11 21:31:00+00:00,2534.489990234375,ETH
2026-09-11 21:32:00+00:00,2534.97998046875,ETH
2026-09-11 21:33:00+00:00,2535.39990234375,ETH
2026-09-11 21:34:00+00:00,2537.6201171875,ETH
2026-09-11 21:35:00+00:00,2535.090087890625,ETH
2026-09-11 21:36:00+00:00,2535.22998046875,ETH
2026-09-11 21:37:00+00:00,2535.260009765625,ETH
2026-09-11 21:38:00+00:00,2537.06005859375,ETH
2026-09-11 21:39:00+00:00,2537.340087890625,ETH
2026-09-11 21:40:00+00:00,2535.280029296875,ETH
2026-09-11 21:41:00+00:00,2536.300048828125,ETH
2026-09-11 21:42:00+00:00,2535.3701171875,ETH
2026-09-11 21:43:00+00:00,2535.070068359375,ETH
2026-09-11 21:44:00+00:00,2534.47998046875,ETH
2026-09-11 21:45:00+00:00,2534.52001953125,ETH
2026-09-11 21:46:00+00:00,2533.6298828125,ETH
2026-09-11 21:47:00+00:00,2531.5400390625,ETH
2026-09-11 21:48:00+00:00,2530.590087890625,ETH
2026-09-11 21:49:00+00:00,2529.7900390625,ETH
2026-09-11 21:50:00+00:00,2528.39990234375,ETH
2026-09-11 21:51:00+00:00,2529.389892578125,ETH
2026-09-11 21:52:00+00:00,2527.340087890625,ETH
2026-09-11 21:53:00+00:00,2524.639892578125,ETH
2026-09-11 21:54:00+00:00,2523.030029296875,ETH
2026-09-11 21:55:00+00:00,2518.169921875,ETH
2026-09-11 21:56:00+00:00,2516.389892578125,ETH
2026-09-11 21:57:00+00:00,2514.93994140625,ETH
2026-09-11 21:58:00+00:00,2514.2099609375,ETH
2026-09-11 21:59:00+00:00,2516.330078125,ETH
2026-09-11 22:00:00+00:00,2507.1298828125,ETH
2026-09-11 22:01:00+00:00,2508.580078125,ETH
2026-09-11 22:02:00+00:00,2508.27001953125,ETH
2026-09-11 22:03:00+00:00,2515.199951171875,ETH
2026-09-11 22:04:00+00:00,2519.280029296875,ETH
2026-09-11 22:05:00+00:00,2515.5,ETH
2026-09-11 22:06:00+00:00,2514.949951171875,ETH
2026-09-11 22:07:00+00:00,2513.639892578125,ETH
2026-09-11 22:08:00+00:00,2512.570068359375,ETH
2026-09-11 22:09:00+00:00,2510.56005859375,ETH
2026-09-11 22:10:00+00:00,2515.360107421875,ETH
2026-09-11 22:11:00+00:00,2517.639892578125,ETH
2026-09-11 22:12:00+00:00,2519.340087890625,ETH
2026-09-11 22:13:00+00:00,2519.1298828125,ETH
2026-09-11 22:14:00+00:00,2519.820068359375,ETH
2026-09-11 22:15:00+00:00,2517.39990234375,ETH
2026-09-11 22:16:00+00:00,2520.159912109375,ETH
2026-09-11 22:17:00+00:00,2519.6201171875,ETH
2026-09-11 22:18:00+00:00,2519.9599609375,ETH
2026-09-11 22:19:00+00:00,2519.31005859375,ETH
2026-09-11 22:20:00+00:00,2518.47998046875,ETH
2026-09-11 22:21:00+00:00,2521.81005859375,ETH
2026-09-11 22:22:00+00:00,2521.419921875,ETH
2026-09-11 22:23:00+00:00,2521.0400390625,ETH
2026-09-11 22:24:00+00:00,2522.030029296875,ETH
2026-09-11 22:25:00+00:00,2521.110107421875,ETH
2026-09-11 22:26:00+00:00,2522.929931640625,ETH
2026-09-11 22:27:00+00:00,2522.320068359375,ETH
2026-09-11 22:28:00+00:00,2517.27001953125,ETH
2026-09-11 22:29:00+00:00,2518.159912109375,ETH
2026-09-11 22:30:00+00:00,2518.8798828125,ETH
2026-09-11 22:31:00+00:00,2518.800048828125,ETH
2026-09-11 22:32:00+00:00,2516.260009765625,ETH
2026-09-11 22:33:00+00:00,2514.639892578125,ETH
2026-09-11 22:34:00+00:00,2511.179931640625,ETH
2026-09-11 22:35:00+00:00,2514.800048828125,ETH
2026-09-11 22:36:00+00:00,2515.719970703125,ETH
2026-09-11 22:37:00+00:00,2517.590087890625,ETH
2026-09-11 22:38:00+00:00,2518.1298828125,ETH
2026-09-11 22:39:00+00:00,2519.699951171875,ETH
2026-09-11 22:40:00+00:00,2519.9599609375,ETH
2026-09-11 22:41:00+00:00,2520.530029296875,ETH
2026-09-11 22:42:00+00:00,2521.199951171875,ETH
2026-09-11 22:43:00+00:00,2522.320068359375,ETH
2026-09-11 22:44:00+00:00,2517.070068359375,ETH
2026-09-11 22:45:00+00:00,2515.719970703125,ETH
2026-09-11 22:46:00+00:00,2515.530029296875,ETH
2026-09-11 22:47:00+00:00,2515.760009765625,ETH
2026-09-11 22:48:00+00:00,2513.93994140625,ETH
2026-09-11 22:49:00+00:00,2511.300048828125,ETH
2026-09-11 22:50:00+00:00,2512.080078125,ETH
2026-09-11 22:51:00+00:00,2510.909912109375,ETH
2026-09-11 22:52:00+00:00,2512.5,ETH
2026-09-11 22:53:00+00:00,2512.360107421875,ETH
2026-09-11 22:54:00+00:00,2511.919921875,ETH
2026-09-11 22:55:00+00:00,2515.330078125,ETH
2026-09-11 22:56:00+00:00,2514.219970703125,ETH
2026-09-11 22:57:00+00:00,2509.510009765625,ETH
2026-09-11 22:58:00+00:00,2511.989990234375,ETH
2026-09-11 22:59:00+00:00,2511.4599609375,ETH
2026-09-11 23:00:00+00:00,2509.510009765625,ETH
2026-09-11 23:01:00+00:00,2512.0,ETH
2026-09-11 23:02:00+00:00,2511.889892578125,ETH
2026-09-11 23:03:00+00:00,2512.0,ETH
2026-09-11 23:04:00+00:00,2514.139892578125,ETH
2026-09-11 23:05:00+00:00,2512.89990234375,ETH
2026-09-11 23:06:00+00:00,2509.840087890625,ETH
2026-09-11 23:07:00+00:00,2511.199951171875,ETH
2026-09-11 23:08:00+00:00,2511.39990234375,ETH
2026-09-11 23:09:00+00:00,2513.10009765625,ETH
2026-09-11 23:10:00+00:00,2513.760009765625,ETH
2026-09-11 23:11:00+00:00,2513.0400390625,ETH
2026-09-11 23:12:00+00:00,2514.110107421875,ETH
2026-09-11 23:13:00+00:00,2513.389892578125,ETH
2026-09-11 23:14:00+00:00,2512.860107421875,ETH
2026-09-11 23:15:00+00:00,2511.97998046875,ETH
2026-09-11 23:16:00+00:00,2513.429931640625,ETH
2026-09-11 23:17:00+00:00,2514.179931640625,ETH
2026-09-11 23:18:00+00:00,2513.6201171875,ETH
2026-09-11 23:19:00+00:00,2514.449951171875,ETH
2026-09-11 23:20:00+00:00,2513.85009765625,ETH
2026-09-11 23:21:00+00:00,2513.300048828125,ETH
2026-09-11 23:22:00+00:00,2512.860107421875,ETH
2026-09-11 23:23:00+00:00,2512.010009765625,ETH
2026-09-11 23:24:00+00:00,2509.56005859375,ETH
2026-09-11 23:25:00+00:00,2512.659912109375,ETH
2026-09-11 23:26:00+00:00,2513.570068359375,ETH
2026-09-11 23:27:00+00:00,2513.75,ETH
2026-09-11 23:28:00+00:00,2513.139892578125,ETH
2026-09-11 23:29:00+00:00,2511.919921875,ETH
2026-09-11 23:30:00+00:00,2511.85009765625,ETH
2026-09-11 23:31:00+00:00,2511.300048828125,ETH
2026-09-11 23:32:00+00:00,2512.2900390625,ETH
2026-09-11 23:33:00+00:00,2511.739990234375,ETH
2026-09-11 23:34:00+00:00,2510.739990234375,ETH
2026-09-11 23:35:00+00:00,2511.72998046875,ETH
2026-09-11 23:36:00+00:00,2512.159912109375,ETH
2026-09-11 23:37:00+00:00,2512.10009765625,ETH
2026-09-11 23:38:00+00:00,2512.64990234375,ETH
2026-09-11 23:39:00+00:00,2513.2900390625,ETH
2026-09-11 23:40:00+00:00,2513.260009765625,ETH
2026-09-11 23:41:00+00:00,2512.659912109375,ETH
2026-09-11 23:42:00+00:00,2512.14990234375,ETH
2026-09-11 23:43:00+00:00,2511.530029296875,ETH
2026-09-11 23:44:00+00:00,2511.31005859375,ETH
2026-09-11 23:45:00+00:00,2510.800048828125,ETH
2026-09-11 23:46:00+00:00,2512.389892578125,ETH
2026-09-11 23:47:00+00:00,2511.429931640625,ETH
2026-09-11 23:48:00+00:00,2512.719970703125,ETH
2026-09-11 23:49:00+00:00,2512.419921875,ETH
2026-09-11 23:50:00+00:00,2512.580078125,ETH
2026-09-11 23:51:00+00:00,2512.81005859375,ETH
2026-09-11 23:52:00+00:00,2513.22998046875,ETH
2026-09-11 23:53:00+00:00,2513.699951171875,ETH
2026-09-11 23:54:00+00:00,2514.3798828125,ETH
2026-09-11 23:55:00+00:00,2515.580078125,ETH
2026-09-11 23:56:00+00:00,2515.5400390625,ETH
2026-09-11 23:57:00+00:00,2515.139892578125,ETH
2026-09-11 23:58:00+00:00,2514.860107421875,ETH
2026-09-12 00:00:00+00:00,2514.43994140625,ETH
2026-09-12 00:01:00+00:00,2515.1298828125,ETH
2026-09-12 00:02:00+00:00,2515.93994140625,ETH
2026-09-12 00:03:00+00:00,2516.489990234375,ETH
2026-09-12 00:04:00+00:00,2516.22998046875,ETH
2026-09-12 00:05:00+00:00,2513.419921875,ETH
2026-09-12 00:06:00+00:00,2512.419921875,ETH
2026-09-12 00:07:00+00:00,2512.06005859375,ETH
2026-09-12 00:08:00+00:00,2512.679931640625,ETH
2026-09-12 00:09:00+00:00,2512.570068359375,ETH
2026-09-12 00:10:00+00:00,2512.090087890625,ETH
2026-09-12 00:11:00+00:00,2513.699951171875,ETH
2026-09-12 00:12:00+00:00,2513.800048828125,ETH
2026-09-12 00:13:00+00:00,2515.31005859375,ETH
2026-09-12 00:14:00+00:00,2516.949951171875,ETH
2026-09-12 00:15:00+00:00,2517.080078125,ETH
2026-09-12 00:16:00+00:00,2516.199951171875,ETH
2026-09-12 00:17:00+00:00,2515.919921875,ETH
2026-09-12 00:18:00+00:00,2515.43994140625,ETH
2026-09-12 00:19:00+00:00,2516.64990234375,ETH
2026-09-12 00:20:00+00:00,2516.419921875,ETH
2026-09-12 00:21:00+00:00,2515.10009765625,ETH
2026-09-12 00:22:00+00:00,2516.030029296875,ETH
2026-09-12 00:23:00+00:00,2515.919921875,ETH
2026-09-12 00:24:00+00:00,2516.22998046875,ETH
2026-09-12 00:25:00+00:00,2515.570068359375,ETH
2026-09-12 00:26:00+00:00,2515.10009765625,ETH
2026-09-12 00:27:00+00:00,2515.840087890625,ETH
2026-09-12 00:28:00+00:00,2514.949951171875,ETH
2026-09-12 00:29:00+00:00,2514.949951171875,ETH
2026-09-12 00:30:00+00:00,2513.85009765625,ETH
2026-09-12 00:31:00+00:00,2514.659912109375,ETH
2026-09-12 00:32:00+00:00,2513.0400390625,ETH
2026-09-12 00:33:00+00:00,2514.56005859375,ETH
2026-09-12 00:34:00+00:00,2514.4599609375,ETH
2026-09-12 00:35:00+00:00,2512.889892578125,ETH
2026-09-12 00:36:00+00:00,2514.469970703125,ETH
2026-09-12 00:37:00+00:00,2513.260009765625,ETH
2026-09-12 00:38:00+00:00,2512.93994140625,ETH
2026-09-12 00:39:00+00:00,2514.35009765625,ETH
2026-09-12 00:40:00+00:00,2513.280029296875,ETH
2026-09-12 00:41:00+00:00,2513.080078125,ETH
2026-09-12 00:42:00+00:00,2513.090087890625,ETH
2026-09-12 00:43:00+00:00,2513.590087890625,ETH
2026-09-12 00:44:00+00:00,2513.179931640625,ETH
2026-09-12 00:45:00+00:00,2512.9599609375,ETH
2026-09-12 00:46:00+00:00,2512.550048828125,ETH
2026-09-12 00:47:00+00:00,2512.590087890625,ETH
2026-09-12 00:48:00+00:00,2512.050048828125,ETH
2026-09-12 00:49:00+00:00,2511.340087890625,ETH
2026-09-12 00:50:00+00:00,2511.77001953125,ETH
2026-09-12 00:51:00+00:00,2511.419921875,ETH
2026-09-12 00:52:00+00:00,2511.02001953125,ETH
2026-09-12 00:53:00+00:00,2511.199951171875,ETH
2026-09-12 00:54:00+00:00,2513.199951171875,ETH
2026-09-12 00:55:00+00:00,2511.97998046875,ETH
2026-09-12 00:56:00+00:00,2512.260009765625,ETH
2026-09-12 00:57:00+00:00,2511.679931640625,ETH
2026-09-12 00:58:00+00:00,2511.889892578125,ETH
2026-09-12 00:59:00+00:00,2511.06005859375,ETH
2026-09-12 01:00:00+00:00,2509.489990234375,ETH
2026-09-12 01:01:00+00:00,2509.35009765625,ETH
2026-09-12 01:02:00+00:00,2510.179931640625,ETH
2026-09-12 01:03:00+00:00,2511.909912109375,ETH
2026-09-12 01:04:00+00:00,2512.4599609375,ETH
2026-09-12 01:05:00+00:00,2513.429931640625,ETH
2026-09-12 01:06:00+00:00,2512.830078125,ETH
2026-09-12 01:07:00+00:00,2514.340087890625,ETH
2026-09-12 01:08:00+00:00,2514.72998046875,ETH
2026-09-12 01:09:00+00:00,2514.8701171875,ETH
2026-09-12 01:10:00+00:00,2513.840087890625,ETH
2026-09-12 01:11:00+00:00,2514.080078125,ETH
2026-09-12 01:12:00+00:00,2513.6201171875,ETH
2026-09-12 01:13:00+00:00,2513.820068359375,ETH
2026-09-12 01:14:00+00:00,2515.889892578125,ETH
2026-09-12 01:15:00+00:00,2515.669921875,ETH
2026-09-12 01:16:00+00:00,2515.93994140625,ETH
2026-09-12 01:17:00+00:00,2515.889892578125,ETH
2026-09-12 01:18:00+00:00,2516.530029296875,ETH
2026-09-12 01:19:00+00:00,2515.320068359375,ETH
2026-09-12 01:20:00+00:00,2514.639892578125,ETH
2026-09-12 01:21:00+00:00,2515.179931640625,ETH
2026-09-12 01:22:00+00:00,2514.719970703125,ETH
2026-09-12 01:23:00+00:00,2513.840087890625,ETH
2026-09-12 01:24:00+00:00,2515.590087890625,ETH
2026-09-12 01:25:00+00:00,2515.199951171875,ETH
2026-09-12 01:26:00+00:00,2513.169921875,ETH
2026-09-12 01:27:00+00:00,2512.639892578125,ETH
2026-09-12 01:28:00+00:00,2514.0400390625,ETH
2026-09-12 01:29:00+00:00,2513.639892578125,ETH
2026-09-12 01:30:00+00:00,2513.090087890625,ETH
2026-09-12 01:31:00+00:00,2513.2099609375,ETH
2026-09-12 01:32:00+00:00,2514.5,ETH
2026-09-12 01:33:00+00:00,2514.489990234375,ETH
2026-09-12 01:34:00+00:00,2514.699951171875,ETH
2026-09-12 01:35:00+00:00,2514.52001953125,ETH
2026-09-12 01:36:00+00:00,2515.31005859375,ETH
2026-09-12 01:37:00+00:00,2514.72998046875,ETH
2026-09-12 01:38:00+00:00,2512.10009765625,ETH
2026-09-12 01:39:00+00:00,2513.669921875,ETH
2026-09-12 01:40:00+00:00,2513.469970703125,ETH
2026-09-12 01:41:00+00:00,2513.3701171875,ETH
2026-09-12 01:42:00+00:00,2513.6201171875,ETH
2026-09-12 01:43:00+00:00,2513.64990234375,ETH
2026-09-12 01:44:00+00:00,2513.360107421875,ETH
2026-09-12 01:45:00+00:00,2513.110107421875,ETH
2026-09-12 01:46:00+00:00,2514.10009765625,ETH
2026-09-12 01:47:00+00:00,2515.31005859375,ETH
2026-09-12 01:48:00+00:00,2514.800048828125,ETH
2026-09-12 01:49:00+00:00,2515.280029296875,ETH
2026-09-12 01:50:00+00:00,2515.5,ETH
2026-09-12 01:51:00+00:00,2516.110107421875,ETH
2026-09-12 01:52:00+00:00,2512.780029296875,ETH
2026-09-12 01:53:00+00:00,2514.030029296875,ETH
2026-09-12 01:54:00+00:00,2515.199951171875,ETH
2026-09-12 01:55:00+00:00,2514.340087890625,ETH
2026-09-12 01:56:00+00:00,2514.360107421875,ETH
2026-09-12 01:57:00+00:00,2514.260009765625,ETH
2026-09-12 01:58:00+00:00,2514.070068359375,ETH
2026-09-12 01:59:00+00:00,2513.340087890625,ETH
2026-09-12 02:00:00+00:00,2513.469970703125,ETH
2026-09-12 02:01:00+00:00,2515.070068359375,ETH
2026-09-12 02:02:00+00:00,2513.93994140625,ETH
2026-09-12 02:03:00+00:00,2512.47998046875,ETH
2026-09-12 02:04:00+00:00,2513.260009765625,ETH
2026-09-12 02:05:00+00:00,2513.199951171875,ETH
2026-09-12 02:06:00+00:00,2513.3701171875,ETH
2026-09-12 02:07:00+00:00,2513.830078125,ETH
2026-09-12 02:08:00+00:00,2514.02001953125,ETH
2026-09-12 02:09:00+00:00,2514.39990234375,ETH
2026-09-12 02:10:00+00:00,2515.239990234375,ETH
2026-09-12 02:11:00+00:00,2514.800048828125,ETH
2026-09-12 02:12:00+00:00,2514.64990234375,ETH
2026-09-12 02:13:00+00:00,2514.389892578125,ETH
2026-09-12 02:14:00+00:00,2512.919921875,ETH
2026-09-12 02:15:00+00:00,2513.300048828125,ETH
2026-09-12 02:16:00+00:00,2512.659912109375,ETH
2026-09-12 02:17:00+00:00,2513.1201171875,ETH
2026-09-12 02:18:00+00:00,2513.14990234375,ETH
2026-09-12 02:19:00+00:00,2512.93994140625,ETH
2026-09-12 02:20:00+00:00,2512.64990234375,ETH
2026-09-12 02:21:00+00:00,2512.639892578125,ETH
2026-09-12 02:22:00+00:00,2513.56005859375,ETH
2026-09-12 02:23:00+00:00,2514.030029296875,ETH
2026-09-12 02:24:00+00:00,2513.8798828125,ETH
2026-09-12 02:25:00+00:00,2514.110107421875,ETH
2026-09-12 02:26:00+00:00,2514.409912109375,ETH
2026-09-12 02:27:00+00:00,2514.89990234375,ETH
2026-09-12 02:28:00+00:00,2513.97998046875,ETH
2026-09-12 02:29:00+00:00,2513.969970703125,ETH
2026-09-12 02:30:00+00:00,2513.39990234375,ETH
2026-09-12 02:31:00+00:00,2514.2900390625,ETH
2026-09-12 02:32:00+00:00,2514.4599609375,ETH
2026-09-12 02:33:00+00:00,2514.300048828125,ETH
2026-09-12 02:34:00+00:00,2512.5400390625,ETH
2026-09-12 02:35:00+00:00,2513.06005859375,ETH
2026-09-12 02:36:00+00:00,2513.429931640625,ETH
2026-09-12 02:37:00+00:00,2513.489990234375,ETH
2026-09-12 02:38:00+00:00,2512.47998046875,ETH
2026-09-12 02:39:00+00:00,2513.659912109375,ETH
2026-09-12 02:40:00+00:00,2513.10009765625,ETH
2026-09-12 02:41:00+00:00,2512.9599609375,ETH
2026-09-12 02:42:00+00:00,2512.739990234375,ETH
2026-09-12 02:43:00+00:00,2513.610107421875,ETH
2026-09-12 02:44:00+00:00,2513.39990234375,ETH
2026-09-12 02:45:00+00:00,2514.43994140625,ETH
2026-09-12 02:46:00+00:00,2513.7099609375,ETH
2026-09-12 02:47:00+00:00,2513.860107421875,ETH
2026-09-12 02:48:00+00:00,2514.1298828125,ETH
2026-09-12 02:49:00+00:00,2514.080078125,ETH
2026-09-12 02:50:00+00:00,2514.010009765625,ETH
2026-09-12 02:51:00+00:00,2512.570068359375,ETH
2026-09-12 02:52:00+00:00,2513.699951171875,ETH
2026-09-12 02:53:00+00:00,2513.56005859375,ETH
2026-09-12 02:54:00+00:00,2514.169921875,ETH
2026-09-12 02:55:00+00:00,2513.320068359375,ETH
2026-09-12 02:56:00+00:00,2513.1201171875,ETH
2026-09-12 02:57:00+00:00,2512.8798828125,ETH
2026-09-12 02:58:00+00:00,2513.2900390625,ETH
2026-09-12 02:59:00+00:00,2514.389892578125,ETH
2026-09-12 03:00:00+00:00,2512.409912109375,ETH
2026-09-12 03:01:00+00:00,2512.35009765625,ETH
2026-09-12 03:02:00+00:00,2512.669921875,ETH
2026-09-12 03:03:00+00:00,2514.0,ETH
2026-09-12 03:04:00+00:00,2514.659912109375,ETH
2026-09-12 03:05:00+00:00,2515.090087890625,ETH
2026-09-12 03:06:00+00:00,2514.89990234375,ETH
2026-09-12 03:07:00+00:00,2513.47998046875,ETH
2026-09-12 03:08:00+00:00,2513.260009765625,ETH
2026-09-12 03:09:00+00:00,2513.949951171875,ETH
2026-09-12 03:10:00+00:00,2515.47998046875,ETH
2026-09-12 03:11:00+00:00,2515.18994140625,ETH
2026-09-12 03:12:00+00:00,2514.300048828125,ETH
2026-09-12 03:13:00+00:00,2513.739990234375,ETH
2026-09-12 03:14:00+00:00,2513.52001953125,ETH
2026-09-12 03:15:00+00:00,2514.739990234375,ETH
2026-09-12 03:16:00+00:00,2515.610107421875,ETH
2026-09-12 03:17:00+00:00,2514.169921875,ETH
2026-09-12 03:18:00+00:00,2514.0400390625,ETH
2026-09-12 03:19:00+00:00,2514.300048828125,ETH
2026-09-12 03:20:00+00:00,2512.02001953125,ETH
2026-09-12 03:21:00+00:00,2509.6201171875,ETH
2026-09-12 03:22:00+00:00,2509.43994140625,ETH
2026-09-12 03:23:00+00:00,2511.800048828125,ETH
2026-09-12 03:24:00+00:00,2510.820068359375,ETH
2026-09-12 03:25:00+00:00,2511.39990234375,ETH
2026-09-12 03:26:00+00:00,2511.489990234375,ETH
2026-09-12 03:27:00+00:00,2511.22998046875,ETH
2026-09-12 03:28:00+00:00,2512.659912109375,ETH
2026-09-12 03:29:00+00:00,2513.260009765625,ETH
2026-09-12 03:30:00+00:00,2512.85009765625,ETH
2026-09-12 03:31:00+00:00,2513.02001953125,ETH
2026-09-12 03:32:00+00:00,2512.719970703125,ETH
2026-09-12 03:33:00+00:00,2513.010009765625,ETH
2026-09-12 03:34:00+00:00,2512.820068359375,ETH
2026-09-12 03:35:00+00:00,2512.5400390625,ETH
2026-09-12 03:36:00+00:00,2512.68994140625,ETH
2026-09-12 03:37:00+00:00,2513.35009765625,ETH
2026-09-12 03:38:00+00:00,2512.300048828125,ETH
2026-09-12 03:39:00+00:00,2512.52001953125,ETH
2026-09-12 03:40:00+00:00,2512.6201171875,ETH
2026-09-12 03:41:00+00:00,2512.610107421875,ETH
2026-09-12 03:42:00+00:00,2511.860107421875,ETH
2026-09-12 03:43:00+00:00,2511.860107421875,ETH
2026-09-12 03:44:00+00:00,2512.830078125,ETH
2026-09-12 03:45:00+00:00,2511.93994140625,ETH
2026-09-12 03:46:00+00:00,2511.699951171875,ETH
2026-09-12 03:47:00+00:00,2511.760009765625,ETH
2026-09-12 03:48:00+00:00,2511.7900390625,ETH
2026-09-12 03:49:00+00:00,2512.35009765625,ETH
2026-09-12 03:50:00+00:00,2511.820068359375,ETH
2026-09-12 03:51:00+00:00,2513.14990234375,ETH
2026-09-12 03:52:00+00:00,2513.510009765625,ETH
2026-09-12 03:53:00+00:00,2513.10009765625,ETH
2026-09-12 03:54:00+00:00,2513.320068359375,ETH
2026-09-12 03:55:00+00:00,2513.56005859375,ETH
2026-09-12 03:56:00+00:00,2513.3798828125,ETH
2026-09-12 03:57:00+00:00,2512.699951171875,ETH
2026-09-12 03:58:00+00:00,2513.39990234375,ETH
2026-09-12 03:59:00+00:00,2512.89990234375,ETH
2026-09-12 04:00:00+00:00,2512.389892578125,ETH
2026-09-12 04:01:00+00:00,2512.64990234375,ETH
2026-09-12 04:02:00+00:00,2513.360107421875,ETH
2026-09-12 04:03:00+00:00,2512.830078125,ETH
2026-09-12 04:04:00+00:00,2512.39990234375,ETH
2026-09-12 04:05:00+00:00,2512.699951171875,ETH
2026-09-12 04:06:00+00:00,2512.780029296875,ETH
2026-09-12 04:07:00+00:00,2512.5,ETH
2026-09-12 04:08:00+00:00,2513.27001953125,ETH
2026-09-12 04:09:00+00:00,2512.580078125,ETH
2026-09-12 04:10:00+00:00,2512.27001953125,ETH
2026-09-12 04:11:00+00:00,2512.6201171875,ETH
2026-09-12 04:12:00+00:00,2512.409912109375,ETH
2026-09-12 04:13:00+00:00,2512.179931640625,ETH
2026-09-12 04:14:00+00:00,2512.580078125,ETH
2026-09-12 04:15:00+00:00,2512.989990234375,ETH
2026-09-12 04:16:00+00:00,2511.7099609375,ETH
2026-09-12 04:17:00+00:00,2511.8701171875,ETH
2026-09-12 04:18:00+00:00,2510.669921875,ETH
2026-09-12 04:19:00+00:00,2510.68994140625,ETH
2026-09-12 04:20:00+00:00,2511.110107421875,ETH
2026-09-12 04:21:00+00:00,2510.889892578125,ETH
2026-09-12 04:22:00+00:00,2510.719970703125,ETH
2026-09-12 04:23:00+00:00,2510.419921875,ETH
2026-09-12 04:24:00+00:00,2510.570068359375,ETH
2026-09-12 04:25:00+00:00,2510.860107421875,ETH
2026-09-12 04:26:00+00:00,2510.43994140625,ETH
2026-09-12 04:27:00+00:00,2510.610107421875,ETH
2026-09-12 04:28:00+00:00,2510.77001953125,ETH
2026-09-12 04:29:00+00:00,2512.030029296875,ETH
2026-09-12 04:30:00+00:00,2513.25,ETH
2026-09-12 04:31:00+00:00,2513.360107421875,ETH
2026-09-12 04:32:00+00:00,2513.159912109375,ETH
2026-09-12 04:33:00+00:00,2513.10009765625,ETH
2026-09-12 04:34:00+00:00,2512.699951171875,ETH
2026-09-12 04:35:00+00:00,2512.860107421875,ETH
2026-09-12 04:36:00+00:00,2513.550048828125,ETH
2026-09-12 04:37:00+00:00,2514.409912109375,ETH
2026-09-12 04:38:00+00:00,2514.610107421875,ETH
2026-09-12 04:39:00+00:00,2514.60009765625,ETH
2026-09-12 04:40:00+00:00,2514.169921875,ETH
2026-09-12 04:41:00+00:00,2514.159912109375,ETH
2026-09-12 04:42:00+00:00,2512.889892578125,ETH
2026-09-12 04:43:00+00:00,2513.159912109375,ETH
2026-09-12 04:44:00+00:00,2512.89990234375,ETH
2026-09-12 04:45:00+00:00,2512.419921875,ETH
2026-09-12 04:46:00+00:00,2512.35009765625,ETH
2026-09-12 04:47:00+00:00,2512.199951171875,ETH
2026-09-12 04:48:00+00:00,2512.25,ETH
2026-09-12 04:49:00+00:00,2513.43994140625,ETH
2026-09-12 04:50:00+00:00,2513.469970703125,ETH
2026-09-12 04:51:00+00:00,2513.469970703125,ETH
2026-09-12 04:52:00+00:00,2513.199951171875,ETH
2026-09-12 04:53:00+00:00,2512.39990234375,ETH
2026-09-12 04:54:00+00:00,2512.570068359375,ETH
2026-09-12 04:55:00+00:00,2512.530029296875,ETH
2026-09-12 04:56:00+00:00,2512.5,ETH
2026-09-12 04:57:00+00:00,2512.830078125,ETH
2026-09-12 04:58:00+00:00,2512.75,ETH
2026-09-12 04:59:00+00:00,2512.429931640625,ETH
2026-09-12 05:00:00+00:00,2512.0400390625,ETH
2026-09-12 05:01:00+00:00,2511.739990234375,ETH
2026-09-12 05:02:00+00:00,2511.929931640625,ETH
2026-09-12 05:03:00+00:00,2512.35009765625,ETH
2026-09-12 05:04:00+00:00,2512.340087890625,ETH
2026-09-12 05:05:00+00:00,2511.679931640625,ETH
2026-09-12 05:06:00+00:00,2511.5400390625,ETH
2026-09-12 05:07:00+00:00,2511.31005859375,ETH
2026-09-12 05:08:00+00:00,2511.580078125,ETH
2026-09-12 05:09:00+00:00,2511.2099609375,ETH
2026-09-12 05:10:00+00:00,2511.199951171875,ETH
2026-09-12 05:11:00+00:00,2511.469970703125,ETH
2026-09-12 05:12:00+00:00,2511.6298828125,ETH
2026-09-12 05:13:00+00:00,2511.760009765625,ETH
2026-09-12 05:14:00+00:00,2510.739990234375,ETH
2026-09-12 05:15:00+00:00,2510.280029296875,ETH
2026-09-12 05:16:00+00:00,2512.110107421875,ETH
2026-09-12 05:17:00+00:00,2511.43994140625,ETH
2026-09-12 05:18:00+00:00,2511.320068359375,ETH
2026-09-12 05:19:00+00:00,2511.340087890625,ETH
2026-09-12 05:20:00+00:00,2511.800048828125,ETH
2026-09-12 05:21:00+00:00,2512.469970703125,ETH
2026-09-12 05:22:00+00:00,2510.610107421875,ETH
2026-09-12 05:23:00+00:00,2510.43994140625,ETH
2026-09-12 05:24:00+00:00,2510.7099609375,ETH
2026-09-12 05:25:00+00:00,2510.25,ETH
2026-09-12 05:26:00+00:00,2511.300048828125,ETH
2026-09-12 05:27:00+00:00,2511.530029296875,ETH
2026-09-12 05:28:00+00:00,2510.8798828125,ETH
2026-09-12 05:29:00+00:00,2509.330078125,ETH
2026-09-12 05:30:00+00:00,2510.409912109375,ETH
2026-09-12 05:31:00+00:00,2509.93994140625,ETH
2026-09-12 05:32:00+00:00,2510.159912109375,ETH
2026-09-12 05:33:00+00:00,2510.179931640625,ETH
2026-09-12 05:34:00+00:00,2511.919921875,ETH
2026-09-12 05:35:00+00:00,2512.389892578125,ETH
2026-09-12 05:36:00+00:00,2512.139892578125,ETH
2026-09-12 05:37:00+00:00,2511.760009765625,ETH
2026-09-12 05:38:00+00:00,2511.8798828125,ETH
2026-09-12 05:39:00+00:00,2511.330078125,ETH
2026-09-12 05:40:00+00:00,2511.35009765625,ETH
2026-09-12 05:41:00+00:00,2510.68994140625,ETH
2026-09-12 05:42:00+00:00,2511.14990234375,ETH
2026-09-12 05:43:00+00:00,2510.840087890625,ETH
2026-09-12 05:44:00+00:00,2511.389892578125,ETH
2026-09-12 05:45:00+00:00,2511.919921875,ETH
2026-09-12 05:46:00+00:00,2511.760009765625,ETH
2026-09-12 05:47:00+00:00,2511.56005859375,ETH
2026-09-12 05:48:00+00:00,2511.969970703125,ETH
2026-09-12 05:49:00+00:00,2511.860107421875,ETH
2026-09-12 05:50:00+00:00,2512.1298828125,ETH
2026-09-12 05:51:00+00:00,2512.159912109375,ETH
2026-09-12 05:52:00+00:00,2511.8798828125,ETH
2026-09-12 05:53:00+00:00,2511.9599609375,ETH
2026-09-12 05:54:00+00:00,2512.14990234375,ETH
2026-09-12 05:55:00+00:00,2511.830078125,ETH
2026-09-12 05:56:00+00:00,2511.93994140625,ETH
2026-09-12 05:57:00+00:00,2512.030029296875,ETH
2026-09-12 05:58:00+00:00,2511.610107421875,ETH
2026-09-12 05:59:00+00:00,2511.4599609375,ETH
2026-09-12 06:00:00+00:00,2511.419921875,ETH
2026-09-12 06:01:00+00:00,2511.60009765625,ETH
2026-09-12 06:02:00+00:00,2511.409912109375,ETH
2026-09-12 06:03:00+00:00,2511.409912109375,ETH
2026-09-12 06:04:00+00:00,2511.25,ETH
2026-09-12 06:05:00+00:00,2511.070068359375,ETH
2026-09-12 06:06:00+00:00,2510.659912109375,ETH
2026-09-12 06:07:00+00:00,2510.469970703125,ETH
2026-09-12 06:08:00+00:00,2510.830078125,ETH
2026-09-12 06:09:00+00:00,2510.820068359375,ETH
2026-09-12 06:10:00+00:00,2510.9599609375,ETH
2026-09-12 06:11:00+00:00,2510.409912109375,ETH
2026-09-12 06:12:00+00:00,2510.300048828125,ETH
2026-09-12 06:13:00+00:00,2510.919921875,ETH
2026-09-12 06:14:00+00:00,2510.510009765625,ETH
2026-09-12 06:15:00+00:00,2510.320068359375,ETH
2026-09-12 06:16:00+00:00,2511.2099609375,ETH
2026-09-12 06:17:00+00:00,2511.97998046875,ETH
2026-09-12 06:18:00+00:00,2512.3798828125,ETH
2026-09-12 06:19:00+00:00,2511.760009765625,ETH
2026-09-12 06:20:00+00:00,2511.9599609375,ETH
2026-09-12 06:21:00+00:00,2511.679931640625,ETH
2026-09-12 06:22:00+00:00,2511.6298828125,ETH
2026-09-12 06:23:00+00:00,2511.929931640625,ETH
2026-09-12 06:24:00+00:00,2511.60009765625,ETH
2026-09-12 06:25:00+00:00,2512.5400390625,ETH
2026-09-12 06:26:00+00:00,2512.43994140625,ETH
2026-09-12 06:27:00+00:00,2512.429931640625,ETH
2026-09-12 06:28:00+00:00,2512.429931640625,ETH
2026-09-12 06:29:00+00:00,2511.840087890625,ETH
2026-09-12 06:30:00+00:00,2513.60009765625,ETH
2026-09-12 06:31:00+00:00,2513.60009765625,ETH
2026-09-12 06:32:00+00:00,2513.81005859375,ETH
2026-09-12 06:33:00+00:00,2514.010009765625,ETH
2026-09-12 06:34:00+00:00,2513.449951171875,ETH
2026-09-12 06:35:00+00:00,2513.360107421875,ETH
2026-09-12 06:36:00+00:00,2513.929931640625,ETH
2026-09-12 06:37:00+00:00,2514.239990234375,ETH
2026-09-12 06:38:00+00:00,2514.300048828125,ETH
2026-09-12 06:39:00+00:00,2515.280029296875,ETH
2026-09-12 06:40:00+00:00,2515.070068359375,ETH
2026-09-12 06:41:00+00:00,2515.02001953125,ETH
2026-09-12 06:42:00+00:00,2516.679931640625,ETH
2026-09-12 06:43:00+00:00,2517.52001953125,ETH
2026-09-12 06:44:00+00:00,2518.409912109375,ETH
2026-09-12 06:45:00+00:00,2518.159912109375,ETH
2026-09-12 06:46:00+00:00,2518.6201171875,ETH
2026-09-12 06:47:00+00:00,2521.389892578125,ETH
2026-09-12 06:48:00+00:00,2520.260009765625,ETH
2026-09-12 06:49:00+00:00,2520.5400390625,ETH
2026-09-12 06:50:00+00:00,2520.320068359375,ETH
2026-09-12 06:51:00+00:00,2521.06005859375,ETH
2026-09-12 06:52:00+00:00,2520.0,ETH
2026-09-12 06:53:00+00:00,2520.179931640625,ETH
2026-09-12 06:54:00+00:00,2519.830078125,ETH
2026-09-12 06:55:00+00:00,2519.510009765625,ETH
2026-09-12 06:56:00+00:00,2518.739990234375,ETH
2026-09-12 06:57:00+00:00,2519.389892578125,ETH
2026-09-12 06:58:00+00:00,2519.06005859375,ETH
2026-09-12 06:59:00+00:00,2519.050048828125,ETH
2026-09-12 07:00:00+00:00,2519.9599609375,ETH
2026-09-12 07:01:00+00:00,2520.889892578125,ETH
2026-09-12 07:02:00+00:00,2521.5,ETH
2026-09-12 07:03:00+00:00,2521.719970703125,ETH
2026-09-12 07:04:00+00:00,2522.080078125,ETH
2026-09-12 07:05:00+00:00,2521.7900390625,ETH
2026-09-12 07:06:00+00:00,2521.81005859375,ETH
2026-09-12 07:07:00+00:00,2522.669921875,ETH
2026-09-12 07:08:00+00:00,2523.739990234375,ETH
2026-09-12 07:09:00+00:00,2524.090087890625,ETH
2026-09-12 07:10:00+00:00,2524.199951171875,ETH
2026-09-12 07:11:00+00:00,2522.889892578125,ETH
2026-09-12 07:12:00+00:00,2523.9599609375,ETH
2026-09-12 07:13:00+00:00,2523.760009765625,ETH
2026-09-12 07:14:00+00:00,2523.909912109375,ETH
2026-09-12 07:15:00+00:00,2523.25,ETH
2026-09-12 07:16:00+00:00,2522.320068359375,ETH
2026-09-12 07:17:00+00:00,2522.860107421875,ETH
2026-09-12 07:18:00+00:00,2522.18994140625,ETH
2026-09-12 07:19:00+00:00,2522.110107421875,ETH
2026-09-12 07:20:00+00:00,2522.10009765625,ETH
2026-09-12 07:21:00+00:00,2524.18994140625,ETH
2026-09-12 07:22:00+00:00,2523.639892578125,ETH
2026-09-12 07:23:00+00:00,2523.64990234375,ETH
2026-09-12 07:24:00+00:00,2523.31005859375,ETH
2026-09-12 07:25:00+00:00,2523.6201171875,ETH
2026-09-12 07:26:00+00:00,2523.110107421875,ETH
2026-09-12 07:27:00+00:00,2523.090087890625,ETH
2026-09-12 07:28:00+00:00,2523.0400390625,ETH
2026-09-12 07:29:00+00:00,2522.8798828125,ETH
2026-09-12 07:30:00+00:00,2522.39990234375,ETH
2026-09-12 07:31:00+00:00,2522.14990234375,ETH
2026-09-12 07:32:00+00:00,2522.110107421875,ETH
2026-09-12 07:33:00+00:00,2522.159912109375,ETH
2026-09-12 07:34:00+00:00,2521.610107421875,ETH
2026-09-12 07:35:00+00:00,2522.090087890625,ETH
2026-09-12 07:36:00+00:00,2522.800048828125,ETH
2026-09-12 07:37:00+00:00,2522.570068359375,ETH
2026-09-12 07:38:00+00:00,2522.320068359375,ETH
2026-09-12 07:39:00+00:00,2522.090087890625,ETH
2026-09-12 07:40:00+00:00,2521.760009765625,ETH
2026-09-12 07:41:00+00:00,2522.489990234375,ETH
2026-09-12 07:42:00+00:00,2522.5,ETH
2026-09-12 07:43:00+00:00,2522.8701171875,ETH
2026-09-12 07:44:00+00:00,2522.469970703125,ETH
2026-09-12 07:45:00+00:00,2521.699951171875,ETH
2026-09-12 07:46:00+00:00,2521.820068359375,ETH
2026-09-12 07:47:00+00:00,2522.090087890625,ETH
2026-09-12 07:48:00+00:00,2522.360107421875,ETH
2026-09-12 07:49:00+00:00,2522.699951171875,ETH
2026-09-12 07:50:00+00:00,2522.669921875,ETH
2026-09-12 07:51:00+00:00,2522.31005859375,ETH
2026-09-12 07:52:00+00:00,2522.330078125,ETH
2026-09-12 07:53:00+00:00,2523.340087890625,ETH
2026-09-12 07:54:00+00:00,2523.60009765625,ETH
2026-09-12 07:55:00+00:00,2523.5,ETH
2026-09-12 07:56:00+00:00,2523.550048828125,ETH
2026-09-12 07:57:00+00:00,2522.969970703125,ETH
2026-09-12 07:58:00+00:00,2523.469970703125,ETH
2026-09-12 07:59:00+00:00,2523.2900390625,ETH
2026-09-12 08:00:00+00:00,2523.610107421875,ETH
2026-09-12 08:01:00+00:00,2522.81005859375,ETH
2026-09-12 08:02:00+00:00,2522.780029296875,ETH
2026-09-12 08:03:00+00:00,2523.43994140625,ETH
2026-09-12 08:04:00+00:00,2523.050048828125,ETH
2026-09-12 08:05:00+00:00,2525.0400390625,ETH
2026-09-12 08:06:00+00:00,2524.6298828125,ETH
2026-09-12 08:07:00+00:00,2524.739990234375,ETH
2026-09-12 08:08:00+00:00,2524.699951171875,ETH
2026-09-12 08:09:00+00:00,2526.409912109375,ETH
2026-09-12 08:10:00+00:00,2524.8798828125,ETH
2026-09-12 08:11:00+00:00,2525.949951171875,ETH
2026-09-12 08:12:00+00:00,2527.22998046875,ETH
2026-09-12 08:13:00+00:00,2524.39990234375,ETH
2026-09-12 08:14:00+00:00,2525.320068359375,ETH
2026-09-12 08:15:00+00:00,2525.31005859375,ETH
2026-09-12 08:16:00+00:00,2527.570068359375,ETH
2026-09-12 08:17:00+00:00,2527.330078125,ETH
2026-09-12 08:18:00+00:00,2526.590087890625,ETH
2026-09-12 08:19:00+00:00,2526.8798828125,ETH
2026-09-12 08:20:00+00:00,2527.2099609375,ETH
2026-09-12 08:21:00+00:00,2528.06005859375,ETH
2026-09-12 08:22:00+00:00,2528.97998046875,ETH
2026-09-12 08:23:00+00:00,2527.1201171875,ETH
2026-09-12 08:24:00+00:00,2527.06005859375,ETH
2026-09-12 08:25:00+00:00,2526.820068359375,ETH
2026-09-12 08:26:00+00:00,2526.9599609375,ETH
2026-09-12 08:27:00+00:00,2526.7900390625,ETH
2026-09-12 08:28:00+00:00,2528.169921875,ETH
2026-09-12 08:29:00+00:00,2528.3798828125,ETH
2026-09-12 08:30:00+00:00,2529.360107421875,ETH
2026-09-12 08:31:00+00:00,2529.030029296875,ETH
2026-09-12 08:32:00+00:00,2527.800048828125,ETH
2026-09-12 08:33:00+00:00,2528.010009765625,ETH
2026-09-12 08:34:00+00:00,2528.469970703125,ETH
2026-09-12 08:35:00+00:00,2527.409912109375,ETH
2026-09-12 08:36:00+00:00,2529.0400390625,ETH
2026-09-12 08:37:00+00:00,2530.8701171875,ETH
2026-09-12 08:38:00+00:00,2530.030029296875,ETH
2026-09-12 08:39:00+00:00,2531.0,ETH
2026-09-12 08:40:00+00:00,2530.429931640625,ETH
2026-09-12 08:41:00+00:00,2530.840087890625,ETH
2026-09-12 08:42:00+00:00,2531.8798828125,ETH
2026-09-12 08:43:00+00:00,2531.25,ETH
2026-09-12 08:44:00+00:00,2532.320068359375,ETH
2026-09-12 08:45:00+00:00,2532.81005859375,ETH
2026-09-12 08:46:00+00:00,2532.280029296875,ETH
2026-09-12 08:47:00+00:00,2534.429931640625,ETH
2026-09-12 08:48:00+00:00,2534.56005859375,ETH
2026-09-12 08:49:00+00:00,2534.010009765625,ETH
2026-09-12 08:50:00+00:00,2535.070068359375,ETH
2026-09-12 08:51:00+00:00,2534.22998046875,ETH
2026-09-12 08:52:00+00:00,2535.18994140625,ETH
2026-09-12 08:53:00+00:00,2535.719970703125,ETH
2026-09-12 08:54:00+00:00,2533.719970703125,ETH
2026-09-12 08:55:00+00:00,2533.199951171875,ETH
2026-09-12 08:56:00+00:00,2533.3701171875,ETH
2026-09-12 08:57:00+00:00,2532.47998046875,ETH
2026-09-12 08:58:00+00:00,2533.010009765625,ETH
2026-09-12 08:59:00+00:00,2533.050048828125,ETH
2026-09-12 09:00:00+00:00,2533.31005859375,ETH
2026-09-12 09:01:00+00:00,2531.969970703125,ETH
2026-09-12 09:02:00+00:00,2534.18994140625,ETH
2026-09-12 09:03:00+00:00,2536.06005859375,ETH
2026-09-12 09:04:00+00:00,2534.010009765625,ETH
2026-09-12 09:05:00+00:00,2535.2900390625,ETH
2026-09-12 09:06:00+00:00,2532.6298828125,ETH
2026-09-12 09:07:00+00:00,2532.1298828125,ETH
2026-09-12 09:08:00+00:00,2532.010009765625,ETH
2026-09-12 09:09:00+00:00,2532.2099609375,ETH
2026-09-12 09:10:00+00:00,2532.419921875,ETH
2026-09-12 09:11:00+00:00,2534.010009765625,ETH
2026-09-12 09:12:00+00:00,2533.43994140625,ETH
2026-09-12 09:13:00+00:00,2533.0,ETH
2026-09-12 09:14:00+00:00,2534.679931640625,ETH
2026-09-12 09:15:00+00:00,2534.669921875,ETH
2026-09-12 09:16:00+00:00,2536.219970703125,ETH
2026-09-12 09:17:00+00:00,2534.2900390625,ETH
2026-09-12 09:18:00+00:00,2534.800048828125,ETH
2026-09-12 09:19:00+00:00,2534.800048828125,ETH
2026-09-12 09:20:00+00:00,2533.510009765625,ETH
2026-09-12 09:21:00+00:00,2532.8798828125,ETH
2026-09-12 09:22:00+00:00,2532.860107421875,ETH
2026-09-12 09:23:00+00:00,2532.6201171875,ETH
2026-09-12 09:24:00+00:00,2535.590087890625,ETH
2026-09-12 09:25:00+00:00,2535.550048828125,ETH
2026-09-12 09:26:00+00:00,2535.75,ETH
2026-09-12 09:27:00+00:00,2535.489990234375,ETH
2026-09-12 09:28:00+00:00,2536.75,ETH
2026-09-12 09:29:00+00:00,2534.800048828125,ETH
2026-09-12 09:30:00+00:00,2536.47998046875,ETH
2026-09-12 09:31:00+00:00,2536.0400390625,ETH
2026-09-12 09:32:00+00:00,2533.3798828125,ETH
2026-09-12 09:33:00+00:00,2532.760009765625,ETH
2026-09-12 09:34:00+00:00,2532.5,ETH
2026-09-12 09:35:00+00:00,2531.260009765625,ETH
2026-09-12 09:36:00+00:00,2532.389892578125,ETH
2026-09-12 09:37:00+00:00,2532.31005859375,ETH
2026-09-12 09:38:00+00:00,2533.969970703125,ETH
2026-09-12 09:39:00+00:00,2533.659912109375,ETH
2026-09-12 09:40:00+00:00,2533.3701171875,ETH
2026-09-12 09:41:00+00:00,2533.419921875,ETH
2026-09-12 09:42:00+00:00,2533.260009765625,ETH
2026-09-12 09:43:00+00:00,2531.530029296875,ETH
2026-09-12 09:44:00+00:00,2531.330078125,ETH
2026-09-12 09:45:00+00:00,2532.10009765625,ETH
2026-09-12 09:46:00+00:00,2530.7099609375,ETH
2026-09-12 09:47:00+00:00,2530.0,ETH
2026-09-12 09:48:00+00:00,2530.31005859375,ETH
2026-09-12 09:49:00+00:00,2529.320068359375,ETH
2026-09-12 09:50:00+00:00,2530.39990234375,ETH
2026-09-12 09:51:00+00:00,2530.260009765625,ETH
2026-09-12 09:52:00+00:00,2529.52001953125,ETH
2026-09-12 09:53:00+00:00,2529.3798828125,ETH
2026-09-12 09:54:00+00:00,2528.8701171875,ETH
2026-09-12 09:55:00+00:00,2529.75,ETH
2026-09-12 09:56:00+00:00,2529.7099609375,ETH
2026-09-12 09:57:00+00:00,2529.929931640625,ETH
2026-09-12 09:58:00+00:00,2530.080078125,ETH
2026-09-12 09:59:00+00:00,2530.5400390625,ETH
2026-09-12 10:00:00+00:00,2530.800048828125,ETH
2026-09-12 10:01:00+00:00,2532.610107421875,ETH
2026-09-12 10:02:00+00:00,2534.080078125,ETH
2026-09-12 10:03:00+00:00,2533.39990234375,ETH
2026-09-12 10:04:00+00:00,2532.280029296875,ETH
2026-09-12 10:05:00+00:00,2533.280029296875,ETH
2026-09-12 10:06:00+00:00,2534.39990234375,ETH
2026-09-12 10:07:00+00:00,2534.699951171875,ETH
2026-09-12 10:08:00+00:00,2534.1201171875,ETH
2026-09-12 10:09:00+00:00,2533.580078125,ETH
2026-09-12 10:10:00+00:00,2532.97998046875,ETH
2026-09-12 10:11:00+00:00,2533.75,ETH
2026-09-12 10:12:00+00:00,2533.6201171875,ETH
2026-09-12 10:13:00+00:00,2533.929931640625,ETH
2026-09-12 10:14:00+00:00,2533.419921875,ETH
2026-09-12 10:15:00+00:00,2533.090087890625,ETH
2026-09-12 10:16:00+00:00,2532.919921875,ETH
2026-09-12 10:17:00+00:00,2532.68994140625,ETH
2026-09-12 10:18:00+00:00,2532.64990234375,ETH
2026-09-12 10:19:00+00:00,2532.489990234375,ETH
2026-09-12 10:20:00+00:00,2532.81005859375,ETH
2026-09-12 10:21:00+00:00,2532.080078125,ETH
2026-09-12 10:22:00+00:00,2531.530029296875,ETH
2026-09-12 10:23:00+00:00,2531.1298828125,ETH
2026-09-12 10:24:00+00:00,2531.31005859375,ETH
2026-09-12 10:25:00+00:00,2531.320068359375,ETH
2026-09-12 10:26:00+00:00,2531.39990234375,ETH
2026-09-12 10:27:00+00:00,2531.39990234375,ETH
2026-09-12 10:28:00+00:00,2531.39990234375,ETH
2026-09-12 10:29:00+00:00,2531.419921875,ETH
2026-09-12 10:30:00+00:00,2531.489990234375,ETH
2026-09-12 10:31:00+00:00,2530.93994140625,ETH
2026-09-12 10:32:00+00:00,2530.77001953125,ETH
2026-09-12 10:33:00+00:00,2530.669921875,ETH
2026-09-12 10:34:00+00:00,2530.669921875,ETH
2026-09-12 10:35:00+00:00,2530.830078125,ETH
2026-09-12 10:36:00+00:00,2530.68994140625,ETH
2026-09-12 10:37:00+00:00,2530.830078125,ETH
2026-09-12 10:38:00+00:00,2531.090087890625,ETH
2026-09-12 10:39:00+00:00,2531.570068359375,ETH
2026-09-12 10:40:00+00:00,2531.89990234375,ETH
2026-09-12 10:41:00+00:00,2533.070068359375,ETH
2026-09-12 10:42:00+00:00,2532.179931640625,ETH
2026-09-12 10:43:00+00:00,2532.60009765625,ETH
2026-09-12 10:44:00+00:00,2532.580078125,ETH
2026-09-12 10:45:00+00:00,2532.60009765625,ETH
2026-09-12 10:46:00+00:00,2533.52001953125,ETH
2026-09-12 10:47:00+00:00,2534.2099609375,ETH
2026-09-12 10:48:00+00:00,2532.469970703125,ETH
2026-09-12 10:49:00+00:00,2532.75,ETH
2026-09-12 10:50:00+00:00,2532.860107421875,ETH
2026-09-12 10:51:00+00:00,2532.429931640625,ETH
2026-09-12 10:52:00+00:00,2531.35009765625,ETH
2026-09-12 10:53:00+00:00,2531.419921875,ETH
2026-09-12 10:54:00+00:00,2530.780029296875,ETH
2026-09-12 10:55:00+00:00,2533.14990234375,ETH
2026-09-12 10:56:00+00:00,2531.93994140625,ETH
2026-09-12 10:57:00+00:00,2532.570068359375,ETH
2026-09-12 10:58:00+00:00,2532.389892578125,ETH
2026-09-12 10:59:00+00:00,2533.090087890625,ETH
2026-09-12 11:00:00+00:00,2533.75,ETH
2026-09-12 11:01:00+00:00,2534.469970703125,ETH
2026-09-12 11:02:00+00:00,2532.0400390625,ETH
2026-09-12 11:03:00+00:00,2532.0400390625,ETH
2026-09-12 11:04:00+00:00,2532.219970703125,ETH
2026-09-12 11:05:00+00:00,2532.3701171875,ETH
2026-09-12 11:06:00+00:00,2532.3701171875,ETH
2026-09-12 11:07:00+00:00,2531.320068359375,ETH
2026-09-12 11:08:00+00:00,2531.179931640625,ETH
2026-09-12 11:09:00+00:00,2531.159912109375,ETH
2026-09-12 11:10:00+00:00,2531.110107421875,ETH
2026-09-12 11:11:00+00:00,2531.550048828125,ETH
2026-09-12 11:12:00+00:00,2531.419921875,ETH
2026-09-12 11:13:00+00:00,2531.419921875,ETH
2026-09-12 11:14:00+00:00,2531.780029296875,ETH
2026-09-12 11:15:00+00:00,2531.179931640625,ETH
2026-09-12 11:16:00+00:00,2531.080078125,ETH
2026-09-12 11:17:00+00:00,2531.1201171875,ETH
2026-09-12 11:18:00+00:00,2531.1298828125,ETH
2026-09-12 11:19:00+00:00,2531.6298828125,ETH
2026-09-12 11:20:00+00:00,2531.60009765625,ETH
2026-09-12 11:21:00+00:00,2531.6298828125,ETH
2026-09-12 11:22:00+00:00,2531.679931640625,ETH
2026-09-12 11:23:00+00:00,2531.75,ETH
2026-09-12 11:24:00+00:00,2532.10009765625,ETH
2026-09-12 11:25:00+00:00,2531.5400390625,ETH
2026-09-12 11:26:00+00:00,2531.610107421875,ETH
2026-09-12 11:27:00+00:00,2531.780029296875,ETH
2026-09-12 11:28:00+00:00,2532.22998046875,ETH
2026-09-12 11:29:00+00:00,2532.219970703125,ETH
2026-09-12 11:30:00+00:00,2532.7900390625,ETH
2026-09-12 11:31:00+00:00,2532.699951171875,ETH
2026-09-12 11:32:00+00:00,2534.760009765625,ETH
2026-09-12 11:33:00+00:00,2534.75,ETH
2026-09-12 11:34:00+00:00,2534.360107421875,ETH
2026-09-12 11:35:00+00:00,2535.159912109375,ETH
2026-09-12 11:36:00+00:00,2534.31005859375,ETH
2026-09-12 11:37:00+00:00,2534.669921875,ETH
2026-09-12 11:38:00+00:00,2534.909912109375,ETH
2026-09-12 11:39:00+00:00,2534.6201171875,ETH
2026-09-12 11:40:00+00:00,2534.590087890625,ETH
2026-09-12 11:41:00+00:00,2534.780029296875,ETH
2026-09-12 11:42:00+00:00,2535.159912109375,ETH
2026-09-12 11:43:00+00:00,2536.52001953125,ETH
2026-09-12 11:44:00+00:00,2536.489990234375,ETH
2026-09-12 11:45:00+00:00,2536.580078125,ETH
2026-09-12 11:46:00+00:00,2536.6201171875,ETH
2026-09-12 11:47:00+00:00,2535.68994140625,ETH
2026-09-12 11:48:00+00:00,2535.889892578125,ETH
2026-09-12 11:49:00+00:00,2535.75,ETH
2026-09-12 11:50:00+00:00,2535.739990234375,ETH
2026-09-12 11:51:00+00:00,2535.9599609375,ETH
2026-09-12 11:52:00+00:00,2535.969970703125,ETH
2026-09-12 11:53:00+00:00,2535.25,ETH
2026-09-12 11:54:00+00:00,2535.760009765625,ETH
2026-09-12 11:55:00+00:00,2535.760009765625,ETH
2026-09-12 11:56:00+00:00,2535.840087890625,ETH
2026-09-12 11:57:00+00:00,2535.320068359375,ETH
2026-09-12 11:58:00+00:00,2535.719970703125,ETH
2026-09-12 11:59:00+00:00,2536.080078125,ETH
2026-09-12 12:00:00+00:00,2535.639892578125,ETH
2026-09-12 12:01:00+00:00,2535.409912109375,ETH
2026-09-12 12:02:00+00:00,2535.0,ETH
2026-09-12 12:03:00+00:00,2535.0,ETH
2026-09-12 12:04:00+00:00,2534.840087890625,ETH
2026-09-12 12:05:00+00:00,2534.93994140625,ETH
2026-09-12 12:06:00+00:00,2535.1201171875,ETH
2026-09-12 12:07:00+00:00,2535.10009765625,ETH
2026-09-12 12:08:00+00:00,2535.31005859375,ETH
2026-09-12 12:09:00+00:00,2535.340087890625,ETH
2026-09-12 12:10:00+00:00,2533.35009765625,ETH
2026-09-12 12:11:00+00:00,2533.530029296875,ETH
2026-09-12 12:12:00+00:00,2533.800048828125,ETH
2026-09-12 12:13:00+00:00,2533.64990234375,ETH
2026-09-12 12:14:00+00:00,2533.77001953125,ETH
2026-09-12 12:15:00+00:00,2533.320068359375,ETH
2026-09-12 12:16:00+00:00,2534.2900390625,ETH
2026-09-12 12:17:00+00:00,2534.1201171875,ETH
2026-09-12 12:18:00+00:00,2533.2900390625,ETH
2026-09-12 12:19:00+00:00,2533.179931640625,ETH
2026-09-12 12:20:00+00:00,2532.919921875,ETH
2026-09-12 12:21:00+00:00,2533.429931640625,ETH
2026-09-12 12:22:00+00:00,2532.81005859375,ETH
2026-09-12 12:23:00+00:00,2533.0400390625,ETH
2026-09-12 12:24:00+00:00,2533.280029296875,ETH
2026-09-12 12:25:00+00:00,2533.800048828125,ETH
2026-09-12 12:26:00+00:00,2533.280029296875,ETH
2026-09-12 12:27:00+00:00,2533.419921875,ETH
2026-09-12 12:28:00+00:00,2533.5400390625,ETH
2026-09-12 12:29:00+00:00,2533.070068359375,ETH
2026-09-12 12:30:00+00:00,2533.050048828125,ETH
2026-09-12 12:31:00+00:00,2533.31005859375,ETH
2026-09-12 12:32:00+00:00,2533.449951171875,ETH
2026-09-12 12:33:00+00:00,2533.330078125,ETH
2026-09-12 12:34:00+00:00,2532.8701171875,ETH
2026-09-12 12:35:00+00:00,2534.3798828125,ETH
2026-09-12 12:36:00+00:00,2534.4599609375,ETH
2026-09-12 12:37:00+00:00,2534.219970703125,ETH
2026-09-12 12:38:00+00:00,2535.010009765625,ETH
2026-09-12 12:39:00+00:00,2534.949951171875,ETH
2026-09-12 12:40:00+00:00,2535.030029296875,ETH
2026-09-12 12:41:00+00:00,2535.52001953125,ETH
2026-09-12 12:42:00+00:00,2535.260009765625,ETH
2026-09-12 12:43:00+00:00,2534.85009765625,ETH
2026-09-12 12:44:00+00:00,2533.93994140625,ETH
2026-09-12 12:45:00+00:00,2534.10009765625,ETH
2026-09-12 12:46:00+00:00,2534.219970703125,ETH
2026-09-12 12:47:00+00:00,2535.419921875,ETH
2026-09-12 12:48:00+00:00,2535.860107421875,ETH
2026-09-12 12:49:00+00:00,2535.110107421875,ETH
2026-09-12 12:50:00+00:00,2534.830078125,ETH
2026-09-12 12:51:00+00:00,2533.570068359375,ETH
2026-09-12 12:52:00+00:00,2532.3798828125,ETH
2026-09-12 12:53:00+00:00,2532.639892578125,ETH
2026-09-12 12:54:00+00:00,2532.340087890625,ETH
2026-09-12 12:55:00+00:00,2532.760009765625,ETH
2026-09-12 12:56:00+00:00,2533.14990234375,ETH
2026-09-12 12:57:00+00:00,2533.31005859375,ETH
2026-09-12 12:58:00+00:00,2533.860107421875,ETH
2026-09-12 12:59:00+00:00,2535.219970703125,ETH
2026-09-12 13:00:00+00:00,2535.070068359375,ETH
2026-09-12 13:01:00+00:00,2535.280029296875,ETH
2026-09-12 13:02:00+00:00,2534.89990234375,ETH
2026-09-12 13:03:00+00:00,2535.25,ETH
2026-09-12 13:04:00+00:00,2535.5400390625,ETH
2026-09-12 13:05:00+00:00,2535.260009765625,ETH
2026-09-12 13:06:00+00:00,2535.0400390625,ETH
2026-09-12 13:07:00+00:00,2538.0,ETH
2026-09-12 13:08:00+00:00,2541.8798828125,ETH
2026-09-12 13:09:00+00:00,2539.469970703125,ETH
2026-09-12 13:10:00+00:00,2540.260009765625,ETH
2026-09-12 13:11:00+00:00,2540.39990234375,ETH
2026-09-12 13:12:00+00:00,2543.0,ETH
2026-09-12 13:13:00+00:00,2539.110107421875,ETH
2026-09-12 13:14:00+00:00,2538.510009765625,ETH
2026-09-12 13:15:00+00:00,2538.5400390625,ETH
2026-09-12 13:16:00+00:00,2540.27001953125,ETH
2026-09-12 13:17:00+00:00,2537.77001953125,ETH
2026-09-12 13:18:00+00:00,2536.39990234375,ETH
2026-09-12 13:19:00+00:00,2538.919921875,ETH
2026-09-12 13:20:00+00:00,2540.080078125,ETH
2026-09-12 13:21:00+00:00,2539.429931640625,ETH
2026-09-12 13:22:00+00:00,2539.330078125,ETH
2026-09-12 13:23:00+00:00,2540.070068359375,ETH
2026-09-12 13:24:00+00:00,2540.31005859375,ETH
2026-09-12 13:25:00+00:00,2540.409912109375,ETH
2026-09-12 13:26:00+00:00,2538.169921875,ETH
2026-09-12 13:27:00+00:00,2538.89990234375,ETH
2026-09-12 13:28:00+00:00,2539.2900390625,ETH
2026-09-12 13:29:00+00:00,2540.139892578125,ETH
2026-09-12 13:30:00+00:00,2540.14990234375,ETH
2026-09-12 13:31:00+00:00,2538.2099609375,ETH
2026-09-12 13:32:00+00:00,2537.919921875,ETH
2026-09-12 13:33:00+00:00,2540.659912109375,ETH
2026-09-12 13:34:00+00:00,2540.340087890625,ETH
2026-09-12 13:35:00+00:00,2539.929931640625,ETH
2026-09-12 13:36:00+00:00,2539.010009765625,ETH
2026-09-12 13:37:00+00:00,2538.989990234375,ETH
2026-09-12 13:38:00+00:00,2538.169921875,ETH
2026-09-12 13:39:00+00:00,2538.6201171875,ETH
2026-09-12 13:40:00+00:00,2539.0,ETH
2026-09-12 13:41:00+00:00,2539.39990234375,ETH
2026-09-12 13:42:00+00:00,2538.6201171875,ETH
2026-09-12 13:43:00+00:00,2538.6201171875,ETH
2026-09-12 13:44:00+00:00,2537.860107421875,ETH
2026-09-12 13:45:00+00:00,2538.10009765625,ETH
2026-09-12 13:46:00+00:00,2538.0,ETH
2026-09-12 13:47:00+00:00,2538.739990234375,ETH
2026-09-12 13:48:00+00:00,2537.199951171875,ETH
2026-09-12 13:49:00+00:00,2537.570068359375,ETH
2026-09-12 13:50:00+00:00,2537.780029296875,ETH
2026-09-12 13:51:00+00:00,2537.800048828125,ETH
2026-09-12 13:52:00+00:00,2539.800048828125,ETH
2026-09-12 13:53:00+00:00,2539.0400390625,ETH
2026-09-12 13:54:00+00:00,2540.989990234375,ETH
2026-09-12 13:55:00+00:00,2541.610107421875,ETH
2026-09-12 13:56:00+00:00,2541.429931640625,ETH
2026-09-12 13:57:00+00:00,2542.1201171875,ETH
2026-09-12 13:58:00+00:00,2543.2099609375,ETH
2026-09-12 13:59:00+00:00,2543.969970703125,ETH
2026-09-12 14:00:00+00:00,2543.030029296875,ETH
2026-09-12 14:01:00+00:00,2541.719970703125,ETH
2026-09-12 14:02:00+00:00,2541.429931640625,ETH
2026-09-12 14:03:00+00:00,2541.679931640625,ETH
2026-09-12 14:04:00+00:00,2542.610107421875,ETH
2026-09-12 14:05:00+00:00,2541.830078125,ETH
2026-09-12 14:06:00+00:00,2543.72998046875,ETH
2026-09-12 14:07:00+00:00,2543.409912109375,ETH
2026-09-12 14:08:00+00:00,2542.739990234375,ETH
2026-09-12 14:09:00+00:00,2542.31005859375,ETH
2026-09-12 14:10:00+00:00,2541.5,ETH
2026-09-12 14:11:00+00:00,2541.1201171875,ETH
2026-09-12 14:12:00+00:00,2540.739990234375,ETH
2026-09-12 14:13:00+00:00,2540.409912109375,ETH
2026-09-12 14:14:00+00:00,2540.93994140625,ETH
2026-09-12 14:15:00+00:00,2540.72998046875,ETH
2026-09-12 14:16:00+00:00,2541.530029296875,ETH
2026-09-12 14:17:00+00:00,2541.1201171875,ETH
2026-09-12 14:18:00+00:00,2540.47998046875,ETH
2026-09-12 14:19:00+00:00,2540.260009765625,ETH
2026-09-12 14:20:00+00:00,2541.610107421875,ETH
2026-09-12 14:21:00+00:00,2541.159912109375,ETH
2026-09-12 14:22:00+00:00,2541.199951171875,ETH
2026-09-12 14:23:00+00:00,2540.6298828125,ETH
2026-09-12 14:24:00+00:00,2540.39990234375,ETH
2026-09-12 14:25:00+00:00,2541.47998046875,ETH
2026-09-12 14:26:00+00:00,2541.0,ETH
2026-09-12 14:27:00+00:00,2542.739990234375,ETH
2026-09-12 14:28:00+00:00,2542.39990234375,ETH
2026-09-12 14:29:00+00:00,2542.22998046875,ETH
2026-09-12 14:30:00+00:00,2542.699951171875,ETH
2026-09-12 14:31:00+00:00,2542.580078125,ETH
2026-09-12 14:32:00+00:00,2543.080078125,ETH
2026-09-12 14:33:00+00:00,2543.469970703125,ETH
2026-09-12 14:34:00+00:00,2540.5400390625,ETH
2026-09-12 14:35:00+00:00,2540.5400390625,ETH
2026-09-12 14:36:00+00:00,2541.219970703125,ETH
2026-09-12 14:37:00+00:00,2541.5,ETH
2026-09-12 14:38:00+00:00,2542.5400390625,ETH
2026-09-12 14:39:00+00:00,2541.860107421875,ETH
2026-09-12 14:40:00+00:00,2542.179931640625,ETH
2026-09-12 14:41:00+00:00,2541.39990234375,ETH
2026-09-12 14:42:00+00:00,2540.639892578125,ETH
2026-09-12 14:43:00+00:00,2540.639892578125,ETH
2026-09-12 14:44:00+00:00,2539.030029296875,ETH
2026-09-12 14:45:00+00:00,2538.7099609375,ETH
2026-09-12 14:46:00+00:00,2539.10009765625,ETH
2026-09-12 14:47:00+00:00,2540.0,ETH
2026-09-12 14:48:00+00:00,2540.39990234375,ETH
2026-09-12 14:49:00+00:00,2540.6298828125,ETH
2026-09-12 14:50:00+00:00,2539.610107421875,ETH
2026-09-12 14:51:00+00:00,2540.030029296875,ETH
2026-09-12 14:52:00+00:00,2540.510009765625,ETH
2026-09-12 14:53:00+00:00,2540.489990234375,ETH
2026-09-12 14:54:00+00:00,2540.1201171875,ETH
2026-09-12 14:55:00+00:00,2540.0400390625,ETH
2026-09-12 14:56:00+00:00,2539.10009765625,ETH
2026-09-12 14:57:00+00:00,2539.1201171875,ETH
2026-09-12 14:58:00+00:00,2539.06005859375,ETH
2026-09-12 14:59:00+00:00,2539.10009765625,ETH
2026-09-12 15:00:00+00:00,2539.7099609375,ETH
2026-09-12 15:01:00+00:00,2539.219970703125,ETH
2026-09-12 15:02:00+00:00,2539.360107421875,ETH
2026-09-12 15:03:00+00:00,2539.72998046875,ETH
2026-09-12 15:04:00+00:00,2539.449951171875,ETH
2026-09-12 15:05:00+00:00,2539.409912109375,ETH
2026-09-12 15:06:00+00:00,2539.0,ETH
2026-09-12 15:07:00+00:00,2539.330078125,ETH
2026-09-12 15:08:00+00:00,2538.260009765625,ETH
2026-09-12 15:09:00+00:00,2537.919921875,ETH
2026-09-12 15:10:00+00:00,2537.840087890625,ETH
2026-09-12 15:11:00+00:00,2537.320068359375,ETH
2026-09-12 15:12:00+00:00,2536.97998046875,ETH
2026-09-12 15:13:00+00:00,2537.389892578125,ETH
2026-09-12 15:14:00+00:00,2539.469970703125,ETH
2026-09-12 15:15:00+00:00,2539.929931640625,ETH
2026-09-12 15:16:00+00:00,2540.169921875,ETH
2026-09-12 15:17:00+00:00,2540.72998046875,ETH
2026-09-12 15:18:00+00:00,2541.050048828125,ETH
2026-09-12 15:19:00+00:00,2539.360107421875,ETH
2026-09-12 15:20:00+00:00,2540.39990234375,ETH
2026-09-12 15:21:00+00:00,2540.080078125,ETH
2026-09-12 15:22:00+00:00,2539.8798828125,ETH
2026-09-12 15:23:00+00:00,2539.5,ETH
2026-09-12 15:24:00+00:00,2539.610107421875,ETH
2026-09-12 15:25:00+00:00,2539.780029296875,ETH
2026-09-12 15:26:00+00:00,2540.77001953125,ETH
2026-09-12 15:27:00+00:00,2540.93994140625,ETH
2026-09-12 15:28:00+00:00,2540.610107421875,ETH
2026-09-12 15:29:00+00:00,2539.64990234375,ETH
2026-09-12 15:30:00+00:00,2539.9599609375,ETH
2026-09-12 15:31:00+00:00,2539.860107421875,ETH
2026-09-12 15:32:00+00:00,2540.239990234375,ETH
2026-09-12 15:33:00+00:00,2537.5400390625,ETH
2026-09-12 15:34:00+00:00,2537.830078125,ETH
2026-09-12 15:35:00+00:00,2537.409912109375,ETH
2026-09-12 15:36:00+00:00,2536.85009765625,ETH
2026-09-12 15:37:00+00:00,2534.070068359375,ETH
2026-09-12 15:38:00+00:00,2532.25,ETH
2026-09-12 15:39:00+00:00,2534.929931640625,ETH
2026-09-12 15:40:00+00:00,2534.1201171875,ETH
2026-09-12 15:41:00+00:00,2534.14990234375,ETH
2026-09-12 15:42:00+00:00,2535.280029296875,ETH
2026-09-12 15:43:00+00:00,2535.070068359375,ETH
2026-09-12 15:44:00+00:00,2534.449951171875,ETH
2026-09-12 15:45:00+00:00,2535.0400390625,ETH
2026-09-12 15:46:00+00:00,2535.06005859375,ETH
2026-09-12 15:47:00+00:00,2533.0,ETH
2026-09-12 15:48:00+00:00,2531.5,ETH
2026-09-12 15:49:00+00:00,2532.22998046875,ETH
2026-09-12 15:50:00+00:00,2532.409912109375,ETH
