ts,close_price,asset
2026-09-02 09:30:00-04:00,334.5950012207031,GOOGL
2026-09-02 09:31:00-04:00,333.2099914550781,GOOGL
2026-09-02 09:32:00-04:00,333.6400146484375,GOOGL
2026-09-02 09:33:00-04:00,334.239990234375,GOOGL
2026-09-02 09:34:00-04:00,334.67999267578125,GOOGL
2026-09-02 09:35:00-04:00,335.260009765625,GOOGL
2026-09-02 09:36:00-04:00,335.0,GOOGL
2026-09-02 09:37:00-04:00,335.04998779296875,GOOGL
2026-09-02 09:38:00-04:00,335.32000732421875,GOOGL
2026-09-02 09:39:00-04:00,335.1099853515625,GOOGL
2026-09-02 09:40:00-04:00,334.66839599609375,GOOGL
2026-09-02 09:41:00-04:00,334.80999755859375,GOOGL
2026-09-02 09:42:00-04:00,334.5199890136719,GOOGL
2026-09-02 09:43:00-04:00,334.79400634765625,GOOGL
2026-09-02 09:44:00-04:00,334.6000061035156,GOOGL
2026-09-02 09:45:00-04:00,334.3550109863281,GOOGL
2026-09-02 09:46:00-04:00,334.4150085449219,GOOGL
2026-09-02 09:47:00-04:00,334.79998779296875,GOOGL
2026-09-02 09:48:00-04:00,334.9200134277344,GOOGL
2026-09-02 09:49:00-04:00,335.0,GOOGL
2026-09-02 09:50:00-04:00,335.0799865722656,GOOGL
2026-09-02 09:51:00-04:00,335.1099853515625,GOOGL
2026-09-02 09:52:00-04:00,335.3909912109375,GOOGL
2026-09-02 09:53:00-04:00,336.0849914550781,GOOGL
2026-09-02 09:54:00-04:00,336.2300109863281,GOOGL
2026-09-02 09:55:00-04:00,336.5400085449219,GOOGL
2026-09-02 09:56:00-04:00,336.79998779296875,GOOGL
2026-09-02 09:57:00-04:00,336.5299987792969,GOOGL
2026-09-02 09:58:00-04:00,336.2699890136719,GOOGL
2026-09-02 09:59:00-04:00,336.5799865722656,GOOGL
2026-09-02 10:00:00-04:00,336.5199890136719,GOOGL
2026-09-02 10:01:00-04:00,336.3800048828125,GOOGL
2026-09-02 10:02:00-04:00,336.4049987792969,GOOGL
2026-09-02 10:03:00-04:00,336.8999938964844,GOOGL
2026-09-02 10:04:00-04:00,337.010009765625,GOOGL
2026-09-02 10:05:00-04:00,337.0299987792969,GOOGL
2026-09-02 10:06:00-04:00,337.3349914550781,GOOGL
2026-09-02 10:07:00-04:00,337.3500061035156,GOOGL
2026-09-02 10:08:00-04:00,337.3999938964844,GOOGL
2026-09-02 10:09:00-04:00,337.3999938964844,GOOGL
2026-09-02 10:10:00-04:00,337.2049865722656,GOOGL
2026-09-02 10:11:00-04:00,337.4200134277344,GOOGL
2026-09-02 10:12:00-04:00,338.1700134277344,GOOGL
2026-09-02 10:13:00-04:00,339.55999755859375,GOOGL
2026-09-02 10:14:00-04:00,339.3800048828125,GOOGL
2026-09-02 10:15:00-04:00,338.7550048828125,GOOGL
2026-09-02 10:16:00-04:00,339.4339904785156,GOOGL
2026-09-02 10:17:00-04:00,338.82501220703125,GOOGL
2026-09-02 10:18:00-04:00,338.67999267578125,GOOGL
2026-09-02 10:19:00-04:00,339.19000244140625,GOOGL
2026-09-02 10:20:00-04:00,338.7650146484375,GOOGL
2026-09-02 10:21:00-04:00,338.8550109863281,GOOGL
2026-09-02 10:22:00-04:00,339.3598937988281,GOOGL
2026-09-02 10:23:00-04:00,339.1099853515625,GOOGL
2026-09-02 10:24:00-04:00,339.17999267578125,GOOGL
2026-09-02 10:25:00-04:00,338.8999938964844,GOOGL
2026-09-02 10:26:00-04:00,338.8500061035156,GOOGL
2026-09-02 10:27:00-04:00,338.7699890136719,GOOGL
2026-09-02 10:28:00-04:00,338.7950134277344,GOOGL
2026-09-02 10:29:00-04:00,338.625,GOOGL
2026-09-02 10:30:00-04:00,338.3699951171875,GOOGL
2026-09-02 10:31:00-04:00,338.4200134277344,GOOGL
2026-09-02 10:32:00-04:00,338.3796081542969,GOOGL
2026-09-02 10:33:00-04:00,338.28021240234375,GOOGL
2026-09-02 10:34:00-04:00,338.3900146484375,GOOGL
2026-09-02 10:35:00-04:00,338.3599853515625,GOOGL
2026-09-02 10:36:00-04:00,338.3999938964844,GOOGL
2026-09-02 10:37:00-04:00,337.9700012207031,GOOGL
2026-09-02 10:38:00-04:00,337.618408203125,GOOGL
2026-09-02 10:39:00-04:00,337.67999267578125,GOOGL
2026-09-02 10:40:00-04:00,337.7300109863281,GOOGL
2026-09-02 10:41:00-04:00,337.7300109863281,GOOGL
2026-09-02 10:42:00-04:00,337.7200012207031,GOOGL
2026-09-02 10:43:00-04:00,337.67498779296875,GOOGL
2026-09-02 10:44:00-04:00,337.7900085449219,GOOGL
2026-09-02 10:45:00-04:00,337.3450012207031,GOOGL
2026-09-02 10:46:00-04:00,337.3450012207031,GOOGL
2026-09-02 10:47:00-04:00,337.4595947265625,GOOGL
2026-09-02 10:48:00-04:00,337.29998779296875,GOOGL
2026-09-02 10:49:00-04:00,337.1199951171875,GOOGL
2026-09-02 10:50:00-04:00,336.7799987792969,GOOGL
2026-09-02 10:51:00-04:00,336.8772888183594,GOOGL
2026-09-02 10:52:00-04:00,336.7300109863281,GOOGL
2026-09-02 10:53:00-04:00,336.6300048828125,GOOGL
2026-09-02 10:54:00-04:00,336.5201110839844,GOOGL
2026-09-02 10:55:00-04:00,336.8544006347656,GOOGL
2026-09-02 10:56:00-04:00,336.82000732421875,GOOGL
2026-09-02 10:57:00-04:00,336.95001220703125,GOOGL
2026-09-02 10:58:00-04:00,336.9740905761719,GOOGL
2026-09-02 10:59:00-04:00,336.864990234375,GOOGL
2026-09-02 11:00:00-04:00,336.3393859863281,GOOGL
2026-09-02 11:01:00-04:00,336.07000732421875,GOOGL
2026-09-02 11:02:00-04:00,336.0450134277344,GOOGL
2026-09-02 11:03:00-04:00,336.3299865722656,GOOGL
2026-09-02 11:04:00-04:00,336.1300048828125,GOOGL
2026-09-02 11:05:00-04:00,336.19000244140625,GOOGL
2026-09-02 11:06:00-04:00,336.3096008300781,GOOGL
2026-09-02 11:07:00-04:00,335.9800109863281,GOOGL
2026-09-02 11:08:00-04:00,335.875,GOOGL
2026-09-02 11:09:00-04:00,335.864990234375,GOOGL
2026-09-02 11:10:00-04:00,335.8500061035156,GOOGL
2026-09-02 11:11:00-04:00,336.3999938964844,GOOGL
2026-09-02 11:12:00-04:00,336.2099914550781,GOOGL
2026-09-02 11:13:00-04:00,336.4599914550781,GOOGL
2026-09-02 11:14:00-04:00,336.4700012207031,GOOGL
2026-09-02 11:15:00-04:00,336.54998779296875,GOOGL
2026-09-02 11:16:00-04:00,336.5199890136719,GOOGL
2026-09-02 11:17:00-04:00,336.6025085449219,GOOGL
2026-09-02 11:18:00-04:00,337.2995910644531,GOOGL
2026-09-02 11:19:00-04:00,337.3599853515625,GOOGL
2026-09-02 11:20:00-04:00,336.94000244140625,GOOGL
2026-09-02 11:21:00-04:00,337.0299987792969,GOOGL
2026-09-02 11:22:00-04:00,337.2650146484375,GOOGL
2026-09-02 11:23:00-04:00,337.1893005371094,GOOGL
2026-09-02 11:24:00-04:00,336.95001220703125,GOOGL
2026-09-02 11:25:00-04:00,337.07501220703125,GOOGL
2026-09-02 11:26:00-04:00,337.3500061035156,GOOGL
2026-09-02 11:27:00-04:00,337.31658935546875,GOOGL
2026-09-02 11:28:00-04:00,337.3900146484375,GOOGL
2026-09-02 11:29:00-04:00,337.5,GOOGL
2026-09-02 11:30:00-04:00,337.2200012207031,GOOGL
2026-09-02 11:31:00-04:00,337.30999755859375,GOOGL
2026-09-02 11:32:00-04:00,337.4100036621094,GOOGL
2026-09-02 11:33:00-04:00,337.3800048828125,GOOGL
2026-09-02 11:34:00-04:00,337.373291015625,GOOGL
2026-09-02 11:35:00-04:00,337.3399963378906,GOOGL
2026-09-02 11:36:00-04:00,337.2973937988281,GOOGL
2026-09-02 11:37:00-04:00,337.2550048828125,GOOGL
2026-09-02 11:38:00-04:00,337.0299987792969,GOOGL
2026-09-02 11:39:00-04:00,337.010009765625,GOOGL
2026-09-02 11:40:00-04:00,337.0199890136719,GOOGL
2026-09-02 11:41:00-04:00,337.0799865722656,GOOGL
2026-09-02 11:42:00-04:00,336.6449890136719,GOOGL
2026-09-02 11:43:00-04:00,336.5950012207031,GOOGL
2026-09-02 11:44:00-04:00,336.7900085449219,GOOGL
2026-09-02 11:45:00-04:00,336.489990234375,GOOGL
2026-09-02 11:46:00-04:00,336.3699951171875,GOOGL
2026-09-02 11:47:00-04:00,336.4849853515625,GOOGL
2026-09-02 11:48:00-04:00,336.57989501953125,GOOGL
2026-09-02 11:49:00-04:00,336.6600036621094,GOOGL
2026-09-02 11:50:00-04:00,337.07000732421875,GOOGL
2026-09-02 11:51:00-04:00,337.18499755859375,GOOGL
2026-09-02 11:52:00-04:00,337.54998779296875,GOOGL
2026-09-02 11:53:00-04:00,337.32501220703125,GOOGL
2026-09-02 11:54:00-04:00,337.489990234375,GOOGL
2026-09-02 11:55:00-04:00,337.8399963378906,GOOGL
2026-09-02 11:56:00-04:00,337.6199951171875,GOOGL
2026-09-02 11:57:00-04:00,338.17999267578125,GOOGL
2026-09-02 11:58:00-04:00,338.489990234375,GOOGL
2026-09-02 11:59:00-04:00,338.45001220703125,GOOGL
2026-09-02 12:00:00-04:00,338.95001220703125,GOOGL
2026-09-02 12:01:00-04:00,338.7799987792969,GOOGL
2026-09-02 12:02:00-04:00,338.8900146484375,GOOGL
2026-09-02 12:03:00-04:00,338.8999938964844,GOOGL
2026-09-02 12:04:00-04:00,338.8900146484375,GOOGL
2026-09-02 12:05:00-04:00,338.3800048828125,GOOGL
2026-09-02 12:06:00-04:00,338.4599914550781,GOOGL
2026-09-02 12:07:00-04:00,338.29998779296875,GOOGL
2026-09-02 12:08:00-04:00,338.1553039550781,GOOGL
2026-09-02 12:09:00-04:00,338.2900085449219,GOOGL
2026-09-02 12:10:00-04:00,338.3800964355469,GOOGL
2026-09-02 12:11:00-04:00,338.3500061035156,GOOGL
2026-09-02 12:12:00-04:00,338.43499755859375,GOOGL
2026-09-02 12:13:00-04:00,338.3699951171875,GOOGL
2026-09-02 12:14:00-04:00,338.5899963378906,GOOGL
2026-09-02 12:15:00-04:00,338.260009765625,GOOGL
2026-09-02 12:16:00-04:00,338.17999267578125,GOOGL
2026-09-02 12:17:00-04:00,338.44000244140625,GOOGL
2026-09-02 12:18:00-04:00,338.5299987792969,GOOGL
2026-09-02 12:19:00-04:00,338.4599914550781,GOOGL
2026-09-02 12:20:00-04:00,338.3900146484375,GOOGL
2026-09-02 12:21:00-04:00,338.25,GOOGL
2026-09-02 12:22:00-04:00,338.0249938964844,GOOGL
2026-09-02 12:23:00-04:00,337.8999938964844,GOOGL
2026-09-02 12:24:00-04:00,337.4100036621094,GOOGL
2026-09-02 12:25:00-04:00,337.5707092285156,GOOGL
2026-09-02 12:26:00-04:00,337.45050048828125,GOOGL
2026-09-02 12:27:00-04:00,337.510009765625,GOOGL
2026-09-02 12:28:00-04:00,337.5199890136719,GOOGL
2026-09-02 12:29:00-04:00,337.7200012207031,GOOGL
2026-09-02 12:30:00-04:00,337.7850036621094,GOOGL
2026-09-02 12:31:00-04:00,337.9700012207031,GOOGL
2026-09-02 12:32:00-04:00,337.95001220703125,GOOGL
2026-09-02 12:33:00-04:00,337.7749938964844,GOOGL
2026-09-02 12:34:00-04:00,337.9866027832031,GOOGL
2026-09-02 12:35:00-04:00,337.8599853515625,GOOGL
2026-09-02 12:36:00-04:00,337.9800109863281,GOOGL
2026-09-02 12:37:00-04:00,337.9100036621094,GOOGL
2026-09-02 12:38:00-04:00,337.95001220703125,GOOGL
2026-09-02 12:39:00-04:00,337.9700012207031,GOOGL
2026-09-02 12:40:00-04:00,337.99639892578125,GOOGL
2026-09-02 12:41:00-04:00,337.875,GOOGL
2026-09-02 12:42:00-04:00,337.80999755859375,GOOGL
2026-09-02 12:43:00-04:00,337.7449951171875,GOOGL
2026-09-02 12:44:00-04:00,337.6700134277344,GOOGL
2026-09-02 12:45:00-04:00,337.75,GOOGL
2026-09-02 12:46:00-04:00,337.7650146484375,GOOGL
2026-09-02 12:47:00-04:00,337.7250061035156,GOOGL
2026-09-02 12:48:00-04:00,337.80499267578125,GOOGL
2026-09-02 12:49:00-04:00,337.7850036621094,GOOGL
2026-09-02 12:50:00-04:00,337.8450012207031,GOOGL
2026-09-02 12:51:00-04:00,338.0350036621094,GOOGL
2026-09-02 12:52:00-04:00,338.2699890136719,GOOGL
2026-09-02 12:53:00-04:00,338.5199890136719,GOOGL
2026-09-02 12:54:00-04:00,338.57000732421875,GOOGL
2026-09-02 12:55:00-04:00,338.4200134277344,GOOGL
2026-09-02 12:56:00-04:00,338.364990234375,GOOGL
2026-09-02 12:57:00-04:00,338.1900939941406,GOOGL
2026-09-02 12:58:00-04:00,338.1506042480469,GOOGL
2026-09-02 12:59:00-04:00,338.0,GOOGL
2026-09-02 13:00:00-04:00,338.0657958984375,GOOGL
2026-09-02 13:01:00-04:00,338.32000732421875,GOOGL
2026-09-02 13:02:00-04:00,338.5350036621094,GOOGL
2026-09-02 13:03:00-04:00,338.4800109863281,GOOGL
2026-09-02 13:04:00-04:00,338.4700012207031,GOOGL
2026-09-02 13:05:00-04:00,338.4549865722656,GOOGL
2026-09-02 13:06:00-04:00,338.739990234375,GOOGL
2026-09-02 13:07:00-04:00,338.514892578125,GOOGL
2026-09-02 13:08:00-04:00,338.239990234375,GOOGL
2026-09-02 13:09:00-04:00,338.2200012207031,GOOGL
2026-09-02 13:10:00-04:00,338.31689453125,GOOGL
2026-09-02 13:11:00-04:00,338.2200012207031,GOOGL
2026-09-02 13:12:00-04:00,338.18499755859375,GOOGL
2026-09-02 13:13:00-04:00,338.3089904785156,GOOGL
2026-09-02 13:14:00-04:00,338.31500244140625,GOOGL
2026-09-02 13:15:00-04:00,338.3699951171875,GOOGL
2026-09-02 13:16:00-04:00,338.489990234375,GOOGL
2026-09-02 13:17:00-04:00,338.3949890136719,GOOGL
2026-09-02 13:18:00-04:00,338.4800109863281,GOOGL
2026-09-02 13:19:00-04:00,338.3450012207031,GOOGL
2026-09-02 13:20:00-04:00,338.1700134277344,GOOGL
2026-09-02 13:21:00-04:00,338.260009765625,GOOGL
2026-09-02 13:22:00-04:00,338.2099914550781,GOOGL
2026-09-02 13:23:00-04:00,338.2965087890625,GOOGL
2026-09-02 13:24:00-04:00,338.3599853515625,GOOGL
2026-09-02 13:25:00-04:00,338.3349914550781,GOOGL
2026-09-02 13:26:00-04:00,338.3500061035156,GOOGL
2026-09-02 13:27:00-04:00,338.29998779296875,GOOGL
2026-09-02 13:28:00-04:00,338.2699890136719,GOOGL
2026-09-02 13:29:00-04:00,338.2576904296875,GOOGL
2026-09-02 13:30:00-04:00,338.2950134277344,GOOGL
2026-09-02 13:31:00-04:00,338.1050109863281,GOOGL
2026-09-02 13:32:00-04:00,337.80999755859375,GOOGL
2026-09-02 13:33:00-04:00,337.8299865722656,GOOGL
2026-09-02 13:34:00-04:00,337.6099853515625,GOOGL
2026-09-02 13:35:00-04:00,337.56500244140625,GOOGL
2026-09-02 13:36:00-04:00,337.6199951171875,GOOGL
2026-09-02 13:37:00-04:00,337.5899963378906,GOOGL
2026-09-02 13:38:00-04:00,337.67999267578125,GOOGL
2026-09-02 13:39:00-04:00,337.6600036621094,GOOGL
2026-09-02 13:40:00-04:00,337.5799865722656,GOOGL
2026-09-02 13:41:00-04:00,337.54998779296875,GOOGL
2026-09-02 13:42:00-04:00,337.55999755859375,GOOGL
2026-09-02 13:43:00-04:00,337.6199951171875,GOOGL
2026-09-02 13:44:00-04:00,337.6400146484375,GOOGL
2026-09-02 13:45:00-04:00,337.6300048828125,GOOGL
2026-09-02 13:46:00-04:00,337.57000732421875,GOOGL
2026-09-02 13:47:00-04:00,337.5249938964844,GOOGL
2026-09-02 13:48:00-04:00,337.5,GOOGL
2026-09-02 13:49:00-04:00,337.5,GOOGL
2026-09-02 13:50:00-04:00,337.44000244140625,GOOGL
2026-09-02 13:51:00-04:00,337.6499938964844,GOOGL
2026-09-02 13:52:00-04:00,337.625,GOOGL
2026-09-02 13:53:00-04:00,337.8399963378906,GOOGL
2026-09-02 13:54:00-04:00,337.7699890136719,GOOGL
2026-09-02 13:55:00-04:00,337.8900146484375,GOOGL
2026-09-02 13:56:00-04:00,337.989990234375,GOOGL
2026-09-02 13:57:00-04:00,337.9700012207031,GOOGL
2026-09-02 13:58:00-04:00,337.8500061035156,GOOGL
2026-09-02 13:59:00-04:00,337.989990234375,GOOGL
2026-09-02 14:00:00-04:00,337.6700134277344,GOOGL
2026-09-02 14:01:00-04:00,337.54998779296875,GOOGL
2026-09-02 14:02:00-04:00,337.5899963378906,GOOGL
2026-09-02 14:03:00-04:00,337.625,GOOGL
2026-09-02 14:04:00-04:00,337.82000732421875,GOOGL
2026-09-02 14:05:00-04:00,337.760009765625,GOOGL
2026-09-02 14:06:00-04:00,337.8699951171875,GOOGL
2026-09-02 14:07:00-04:00,337.739990234375,GOOGL
2026-09-02 14:08:00-04:00,337.8800048828125,GOOGL
2026-09-02 14:09:00-04:00,337.8500061035156,GOOGL
2026-09-02 14:10:00-04:00,337.8500061035156,GOOGL
2026-09-02 14:11:00-04:00,337.7900085449219,GOOGL
2026-09-02 14:12:00-04:00,337.8800048828125,GOOGL
2026-09-02 14:13:00-04:00,337.9541015625,GOOGL
2026-09-02 14:14:00-04:00,337.8999938964844,GOOGL
2026-09-02 14:15:00-04:00,337.8299865722656,GOOGL
2026-09-02 14:16:00-04:00,337.739990234375,GOOGL
2026-09-02 14:17:00-04:00,337.885009765625,GOOGL
2026-09-02 14:18:00-04:00,338.1400146484375,GOOGL
2026-09-02 14:19:00-04:00,338.2099914550781,GOOGL
2026-09-02 14:20:00-04:00,338.2001037597656,GOOGL
2026-09-02 14:21:00-04:00,338.05499267578125,GOOGL
2026-09-02 14:22:00-04:00,338.239990234375,GOOGL
2026-09-02 14:23:00-04:00,338.0849914550781,GOOGL
2026-09-02 14:24:00-04:00,337.9949951171875,GOOGL
2026-09-02 14:25:00-04:00,337.94000244140625,GOOGL
2026-09-02 14:26:00-04:00,337.7200012207031,GOOGL
2026-09-02 14:27:00-04:00,337.64239501953125,GOOGL
2026-09-02 14:28:00-04:00,337.57000732421875,GOOGL
2026-09-02 14:29:00-04:00,337.885009765625,GOOGL
2026-09-02 14:30:00-04:00,337.92999267578125,GOOGL
2026-09-02 14:31:00-04:00,338.0,GOOGL
2026-09-02 14:32:00-04:00,337.75,GOOGL
2026-09-02 14:33:00-04:00,337.760009765625,GOOGL
2026-09-02 14:34:00-04:00,337.56500244140625,GOOGL
2026-09-02 14:35:00-04:00,337.57000732421875,GOOGL
2026-09-02 14:36:00-04:00,337.44000244140625,GOOGL
2026-09-02 14:37:00-04:00,337.5,GOOGL
2026-09-02 14:38:00-04:00,337.4700012207031,GOOGL
2026-09-02 14:39:00-04:00,337.3500061035156,GOOGL
2026-09-02 14:40:00-04:00,337.385009765625,GOOGL
2026-09-02 14:41:00-04:00,337.3450012207031,GOOGL
2026-09-02 14:42:00-04:00,337.3299865722656,GOOGL
2026-09-02 14:43:00-04:00,337.2799987792969,GOOGL
2026-09-02 14:44:00-04:00,337.4200134277344,GOOGL
2026-09-02 14:45:00-04:00,337.4800109863281,GOOGL
2026-09-02 14:46:00-04:00,337.32501220703125,GOOGL
2026-09-02 14:47:00-04:00,337.3299865722656,GOOGL
2026-09-02 14:48:00-04:00,337.3900146484375,GOOGL
2026-09-02 14:49:00-04:00,337.3493957519531,GOOGL
2026-09-02 14:50:00-04:00,337.3688049316406,GOOGL
2026-09-02 14:51:00-04:00,337.29998779296875,GOOGL
2026-09-02 14:52:00-04:00,337.17999267578125,GOOGL
2026-09-02 14:53:00-04:00,337.3399963378906,GOOGL
2026-09-02 14:54:00-04:00,337.3349914550781,GOOGL
2026-09-02 14:55:00-04:00,337.4049987792969,GOOGL
2026-09-02 14:56:00-04:00,337.45001220703125,GOOGL
2026-09-02 14:57:00-04:00,337.3023986816406,GOOGL
2026-09-02 14:58:00-04:00,337.4800109863281,GOOGL
2026-09-02 14:59:00-04:00,337.4649963378906,GOOGL
2026-09-02 15:00:00-04:00,337.32501220703125,GOOGL
2026-09-02 15:01:00-04:00,337.5,GOOGL
2026-09-02 15:02:00-04:00,337.8699951171875,GOOGL
2026-09-02 15:03:00-04:00,337.9800109863281,GOOGL
2026-09-02 15:04:00-04:00,337.8999938964844,GOOGL
2026-09-02 15:05:00-04:00,337.69000244140625,GOOGL
2026-09-02 15:06:00-04:00,337.7300109863281,GOOGL
2026-09-02 15:07:00-04:00,337.6600036621094,GOOGL
2026-09-02 15:08:00-04:00,337.7200012207031,GOOGL
2026-09-02 15:09:00-04:00,338.0450134277344,GOOGL
2026-09-02 15:10:00-04:00,338.0849914550781,GOOGL
2026-09-02 15:11:00-04:00,338.05499267578125,GOOGL
2026-09-02 15:12:00-04:00,338.0199890136719,GOOGL
2026-09-02 15:13:00-04:00,338.0450134277344,GOOGL
2026-09-02 15:14:00-04:00,337.9800109863281,GOOGL
2026-09-02 15:15:00-04:00,337.9599914550781,GOOGL
2026-09-02 15:16:00-04:00,338.10009765625,GOOGL
2026-09-02 15:17:00-04:00,338.0,GOOGL
2026-09-02 15:18:00-04:00,338.0,GOOGL
2026-09-02 15:19:00-04:00,337.9949951171875,GOOGL
2026-09-02 15:20:00-04:00,337.8550109863281,GOOGL
2026-09-02 15:21:00-04:00,337.7099914550781,GOOGL
2026-09-02 15:22:00-04:00,337.79998779296875,GOOGL
2026-09-02 15:23:00-04:00,337.7749938964844,GOOGL
2026-09-02 15:24:00-04:00,337.739990234375,GOOGL
2026-09-02 15:25:00-04:00,337.7200012207031,GOOGL
2026-09-02 15:26:00-04:00,337.75,GOOGL
2026-09-02 15:27:00-04:00,337.7749938964844,GOOGL
2026-09-02 15:28:00-04:00,337.75,GOOGL
2026-09-02 15:29:00-04:00,337.80999755859375,GOOGL
2026-09-02 15:30:00-04:00,337.739990234375,GOOGL
2026-09-02 15:31:00-04:00,337.70001220703125,GOOGL
2026-09-02 15:32:00-04:00,337.510009765625,GOOGL
2026-09-02 15:33:00-04:00,337.4599914550781,GOOGL
2026-09-02 15:34:00-04:00,337.45001220703125,GOOGL
2026-09-02 15:35:00-04:00,337.4100036621094,GOOGL
2026-09-02 15:36:00-04:00,337.4599914550781,GOOGL
2026-09-02 15:37:00-04:00,337.3699951171875,GOOGL
2026-09-02 15:38:00-04:00,337.4949951171875,GOOGL
2026-09-02 15:39:00-04:00,337.3800048828125,GOOGL
2026-09-02 15:40:00-04:00,337.44500732421875,GOOGL
2026-09-02 15:41:00-04:00,337.3800048828125,GOOGL
2026-09-02 15:42:00-04:00,337.0299987792969,GOOGL
2026-09-02 15:43:00-04:00,337.43499755859375,GOOGL
2026-09-02 15:44:00-04:00,337.2950134277344,GOOGL
2026-09-02 15:45:00-04:00,337.239990234375,GOOGL
2026-09-02 15:46:00-04:00,337.2799987792969,GOOGL
2026-09-02 15:47:00-04:00,337.4200134277344,GOOGL
2026-09-02 15:48:00-04:00,337.5150146484375,GOOGL
2026-09-02 15:49:00-04:00,337.5299987792969,GOOGL
2026-09-02 15:50:00-04:00,337.7099914550781,GOOGL
2026-09-02 15:51:00-04:00,337.55999755859375,GOOGL
2026-09-02 15:52:00-04:00,337.489990234375,GOOGL
2026-09-02 15:53:00-04:00,337.5,GOOGL
2026-09-02 15:54:00-04:00,337.5899963378906,GOOGL
2026-09-02 15:55:00-04:00,337.0400085449219,GOOGL
2026-09-02 15:56:00-04:00,337.19500732421875,GOOGL
2026-09-02 15:57:00-04:00,337.1700134277344,GOOGL
2026-09-02 15:58:00-04:00,337.1400146484375,GOOGL
2026-09-02 15:59:00-04:00,337.1300048828125,GOOGL
2026-09-03 09:30:00-04:00,341.6499938964844,GOOGL
2026-09-03 09:31:00-04:00,342.69989013671875,GOOGL
2026-09-03 09:32:00-04:00,343.43499755859375,GOOGL
2026-09-03 09:33:00-04:00,343.33349609375,GOOGL
2026-09-03 09:34:00-04:00,342.54998779296875,GOOGL
2026-09-03 09:35:00-04:00,342.489990234375,GOOGL
2026-09-03 09:36:00-04:00,343.2200012207031,GOOGL
2026-09-03 09:37:00-04:00,343.5299987792969,GOOGL
2026-09-03 09:38:00-04:00,343.5799865722656,GOOGL
2026-09-03 09:39:00-04:00,344.3399963378906,GOOGL
2026-09-03 09:40:00-04:00,343.510009765625,GOOGL
2026-09-03 09:41:00-04:00,344.42999267578125,GOOGL
2026-09-03 09:42:00-04:00,344.1199951171875,GOOGL
2026-09-03 09:43:00-04:00,343.92999267578125,GOOGL
2026-09-03 09:44:00-04:00,343.9549865722656,GOOGL
2026-09-03 09:45:00-04:00,343.635009765625,GOOGL
2026-09-03 09:46:00-04:00,343.9700012207031,GOOGL
2026-09-03 09:47:00-04:00,344.2900085449219,GOOGL
2026-09-03 09:48:00-04:00,344.1700134277344,GOOGL
2026-09-03 09:49:00-04:00,343.684814453125,GOOGL
2026-09-03 09:50:00-04:00,343.44000244140625,GOOGL
2026-09-03 09:51:00-04:00,343.79998779296875,GOOGL
2026-09-03 09:52:00-04:00,343.4049987792969,GOOGL
2026-09-03 09:53:00-04:00,343.2850036621094,GOOGL
2026-09-03 09:54:00-04:00,342.80999755859375,GOOGL
2026-09-03 09:55:00-04:00,342.4620056152344,GOOGL
2026-09-03 09:56:00-04:00,342.5199890136719,GOOGL
2026-09-03 09:57:00-04:00,342.8299865722656,GOOGL
2026-09-03 09:58:00-04:00,342.67999267578125,GOOGL
2026-09-03 09:59:00-04:00,343.010009765625,GOOGL
2026-09-03 10:00:00-04:00,342.5201110839844,GOOGL
2026-09-03 10:01:00-04:00,341.9894104003906,GOOGL
2026-09-03 10:02:00-04:00,342.3599853515625,GOOGL
2026-09-03 10:03:00-04:00,342.2200012207031,GOOGL
2026-09-03 10:04:00-04:00,341.7799987792969,GOOGL
2026-09-03 10:05:00-04:00,341.7950134277344,GOOGL
2026-09-03 10:06:00-04:00,342.5249938964844,GOOGL
2026-09-03 10:07:00-04:00,342.3500061035156,GOOGL
2026-09-03 10:08:00-04:00,342.42010498046875,GOOGL
2026-09-03 10:09:00-04:00,342.31500244140625,GOOGL
2026-09-03 10:10:00-04:00,342.20001220703125,GOOGL
2026-09-03 10:11:00-04:00,342.07989501953125,GOOGL
2026-09-03 10:12:00-04:00,341.5899963378906,GOOGL
2026-09-03 10:13:00-04:00,341.625,GOOGL
2026-09-03 10:14:00-04:00,342.44500732421875,GOOGL
2026-09-03 10:15:00-04:00,342.5799865722656,GOOGL
2026-09-03 10:16:00-04:00,342.2298889160156,GOOGL
2026-09-03 10:17:00-04:00,342.3599853515625,GOOGL
2026-09-03 10:18:00-04:00,342.3699951171875,GOOGL
2026-09-03 10:19:00-04:00,342.760009765625,GOOGL
2026-09-03 10:20:00-04:00,342.5199890136719,GOOGL
2026-09-03 10:21:00-04:00,342.1903076171875,GOOGL
2026-09-03 10:22:00-04:00,342.1600036621094,GOOGL
2026-09-03 10:23:00-04:00,342.30499267578125,GOOGL
2026-09-03 10:24:00-04:00,342.1400146484375,GOOGL
2026-09-03 10:25:00-04:00,341.9649963378906,GOOGL
2026-09-03 10:26:00-04:00,342.25,GOOGL
2026-09-03 10:27:00-04:00,342.6000061035156,GOOGL
2026-09-03 10:28:00-04:00,342.6600036621094,GOOGL
2026-09-03 10:29:00-04:00,342.8500061035156,GOOGL
2026-09-03 10:30:00-04:00,342.95001220703125,GOOGL
2026-09-03 10:31:00-04:00,342.8299865722656,GOOGL
2026-09-03 10:32:00-04:00,342.9800109863281,GOOGL
2026-09-03 10:33:00-04:00,342.57000732421875,GOOGL
2026-09-03 10:34:00-04:00,342.2510070800781,GOOGL
2026-09-03 10:35:00-04:00,342.4200134277344,GOOGL
2026-09-03 10:36:00-04:00,342.3299865722656,GOOGL
2026-09-03 10:37:00-04:00,342.0199890136719,GOOGL
2026-09-03 10:38:00-04:00,342.1400146484375,GOOGL
2026-09-03 10:39:00-04:00,342.17999267578125,GOOGL
2026-09-03 10:40:00-04:00,341.9100036621094,GOOGL
2026-09-03 10:41:00-04:00,342.2799072265625,GOOGL
2026-09-03 10:42:00-04:00,342.614990234375,GOOGL
2026-09-03 10:43:00-04:00,342.5899963378906,GOOGL
2026-09-03 10:44:00-04:00,342.7799987792969,GOOGL
2026-09-03 10:45:00-04:00,342.6299133300781,GOOGL
2026-09-03 10:46:00-04:00,342.1199951171875,GOOGL
2026-09-03 10:47:00-04:00,342.1199951171875,GOOGL
2026-09-03 10:48:00-04:00,342.2799987792969,GOOGL
2026-09-03 10:49:00-04:00,342.3699951171875,GOOGL
2026-09-03 10:50:00-04:00,342.4599914550781,GOOGL
2026-09-03 10:51:00-04:00,342.20001220703125,GOOGL
2026-09-03 10:52:00-04:00,341.8500061035156,GOOGL
2026-09-03 10:53:00-04:00,341.70001220703125,GOOGL
2026-09-03 10:54:00-04:00,342.30999755859375,GOOGL
2026-09-03 10:55:00-04:00,341.8900146484375,GOOGL
2026-09-03 10:56:00-04:00,341.3799133300781,GOOGL
2026-09-03 10:57:00-04:00,341.20001220703125,GOOGL
2026-09-03 10:58:00-04:00,341.114990234375,GOOGL
2026-09-03 10:59:00-04:00,341.20001220703125,GOOGL
2026-09-03 11:00:00-04:00,341.1499938964844,GOOGL
2026-09-03 11:01:00-04:00,341.1199951171875,GOOGL
2026-09-03 11:02:00-04:00,341.06500244140625,GOOGL
2026-09-03 11:03:00-04:00,341.4949951171875,GOOGL
2026-09-03 11:04:00-04:00,341.6499938964844,GOOGL
2026-09-03 11:05:00-04:00,341.4700012207031,GOOGL
2026-09-03 11:06:00-04:00,340.9949951171875,GOOGL
2026-09-03 11:07:00-04:00,340.8900146484375,GOOGL
2026-09-03 11:08:00-04:00,341.42999267578125,GOOGL
2026-09-03 11:09:00-04:00,341.4849853515625,GOOGL
2026-09-03 11:10:00-04:00,341.5150146484375,GOOGL
2026-09-03 11:11:00-04:00,341.8500061035156,GOOGL
2026-09-03 11:12:00-04:00,342.0249938964844,GOOGL
2026-09-03 11:13:00-04:00,342.3800048828125,GOOGL
2026-09-03 11:14:00-04:00,342.6499938964844,GOOGL
2026-09-03 11:15:00-04:00,342.864990234375,GOOGL
2026-09-03 11:16:00-04:00,342.8999938964844,GOOGL
2026-09-03 11:17:00-04:00,343.1000061035156,GOOGL
2026-09-03 11:18:00-04:00,343.05999755859375,GOOGL
2026-09-03 11:19:00-04:00,342.9599914550781,GOOGL
2026-09-03 11:20:00-04:00,343.0849914550781,GOOGL
2026-09-03 11:21:00-04:00,342.78009033203125,GOOGL
2026-09-03 11:22:00-04:00,342.8976135253906,GOOGL
2026-09-03 11:23:00-04:00,343.1400146484375,GOOGL
2026-09-03 11:24:00-04:00,342.8599853515625,GOOGL
2026-09-03 11:25:00-04:00,342.7300109863281,GOOGL
2026-09-03 11:26:00-04:00,342.7900085449219,GOOGL
2026-09-03 11:27:00-04:00,342.8699951171875,GOOGL
2026-09-03 11:28:00-04:00,342.8500061035156,GOOGL
2026-09-03 11:29:00-04:00,342.7550048828125,GOOGL
2026-09-03 11:30:00-04:00,342.75,GOOGL
2026-09-03 11:31:00-04:00,342.7200012207031,GOOGL
2026-09-03 11:32:00-04:00,342.7200012207031,GOOGL
2026-09-03 11:33:00-04:00,342.5150146484375,GOOGL
2026-09-03 11:34:00-04:00,342.75,GOOGL
2026-09-03 11:35:00-04:00,342.6000061035156,GOOGL
2026-09-03 11:36:00-04:00,342.760009765625,GOOGL
2026-09-03 11:37:00-04:00,342.70001220703125,GOOGL
2026-09-03 11:38:00-04:00,342.75,GOOGL
2026-09-03 11:39:00-04:00,342.57000732421875,GOOGL
2026-09-03 11:40:00-04:00,342.552001953125,GOOGL
2026-09-03 11:41:00-04:00,342.4100036621094,GOOGL
2026-09-03 11:42:00-04:00,342.5299987792969,GOOGL
2026-09-03 11:43:00-04:00,342.5400085449219,GOOGL
2026-09-03 11:44:00-04:00,342.32000732421875,GOOGL
2026-09-03 11:45:00-04:00,342.52069091796875,GOOGL
2026-09-03 11:46:00-04:00,342.70001220703125,GOOGL
2026-09-03 11:47:00-04:00,342.75,GOOGL
2026-09-03 11:48:00-04:00,342.489990234375,GOOGL
2026-09-03 11:49:00-04:00,342.45001220703125,GOOGL
2026-09-03 11:50:00-04:00,342.5570983886719,GOOGL
2026-09-03 11:51:00-04:00,342.6449890136719,GOOGL
2026-09-03 11:52:00-04:00,342.385009765625,GOOGL
2026-09-03 11:53:00-04:00,342.4200134277344,GOOGL
2026-09-03 11:54:00-04:00,342.3800048828125,GOOGL
2026-09-03 11:55:00-04:00,342.45001220703125,GOOGL
2026-09-03 11:56:00-04:00,342.6300048828125,GOOGL
2026-09-03 11:57:00-04:00,342.6700134277344,GOOGL
2026-09-03 11:58:00-04:00,342.6499938964844,GOOGL
2026-09-03 11:59:00-04:00,342.5799865722656,GOOGL
2026-09-03 12:00:00-04:00,342.6300048828125,GOOGL
2026-09-03 12:01:00-04:00,342.7200012207031,GOOGL
2026-09-03 12:02:00-04:00,342.7200012207031,GOOGL
2026-09-03 12:03:00-04:00,342.7300109863281,GOOGL
2026-09-03 12:04:00-04:00,342.55999755859375,GOOGL
2026-09-03 12:05:00-04:00,342.5400085449219,GOOGL
2026-09-03 12:06:00-04:00,342.4700012207031,GOOGL
2026-09-03 12:07:00-04:00,342.21990966796875,GOOGL
2026-09-03 12:08:00-04:00,342.04998779296875,GOOGL
2026-09-03 12:09:00-04:00,341.8699951171875,GOOGL
2026-09-03 12:10:00-04:00,341.95001220703125,GOOGL
2026-09-03 12:11:00-04:00,341.7300109863281,GOOGL
2026-09-03 12:12:00-04:00,341.44000244140625,GOOGL
2026-09-03 12:13:00-04:00,341.4700012207031,GOOGL
2026-09-03 12:14:00-04:00,341.29998779296875,GOOGL
2026-09-03 12:15:00-04:00,341.42999267578125,GOOGL
2026-09-03 12:16:00-04:00,341.4599914550781,GOOGL
2026-09-03 12:17:00-04:00,341.6499938964844,GOOGL
2026-09-03 12:18:00-04:00,341.5150146484375,GOOGL
2026-09-03 12:19:00-04:00,341.7200012207031,GOOGL
2026-09-03 12:20:00-04:00,341.7300109863281,GOOGL
2026-09-03 12:21:00-04:00,341.6499938964844,GOOGL
2026-09-03 12:22:00-04:00,341.43499755859375,GOOGL
2026-09-03 12:23:00-04:00,341.32501220703125,GOOGL
2026-09-03 12:24:00-04:00,341.2900085449219,GOOGL
2026-09-03 12:25:00-04:00,341.0899963378906,GOOGL
2026-09-03 12:26:00-04:00,340.9849853515625,GOOGL
2026-09-03 12:27:00-04:00,340.92999267578125,GOOGL
2026-09-03 12:28:00-04:00,341.17999267578125,GOOGL
2026-09-03 12:29:00-04:00,341.2300109863281,GOOGL
2026-09-03 12:30:00-04:00,341.28009033203125,GOOGL
2026-09-03 12:31:00-04:00,340.92498779296875,GOOGL
2026-09-03 12:32:00-04:00,340.95001220703125,GOOGL
2026-09-03 12:33:00-04:00,341.1499938964844,GOOGL
2026-09-03 12:34:00-04:00,341.1299133300781,GOOGL
2026-09-03 12:35:00-04:00,341.18499755859375,GOOGL
2026-09-03 12:36:00-04:00,341.1600036621094,GOOGL
2026-09-03 12:37:00-04:00,341.3900146484375,GOOGL
2026-09-03 12:38:00-04:00,341.760009765625,GOOGL
2026-09-03 12:39:00-04:00,341.7099914550781,GOOGL
2026-09-03 12:40:00-04:00,341.67999267578125,GOOGL
2026-09-03 12:41:00-04:00,341.739990234375,GOOGL
2026-09-03 12:42:00-04:00,341.6400146484375,GOOGL
2026-09-03 12:43:00-04:00,341.6650085449219,GOOGL
2026-09-03 12:44:00-04:00,341.42999267578125,GOOGL
2026-09-03 12:45:00-04:00,341.54998779296875,GOOGL
2026-09-03 12:46:00-04:00,341.75750732421875,GOOGL
2026-09-03 12:47:00-04:00,341.7677001953125,GOOGL
2026-09-03 12:48:00-04:00,341.79998779296875,GOOGL
2026-09-03 12:49:00-04:00,341.9100036621094,GOOGL
2026-09-03 12:50:00-04:00,341.8699951171875,GOOGL
2026-09-03 12:51:00-04:00,341.7749938964844,GOOGL
2026-09-03 12:52:00-04:00,341.7099914550781,GOOGL
2026-09-03 12:53:00-04:00,341.5799865722656,GOOGL
2026-09-03 12:54:00-04:00,341.635009765625,GOOGL
2026-09-03 12:55:00-04:00,341.7200012207031,GOOGL
2026-09-03 12:56:00-04:00,341.70709228515625,GOOGL
2026-09-03 12:57:00-04:00,341.8099060058594,GOOGL
2026-09-03 12:58:00-04:00,341.8006896972656,GOOGL
2026-09-03 12:59:00-04:00,341.7799987792969,GOOGL
2026-09-03 13:00:00-04:00,341.7605895996094,GOOGL
2026-09-03 13:01:00-04:00,341.7550048828125,GOOGL
2026-09-03 13:02:00-04:00,341.7900085449219,GOOGL
2026-09-03 13:03:00-04:00,341.875,GOOGL
2026-09-03 13:04:00-04:00,341.8299865722656,GOOGL
2026-09-03 13:05:00-04:00,341.95001220703125,GOOGL
2026-09-03 13:06:00-04:00,341.760009765625,GOOGL
2026-09-03 13:07:00-04:00,341.760009765625,GOOGL
2026-09-03 13:08:00-04:00,341.8800048828125,GOOGL
2026-09-03 13:09:00-04:00,341.87921142578125,GOOGL
2026-09-03 13:10:00-04:00,341.9200134277344,GOOGL
2026-09-03 13:11:00-04:00,341.8399963378906,GOOGL
2026-09-03 13:12:00-04:00,341.8900146484375,GOOGL
2026-09-03 13:13:00-04:00,341.94000244140625,GOOGL
2026-09-03 13:14:00-04:00,342.0299987792969,GOOGL
2026-09-03 13:15:00-04:00,342.1900939941406,GOOGL
2026-09-03 13:16:00-04:00,342.2099914550781,GOOGL
2026-09-03 13:17:00-04:00,342.1549987792969,GOOGL
2026-09-03 13:18:00-04:00,342.1099853515625,GOOGL
2026-09-03 13:19:00-04:00,342.1400146484375,GOOGL
2026-09-03 13:20:00-04:00,342.15008544921875,GOOGL
2026-09-03 13:21:00-04:00,342.0450134277344,GOOGL
2026-09-03 13:22:00-04:00,342.1401062011719,GOOGL
2026-09-03 13:23:00-04:00,342.2799987792969,GOOGL
2026-09-03 13:24:00-04:00,342.2300109863281,GOOGL
2026-09-03 13:25:00-04:00,342.2699890136719,GOOGL
2026-09-03 13:26:00-04:00,342.31500244140625,GOOGL
2026-09-03 13:27:00-04:00,342.29998779296875,GOOGL
2026-09-03 13:28:00-04:00,342.2200012207031,GOOGL
2026-09-03 13:29:00-04:00,342.30499267578125,GOOGL
2026-09-03 13:30:00-04:00,342.3800048828125,GOOGL
2026-09-03 13:31:00-04:00,342.3699951171875,GOOGL
2026-09-03 13:32:00-04:00,342.4150085449219,GOOGL
2026-09-03 13:33:00-04:00,342.4200134277344,GOOGL
2026-09-03 13:34:00-04:00,342.4649963378906,GOOGL
2026-09-03 13:35:00-04:00,342.739990234375,GOOGL
2026-09-03 13:36:00-04:00,342.8699951171875,GOOGL
2026-09-03 13:37:00-04:00,342.8699951171875,GOOGL
2026-09-03 13:38:00-04:00,342.7449951171875,GOOGL
2026-09-03 13:39:00-04:00,342.8999938964844,GOOGL
2026-09-03 13:40:00-04:00,342.7699890136719,GOOGL
2026-09-03 13:41:00-04:00,342.7449951171875,GOOGL
2026-09-03 13:42:00-04:00,342.7298889160156,GOOGL
2026-09-03 13:43:00-04:00,342.7250061035156,GOOGL
2026-09-03 13:44:00-04:00,342.70001220703125,GOOGL
2026-09-03 13:45:00-04:00,342.614990234375,GOOGL
2026-09-03 13:46:00-04:00,342.489990234375,GOOGL
2026-09-03 13:47:00-04:00,342.5400085449219,GOOGL
2026-09-03 13:48:00-04:00,342.5299987792969,GOOGL
2026-09-03 13:49:00-04:00,342.55999755859375,GOOGL
2026-09-03 13:50:00-04:00,342.7349853515625,GOOGL
2026-09-03 13:51:00-04:00,342.80999755859375,GOOGL
2026-09-03 13:52:00-04:00,342.8299865722656,GOOGL
2026-09-03 13:53:00-04:00,342.79998779296875,GOOGL
2026-09-03 13:54:00-04:00,342.8299865722656,GOOGL
2026-09-03 13:55:00-04:00,342.8599853515625,GOOGL
2026-09-03 13:56:00-04:00,342.8699951171875,GOOGL
2026-09-03 13:57:00-04:00,342.7900085449219,GOOGL
2026-09-03 13:58:00-04:00,342.82000732421875,GOOGL
2026-09-03 13:59:00-04:00,342.8500061035156,GOOGL
2026-09-03 14:00:00-04:00,343.010009765625,GOOGL
2026-09-03 14:01:00-04:00,342.79998779296875,GOOGL
2026-09-03 14:02:00-04:00,342.69000244140625,GOOGL
2026-09-03 14:03:00-04:00,342.55999755859375,GOOGL
2026-09-03 14:04:00-04:00,342.489990234375,GOOGL
2026-09-03 14:05:00-04:00,342.510009765625,GOOGL
2026-09-03 14:06:00-04:00,342.3949890136719,GOOGL
2026-09-03 14:07:00-04:00,342.3500061035156,GOOGL
2026-09-03 14:08:00-04:00,342.3349914550781,GOOGL
2026-09-03 14:10:00-04:00,342.5299987792969,GOOGL
2026-09-03 14:11:00-04:00,342.6000061035156,GOOGL
2026-09-03 14:12:00-04:00,342.6600036621094,GOOGL
2026-09-03 14:13:00-04:00,342.7099914550781,GOOGL
2026-09-03 14:14:00-04:00,342.7550048828125,GOOGL
2026-09-03 14:15:00-04:00,342.9700012207031,GOOGL
2026-09-03 14:16:00-04:00,342.8900146484375,GOOGL
2026-09-03 14:17:00-04:00,342.8500061035156,GOOGL
2026-09-03 14:18:00-04:00,342.739990234375,GOOGL
2026-09-03 14:19:00-04:00,342.8599853515625,GOOGL
2026-09-03 14:20:00-04:00,342.81988525390625,GOOGL
2026-09-03 14:21:00-04:00,342.8999938964844,GOOGL
2026-09-03 14:22:00-04:00,342.82000732421875,GOOGL
2026-09-03 14:23:00-04:00,342.81500244140625,GOOGL
2026-09-03 14:24:00-04:00,342.9599914550781,GOOGL
2026-09-03 14:25:00-04:00,343.1700134277344,GOOGL
2026-09-03 14:26:00-04:00,343.2200927734375,GOOGL
2026-09-03 14:27:00-04:00,343.1700134277344,GOOGL
2026-09-03 14:28:00-04:00,343.3900146484375,GOOGL
2026-09-03 14:29:00-04:00,343.614990234375,GOOGL
2026-09-03 14:30:00-04:00,343.57501220703125,GOOGL
2026-09-03 14:31:00-04:00,343.3179931640625,GOOGL
2026-09-03 14:32:00-04:00,343.0899963378906,GOOGL
2026-09-03 14:33:00-04:00,343.07000732421875,GOOGL
2026-09-03 14:34:00-04:00,342.9501037597656,GOOGL
2026-09-03 14:35:00-04:00,342.9599914550781,GOOGL
2026-09-03 14:36:00-04:00,342.79998779296875,GOOGL
2026-09-03 14:37:00-04:00,342.79998779296875,GOOGL
2026-09-03 14:38:00-04:00,342.7900085449219,GOOGL
2026-09-03 14:39:00-04:00,342.67999267578125,GOOGL
2026-09-03 14:40:00-04:00,342.8800048828125,GOOGL
2026-09-03 14:41:00-04:00,342.9200134277344,GOOGL
2026-09-03 14:42:00-04:00,342.9200134277344,GOOGL
2026-09-03 14:43:00-04:00,342.7099914550781,GOOGL
2026-09-03 14:44:00-04:00,342.7799987792969,GOOGL
2026-09-03 14:45:00-04:00,342.82000732421875,GOOGL
2026-09-03 14:46:00-04:00,342.7900085449219,GOOGL
2026-09-03 14:47:00-04:00,342.6698913574219,GOOGL
2026-09-03 14:48:00-04:00,342.6300048828125,GOOGL
2026-09-03 14:49:00-04:00,342.7749938964844,GOOGL
2026-09-03 14:50:00-04:00,342.6600036621094,GOOGL
2026-09-03 14:51:00-04:00,342.5899963378906,GOOGL
2026-09-03 14:52:00-04:00,342.5299987792969,GOOGL
2026-09-03 14:53:00-04:00,342.6300048828125,GOOGL
2026-09-03 14:54:00-04:00,342.56500244140625,GOOGL
2026-09-03 14:55:00-04:00,342.3699951171875,GOOGL
2026-09-03 14:56:00-04:00,342.4599914550781,GOOGL
2026-09-03 14:57:00-04:00,342.5899963378906,GOOGL
2026-09-03 14:58:00-04:00,342.69000244140625,GOOGL
2026-09-03 14:59:00-04:00,342.7799987792969,GOOGL
2026-09-03 15:00:00-04:00,342.8056945800781,GOOGL
2026-09-03 15:01:00-04:00,342.6600036621094,GOOGL
2026-09-03 15:02:00-04:00,342.75,GOOGL
2026-09-03 15:03:00-04:00,342.7799987792969,GOOGL
2026-09-03 15:04:00-04:00,342.6000061035156,GOOGL
2026-09-03 15:05:00-04:00,342.70001220703125,GOOGL
2026-09-03 15:06:00-04:00,342.760009765625,GOOGL
2026-09-03 15:07:00-04:00,342.9150085449219,GOOGL
2026-09-03 15:08:00-04:00,343.06500244140625,GOOGL
2026-09-03 15:09:00-04:00,343.1050109863281,GOOGL
2026-09-03 15:10:00-04:00,343.1300048828125,GOOGL
2026-09-03 15:11:00-04:00,343.2300109863281,GOOGL
2026-09-03 15:12:00-04:00,343.3599853515625,GOOGL
2026-09-03 15:13:00-04:00,343.4100036621094,GOOGL
2026-09-03 15:14:00-04:00,343.260009765625,GOOGL
2026-09-03 15:15:00-04:00,343.32501220703125,GOOGL
2026-09-03 15:16:00-04:00,342.864990234375,GOOGL
2026-09-03 15:17:00-04:00,342.79998779296875,GOOGL
2026-09-03 15:18:00-04:00,343.16241455078125,GOOGL
2026-09-03 15:19:00-04:00,343.260009765625,GOOGL
2026-09-03 15:20:00-04:00,343.20001220703125,GOOGL
2026-09-03 15:21:00-04:00,343.15008544921875,GOOGL
2026-09-03 15:22:00-04:00,342.9800109863281,GOOGL
2026-09-03 15:23:00-04:00,343.114990234375,GOOGL
2026-09-03 15:24:00-04:00,342.8800048828125,GOOGL
2026-09-03 15:25:00-04:00,343.05999755859375,GOOGL
2026-09-03 15:26:00-04:00,343.0799865722656,GOOGL
2026-09-03 15:27:00-04:00,343.1099853515625,GOOGL
2026-09-03 15:28:00-04:00,343.1199951171875,GOOGL
2026-09-03 15:29:00-04:00,343.17999267578125,GOOGL
2026-09-03 15:30:00-04:00,343.2250061035156,GOOGL
2026-09-03 15:31:00-04:00,343.2900085449219,GOOGL
2026-09-03 15:32:00-04:00,343.3949890136719,GOOGL
2026-09-03 15:33:00-04:00,343.20001220703125,GOOGL
2026-09-03 15:34:00-04:00,343.1300048828125,GOOGL
2026-09-03 15:35:00-04:00,343.0899963378906,GOOGL
2026-09-03 15:36:00-04:00,343.07000732421875,GOOGL
2026-09-03 15:37:00-04:00,343.1199951171875,GOOGL
2026-09-03 15:38:00-04:00,343.3399963378906,GOOGL
2026-09-03 15:39:00-04:00,343.3599853515625,GOOGL
2026-09-03 15:40:00-04:00,343.4700927734375,GOOGL
2026-09-03 15:41:00-04:00,343.4700012207031,GOOGL
2026-09-03 15:42:00-04:00,343.5299987792969,GOOGL
2026-09-03 15:43:00-04:00,343.42498779296875,GOOGL
2026-09-03 15:44:00-04:00,343.4150085449219,GOOGL
2026-09-03 15:45:00-04:00,343.1700134277344,GOOGL
2026-09-03 15:46:00-04:00,343.0799865722656,GOOGL
2026-09-03 15:47:00-04:00,343.05511474609375,GOOGL
2026-09-03 15:48:00-04:00,342.82000732421875,GOOGL
2026-09-03 15:49:00-04:00,342.6199951171875,GOOGL
2026-09-03 15:50:00-04:00,342.54998779296875,GOOGL
2026-09-03 15:51:00-04:00,342.55999755859375,GOOGL
2026-09-03 15:52:00-04:00,342.55499267578125,GOOGL
2026-09-03 15:53:00-04:00,342.44000244140625,GOOGL
2026-09-03 15:54:00-04:00,342.7300109863281,GOOGL
2026-09-03 15:55:00-04:00,342.2900085449219,GOOGL
2026-09-03 15:56:00-04:00,342.42999267578125,GOOGL
2026-09-03 15:57:00-04:00,342.4700012207031,GOOGL
2026-09-03 15:58:00-04:00,342.3800048828125,GOOGL
2026-09-03 15:59:00-04:00,342.4800109863281,GOOGL
2026-09-04 09:30:00-04:00,343.1099853515625,GOOGL
2026-09-04 09:31:00-04:00,341.54998779296875,GOOGL
2026-09-04 09:32:00-04:00,341.79998779296875,GOOGL
2026-09-04 09:33:00-04:00,341.0899963378906,GOOGL
2026-09-04 09:34:00-04:00,341.2099914550781,GOOGL
2026-09-04 09:35:00-04:00,341.67498779296875,GOOGL
2026-09-04 09:36:00-04:00,341.8949890136719,GOOGL
2026-09-04 09:37:00-04:00,341.5299987792969,GOOGL
2026-09-04 09:38:00-04:00,341.54998779296875,GOOGL
2026-09-04 09:39:00-04:00,341.9200134277344,GOOGL
2026-09-04 09:40:00-04:00,341.75,GOOGL
2026-09-04 09:41:00-04:00,341.4700012207031,GOOGL
2026-09-04 09:42:00-04:00,341.25,GOOGL
2026-09-04 09:43:00-04:00,340.7349853515625,GOOGL
2026-09-04 09:44:00-04:00,341.0400085449219,GOOGL
2026-09-04 09:45:00-04:00,341.1400146484375,GOOGL
2026-09-04 09:46:00-04:00,341.3299865722656,GOOGL
2026-09-04 09:47:00-04:00,340.9150085449219,GOOGL
2026-09-04 09:48:00-04:00,340.75,GOOGL
2026-09-04 09:49:00-04:00,340.4849853515625,GOOGL
2026-09-04 09:50:00-04:00,340.3550109863281,GOOGL
2026-09-04 09:51:00-04:00,339.80999755859375,GOOGL
2026-09-04 09:52:00-04:00,340.2900085449219,GOOGL
2026-09-04 09:53:00-04:00,340.20001220703125,GOOGL
2026-09-04 09:54:00-04:00,340.6400146484375,GOOGL
2026-09-04 09:55:00-04:00,340.44000244140625,GOOGL
2026-09-04 09:56:00-04:00,340.82000732421875,GOOGL
2026-09-04 09:57:00-04:00,341.1300048828125,GOOGL
2026-09-04 09:58:00-04:00,341.31201171875,GOOGL
2026-09-04 09:59:00-04:00,341.5400085449219,GOOGL
2026-09-04 10:00:00-04:00,341.79998779296875,GOOGL
2026-09-04 10:01:00-04:00,341.3699951171875,GOOGL
2026-09-04 10:02:00-04:00,341.42498779296875,GOOGL
2026-09-04 10:03:00-04:00,341.57000732421875,GOOGL
2026-09-04 10:04:00-04:00,341.6700134277344,GOOGL
2026-09-04 10:05:00-04:00,341.6600036621094,GOOGL
2026-09-04 10:06:00-04:00,341.7200012207031,GOOGL
2026-09-04 10:07:00-04:00,341.4150085449219,GOOGL
2026-09-04 10:08:00-04:00,341.25,GOOGL
2026-09-04 10:09:00-04:00,341.489990234375,GOOGL
2026-09-04 10:10:00-04:00,341.20001220703125,GOOGL
2026-09-04 10:11:00-04:00,341.1099853515625,GOOGL
2026-09-04 10:12:00-04:00,340.79998779296875,GOOGL
2026-09-04 10:13:00-04:00,341.1400146484375,GOOGL
2026-09-04 10:14:00-04:00,340.8699951171875,GOOGL
2026-09-04 10:15:00-04:00,340.70001220703125,GOOGL
2026-09-04 10:16:00-04:00,340.6499938964844,GOOGL
2026-09-04 10:17:00-04:00,340.45001220703125,GOOGL
2026-09-04 10:18:00-04:00,339.8399963378906,GOOGL
2026-09-04 10:19:00-04:00,339.7349853515625,GOOGL
2026-09-04 10:20:00-04:00,339.57501220703125,GOOGL
2026-09-04 10:21:00-04:00,339.2825012207031,GOOGL
2026-09-04 10:22:00-04:00,339.0450134277344,GOOGL
2026-09-04 10:23:00-04:00,338.9700012207031,GOOGL
2026-09-04 10:24:00-04:00,338.6600036621094,GOOGL
2026-09-04 10:25:00-04:00,338.4200134277344,GOOGL
2026-09-04 10:26:00-04:00,338.3699951171875,GOOGL
2026-09-04 10:27:00-04:00,338.2850036621094,GOOGL
2026-09-04 10:28:00-04:00,338.32000732421875,GOOGL
2026-09-04 10:29:00-04:00,337.989990234375,GOOGL
2026-09-04 10:30:00-04:00,337.94000244140625,GOOGL
2026-09-04 10:31:00-04:00,338.3399963378906,GOOGL
2026-09-04 10:32:00-04:00,338.70001220703125,GOOGL
2026-09-04 10:33:00-04:00,338.5899963378906,GOOGL
2026-09-04 10:34:00-04:00,338.7204895019531,GOOGL
2026-09-04 10:35:00-04:00,338.739990234375,GOOGL
2026-09-04 10:36:00-04:00,338.5824890136719,GOOGL
2026-09-04 10:37:00-04:00,338.92498779296875,GOOGL
2026-09-04 10:38:00-04:00,339.0400085449219,GOOGL
2026-09-04 10:39:00-04:00,339.19000244140625,GOOGL
2026-09-04 10:40:00-04:00,338.8599853515625,GOOGL
2026-09-04 10:41:00-04:00,339.1199951171875,GOOGL
2026-09-04 10:42:00-04:00,338.94000244140625,GOOGL
2026-09-04 10:43:00-04:00,338.94500732421875,GOOGL
2026-09-04 10:44:00-04:00,338.8599853515625,GOOGL
2026-09-04 10:45:00-04:00,338.9100036621094,GOOGL
2026-09-04 10:46:00-04:00,338.875,GOOGL
2026-09-04 10:47:00-04:00,338.5199890136719,GOOGL
2026-09-04 10:48:00-04:00,338.1400146484375,GOOGL
2026-09-04 10:49:00-04:00,338.30999755859375,GOOGL
2026-09-04 10:50:00-04:00,338.3399963378906,GOOGL
2026-09-04 10:51:00-04:00,338.1799011230469,GOOGL
2026-09-04 10:52:00-04:00,338.28839111328125,GOOGL
2026-09-04 10:53:00-04:00,338.1809997558594,GOOGL
2026-09-04 10:54:00-04:00,338.0400085449219,GOOGL
2026-09-04 10:55:00-04:00,337.80999755859375,GOOGL
2026-09-04 10:56:00-04:00,337.7300109863281,GOOGL
2026-09-04 10:57:00-04:00,337.8500061035156,GOOGL
2026-09-04 10:58:00-04:00,337.82000732421875,GOOGL
2026-09-04 10:59:00-04:00,337.7200012207031,GOOGL
2026-09-04 11:00:00-04:00,337.6099853515625,GOOGL
2026-09-04 11:01:00-04:00,337.5199890136719,GOOGL
2026-09-04 11:02:00-04:00,337.4200134277344,GOOGL
2026-09-04 11:03:00-04:00,337.30499267578125,GOOGL
2026-09-04 11:04:00-04:00,337.6650085449219,GOOGL
2026-09-04 11:05:00-04:00,337.6000061035156,GOOGL
2026-09-04 11:06:00-04:00,337.7699890136719,GOOGL
2026-09-04 11:07:00-04:00,337.739990234375,GOOGL
2026-09-04 11:08:00-04:00,337.7099914550781,GOOGL
2026-09-04 11:09:00-04:00,337.9599914550781,GOOGL
2026-09-04 11:10:00-04:00,337.8550109863281,GOOGL
2026-09-04 11:11:00-04:00,337.82000732421875,GOOGL
2026-09-04 11:12:00-04:00,337.9200134277344,GOOGL
2026-09-04 11:13:00-04:00,337.92498779296875,GOOGL
2026-09-04 11:14:00-04:00,337.7550048828125,GOOGL
2026-09-04 11:15:00-04:00,337.644287109375,GOOGL
2026-09-04 11:16:00-04:00,337.79998779296875,GOOGL
2026-09-04 11:17:00-04:00,337.30999755859375,GOOGL
2026-09-04 11:18:00-04:00,337.30999755859375,GOOGL
2026-09-04 11:19:00-04:00,337.1700134277344,GOOGL
2026-09-04 11:20:00-04:00,337.32000732421875,GOOGL
2026-09-04 11:21:00-04:00,337.2749938964844,GOOGL
2026-09-04 11:22:00-04:00,337.75,GOOGL
2026-09-04 11:23:00-04:00,337.5799865722656,GOOGL
2026-09-04 11:24:00-04:00,337.6199951171875,GOOGL
2026-09-04 11:25:00-04:00,337.614990234375,GOOGL
2026-09-04 11:26:00-04:00,337.5400085449219,GOOGL
2026-09-04 11:27:00-04:00,337.8999938964844,GOOGL
2026-09-04 11:28:00-04:00,337.94000244140625,GOOGL
2026-09-04 11:29:00-04:00,337.75,GOOGL
2026-09-04 11:30:00-04:00,337.6881103515625,GOOGL
2026-09-04 11:31:00-04:00,337.5899963378906,GOOGL
2026-09-04 11:32:00-04:00,337.5899963378906,GOOGL
2026-09-04 11:33:00-04:00,338.1238098144531,GOOGL
2026-09-04 11:34:00-04:00,337.92999267578125,GOOGL
2026-09-04 11:35:00-04:00,337.8800048828125,GOOGL
2026-09-04 11:36:00-04:00,337.92999267578125,GOOGL
2026-09-04 11:37:00-04:00,337.7699890136719,GOOGL
2026-09-04 11:38:00-04:00,337.79998779296875,GOOGL
2026-09-04 11:39:00-04:00,337.69000244140625,GOOGL
2026-09-04 11:40:00-04:00,337.5799865722656,GOOGL
2026-09-04 11:41:00-04:00,337.5350036621094,GOOGL
2026-09-04 11:42:00-04:00,337.739990234375,GOOGL
2026-09-04 11:43:00-04:00,337.760009765625,GOOGL
2026-09-04 11:44:00-04:00,337.7300109863281,GOOGL
2026-09-04 11:45:00-04:00,337.7850036621094,GOOGL
2026-09-04 11:46:00-04:00,337.7099914550781,GOOGL
2026-09-04 11:47:00-04:00,337.5150146484375,GOOGL
2026-09-04 11:48:00-04:00,337.4700012207031,GOOGL
2026-09-04 11:49:00-04:00,337.6600036621094,GOOGL
2026-09-04 11:50:00-04:00,337.7850036621094,GOOGL
2026-09-04 11:51:00-04:00,337.92999267578125,GOOGL
2026-09-04 11:52:00-04:00,337.8800048828125,GOOGL
2026-09-04 11:53:00-04:00,338.1000061035156,GOOGL
2026-09-04 11:54:00-04:00,338.0129089355469,GOOGL
2026-09-04 11:55:00-04:00,338.18499755859375,GOOGL
2026-09-04 11:56:00-04:00,338.04998779296875,GOOGL
2026-09-04 11:57:00-04:00,338.1099853515625,GOOGL
2026-09-04 11:58:00-04:00,338.22979736328125,GOOGL
2026-09-04 11:59:00-04:00,338.19000244140625,GOOGL
2026-09-04 12:00:00-04:00,338.1600036621094,GOOGL
2026-09-04 12:01:00-04:00,338.1098937988281,GOOGL
2026-09-04 12:02:00-04:00,338.0299987792969,GOOGL
2026-09-04 12:03:00-04:00,337.93499755859375,GOOGL
2026-09-04 12:04:00-04:00,337.9280090332031,GOOGL
2026-09-04 12:05:00-04:00,337.8699951171875,GOOGL
2026-09-04 12:06:00-04:00,337.8598937988281,GOOGL
2026-09-04 12:07:00-04:00,338.1000061035156,GOOGL
2026-09-04 12:08:00-04:00,338.0199890136719,GOOGL
2026-09-04 12:09:00-04:00,338.010009765625,GOOGL
2026-09-04 12:10:00-04:00,338.0400085449219,GOOGL
2026-09-04 12:11:00-04:00,338.19000244140625,GOOGL
2026-09-04 12:12:00-04:00,338.17999267578125,GOOGL
2026-09-04 12:13:00-04:00,338.32501220703125,GOOGL
2026-09-04 12:14:00-04:00,338.2650146484375,GOOGL
2026-09-04 12:15:00-04:00,338.125,GOOGL
2026-09-04 12:16:00-04:00,338.05999755859375,GOOGL
2026-09-04 12:17:00-04:00,338.260009765625,GOOGL
2026-09-04 12:18:00-04:00,338.70001220703125,GOOGL
2026-09-04 12:19:00-04:00,338.6000061035156,GOOGL
2026-09-04 12:20:00-04:00,338.5299987792969,GOOGL
2026-09-04 12:21:00-04:00,338.6995849609375,GOOGL
2026-09-04 12:22:00-04:00,338.6400146484375,GOOGL
2026-09-04 12:23:00-04:00,338.7149963378906,GOOGL
2026-09-04 12:24:00-04:00,338.6050109863281,GOOGL
2026-09-04 12:25:00-04:00,338.67498779296875,GOOGL
2026-09-04 12:26:00-04:00,338.69000244140625,GOOGL
2026-09-04 12:27:00-04:00,338.8299865722656,GOOGL
2026-09-04 12:28:00-04:00,338.70001220703125,GOOGL
2026-09-04 12:29:00-04:00,338.6300048828125,GOOGL
2026-09-04 12:30:00-04:00,338.5899963378906,GOOGL
2026-09-04 12:31:00-04:00,338.5199890136719,GOOGL
2026-09-04 12:32:00-04:00,338.5,GOOGL
2026-09-04 12:33:00-04:00,338.5299072265625,GOOGL
2026-09-04 12:34:00-04:00,338.54998779296875,GOOGL
2026-09-04 12:35:00-04:00,338.6099853515625,GOOGL
2026-09-04 12:36:00-04:00,338.6000061035156,GOOGL
2026-09-04 12:37:00-04:00,338.6400146484375,GOOGL
2026-09-04 12:38:00-04:00,338.4989013671875,GOOGL
2026-09-04 12:39:00-04:00,338.6199951171875,GOOGL
2026-09-04 12:40:00-04:00,338.54998779296875,GOOGL
2026-09-04 12:41:00-04:00,338.5198974609375,GOOGL
2026-09-04 12:42:00-04:00,338.5249938964844,GOOGL
2026-09-04 12:43:00-04:00,338.6099853515625,GOOGL
2026-09-04 12:44:00-04:00,338.6499938964844,GOOGL
2026-09-04 12:45:00-04:00,338.6799011230469,GOOGL
2026-09-04 12:46:00-04:00,338.67999267578125,GOOGL
2026-09-04 12:47:00-04:00,338.80499267578125,GOOGL
2026-09-04 12:48:00-04:00,338.7699890136719,GOOGL
2026-09-04 12:49:00-04:00,338.7900085449219,GOOGL
2026-09-04 12:50:00-04:00,338.8450012207031,GOOGL
2026-09-04 12:51:00-04:00,338.80999755859375,GOOGL
2026-09-04 12:52:00-04:00,338.7900085449219,GOOGL
2026-09-04 12:53:00-04:00,338.7550048828125,GOOGL
2026-09-04 12:54:00-04:00,338.6300048828125,GOOGL
2026-09-04 12:55:00-04:00,338.6400146484375,GOOGL
2026-09-04 12:56:00-04:00,338.6199951171875,GOOGL
2026-09-04 12:57:00-04:00,338.6499938964844,GOOGL
2026-09-04 12:58:00-04:00,338.5600891113281,GOOGL
2026-09-04 12:59:00-04:00,338.54998779296875,GOOGL
2026-09-04 13:00:00-04:00,338.4849853515625,GOOGL
2026-09-04 13:01:00-04:00,338.5350036621094,GOOGL
2026-09-04 13:02:00-04:00,338.5350036621094,GOOGL
2026-09-04 13:03:00-04:00,338.57000732421875,GOOGL
2026-09-04 13:04:00-04:00,338.6700134277344,GOOGL
2026-09-04 13:05:00-04:00,338.6499938964844,GOOGL
2026-09-04 13:06:00-04:00,338.75,GOOGL
2026-09-04 13:07:00-04:00,338.8299865722656,GOOGL
2026-09-04 13:08:00-04:00,338.70001220703125,GOOGL
2026-09-04 13:09:00-04:00,338.6299133300781,GOOGL
2026-09-04 13:10:00-04:00,338.7049865722656,GOOGL
2026-09-04 13:11:00-04:00,338.5799865722656,GOOGL
2026-09-04 13:12:00-04:00,338.6300048828125,GOOGL
2026-09-04 13:13:00-04:00,338.5899963378906,GOOGL
2026-09-04 13:14:00-04:00,338.61920166015625,GOOGL
2026-09-04 13:15:00-04:00,338.6300048828125,GOOGL
2026-09-04 13:16:00-04:00,338.68499755859375,GOOGL
2026-09-04 13:17:00-04:00,338.7550048828125,GOOGL
2026-09-04 13:18:00-04:00,338.7300109863281,GOOGL
2026-09-04 13:19:00-04:00,338.67999267578125,GOOGL
2026-09-04 13:20:00-04:00,338.8399963378906,GOOGL
2026-09-04 13:21:00-04:00,338.7349853515625,GOOGL
2026-09-04 13:22:00-04:00,338.7522888183594,GOOGL
2026-09-04 13:23:00-04:00,338.6499938964844,GOOGL
2026-09-04 13:24:00-04:00,338.59600830078125,GOOGL
2026-09-04 13:25:00-04:00,338.6499938964844,GOOGL
2026-09-04 13:26:00-04:00,338.66448974609375,GOOGL
2026-09-04 13:27:00-04:00,338.67999267578125,GOOGL
2026-09-04 13:28:00-04:00,338.625,GOOGL
2026-09-04 13:29:00-04:00,338.7200012207031,GOOGL
2026-09-04 13:30:00-04:00,338.5799865722656,GOOGL
2026-09-04 13:31:00-04:00,338.6355895996094,GOOGL
2026-09-04 13:32:00-04:00,338.5,GOOGL
2026-09-04 13:33:00-04:00,338.55999755859375,GOOGL
2026-09-04 13:34:00-04:00,338.6000061035156,GOOGL
2026-09-04 13:35:00-04:00,338.4700012207031,GOOGL
2026-09-04 13:36:00-04:00,338.29998779296875,GOOGL
2026-09-04 13:37:00-04:00,338.32000732421875,GOOGL
2026-09-04 13:38:00-04:00,338.4599914550781,GOOGL
2026-09-04 13:39:00-04:00,338.42999267578125,GOOGL
2026-09-04 13:40:00-04:00,338.26348876953125,GOOGL
2026-09-04 13:41:00-04:00,338.2149963378906,GOOGL
2026-09-04 13:42:00-04:00,338.2950134277344,GOOGL
2026-09-04 13:43:00-04:00,338.3900146484375,GOOGL
2026-09-04 13:44:00-04:00,338.3599853515625,GOOGL
2026-09-04 13:45:00-04:00,338.32000732421875,GOOGL
2026-09-04 13:46:00-04:00,338.31500244140625,GOOGL
2026-09-04 13:47:00-04:00,338.3800048828125,GOOGL
2026-09-04 13:48:00-04:00,338.42999267578125,GOOGL
2026-09-04 13:49:00-04:00,338.50799560546875,GOOGL
2026-09-04 13:50:00-04:00,338.489990234375,GOOGL
2026-09-04 13:51:00-04:00,338.42999267578125,GOOGL
2026-09-04 13:52:00-04:00,338.5350036621094,GOOGL
2026-09-04 13:53:00-04:00,338.42999267578125,GOOGL
2026-09-04 13:54:00-04:00,338.4599914550781,GOOGL
2026-09-04 13:55:00-04:00,338.4501037597656,GOOGL
2026-09-04 13:56:00-04:00,338.4049987792969,GOOGL
2026-09-04 13:57:00-04:00,338.3699951171875,GOOGL
2026-09-04 13:58:00-04:00,338.54998779296875,GOOGL
2026-09-04 13:59:00-04:00,338.55999755859375,GOOGL
2026-09-04 14:00:00-04:00,338.6000061035156,GOOGL
2026-09-04 14:01:00-04:00,338.59478759765625,GOOGL
2026-09-04 14:02:00-04:00,338.5299987792969,GOOGL
2026-09-04 14:03:00-04:00,338.510009765625,GOOGL
2026-09-04 14:04:00-04:00,338.5148010253906,GOOGL
2026-09-04 14:05:00-04:00,338.44000244140625,GOOGL
2026-09-04 14:06:00-04:00,338.32501220703125,GOOGL
2026-09-04 14:07:00-04:00,338.29998779296875,GOOGL
2026-09-04 14:08:00-04:00,338.25,GOOGL
2026-09-04 14:09:00-04:00,338.1000061035156,GOOGL
2026-09-04 14:10:00-04:00,338.1099853515625,GOOGL
2026-09-04 14:11:00-04:00,337.9200134277344,GOOGL
2026-09-04 14:12:00-04:00,337.9049987792969,GOOGL
2026-09-04 14:13:00-04:00,337.8800048828125,GOOGL
2026-09-04 14:14:00-04:00,337.8399963378906,GOOGL
2026-09-04 14:15:00-04:00,337.9150085449219,GOOGL
2026-09-04 14:16:00-04:00,338.0799865722656,GOOGL
2026-09-04 14:17:00-04:00,338.0899963378906,GOOGL
2026-09-04 14:18:00-04:00,338.1199951171875,GOOGL
2026-09-04 14:19:00-04:00,338.1405029296875,GOOGL
2026-09-04 14:20:00-04:00,338.45001220703125,GOOGL
2026-09-04 14:21:00-04:00,338.44000244140625,GOOGL
2026-09-04 14:22:00-04:00,338.510009765625,GOOGL
2026-09-04 14:23:00-04:00,338.5,GOOGL
2026-09-04 14:24:00-04:00,338.5,GOOGL
2026-09-04 14:25:00-04:00,338.5299987792969,GOOGL
2026-09-04 14:26:00-04:00,338.4801025390625,GOOGL
2026-09-04 14:27:00-04:00,338.4800109863281,GOOGL
2026-09-04 14:28:00-04:00,338.5,GOOGL
2026-09-04 14:29:00-04:00,338.44000244140625,GOOGL
2026-09-04 14:30:00-04:00,338.5450134277344,GOOGL
2026-09-04 14:31:00-04:00,338.39990234375,GOOGL
2026-09-04 14:32:00-04:00,338.3999938964844,GOOGL
2026-09-04 14:33:00-04:00,338.4700012207031,GOOGL
2026-09-04 14:34:00-04:00,338.4599914550781,GOOGL
2026-09-04 14:35:00-04:00,338.410888671875,GOOGL
2026-09-04 14:36:00-04:00,338.3699951171875,GOOGL
2026-09-04 14:37:00-04:00,338.4800109863281,GOOGL
2026-09-04 14:38:00-04:00,338.5400085449219,GOOGL
2026-09-04 14:39:00-04:00,338.7380065917969,GOOGL
2026-09-04 14:40:00-04:00,338.6700134277344,GOOGL
2026-09-04 14:41:00-04:00,338.78131103515625,GOOGL
2026-09-04 14:42:00-04:00,338.8721923828125,GOOGL
2026-09-04 14:43:00-04:00,338.9549865722656,GOOGL
2026-09-04 14:44:00-04:00,338.8800048828125,GOOGL
2026-09-04 14:45:00-04:00,338.8999938964844,GOOGL
2026-09-04 14:46:00-04:00,338.8299865722656,GOOGL
2026-09-04 14:47:00-04:00,338.67999267578125,GOOGL
2026-09-04 14:48:00-04:00,338.6600036621094,GOOGL
2026-09-04 14:49:00-04:00,338.70001220703125,GOOGL
2026-09-04 14:50:00-04:00,338.760009765625,GOOGL
2026-09-04 14:51:00-04:00,338.7699890136719,GOOGL
2026-09-04 14:52:00-04:00,338.8800048828125,GOOGL
2026-09-04 14:53:00-04:00,338.8599853515625,GOOGL
2026-09-04 14:54:00-04:00,338.9100036621094,GOOGL
2026-09-04 14:55:00-04:00,338.93499755859375,GOOGL
2026-09-04 14:56:00-04:00,339.0400085449219,GOOGL
2026-09-04 14:57:00-04:00,339.1499938964844,GOOGL
2026-09-04 14:58:00-04:00,339.17999267578125,GOOGL
2026-09-04 14:59:00-04:00,339.1700134277344,GOOGL
2026-09-04 15:00:00-04:00,339.110107421875,GOOGL
2026-09-04 15:01:00-04:00,339.1499938964844,GOOGL
2026-09-04 15:02:00-04:00,339.1199951171875,GOOGL
2026-09-04 15:03:00-04:00,339.0249938964844,GOOGL
2026-09-04 15:04:00-04:00,338.9578857421875,GOOGL
2026-09-04 15:05:00-04:00,339.0400085449219,GOOGL
2026-09-04 15:06:00-04:00,339.0199890136719,GOOGL
2026-09-04 15:07:00-04:00,339.010009765625,GOOGL
2026-09-04 15:08:00-04:00,339.07000732421875,GOOGL
2026-09-04 15:09:00-04:00,339.0799865722656,GOOGL
2026-09-04 15:10:00-04:00,339.25,GOOGL
2026-09-04 15:11:00-04:00,339.2699890136719,GOOGL
2026-09-04 15:12:00-04:00,339.239990234375,GOOGL
2026-09-04 15:13:00-04:00,339.2300109863281,GOOGL
2026-09-04 15:14:00-04:00,339.2900085449219,GOOGL
2026-09-04 15:15:00-04:00,339.30999755859375,GOOGL
2026-09-04 15:16:00-04:00,339.17999267578125,GOOGL
2026-09-04 15:17:00-04:00,339.1499938964844,GOOGL
2026-09-04 15:18:00-04:00,339.1449890136719,GOOGL
2026-09-04 15:19:00-04:00,339.2099914550781,GOOGL
2026-09-04 15:20:00-04:00,339.260009765625,GOOGL
2026-09-04 15:21:00-04:00,339.2300109863281,GOOGL
2026-09-04 15:22:00-04:00,339.1499938964844,GOOGL
2026-09-04 15:23:00-04:00,339.2250061035156,GOOGL
2026-09-04 15:24:00-04:00,339.260009765625,GOOGL
2026-09-04 15:25:00-04:00,339.32000732421875,GOOGL
2026-09-04 15:26:00-04:00,339.364990234375,GOOGL
2026-09-04 15:27:00-04:00,339.3949890136719,GOOGL
2026-09-04 15:28:00-04:00,339.489990234375,GOOGL
2026-09-04 15:29:00-04:00,339.55999755859375,GOOGL
2026-09-04 15:30:00-04:00,339.49200439453125,GOOGL
2026-09-04 15:31:00-04:00,339.2799987792969,GOOGL
2026-09-04 15:32:00-04:00,339.239990234375,GOOGL
2026-09-04 15:33:00-04:00,339.19500732421875,GOOGL
2026-09-04 15:34:00-04:00,339.010009765625,GOOGL
2026-09-04 15:35:00-04:00,338.9700012207031,GOOGL
2026-09-04 15:36:00-04:00,339.0199890136719,GOOGL
2026-09-04 15:37:00-04:00,338.92999267578125,GOOGL
2026-09-04 15:38:00-04:00,338.8800048828125,GOOGL
2026-09-04 15:39:00-04:00,338.875,GOOGL
2026-09-04 15:40:00-04:00,338.7950134277344,GOOGL
2026-09-04 15:41:00-04:00,338.6700134277344,GOOGL
2026-09-04 15:42:00-04:00,338.67999267578125,GOOGL
2026-09-04 15:43:00-04:00,338.8800048828125,GOOGL
2026-09-04 15:44:00-04:00,338.79998779296875,GOOGL
2026-09-04 15:45:00-04:00,338.60430908203125,GOOGL
2026-09-04 15:46:00-04:00,338.70001220703125,GOOGL
2026-09-04 15:47:00-04:00,338.69000244140625,GOOGL
2026-09-04 15:48:00-04:00,338.7300109863281,GOOGL
2026-09-04 15:49:00-04:00,338.82000732421875,GOOGL
2026-09-04 15:50:00-04:00,338.6600036621094,GOOGL
2026-09-04 15:51:00-04:00,338.4649963378906,GOOGL
2026-09-04 15:52:00-04:00,338.6300048828125,GOOGL
2026-09-04 15:53:00-04:00,338.510009765625,GOOGL
2026-09-04 15:54:00-04:00,338.6000061035156,GOOGL
2026-09-04 15:55:00-04:00,338.31500244140625,GOOGL
2026-09-04 15:56:00-04:00,338.3599853515625,GOOGL
2026-09-04 15:57:00-04:00,338.5199890136719,GOOGL
2026-09-04 15:58:00-04:00,338.489990234375,GOOGL
2026-09-04 15:59:00-04:00,338.5,GOOGL
2026-09-08 09:30:00-04:00,335.8739013671875,GOOGL
2026-09-08 09:31:00-04:00,334.8699951171875,GOOGL
2026-09-08 09:32:00-04:00,335.2099914550781,GOOGL
2026-09-08 09:33:00-04:00,335.2349853515625,GOOGL
2026-09-08 09:34:00-04:00,336.0199890136719,GOOGL
2026-09-08 09:35:00-04:00,335.8299865722656,GOOGL
2026-09-08 09:36:00-04:00,335.0299987792969,GOOGL
2026-09-08 09:37:00-04:00,335.8349914550781,GOOGL
2026-09-08 09:38:00-04:00,336.2099914550781,GOOGL
2026-09-08 09:39:00-04:00,335.5199890136719,GOOGL
2026-09-08 09:40:00-04:00,336.1499938964844,GOOGL
2026-09-08 09:41:00-04:00,335.8699951171875,GOOGL
2026-09-08 09:42:00-04:00,335.3399963378906,GOOGL
2026-09-08 09:43:00-04:00,335.19000244140625,GOOGL
2026-09-08 09:44:00-04:00,335.30999755859375,GOOGL
2026-09-08 09:45:00-04:00,334.42999267578125,GOOGL
2026-09-08 09:46:00-04:00,334.31500244140625,GOOGL
2026-09-08 09:47:00-04:00,333.80499267578125,GOOGL
2026-09-08 09:48:00-04:00,334.3349914550781,GOOGL
2026-09-08 09:49:00-04:00,333.94000244140625,GOOGL
2026-09-08 09:50:00-04:00,334.2099914550781,GOOGL
2026-09-08 09:51:00-04:00,334.1600036621094,GOOGL
2026-09-08 09:52:00-04:00,333.84991455078125,GOOGL
2026-09-08 09:53:00-04:00,333.7384033203125,GOOGL
2026-09-08 09:54:00-04:00,334.0,GOOGL
2026-09-08 09:55:00-04:00,334.29998779296875,GOOGL
2026-09-08 09:56:00-04:00,334.1400146484375,GOOGL
2026-09-08 09:57:00-04:00,334.5,GOOGL
2026-09-08 09:58:00-04:00,334.2101135253906,GOOGL
2026-09-08 09:59:00-04:00,333.910888671875,GOOGL
2026-09-08 10:00:00-04:00,333.6300048828125,GOOGL
2026-09-08 10:01:00-04:00,333.45001220703125,GOOGL
2026-09-08 10:02:00-04:00,333.2799987792969,GOOGL
2026-09-08 10:03:00-04:00,333.3800048828125,GOOGL
2026-09-08 10:04:00-04:00,333.510009765625,GOOGL
2026-09-08 10:05:00-04:00,333.82000732421875,GOOGL
2026-09-08 10:06:00-04:00,334.05999755859375,GOOGL
2026-09-08 10:07:00-04:00,334.0,GOOGL
2026-09-08 10:08:00-04:00,334.5799865722656,GOOGL
2026-09-08 10:09:00-04:00,334.20989990234375,GOOGL
2026-09-08 10:10:00-04:00,333.7099914550781,GOOGL
2026-09-08 10:11:00-04:00,333.5528869628906,GOOGL
2026-09-08 10:12:00-04:00,333.92999267578125,GOOGL
2026-09-08 10:13:00-04:00,334.0450134277344,GOOGL
2026-09-08 10:14:00-04:00,333.4800109863281,GOOGL
2026-09-08 10:15:00-04:00,334.0299987792969,GOOGL
2026-09-08 10:16:00-04:00,334.1700134277344,GOOGL
2026-09-08 10:17:00-04:00,334.2650146484375,GOOGL
2026-09-08 10:18:00-04:00,334.55999755859375,GOOGL
2026-09-08 10:19:00-04:00,334.8699951171875,GOOGL
2026-09-08 10:20:00-04:00,334.67999267578125,GOOGL
2026-09-08 10:21:00-04:00,334.5199890136719,GOOGL
2026-09-08 10:22:00-04:00,334.54998779296875,GOOGL
2026-09-08 10:23:00-04:00,334.5,GOOGL
2026-09-08 10:24:00-04:00,334.43499755859375,GOOGL
2026-09-08 10:25:00-04:00,334.7650146484375,GOOGL
2026-09-08 10:26:00-04:00,334.6300048828125,GOOGL
2026-09-08 10:27:00-04:00,334.760009765625,GOOGL
2026-09-08 10:28:00-04:00,334.6099853515625,GOOGL
2026-09-08 10:29:00-04:00,334.6300048828125,GOOGL
2026-09-08 10:30:00-04:00,334.5400085449219,GOOGL
2026-09-08 10:31:00-04:00,334.5199890136719,GOOGL
2026-09-08 10:32:00-04:00,334.45001220703125,GOOGL
2026-09-08 10:33:00-04:00,334.4599914550781,GOOGL
2026-09-08 10:34:00-04:00,334.5400085449219,GOOGL
2026-09-08 10:35:00-04:00,334.3900146484375,GOOGL
2026-09-08 10:36:00-04:00,334.57989501953125,GOOGL
2026-09-08 10:37:00-04:00,334.635009765625,GOOGL
2026-09-08 10:38:00-04:00,334.9700012207031,GOOGL
2026-09-08 10:39:00-04:00,335.1600036621094,GOOGL
2026-09-08 10:40:00-04:00,335.3800048828125,GOOGL
2026-09-08 10:41:00-04:00,335.84521484375,GOOGL
2026-09-08 10:42:00-04:00,336.0799865722656,GOOGL
2026-09-08 10:43:00-04:00,336.2699890136719,GOOGL
2026-09-08 10:44:00-04:00,336.2699890136719,GOOGL
2026-09-08 10:45:00-04:00,336.3599853515625,GOOGL
2026-09-08 10:46:00-04:00,336.489990234375,GOOGL
2026-09-08 10:47:00-04:00,336.78009033203125,GOOGL
2026-09-08 10:48:00-04:00,336.7950134277344,GOOGL
2026-09-08 10:49:00-04:00,336.63629150390625,GOOGL
2026-09-08 10:50:00-04:00,336.7699890136719,GOOGL
2026-09-08 10:51:00-04:00,336.8800048828125,GOOGL
2026-09-08 10:52:00-04:00,336.9200134277344,GOOGL
2026-09-08 10:53:00-04:00,337.46099853515625,GOOGL
2026-09-08 10:54:00-04:00,337.0710144042969,GOOGL
2026-09-08 10:55:00-04:00,337.635009765625,GOOGL
2026-09-08 10:56:00-04:00,337.2049865722656,GOOGL
2026-09-08 10:57:00-04:00,336.81500244140625,GOOGL
2026-09-08 10:58:00-04:00,336.739990234375,GOOGL
2026-09-08 10:59:00-04:00,337.11199951171875,GOOGL
2026-09-08 11:00:00-04:00,337.5350036621094,GOOGL
2026-09-08 11:01:00-04:00,337.8900146484375,GOOGL
2026-09-08 11:02:00-04:00,337.6600036621094,GOOGL
2026-09-08 11:03:00-04:00,337.5400085449219,GOOGL
2026-09-08 11:04:00-04:00,337.5849914550781,GOOGL
2026-09-08 11:05:00-04:00,337.67999267578125,GOOGL
2026-09-08 11:06:00-04:00,337.5600891113281,GOOGL
2026-09-08 11:07:00-04:00,337.4150085449219,GOOGL
2026-09-08 11:08:00-04:00,337.5400085449219,GOOGL
2026-09-08 11:09:00-04:00,337.3599853515625,GOOGL
2026-09-08 11:10:00-04:00,337.6300048828125,GOOGL
2026-09-08 11:11:00-04:00,337.44000244140625,GOOGL
2026-09-08 11:12:00-04:00,337.5419921875,GOOGL
2026-09-08 11:13:00-04:00,337.7900085449219,GOOGL
2026-09-08 11:14:00-04:00,337.760009765625,GOOGL
2026-09-08 11:15:00-04:00,338.1300048828125,GOOGL
2026-09-08 11:16:00-04:00,338.1700134277344,GOOGL
2026-09-08 11:17:00-04:00,338.239990234375,GOOGL
2026-09-08 11:18:00-04:00,337.9200134277344,GOOGL
2026-09-08 11:19:00-04:00,337.8399963378906,GOOGL
2026-09-08 11:20:00-04:00,337.7099914550781,GOOGL
2026-09-08 11:21:00-04:00,337.6000061035156,GOOGL
2026-09-08 11:22:00-04:00,337.5028991699219,GOOGL
2026-09-08 11:23:00-04:00,337.8500061035156,GOOGL
2026-09-08 11:24:00-04:00,338.32000732421875,GOOGL
2026-09-08 11:25:00-04:00,338.2699890136719,GOOGL
2026-09-08 11:26:00-04:00,338.3580017089844,GOOGL
2026-09-08 11:27:00-04:00,338.43499755859375,GOOGL
2026-09-08 11:28:00-04:00,338.210205078125,GOOGL
2026-09-08 11:29:00-04:00,338.2699890136719,GOOGL
2026-09-08 11:30:00-04:00,338.4649963378906,GOOGL
2026-09-08 11:31:00-04:00,338.54998779296875,GOOGL
2026-09-08 11:32:00-04:00,338.3999938964844,GOOGL
2026-09-08 11:33:00-04:00,338.4599914550781,GOOGL
2026-09-08 11:34:00-04:00,338.4949951171875,GOOGL
2026-09-08 11:35:00-04:00,338.2349853515625,GOOGL
2026-09-08 11:36:00-04:00,338.30999755859375,GOOGL
2026-09-08 11:37:00-04:00,338.3949890136719,GOOGL
2026-09-08 11:38:00-04:00,338.17498779296875,GOOGL
2026-09-08 11:39:00-04:00,338.3800048828125,GOOGL
2026-09-08 11:40:00-04:00,338.45001220703125,GOOGL
2026-09-08 11:41:00-04:00,338.5849914550781,GOOGL
2026-09-08 11:42:00-04:00,338.6000061035156,GOOGL
2026-09-08 11:43:00-04:00,338.4949951171875,GOOGL
2026-09-08 11:44:00-04:00,338.54998779296875,GOOGL
2026-09-08 11:45:00-04:00,338.6499938964844,GOOGL
2026-09-08 11:46:00-04:00,338.45001220703125,GOOGL
2026-09-08 11:47:00-04:00,338.2699890136719,GOOGL
2026-09-08 11:48:00-04:00,338.3349914550781,GOOGL
2026-09-08 11:49:00-04:00,338.3299865722656,GOOGL
2026-09-08 11:50:00-04:00,338.5,GOOGL
2026-09-08 11:51:00-04:00,338.5950012207031,GOOGL
2026-09-08 11:52:00-04:00,338.5249938964844,GOOGL
2026-09-08 11:53:00-04:00,338.718994140625,GOOGL
2026-09-08 11:54:00-04:00,338.6549987792969,GOOGL
2026-09-08 11:55:00-04:00,338.68499755859375,GOOGL
2026-09-08 11:56:00-04:00,338.6199951171875,GOOGL
2026-09-08 11:57:00-04:00,338.56500244140625,GOOGL
2026-09-08 11:58:00-04:00,338.4649963378906,GOOGL
2026-09-08 11:59:00-04:00,338.5150146484375,GOOGL
2026-09-08 12:00:00-04:00,338.4100036621094,GOOGL
2026-09-08 12:01:00-04:00,338.3299865722656,GOOGL
2026-09-08 12:02:00-04:00,338.1600036621094,GOOGL
2026-09-08 12:03:00-04:00,338.239990234375,GOOGL
2026-09-08 12:04:00-04:00,338.4150085449219,GOOGL
2026-09-08 12:05:00-04:00,338.6596984863281,GOOGL
2026-09-08 12:06:00-04:00,338.6600036621094,GOOGL
2026-09-08 12:07:00-04:00,338.3500061035156,GOOGL
2026-09-08 12:08:00-04:00,338.05499267578125,GOOGL
2026-09-08 12:09:00-04:00,338.30999755859375,GOOGL
2026-09-08 12:10:00-04:00,338.42498779296875,GOOGL
2026-09-08 12:11:00-04:00,338.19000244140625,GOOGL
2026-09-08 12:12:00-04:00,338.25,GOOGL
2026-09-08 12:13:00-04:00,338.260009765625,GOOGL
2026-09-08 12:14:00-04:00,338.1400146484375,GOOGL
2026-09-08 12:15:00-04:00,338.385009765625,GOOGL
2026-09-08 12:16:00-04:00,338.2900085449219,GOOGL
2026-09-08 12:17:00-04:00,338.17999267578125,GOOGL
2026-09-08 12:18:00-04:00,338.17999267578125,GOOGL
2026-09-08 12:19:00-04:00,338.260009765625,GOOGL
2026-09-08 12:20:00-04:00,338.2550048828125,GOOGL
2026-09-08 12:21:00-04:00,338.3699951171875,GOOGL
2026-09-08 12:22:00-04:00,338.3699951171875,GOOGL
2026-09-08 12:23:00-04:00,338.389892578125,GOOGL
2026-09-08 12:24:00-04:00,338.4599914550781,GOOGL
2026-09-08 12:25:00-04:00,338.8999938964844,GOOGL
2026-09-08 12:26:00-04:00,338.677490234375,GOOGL
2026-09-08 12:27:00-04:00,338.635009765625,GOOGL
2026-09-08 12:28:00-04:00,338.5150146484375,GOOGL
2026-09-08 12:29:00-04:00,338.52069091796875,GOOGL
2026-09-08 12:30:00-04:00,338.40008544921875,GOOGL
2026-09-08 12:31:00-04:00,338.5,GOOGL
2026-09-08 12:32:00-04:00,338.3949890136719,GOOGL
2026-09-08 12:33:00-04:00,338.55999755859375,GOOGL
2026-09-08 12:34:00-04:00,338.45001220703125,GOOGL
2026-09-08 12:35:00-04:00,338.5450134277344,GOOGL
2026-09-08 12:36:00-04:00,338.5,GOOGL
2026-09-08 12:37:00-04:00,338.489990234375,GOOGL
2026-09-08 12:38:00-04:00,338.3599853515625,GOOGL
2026-09-08 12:39:00-04:00,338.260009765625,GOOGL
2026-09-08 12:40:00-04:00,338.4100036621094,GOOGL
2026-09-08 12:41:00-04:00,338.3699951171875,GOOGL
2026-09-08 12:42:00-04:00,338.5199890136719,GOOGL
2026-09-08 12:43:00-04:00,338.4700012207031,GOOGL
2026-09-08 12:44:00-04:00,338.7099914550781,GOOGL
2026-09-08 12:45:00-04:00,338.6099853515625,GOOGL
2026-09-08 12:46:00-04:00,338.5849914550781,GOOGL
2026-09-08 12:47:00-04:00,338.5050048828125,GOOGL
2026-09-08 12:48:00-04:00,338.375,GOOGL
2026-09-08 12:49:00-04:00,338.57501220703125,GOOGL
2026-09-08 12:50:00-04:00,338.7200012207031,GOOGL
2026-09-08 12:51:00-04:00,338.5799865722656,GOOGL
2026-09-08 12:52:00-04:00,338.6449890136719,GOOGL
2026-09-08 12:53:00-04:00,338.889892578125,GOOGL
2026-09-08 12:54:00-04:00,338.8800048828125,GOOGL
2026-09-08 12:55:00-04:00,339.2699890136719,GOOGL
2026-09-08 12:56:00-04:00,338.6199951171875,GOOGL
2026-09-08 12:57:00-04:00,338.5299987792969,GOOGL
2026-09-08 12:58:00-04:00,338.6400146484375,GOOGL
2026-09-08 12:59:00-04:00,338.6700134277344,GOOGL
2026-09-08 13:00:00-04:00,338.8306884765625,GOOGL
2026-09-08 13:01:00-04:00,339.1050109863281,GOOGL
2026-09-08 13:02:00-04:00,339.1549987792969,GOOGL
2026-09-08 13:03:00-04:00,339.2601013183594,GOOGL
2026-09-08 13:04:00-04:00,339.31500244140625,GOOGL
2026-09-08 13:05:00-04:00,339.20001220703125,GOOGL
2026-09-08 13:06:00-04:00,339.42999267578125,GOOGL
2026-09-08 13:07:00-04:00,339.20001220703125,GOOGL
2026-09-08 13:08:00-04:00,339.29998779296875,GOOGL
2026-09-08 13:09:00-04:00,339.2449951171875,GOOGL
2026-09-08 13:10:00-04:00,339.17999267578125,GOOGL
2026-09-08 13:11:00-04:00,339.25,GOOGL
2026-09-08 13:12:00-04:00,338.9800109863281,GOOGL
2026-09-08 13:13:00-04:00,338.8949890136719,GOOGL
2026-09-08 13:14:00-04:00,338.82000732421875,GOOGL
2026-09-08 13:15:00-04:00,338.70001220703125,GOOGL
2026-09-08 13:16:00-04:00,338.57501220703125,GOOGL
2026-09-08 13:17:00-04:00,338.5849914550781,GOOGL
2026-09-08 13:18:00-04:00,338.7149963378906,GOOGL
2026-09-08 13:19:00-04:00,338.7900085449219,GOOGL
2026-09-08 13:20:00-04:00,339.0,GOOGL
2026-09-08 13:21:00-04:00,339.20001220703125,GOOGL
2026-09-08 13:22:00-04:00,339.0400085449219,GOOGL
2026-09-08 13:23:00-04:00,339.0799865722656,GOOGL
2026-09-08 13:24:00-04:00,339.3399963378906,GOOGL
2026-09-08 13:25:00-04:00,339.375,GOOGL
2026-09-08 13:26:00-04:00,339.3500061035156,GOOGL
2026-09-08 13:27:00-04:00,339.32000732421875,GOOGL
2026-09-08 13:28:00-04:00,339.4049987792969,GOOGL
2026-09-08 13:29:00-04:00,339.30999755859375,GOOGL
2026-09-08 13:30:00-04:00,339.489990234375,GOOGL
2026-09-08 13:31:00-04:00,339.6256103515625,GOOGL
2026-09-08 13:32:00-04:00,339.44000244140625,GOOGL
2026-09-08 13:33:00-04:00,339.3500061035156,GOOGL
2026-09-08 13:34:00-04:00,339.29998779296875,GOOGL
2026-09-08 13:35:00-04:00,339.4700012207031,GOOGL
2026-09-08 13:36:00-04:00,339.489990234375,GOOGL
2026-09-08 13:37:00-04:00,339.54998779296875,GOOGL
2026-09-08 13:38:00-04:00,339.57000732421875,GOOGL
2026-09-08 13:39:00-04:00,339.5299987792969,GOOGL
2026-09-08 13:40:00-04:00,339.30999755859375,GOOGL
2026-09-08 13:41:00-04:00,339.2900085449219,GOOGL
2026-09-08 13:42:00-04:00,339.2650146484375,GOOGL
2026-09-08 13:43:00-04:00,339.1499938964844,GOOGL
2026-09-08 13:44:00-04:00,338.70001220703125,GOOGL
2026-09-08 13:45:00-04:00,338.75,GOOGL
2026-09-08 13:46:00-04:00,338.8399963378906,GOOGL
2026-09-08 13:47:00-04:00,338.9200134277344,GOOGL
2026-09-08 13:48:00-04:00,339.1000061035156,GOOGL
2026-09-08 13:49:00-04:00,339.2149963378906,GOOGL
2026-09-08 13:50:00-04:00,339.3399963378906,GOOGL
2026-09-08 13:51:00-04:00,339.4200134277344,GOOGL
2026-09-08 13:52:00-04:00,339.3599853515625,GOOGL
2026-09-08 13:53:00-04:00,339.30499267578125,GOOGL
2026-09-08 13:54:00-04:00,339.2650146484375,GOOGL
2026-09-08 13:55:00-04:00,338.8500061035156,GOOGL
2026-09-08 13:56:00-04:00,338.8800048828125,GOOGL
2026-09-08 13:57:00-04:00,338.94000244140625,GOOGL
2026-09-08 13:58:00-04:00,338.8699951171875,GOOGL
2026-09-08 13:59:00-04:00,338.760009765625,GOOGL
2026-09-08 14:00:00-04:00,338.6199951171875,GOOGL
2026-09-08 14:01:00-04:00,338.4100036621094,GOOGL
2026-09-08 14:02:00-04:00,338.3299865722656,GOOGL
2026-09-08 14:03:00-04:00,338.31500244140625,GOOGL
2026-09-08 14:04:00-04:00,338.565185546875,GOOGL
2026-09-08 14:05:00-04:00,338.6199951171875,GOOGL
2026-09-08 14:06:00-04:00,338.17999267578125,GOOGL
2026-09-08 14:07:00-04:00,337.9800109863281,GOOGL
2026-09-08 14:08:00-04:00,338.0450134277344,GOOGL
2026-09-08 14:09:00-04:00,338.0899963378906,GOOGL
2026-09-08 14:10:00-04:00,338.239990234375,GOOGL
2026-09-08 14:11:00-04:00,338.19500732421875,GOOGL
2026-09-08 14:12:00-04:00,338.19000244140625,GOOGL
2026-09-08 14:13:00-04:00,337.9800109863281,GOOGL
2026-09-08 14:14:00-04:00,338.1650085449219,GOOGL
2026-09-08 14:15:00-04:00,338.2300109863281,GOOGL
2026-09-08 14:16:00-04:00,338.2308044433594,GOOGL
2026-09-08 14:17:00-04:00,338.04998779296875,GOOGL
2026-09-08 14:18:00-04:00,338.05999755859375,GOOGL
2026-09-08 14:19:00-04:00,338.0799865722656,GOOGL
2026-09-08 14:20:00-04:00,338.17498779296875,GOOGL
2026-09-08 14:21:00-04:00,338.125,GOOGL
2026-09-08 14:22:00-04:00,338.1499938964844,GOOGL
2026-09-08 14:23:00-04:00,338.04998779296875,GOOGL
2026-09-08 14:24:00-04:00,337.9800109863281,GOOGL
2026-09-08 14:25:00-04:00,338.0,GOOGL
2026-09-08 14:26:00-04:00,337.9100036621094,GOOGL
2026-09-08 14:27:00-04:00,337.9750061035156,GOOGL
2026-09-08 14:28:00-04:00,338.0014953613281,GOOGL
2026-09-08 14:29:00-04:00,338.0849914550781,GOOGL
2026-09-08 14:30:00-04:00,338.1000061035156,GOOGL
2026-09-08 14:31:00-04:00,338.1199951171875,GOOGL
2026-09-08 14:32:00-04:00,338.1600036621094,GOOGL
2026-09-08 14:33:00-04:00,338.2099914550781,GOOGL
2026-09-08 14:34:00-04:00,338.4200134277344,GOOGL
2026-09-08 14:35:00-04:00,337.989990234375,GOOGL
2026-09-08 14:36:00-04:00,337.9906921386719,GOOGL
2026-09-08 14:37:00-04:00,337.94000244140625,GOOGL
2026-09-08 14:38:00-04:00,337.92498779296875,GOOGL
2026-09-08 14:39:00-04:00,337.885009765625,GOOGL
2026-09-08 14:40:00-04:00,337.8999938964844,GOOGL
2026-09-08 14:41:00-04:00,338.0799865722656,GOOGL
2026-09-08 14:42:00-04:00,338.1000061035156,GOOGL
2026-09-08 14:43:00-04:00,338.19000244140625,GOOGL
2026-09-08 14:44:00-04:00,338.2650146484375,GOOGL
2026-09-08 14:45:00-04:00,338.3900146484375,GOOGL
2026-09-08 14:46:00-04:00,338.44000244140625,GOOGL
2026-09-08 14:47:00-04:00,338.0101013183594,GOOGL
2026-09-08 14:48:00-04:00,337.45001220703125,GOOGL
2026-09-08 14:49:00-04:00,337.7799987792969,GOOGL
2026-09-08 14:50:00-04:00,337.9849853515625,GOOGL
2026-09-08 14:51:00-04:00,337.67999267578125,GOOGL
2026-09-08 14:52:00-04:00,337.510009765625,GOOGL
2026-09-08 14:53:00-04:00,337.7900085449219,GOOGL
2026-09-08 14:54:00-04:00,337.68499755859375,GOOGL
2026-09-08 14:55:00-04:00,337.8599853515625,GOOGL
2026-09-08 14:56:00-04:00,337.9549865722656,GOOGL
2026-09-08 14:57:00-04:00,337.93951416015625,GOOGL
2026-09-08 14:58:00-04:00,337.7699890136719,GOOGL
2026-09-08 14:59:00-04:00,337.7900085449219,GOOGL
2026-09-08 15:00:00-04:00,337.8999938964844,GOOGL
2026-09-08 15:01:00-04:00,337.8900146484375,GOOGL
2026-09-08 15:02:00-04:00,338.0899963378906,GOOGL
2026-09-08 15:03:00-04:00,338.0799865722656,GOOGL
2026-09-08 15:04:00-04:00,337.7099914550781,GOOGL
2026-09-08 15:05:00-04:00,337.7200012207031,GOOGL
2026-09-08 15:06:00-04:00,337.364990234375,GOOGL
2026-09-08 15:07:00-04:00,337.3299865722656,GOOGL
2026-09-08 15:08:00-04:00,337.2799987792969,GOOGL
2026-09-08 15:09:00-04:00,337.3487854003906,GOOGL
2026-09-08 15:10:00-04:00,337.3699951171875,GOOGL
2026-09-08 15:11:00-04:00,337.2650146484375,GOOGL
2026-09-08 15:12:00-04:00,337.3349914550781,GOOGL
2026-09-08 15:13:00-04:00,337.3500061035156,GOOGL
2026-09-08 15:14:00-04:00,337.2749938964844,GOOGL
2026-09-08 15:15:00-04:00,337.2099914550781,GOOGL
2026-09-08 15:16:00-04:00,337.20001220703125,GOOGL
2026-09-08 15:17:00-04:00,337.0899963378906,GOOGL
2026-09-08 15:18:00-04:00,337.135009765625,GOOGL
2026-09-08 15:19:00-04:00,337.2749938964844,GOOGL
2026-09-08 15:20:00-04:00,337.3599853515625,GOOGL
2026-09-08 15:21:00-04:00,337.3699951171875,GOOGL
2026-09-08 15:22:00-04:00,337.3995056152344,GOOGL
2026-09-08 15:23:00-04:00,337.37750244140625,GOOGL
2026-09-08 15:24:00-04:00,337.4200134277344,GOOGL
2026-09-08 15:25:00-04:00,337.55499267578125,GOOGL
2026-09-08 15:26:00-04:00,337.55999755859375,GOOGL
2026-09-08 15:27:00-04:00,337.5899963378906,GOOGL
2026-09-08 15:28:00-04:00,337.5799865722656,GOOGL
2026-09-08 15:29:00-04:00,337.69000244140625,GOOGL
2026-09-08 15:30:00-04:00,337.60369873046875,GOOGL
2026-09-08 15:31:00-04:00,337.3999938964844,GOOGL
2026-09-08 15:32:00-04:00,337.364990234375,GOOGL
2026-09-08 15:33:00-04:00,337.4599914550781,GOOGL
2026-09-08 15:34:00-04:00,337.55999755859375,GOOGL
2026-09-08 15:35:00-04:00,337.5199890136719,GOOGL
2026-09-08 15:36:00-04:00,337.5799865722656,GOOGL
2026-09-08 15:37:00-04:00,337.6600036621094,GOOGL
2026-09-08 15:38:00-04:00,337.739990234375,GOOGL
2026-09-08 15:39:00-04:00,337.95001220703125,GOOGL
2026-09-08 15:40:00-04:00,338.3699951171875,GOOGL
2026-09-08 15:41:00-04:00,338.2900085449219,GOOGL
2026-09-08 15:42:00-04:00,338.32501220703125,GOOGL
2026-09-08 15:43:00-04:00,338.4150085449219,GOOGL
2026-09-08 15:44:00-04:00,338.2900085449219,GOOGL
2026-09-08 15:45:00-04:00,338.29998779296875,GOOGL
2026-09-08 15:46:00-04:00,338.4599914550781,GOOGL
2026-09-08 15:47:00-04:00,338.5199890136719,GOOGL
2026-09-08 15:48:00-04:00,338.3699951171875,GOOGL
2026-09-08 15:49:00-04:00,338.510009765625,GOOGL
2026-09-08 15:50:00-04:00,338.3500061035156,GOOGL
2026-09-08 15:51:00-04:00,338.19500732421875,GOOGL
2026-09-08 15:52:00-04:00,338.1600036621094,GOOGL
2026-09-08 15:53:00-04:00,337.8399963378906,GOOGL
2026-09-08 15:54:00-04:00,338.1601867675781,GOOGL
2026-09-08 15:55:00-04:00,338.4700012207031,GOOGL
2026-09-08 15:56:00-04:00,338.3900146484375,GOOGL
2026-09-08 15:57:00-04:00,338.1300048828125,GOOGL
2026-09-08 15:58:00-04:00,338.2200012207031,GOOGL
2026-09-08 15:59:00-04:00,338.42999267578125,GOOGL
2026-09-09 09:30:00-04:00,329.32000732421875,GOOGL
2026-09-09 09:31:00-04:00,329.80999755859375,GOOGL
2026-09-09 09:32:00-04:00,328.3900146484375,GOOGL
2026-09-09 09:33:00-04:00,328.760009765625,GOOGL
2026-09-09 09:34:00-04:00,329.3999938964844,GOOGL
2026-09-09 09:35:00-04:00,330.0972900390625,GOOGL
2026-09-09 09:36:00-04:00,329.7850036621094,GOOGL
2026-09-09 09:37:00-04:00,329.89739990234375,GOOGL
2026-09-09 09:38:00-04:00,329.7799987792969,GOOGL
2026-09-09 09:39:00-04:00,330.2601013183594,GOOGL
2026-09-09 09:40:00-04:00,329.8900146484375,GOOGL
2026-09-09 09:41:00-04:00,330.1700134277344,GOOGL
2026-09-09 09:42:00-04:00,330.25,GOOGL
2026-09-09 09:43:00-04:00,329.7200012207031,GOOGL
2026-09-09 09:44:00-04:00,329.15008544921875,GOOGL
2026-09-09 09:45:00-04:00,329.05999755859375,GOOGL
2026-09-09 09:46:00-04:00,329.1886901855469,GOOGL
2026-09-09 09:47:00-04:00,328.9700012207031,GOOGL
2026-09-09 09:48:00-04:00,328.8900146484375,GOOGL
2026-09-09 09:49:00-04:00,328.7799987792969,GOOGL
2026-09-09 09:50:00-04:00,329.1300048828125,GOOGL
2026-09-09 09:51:00-04:00,329.25,GOOGL
2026-09-09 09:52:00-04:00,328.9599914550781,GOOGL
2026-09-09 09:53:00-04:00,329.3550109863281,GOOGL
2026-09-09 09:54:00-04:00,329.31500244140625,GOOGL
2026-09-09 09:55:00-04:00,329.17999267578125,GOOGL
2026-09-09 09:56:00-04:00,329.110107421875,GOOGL
2026-09-09 09:57:00-04:00,329.2301025390625,GOOGL
2026-09-09 09:58:00-04:00,329.6600036621094,GOOGL
2026-09-09 09:59:00-04:00,329.375,GOOGL
2026-09-09 10:00:00-04:00,328.9739990234375,GOOGL
2026-09-09 10:01:00-04:00,328.51971435546875,GOOGL
2026-09-09 10:02:00-04:00,328.31988525390625,GOOGL
2026-09-09 10:03:00-04:00,328.1700134277344,GOOGL
2026-09-09 10:04:00-04:00,328.1802978515625,GOOGL
2026-09-09 10:05:00-04:00,328.20001220703125,GOOGL
2026-09-09 10:06:00-04:00,328.7699890136719,GOOGL
2026-09-09 10:07:00-04:00,329.0199890136719,GOOGL
2026-09-09 10:08:00-04:00,329.9393005371094,GOOGL
2026-09-09 10:09:00-04:00,329.9800109863281,GOOGL
2026-09-09 10:10:00-04:00,329.65679931640625,GOOGL
2026-09-09 10:11:00-04:00,329.69500732421875,GOOGL
2026-09-09 10:12:00-04:00,330.3349914550781,GOOGL
2026-09-09 10:13:00-04:00,330.05999755859375,GOOGL
2026-09-09 10:14:00-04:00,330.4100036621094,GOOGL
2026-09-09 10:15:00-04:00,330.8699951171875,GOOGL
2026-09-09 10:16:00-04:00,330.5201110839844,GOOGL
2026-09-09 10:17:00-04:00,330.3399963378906,GOOGL
2026-09-09 10:18:00-04:00,330.1050109863281,GOOGL
2026-09-09 10:19:00-04:00,330.4596862792969,GOOGL
2026-09-09 10:20:00-04:00,330.2850036621094,GOOGL
2026-09-09 10:21:00-04:00,330.2749938964844,GOOGL
2026-09-09 10:22:00-04:00,330.6099853515625,GOOGL
2026-09-09 10:23:00-04:00,330.3900146484375,GOOGL
2026-09-09 10:24:00-04:00,330.2532043457031,GOOGL
2026-09-09 10:25:00-04:00,330.19000244140625,GOOGL
2026-09-09 10:26:00-04:00,330.2200012207031,GOOGL
2026-09-09 10:27:00-04:00,330.4150085449219,GOOGL
2026-09-09 10:28:00-04:00,330.7774963378906,GOOGL
2026-09-09 10:29:00-04:00,330.8800048828125,GOOGL
2026-09-09 10:30:00-04:00,330.44000244140625,GOOGL
2026-09-09 10:31:00-04:00,329.9800109863281,GOOGL
2026-09-09 10:32:00-04:00,329.9100036621094,GOOGL
2026-09-09 10:33:00-04:00,329.5199890136719,GOOGL
2026-09-09 10:34:00-04:00,329.55999755859375,GOOGL
2026-09-09 10:35:00-04:00,329.7699890136719,GOOGL
2026-09-09 10:36:00-04:00,329.6300048828125,GOOGL
2026-09-09 10:37:00-04:00,329.8399963378906,GOOGL
2026-09-09 10:38:00-04:00,329.70001220703125,GOOGL
2026-09-09 10:39:00-04:00,329.8999938964844,GOOGL
2026-09-09 10:40:00-04:00,329.92498779296875,GOOGL
2026-09-09 10:41:00-04:00,330.3699951171875,GOOGL
2026-09-09 10:42:00-04:00,330.20001220703125,GOOGL
2026-09-09 10:43:00-04:00,330.25,GOOGL
2026-09-09 10:44:00-04:00,330.2200012207031,GOOGL
2026-09-09 10:45:00-04:00,330.1199951171875,GOOGL
2026-09-09 10:46:00-04:00,329.94000244140625,GOOGL
2026-09-09 10:47:00-04:00,330.1099853515625,GOOGL
2026-09-09 10:48:00-04:00,330.5350036621094,GOOGL
2026-09-09 10:49:00-04:00,330.4150085449219,GOOGL
2026-09-09 10:50:00-04:00,330.3507995605469,GOOGL
2026-09-09 10:51:00-04:00,330.6300048828125,GOOGL
2026-09-09 10:52:00-04:00,330.25,GOOGL
2026-09-09 10:53:00-04:00,330.135009765625,GOOGL
2026-09-09 10:54:00-04:00,330.3800048828125,GOOGL
2026-09-09 10:55:00-04:00,329.92999267578125,GOOGL
2026-09-09 10:56:00-04:00,329.70001220703125,GOOGL
2026-09-09 10:57:00-04:00,329.6700134277344,GOOGL
2026-09-09 10:58:00-04:00,329.8299865722656,GOOGL
2026-09-09 10:59:00-04:00,329.6199951171875,GOOGL
2026-09-09 11:00:00-04:00,329.489990234375,GOOGL
2026-09-09 11:01:00-04:00,329.2699890136719,GOOGL
2026-09-09 11:02:00-04:00,328.9150085449219,GOOGL
2026-09-09 11:03:00-04:00,329.2200012207031,GOOGL
2026-09-09 11:04:00-04:00,329.2300109863281,GOOGL
2026-09-09 11:05:00-04:00,329.30499267578125,GOOGL
2026-09-09 11:06:00-04:00,329.3500061035156,GOOGL
2026-09-09 11:07:00-04:00,329.4800109863281,GOOGL
2026-09-09 11:08:00-04:00,329.6099853515625,GOOGL
2026-09-09 11:09:00-04:00,329.07000732421875,GOOGL
2026-09-09 11:10:00-04:00,328.8399963378906,GOOGL
2026-09-09 11:11:00-04:00,328.57000732421875,GOOGL
2026-09-09 11:12:00-04:00,328.4100036621094,GOOGL
2026-09-09 11:13:00-04:00,328.29998779296875,GOOGL
2026-09-09 11:14:00-04:00,328.1499938964844,GOOGL
2026-09-09 11:15:00-04:00,328.3999938964844,GOOGL
2026-09-09 11:16:00-04:00,328.6000061035156,GOOGL
2026-09-09 11:17:00-04:00,328.6700134277344,GOOGL
2026-09-09 11:18:00-04:00,328.9800109863281,GOOGL
2026-09-09 11:19:00-04:00,329.2300109863281,GOOGL
2026-09-09 11:20:00-04:00,329.3299865722656,GOOGL
2026-09-09 11:21:00-04:00,329.275390625,GOOGL
2026-09-09 11:22:00-04:00,329.0950012207031,GOOGL
2026-09-09 11:23:00-04:00,329.1449890136719,GOOGL
2026-09-09 11:24:00-04:00,328.8599853515625,GOOGL
2026-09-09 11:25:00-04:00,328.8999938964844,GOOGL
2026-09-09 11:26:00-04:00,328.8900146484375,GOOGL
2026-09-09 11:27:00-04:00,328.92498779296875,GOOGL
2026-09-09 11:28:00-04:00,328.8299865722656,GOOGL
2026-09-09 11:29:00-04:00,329.0299987792969,GOOGL
2026-09-09 11:30:00-04:00,329.2500915527344,GOOGL
2026-09-09 11:31:00-04:00,329.05499267578125,GOOGL
2026-09-09 11:32:00-04:00,329.3125,GOOGL
2026-09-09 11:33:00-04:00,329.3949890136719,GOOGL
2026-09-09 11:34:00-04:00,329.5600891113281,GOOGL
2026-09-09 11:35:00-04:00,329.3999938964844,GOOGL
2026-09-09 11:36:00-04:00,329.3550109863281,GOOGL
2026-09-09 11:37:00-04:00,329.4100036621094,GOOGL
2026-09-09 11:38:00-04:00,329.3800048828125,GOOGL
2026-09-09 11:39:00-04:00,329.6499938964844,GOOGL
2026-09-09 11:40:00-04:00,329.3817138671875,GOOGL
2026-09-09 11:41:00-04:00,329.27508544921875,GOOGL
2026-09-09 11:42:00-04:00,329.42498779296875,GOOGL
2026-09-09 11:43:00-04:00,329.32000732421875,GOOGL
2026-09-09 11:44:00-04:00,329.3500061035156,GOOGL
2026-09-09 11:45:00-04:00,329.4200134277344,GOOGL
2026-09-09 11:46:00-04:00,329.5199890136719,GOOGL
2026-09-09 11:47:00-04:00,329.3999938964844,GOOGL
2026-09-09 11:48:00-04:00,329.3999938964844,GOOGL
2026-09-09 11:49:00-04:00,329.67120361328125,GOOGL
2026-09-09 11:50:00-04:00,329.9200134277344,GOOGL
2026-09-09 11:51:00-04:00,330.07989501953125,GOOGL
2026-09-09 11:52:00-04:00,329.93499755859375,GOOGL
2026-09-09 11:53:00-04:00,329.9700012207031,GOOGL
2026-09-09 11:54:00-04:00,329.9599914550781,GOOGL
2026-09-09 11:55:00-04:00,329.6820068359375,GOOGL
2026-09-09 11:56:00-04:00,329.4700012207031,GOOGL
2026-09-09 11:57:00-04:00,329.4800109863281,GOOGL
2026-09-09 11:58:00-04:00,329.6000061035156,GOOGL
2026-09-09 11:59:00-04:00,329.54998779296875,GOOGL
2026-09-09 12:00:00-04:00,329.44500732421875,GOOGL
2026-09-09 12:01:00-04:00,329.385009765625,GOOGL
2026-09-09 12:02:00-04:00,329.7099914550781,GOOGL
2026-09-09 12:03:00-04:00,329.4849853515625,GOOGL
2026-09-09 12:04:00-04:00,329.54998779296875,GOOGL
2026-09-09 12:05:00-04:00,329.6299133300781,GOOGL
2026-09-09 12:06:00-04:00,329.340087890625,GOOGL
2026-09-09 12:07:00-04:00,329.25,GOOGL
2026-09-09 12:08:00-04:00,329.29998779296875,GOOGL
2026-09-09 12:09:00-04:00,329.1700134277344,GOOGL
2026-09-09 12:10:00-04:00,329.06500244140625,GOOGL
2026-09-09 12:11:00-04:00,329.2200012207031,GOOGL
2026-09-09 12:12:00-04:00,329.42999267578125,GOOGL
2026-09-09 12:13:00-04:00,329.510009765625,GOOGL
2026-09-09 12:14:00-04:00,329.3999938964844,GOOGL
2026-09-09 12:15:00-04:00,329.3999938964844,GOOGL
2026-09-09 12:16:00-04:00,329.25,GOOGL
2026-09-09 12:17:00-04:00,329.18499755859375,GOOGL
2026-09-09 12:18:00-04:00,329.1600036621094,GOOGL
2026-09-09 12:19:00-04:00,329.4798889160156,GOOGL
2026-09-09 12:20:00-04:00,329.4949951171875,GOOGL
2026-09-09 12:21:00-04:00,329.6549987792969,GOOGL
2026-09-09 12:22:00-04:00,329.6650085449219,GOOGL
2026-09-09 12:23:00-04:00,329.4800109863281,GOOGL
2026-09-09 12:24:00-04:00,329.4800109863281,GOOGL
2026-09-09 12:25:00-04:00,329.42999267578125,GOOGL
2026-09-09 12:26:00-04:00,329.55999755859375,GOOGL
2026-09-09 12:27:00-04:00,329.57000732421875,GOOGL
2026-09-09 12:28:00-04:00,329.4649963378906,GOOGL
2026-09-09 12:29:00-04:00,329.5400085449219,GOOGL
2026-09-09 12:30:00-04:00,329.5450134277344,GOOGL
2026-09-09 12:31:00-04:00,329.5799865722656,GOOGL
2026-09-09 12:32:00-04:00,329.67498779296875,GOOGL
2026-09-09 12:33:00-04:00,329.6600036621094,GOOGL
2026-09-09 12:34:00-04:00,329.760009765625,GOOGL
2026-09-09 12:35:00-04:00,329.6199951171875,GOOGL
2026-09-09 12:36:00-04:00,329.55499267578125,GOOGL
2026-09-09 12:37:00-04:00,329.6199035644531,GOOGL
2026-09-09 12:38:00-04:00,329.57000732421875,GOOGL
2026-09-09 12:39:00-04:00,329.6449890136719,GOOGL
2026-09-09 12:40:00-04:00,329.4949951171875,GOOGL
2026-09-09 12:41:00-04:00,329.5299987792969,GOOGL
2026-09-09 12:42:00-04:00,329.54998779296875,GOOGL
2026-09-09 12:43:00-04:00,329.6300048828125,GOOGL
2026-09-09 12:44:00-04:00,329.69000244140625,GOOGL
2026-09-09 12:45:00-04:00,329.7799987792969,GOOGL
2026-09-09 12:46:00-04:00,329.6400146484375,GOOGL
2026-09-09 12:47:00-04:00,329.82501220703125,GOOGL
2026-09-09 12:48:00-04:00,329.7449951171875,GOOGL
2026-09-09 12:49:00-04:00,329.7099914550781,GOOGL
2026-09-09 12:50:00-04:00,329.9049987792969,GOOGL
2026-09-09 12:51:00-04:00,330.07501220703125,GOOGL
2026-09-09 12:52:00-04:00,330.0950012207031,GOOGL
2026-09-09 12:53:00-04:00,330.0924987792969,GOOGL
2026-09-09 12:54:00-04:00,330.095703125,GOOGL
2026-09-09 12:55:00-04:00,330.0599060058594,GOOGL
2026-09-09 12:56:00-04:00,330.1099853515625,GOOGL
2026-09-09 12:57:00-04:00,330.1199951171875,GOOGL
2026-09-09 12:58:00-04:00,330.0799865722656,GOOGL
2026-09-09 12:59:00-04:00,330.1300048828125,GOOGL
2026-09-09 13:00:00-04:00,330.2099914550781,GOOGL
2026-09-09 13:01:00-04:00,330.364990234375,GOOGL
2026-09-09 13:02:00-04:00,330.3500061035156,GOOGL
2026-09-09 13:03:00-04:00,330.32000732421875,GOOGL
2026-09-09 13:04:00-04:00,330.3299865722656,GOOGL
2026-09-09 13:05:00-04:00,330.6700134277344,GOOGL
2026-09-09 13:06:00-04:00,330.57000732421875,GOOGL
2026-09-09 13:07:00-04:00,330.5299987792969,GOOGL
2026-09-09 13:08:00-04:00,330.43499755859375,GOOGL
2026-09-09 13:09:00-04:00,330.5,GOOGL
2026-09-09 13:10:00-04:00,330.5801086425781,GOOGL
2026-09-09 13:11:00-04:00,330.7379150390625,GOOGL
2026-09-09 13:12:00-04:00,330.6300048828125,GOOGL
2026-09-09 13:13:00-04:00,330.8599853515625,GOOGL
2026-09-09 13:14:00-04:00,330.94000244140625,GOOGL
2026-09-09 13:15:00-04:00,331.1000061035156,GOOGL
2026-09-09 13:16:00-04:00,331.07000732421875,GOOGL
2026-09-09 13:17:00-04:00,331.3349914550781,GOOGL
2026-09-09 13:18:00-04:00,331.3500061035156,GOOGL
2026-09-09 13:19:00-04:00,331.1650085449219,GOOGL
2026-09-09 13:20:00-04:00,331.1300048828125,GOOGL
2026-09-09 13:21:00-04:00,331.2850036621094,GOOGL
2026-09-09 13:22:00-04:00,331.3299865722656,GOOGL
2026-09-09 13:23:00-04:00,331.3900146484375,GOOGL
2026-09-09 13:24:00-04:00,331.6600036621094,GOOGL
2026-09-09 13:25:00-04:00,331.45001220703125,GOOGL
2026-09-09 13:26:00-04:00,331.32501220703125,GOOGL
2026-09-09 13:27:00-04:00,331.2300109863281,GOOGL
2026-09-09 13:28:00-04:00,331.20989990234375,GOOGL
2026-09-09 13:29:00-04:00,331.135009765625,GOOGL
2026-09-09 13:30:00-04:00,331.1839904785156,GOOGL
2026-09-09 13:31:00-04:00,331.1199951171875,GOOGL
2026-09-09 13:32:00-04:00,331.0799865722656,GOOGL
2026-09-09 13:33:00-04:00,331.04998779296875,GOOGL
2026-09-09 13:34:00-04:00,331.3800048828125,GOOGL
2026-09-09 13:35:00-04:00,331.4599914550781,GOOGL
2026-09-09 13:36:00-04:00,331.31500244140625,GOOGL
2026-09-09 13:37:00-04:00,331.21990966796875,GOOGL
2026-09-09 13:38:00-04:00,331.1050109863281,GOOGL
2026-09-09 13:39:00-04:00,331.0849914550781,GOOGL
2026-09-09 13:40:00-04:00,331.1199951171875,GOOGL
2026-09-09 13:41:00-04:00,330.8949890136719,GOOGL
2026-09-09 13:42:00-04:00,330.8699951171875,GOOGL
2026-09-09 13:43:00-04:00,330.80999755859375,GOOGL
2026-09-09 13:44:00-04:00,330.8699951171875,GOOGL
2026-09-09 13:45:00-04:00,330.7250061035156,GOOGL
2026-09-09 13:46:00-04:00,330.6499938964844,GOOGL
2026-09-09 13:47:00-04:00,330.7449951171875,GOOGL
2026-09-09 13:48:00-04:00,330.67999267578125,GOOGL
2026-09-09 13:49:00-04:00,330.7300109863281,GOOGL
2026-09-09 13:50:00-04:00,330.6099853515625,GOOGL
2026-09-09 13:51:00-04:00,330.8299865722656,GOOGL
2026-09-09 13:52:00-04:00,330.80999755859375,GOOGL
2026-09-09 13:53:00-04:00,330.8699951171875,GOOGL
2026-09-09 13:54:00-04:00,330.8900146484375,GOOGL
2026-09-09 13:55:00-04:00,330.9200134277344,GOOGL
2026-09-09 13:56:00-04:00,330.739990234375,GOOGL
2026-09-09 13:57:00-04:00,330.625,GOOGL
2026-09-09 13:58:00-04:00,330.6499938964844,GOOGL
2026-09-09 13:59:00-04:00,330.6400146484375,GOOGL
2026-09-09 14:00:00-04:00,330.614990234375,GOOGL
2026-09-09 14:01:00-04:00,330.3699951171875,GOOGL
2026-09-09 14:02:00-04:00,330.3699951171875,GOOGL
2026-09-09 14:03:00-04:00,330.4100036621094,GOOGL
2026-09-09 14:04:00-04:00,330.2900085449219,GOOGL
2026-09-09 14:05:00-04:00,330.19000244140625,GOOGL
2026-09-09 14:06:00-04:00,330.27850341796875,GOOGL
2026-09-09 14:07:00-04:00,330.260009765625,GOOGL
2026-09-09 14:08:00-04:00,330.2099914550781,GOOGL
2026-09-09 14:09:00-04:00,330.489990234375,GOOGL
2026-09-09 14:10:00-04:00,330.4700012207031,GOOGL
2026-09-09 14:11:00-04:00,330.3598937988281,GOOGL
2026-09-09 14:12:00-04:00,330.30999755859375,GOOGL
2026-09-09 14:13:00-04:00,330.239990234375,GOOGL
2026-09-09 14:14:00-04:00,330.3699951171875,GOOGL
2026-09-09 14:15:00-04:00,330.2900085449219,GOOGL
2026-09-09 14:16:00-04:00,330.32000732421875,GOOGL
2026-09-09 14:17:00-04:00,330.31500244140625,GOOGL
2026-09-09 14:18:00-04:00,330.3599853515625,GOOGL
2026-09-09 14:19:00-04:00,330.3500061035156,GOOGL
2026-09-09 14:20:00-04:00,330.4800109863281,GOOGL
2026-09-09 14:21:00-04:00,330.3900146484375,GOOGL
2026-09-09 14:22:00-04:00,330.43499755859375,GOOGL
2026-09-09 14:23:00-04:00,330.4849853515625,GOOGL
2026-09-09 14:24:00-04:00,330.5199890136719,GOOGL
2026-09-09 14:25:00-04:00,330.55499267578125,GOOGL
2026-09-09 14:26:00-04:00,330.625,GOOGL
2026-09-09 14:27:00-04:00,330.6600036621094,GOOGL
2026-09-09 14:28:00-04:00,330.45001220703125,GOOGL
2026-09-09 14:29:00-04:00,330.4649963378906,GOOGL
2026-09-09 14:30:00-04:00,330.1499938964844,GOOGL
2026-09-09 14:31:00-04:00,330.0899963378906,GOOGL
2026-09-09 14:32:00-04:00,330.1050109863281,GOOGL
2026-09-09 14:33:00-04:00,330.0400085449219,GOOGL
2026-09-09 14:34:00-04:00,330.0199890136719,GOOGL
2026-09-09 14:35:00-04:00,330.0,GOOGL
2026-09-09 14:36:00-04:00,330.04998779296875,GOOGL
2026-09-09 14:37:00-04:00,329.9599914550781,GOOGL
2026-09-09 14:38:00-04:00,330.07000732421875,GOOGL
2026-09-09 14:39:00-04:00,330.3500061035156,GOOGL
2026-09-09 14:40:00-04:00,330.625,GOOGL
2026-09-09 14:41:00-04:00,330.54998779296875,GOOGL
2026-09-09 14:42:00-04:00,330.5,GOOGL
2026-09-09 14:43:00-04:00,330.4800109863281,GOOGL
2026-09-09 14:44:00-04:00,330.4800109863281,GOOGL
2026-09-09 14:45:00-04:00,330.5299987792969,GOOGL
2026-09-09 14:46:00-04:00,330.3299865722656,GOOGL
2026-09-09 14:47:00-04:00,330.30999755859375,GOOGL
2026-09-09 14:48:00-04:00,330.3699951171875,GOOGL
2026-09-09 14:49:00-04:00,330.3099060058594,GOOGL
2026-09-09 14:50:00-04:00,330.30499267578125,GOOGL
2026-09-09 14:51:00-04:00,330.4049987792969,GOOGL
2026-09-09 14:52:00-04:00,330.3893127441406,GOOGL
2026-09-09 14:53:00-04:00,330.510009765625,GOOGL
2026-09-09 14:54:00-04:00,330.44000244140625,GOOGL
2026-09-09 14:55:00-04:00,330.3900146484375,GOOGL
2026-09-09 14:56:00-04:00,330.4599914550781,GOOGL
2026-09-09 14:57:00-04:00,330.4150085449219,GOOGL
2026-09-09 14:58:00-04:00,330.364990234375,GOOGL
2026-09-09 14:59:00-04:00,330.3598937988281,GOOGL
2026-09-09 15:00:00-04:00,330.30999755859375,GOOGL
2026-09-09 15:01:00-04:00,330.4599914550781,GOOGL
2026-09-09 15:02:00-04:00,330.44000244140625,GOOGL
2026-09-09 15:03:00-04:00,330.32000732421875,GOOGL
2026-09-09 15:04:00-04:00,330.3699951171875,GOOGL
2026-09-09 15:05:00-04:00,330.3399963378906,GOOGL
2026-09-09 15:06:00-04:00,330.3800048828125,GOOGL
2026-09-09 15:07:00-04:00,330.62750244140625,GOOGL
2026-09-09 15:08:00-04:00,330.760009765625,GOOGL
2026-09-09 15:09:00-04:00,330.5199890136719,GOOGL
2026-09-09 15:10:00-04:00,330.7200012207031,GOOGL
2026-09-09 15:11:00-04:00,330.6650085449219,GOOGL
2026-09-09 15:12:00-04:00,330.57000732421875,GOOGL
2026-09-09 15:13:00-04:00,330.5950012207031,GOOGL
2026-09-09 15:14:00-04:00,330.5450134277344,GOOGL
2026-09-09 15:15:00-04:00,330.364990234375,GOOGL
2026-09-09 15:16:00-04:00,330.4849853515625,GOOGL
2026-09-09 15:17:00-04:00,330.55999755859375,GOOGL
2026-09-09 15:18:00-04:00,330.8500061035156,GOOGL
2026-09-09 15:19:00-04:00,330.739990234375,GOOGL
2026-09-09 15:20:00-04:00,330.68499755859375,GOOGL
2026-09-09 15:21:00-04:00,330.8599853515625,GOOGL
2026-09-09 15:22:00-04:00,330.8550109863281,GOOGL
2026-09-09 15:23:00-04:00,330.94000244140625,GOOGL
2026-09-09 15:24:00-04:00,330.94500732421875,GOOGL
2026-09-09 15:25:00-04:00,331.3507995605469,GOOGL
2026-09-09 15:26:00-04:00,331.4100036621094,GOOGL
2026-09-09 15:27:00-04:00,331.5400085449219,GOOGL
2026-09-09 15:28:00-04:00,331.30999755859375,GOOGL
2026-09-09 15:29:00-04:00,331.2799987792969,GOOGL
2026-09-09 15:30:00-04:00,330.9599914550781,GOOGL
2026-09-09 15:31:00-04:00,330.92999267578125,GOOGL
2026-09-09 15:32:00-04:00,331.0400085449219,GOOGL
2026-09-09 15:33:00-04:00,331.0398864746094,GOOGL
2026-09-09 15:34:00-04:00,330.9800109863281,GOOGL
2026-09-09 15:35:00-04:00,330.9649963378906,GOOGL
2026-09-09 15:36:00-04:00,330.5799865722656,GOOGL
2026-09-09 15:37:00-04:00,330.57000732421875,GOOGL
2026-09-09 15:38:00-04:00,330.3399963378906,GOOGL
2026-09-09 15:39:00-04:00,330.2950134277344,GOOGL
2026-09-09 15:40:00-04:00,330.25,GOOGL
2026-09-09 15:41:00-04:00,330.25,GOOGL
2026-09-09 15:42:00-04:00,330.3699951171875,GOOGL
2026-09-09 15:43:00-04:00,330.5950012207031,GOOGL
2026-09-09 15:44:00-04:00,330.7049865722656,GOOGL
2026-09-09 15:45:00-04:00,330.6549987792969,GOOGL
2026-09-09 15:46:00-04:00,330.6499938964844,GOOGL
2026-09-09 15:47:00-04:00,330.6400146484375,GOOGL
2026-09-09 15:48:00-04:00,330.6300048828125,GOOGL
2026-09-09 15:49:00-04:00,330.7900085449219,GOOGL
2026-09-09 15:50:00-04:00,330.6400146484375,GOOGL
2026-09-09 15:51:00-04:00,330.3450012207031,GOOGL
2026-09-09 15:52:00-04:00,330.4649963378906,GOOGL
2026-09-09 15:53:00-04:00,330.56500244140625,GOOGL
2026-09-09 15:54:00-04:00,330.6600036621094,GOOGL
2026-09-09 15:55:00-04:00,330.489990234375,GOOGL
2026-09-09 15:56:00-04:00,330.44000244140625,GOOGL
2026-09-09 15:57:00-04:00,330.69500732421875,GOOGL
2026-09-09 15:58:00-04:00,330.7349853515625,GOOGL
2026-09-09 15:59:00-04:00,330.6400146484375,GOOGL
2026-09-10 09:30:00-04:00,329.0199890136719,GOOGL
2026-09-10 09:31:00-04:00,329.4700012207031,GOOGL
2026-09-10 09:32:00-04:00,329.42498779296875,GOOGL
2026-09-10 09:33:00-04:00,329.92999267578125,GOOGL
2026-09-10 09:34:00-04:00,329.75,GOOGL
2026-09-10 09:35:00-04:00,329.28509521484375,GOOGL
2026-09-10 09:36:00-04:00,329.2185974121094,GOOGL
2026-09-10 09:37:00-04:00,329.0801086425781,GOOGL
2026-09-10 09:38:00-04:00,328.82000732421875,GOOGL
2026-09-10 09:39:00-04:00,329.489990234375,GOOGL
2026-09-10 09:40:00-04:00,329.260009765625,GOOGL
2026-09-10 09:41:00-04:00,328.8699951171875,GOOGL
2026-09-10 09:42:00-04:00,329.2900085449219,GOOGL
2026-09-10 09:43:00-04:00,329.32000732421875,GOOGL
2026-09-10 09:44:00-04:00,328.7799987792969,GOOGL
2026-09-10 09:45:00-04:00,328.8999938964844,GOOGL
2026-09-10 09:46:00-04:00,328.7950134277344,GOOGL
2026-09-10 09:47:00-04:00,328.8399963378906,GOOGL
2026-09-10 09:48:00-04:00,328.5899963378906,GOOGL
2026-09-10 09:49:00-04:00,328.8500061035156,GOOGL
2026-09-10 09:50:00-04:00,328.7799987792969,GOOGL
2026-09-10 09:51:00-04:00,328.760009765625,GOOGL
2026-09-10 09:52:00-04:00,328.62469482421875,GOOGL
2026-09-10 09:53:00-04:00,329.1799011230469,GOOGL
2026-09-10 09:54:00-04:00,329.07000732421875,GOOGL
2026-09-10 09:55:00-04:00,328.95001220703125,GOOGL
2026-09-10 09:56:00-04:00,328.8699951171875,GOOGL
2026-09-10 09:57:00-04:00,328.80999755859375,GOOGL
2026-09-10 09:58:00-04:00,328.4800109863281,GOOGL
2026-09-10 09:59:00-04:00,328.1300048828125,GOOGL
2026-09-10 10:00:00-04:00,328.1400146484375,GOOGL
2026-09-10 10:01:00-04:00,328.4800109863281,GOOGL
2026-09-10 10:02:00-04:00,328.2349853515625,GOOGL
2026-09-10 10:03:00-04:00,328.54998779296875,GOOGL
2026-09-10 10:04:00-04:00,328.5199890136719,GOOGL
2026-09-10 10:05:00-04:00,328.4849853515625,GOOGL
2026-09-10 10:06:00-04:00,328.6199951171875,GOOGL
2026-09-10 10:07:00-04:00,328.5150146484375,GOOGL
2026-09-10 10:08:00-04:00,328.4049987792969,GOOGL
2026-09-10 10:09:00-04:00,328.739990234375,GOOGL
2026-09-10 10:10:00-04:00,328.6099853515625,GOOGL
2026-09-10 10:11:00-04:00,328.9599914550781,GOOGL
2026-09-10 10:12:00-04:00,329.1400146484375,GOOGL
2026-09-10 10:13:00-04:00,329.4100036621094,GOOGL
2026-09-10 10:14:00-04:00,329.17999267578125,GOOGL
2026-09-10 10:15:00-04:00,329.1499938964844,GOOGL
2026-09-10 10:16:00-04:00,329.1099853515625,GOOGL
2026-09-10 10:17:00-04:00,328.9800109863281,GOOGL
2026-09-10 10:18:00-04:00,329.2950134277344,GOOGL
2026-09-10 10:19:00-04:00,330.05999755859375,GOOGL
2026-09-10 10:20:00-04:00,329.9599914550781,GOOGL
2026-09-10 10:21:00-04:00,330.2250061035156,GOOGL
2026-09-10 10:22:00-04:00,330.1600036621094,GOOGL
2026-09-10 10:23:00-04:00,329.70001220703125,GOOGL
2026-09-10 10:24:00-04:00,330.1400146484375,GOOGL
2026-09-10 10:25:00-04:00,330.4100036621094,GOOGL
2026-09-10 10:26:00-04:00,330.510009765625,GOOGL
2026-09-10 10:27:00-04:00,330.9849853515625,GOOGL
2026-09-10 10:28:00-04:00,331.04010009765625,GOOGL
2026-09-10 10:29:00-04:00,330.7510986328125,GOOGL
2026-09-10 10:30:00-04:00,330.95001220703125,GOOGL
2026-09-10 10:31:00-04:00,331.0880126953125,GOOGL
2026-09-10 10:32:00-04:00,330.7799987792969,GOOGL
2026-09-10 10:33:00-04:00,330.9549865722656,GOOGL
2026-09-10 10:34:00-04:00,331.1099853515625,GOOGL
2026-09-10 10:35:00-04:00,331.1099853515625,GOOGL
2026-09-10 10:36:00-04:00,331.3599853515625,GOOGL
2026-09-10 10:37:00-04:00,331.6400146484375,GOOGL
2026-09-10 10:38:00-04:00,331.55999755859375,GOOGL
2026-09-10 10:39:00-04:00,331.32000732421875,GOOGL
2026-09-10 10:40:00-04:00,331.13250732421875,GOOGL
2026-09-10 10:41:00-04:00,331.4894104003906,GOOGL
2026-09-10 10:42:00-04:00,330.7200012207031,GOOGL
2026-09-10 10:43:00-04:00,330.8699951171875,GOOGL
2026-09-10 10:44:00-04:00,330.9200134277344,GOOGL
2026-09-10 10:45:00-04:00,330.7300109863281,GOOGL
2026-09-10 10:46:00-04:00,330.9599914550781,GOOGL
2026-09-10 10:47:00-04:00,330.8800048828125,GOOGL
2026-09-10 10:48:00-04:00,331.21990966796875,GOOGL
2026-09-10 10:49:00-04:00,331.0450134277344,GOOGL
2026-09-10 10:50:00-04:00,330.9599914550781,GOOGL
2026-09-10 10:51:00-04:00,330.93499755859375,GOOGL
2026-09-10 10:52:00-04:00,331.0498962402344,GOOGL
2026-09-10 10:53:00-04:00,331.2300109863281,GOOGL
2026-09-10 10:54:00-04:00,331.04998779296875,GOOGL
2026-09-10 10:55:00-04:00,331.0924072265625,GOOGL
2026-09-10 10:56:00-04:00,331.05499267578125,GOOGL
2026-09-10 10:57:00-04:00,331.07000732421875,GOOGL
2026-09-10 10:58:00-04:00,331.2300109863281,GOOGL
2026-09-10 10:59:00-04:00,331.17498779296875,GOOGL
2026-09-10 11:00:00-04:00,331.1099853515625,GOOGL
2026-09-10 11:01:00-04:00,331.29998779296875,GOOGL
2026-09-10 11:02:00-04:00,330.6199951171875,GOOGL
2026-09-10 11:03:00-04:00,330.69500732421875,GOOGL
2026-09-10 11:04:00-04:00,330.66400146484375,GOOGL
2026-09-10 11:05:00-04:00,330.739990234375,GOOGL
2026-09-10 11:06:00-04:00,330.64990234375,GOOGL
2026-09-10 11:07:00-04:00,330.8301086425781,GOOGL
2026-09-10 11:08:00-04:00,330.9100036621094,GOOGL
2026-09-10 11:09:00-04:00,330.82000732421875,GOOGL
2026-09-10 11:10:00-04:00,331.1400146484375,GOOGL
2026-09-10 11:11:00-04:00,331.0950012207031,GOOGL
2026-09-10 11:12:00-04:00,330.9200134277344,GOOGL
2026-09-10 11:13:00-04:00,330.9750061035156,GOOGL
2026-09-10 11:14:00-04:00,330.68389892578125,GOOGL
2026-09-10 11:15:00-04:00,330.875,GOOGL
2026-09-10 11:16:00-04:00,330.760009765625,GOOGL
2026-09-10 11:17:00-04:00,330.6300048828125,GOOGL
2026-09-10 11:18:00-04:00,330.57879638671875,GOOGL
2026-09-10 11:19:00-04:00,330.56500244140625,GOOGL
2026-09-10 11:20:00-04:00,330.2200927734375,GOOGL
2026-09-10 11:21:00-04:00,330.1300048828125,GOOGL
2026-09-10 11:22:00-04:00,330.3900146484375,GOOGL
2026-09-10 11:23:00-04:00,330.3450012207031,GOOGL
2026-09-10 11:24:00-04:00,330.4599914550781,GOOGL
2026-09-10 11:25:00-04:00,330.5,GOOGL
2026-09-10 11:26:00-04:00,330.42999267578125,GOOGL
2026-09-10 11:27:00-04:00,330.375,GOOGL
2026-09-10 11:28:00-04:00,330.05999755859375,GOOGL
2026-09-10 11:29:00-04:00,329.9849853515625,GOOGL
2026-09-10 11:30:00-04:00,329.8299865722656,GOOGL
2026-09-10 11:31:00-04:00,329.4700012207031,GOOGL
2026-09-10 11:32:00-04:00,329.5350036621094,GOOGL
2026-09-10 11:33:00-04:00,329.885009765625,GOOGL
2026-09-10 11:34:00-04:00,329.9599914550781,GOOGL
2026-09-10 11:35:00-04:00,329.9800109863281,GOOGL
2026-09-10 11:36:00-04:00,330.32000732421875,GOOGL
2026-09-10 11:37:00-04:00,330.42999267578125,GOOGL
2026-09-10 11:38:00-04:00,330.0849914550781,GOOGL
2026-09-10 11:39:00-04:00,330.0801086425781,GOOGL
2026-09-10 11:40:00-04:00,330.1000061035156,GOOGL
2026-09-10 11:41:00-04:00,330.2200012207031,GOOGL
2026-09-10 11:42:00-04:00,330.32501220703125,GOOGL
2026-09-10 11:43:00-04:00,330.3500061035156,GOOGL
2026-09-10 11:44:00-04:00,330.3550109863281,GOOGL
2026-09-10 11:45:00-04:00,330.4200134277344,GOOGL
2026-09-10 11:46:00-04:00,330.3699951171875,GOOGL
2026-09-10 11:47:00-04:00,330.44000244140625,GOOGL
2026-09-10 11:48:00-04:00,330.4750061035156,GOOGL
2026-09-10 11:49:00-04:00,330.625,GOOGL
2026-09-10 11:50:00-04:00,330.3500061035156,GOOGL
2026-09-10 11:51:00-04:00,330.42999267578125,GOOGL
2026-09-10 11:52:00-04:00,330.30999755859375,GOOGL
2026-09-10 11:53:00-04:00,330.1600036621094,GOOGL
2026-09-10 11:54:00-04:00,330.1000061035156,GOOGL
2026-09-10 11:55:00-04:00,330.0400085449219,GOOGL
2026-09-10 11:56:00-04:00,329.8949890136719,GOOGL
2026-09-10 11:57:00-04:00,329.7900085449219,GOOGL
2026-09-10 11:58:00-04:00,330.0899963378906,GOOGL
2026-09-10 11:59:00-04:00,329.8949890136719,GOOGL
2026-09-10 12:00:00-04:00,330.1400146484375,GOOGL
2026-09-10 12:01:00-04:00,330.1050109863281,GOOGL
2026-09-10 12:02:00-04:00,330.04998779296875,GOOGL
2026-09-10 12:03:00-04:00,330.30999755859375,GOOGL
2026-09-10 12:04:00-04:00,330.7200012207031,GOOGL
2026-09-10 12:05:00-04:00,330.70001220703125,GOOGL
2026-09-10 12:06:00-04:00,330.4549865722656,GOOGL
2026-09-10 12:07:00-04:00,330.32501220703125,GOOGL
2026-09-10 12:08:00-04:00,330.29998779296875,GOOGL
2026-09-10 12:09:00-04:00,330.3500061035156,GOOGL
2026-09-10 12:10:00-04:00,330.30499267578125,GOOGL
2026-09-10 12:11:00-04:00,330.3230895996094,GOOGL
2026-09-10 12:12:00-04:00,330.4549865722656,GOOGL
2026-09-10 12:13:00-04:00,330.5050048828125,GOOGL
2026-09-10 12:14:00-04:00,330.2699890136719,GOOGL
2026-09-10 12:15:00-04:00,330.239990234375,GOOGL
2026-09-10 12:16:00-04:00,330.17999267578125,GOOGL
2026-09-10 12:17:00-04:00,330.2300109863281,GOOGL
2026-09-10 12:18:00-04:00,330.6099853515625,GOOGL
2026-09-10 12:19:00-04:00,330.5199890136719,GOOGL
2026-09-10 12:20:00-04:00,330.6958923339844,GOOGL
2026-09-10 12:21:00-04:00,330.94989013671875,GOOGL
2026-09-10 12:22:00-04:00,330.7550048828125,GOOGL
2026-09-10 12:23:00-04:00,330.75,GOOGL
2026-09-10 12:24:00-04:00,330.75,GOOGL
2026-09-10 12:25:00-04:00,330.5400085449219,GOOGL
2026-09-10 12:26:00-04:00,330.55999755859375,GOOGL
2026-09-10 12:27:00-04:00,330.6400146484375,GOOGL
2026-09-10 12:28:00-04:00,330.5299987792969,GOOGL
2026-09-10 12:29:00-04:00,330.55999755859375,GOOGL
2026-09-10 12:30:00-04:00,330.45001220703125,GOOGL
2026-09-10 12:31:00-04:00,330.7200012207031,GOOGL
2026-09-10 12:32:00-04:00,330.67999267578125,GOOGL
2026-09-10 12:33:00-04:00,330.7049865722656,GOOGL
2026-09-10 12:34:00-04:00,330.4800109863281,GOOGL
2026-09-10 12:35:00-04:00,330.3599853515625,GOOGL
2026-09-10 12:36:00-04:00,330.5,GOOGL
2026-09-10 12:37:00-04:00,330.685791015625,GOOGL
2026-09-10 12:38:00-04:00,330.6549987792969,GOOGL
2026-09-10 12:39:00-04:00,330.7807922363281,GOOGL
2026-09-10 12:40:00-04:00,330.7149963378906,GOOGL
2026-09-10 12:41:00-04:00,330.79998779296875,GOOGL
2026-09-10 12:42:00-04:00,330.75,GOOGL
2026-09-10 12:43:00-04:00,331.2200012207031,GOOGL
2026-09-10 12:44:00-04:00,331.2001037597656,GOOGL
2026-09-10 12:45:00-04:00,331.42999267578125,GOOGL
2026-09-10 12:46:00-04:00,331.7699890136719,GOOGL
2026-09-10 12:47:00-04:00,331.8399963378906,GOOGL
2026-09-10 12:48:00-04:00,331.9299011230469,GOOGL
2026-09-10 12:49:00-04:00,331.6000061035156,GOOGL
2026-09-10 12:50:00-04:00,331.3900146484375,GOOGL
2026-09-10 12:51:00-04:00,331.3999938964844,GOOGL
2026-09-10 12:52:00-04:00,331.4599914550781,GOOGL
2026-09-10 12:53:00-04:00,331.4599914550781,GOOGL
2026-09-10 12:54:00-04:00,331.45001220703125,GOOGL
2026-09-10 12:55:00-04:00,331.67999267578125,GOOGL
2026-09-10 12:56:00-04:00,331.739990234375,GOOGL
2026-09-10 12:57:00-04:00,331.80999755859375,GOOGL
2026-09-10 12:58:00-04:00,331.9100036621094,GOOGL
2026-09-10 12:59:00-04:00,331.8599853515625,GOOGL
2026-09-10 13:00:00-04:00,331.9256896972656,GOOGL
2026-09-10 13:01:00-04:00,331.82000732421875,GOOGL
2026-09-10 13:02:00-04:00,331.7900085449219,GOOGL
2026-09-10 13:03:00-04:00,331.30999755859375,GOOGL
2026-09-10 13:04:00-04:00,331.49920654296875,GOOGL
2026-09-10 13:05:00-04:00,331.3800048828125,GOOGL
2026-09-10 13:06:00-04:00,331.1549987792969,GOOGL
2026-09-10 13:07:00-04:00,331.1723937988281,GOOGL
2026-09-10 13:08:00-04:00,331.05999755859375,GOOGL
2026-09-10 13:09:00-04:00,331.3800048828125,GOOGL
2026-09-10 13:10:00-04:00,331.4649963378906,GOOGL
2026-09-10 13:11:00-04:00,331.3891906738281,GOOGL
2026-09-10 13:12:00-04:00,331.44000244140625,GOOGL
2026-09-10 13:13:00-04:00,331.6199951171875,GOOGL
2026-09-10 13:14:00-04:00,331.6650085449219,GOOGL
2026-09-10 13:15:00-04:00,331.7650146484375,GOOGL
2026-09-10 13:16:00-04:00,332.0199890136719,GOOGL
2026-09-10 13:17:00-04:00,331.92498779296875,GOOGL
2026-09-10 13:18:00-04:00,331.75,GOOGL
2026-09-10 13:19:00-04:00,331.8700866699219,GOOGL
2026-09-10 13:20:00-04:00,332.0799865722656,GOOGL
2026-09-10 13:21:00-04:00,332.2304992675781,GOOGL
2026-09-10 13:22:00-04:00,332.20001220703125,GOOGL
2026-09-10 13:23:00-04:00,331.9883117675781,GOOGL
2026-09-10 13:24:00-04:00,331.9949951171875,GOOGL
2026-09-10 13:25:00-04:00,331.93499755859375,GOOGL
2026-09-10 13:26:00-04:00,331.93499755859375,GOOGL
2026-09-10 13:27:00-04:00,331.80999755859375,GOOGL
2026-09-10 13:28:00-04:00,331.8599853515625,GOOGL
2026-09-10 13:29:00-04:00,331.7799987792969,GOOGL
2026-09-10 13:30:00-04:00,331.7799987792969,GOOGL
2026-09-10 13:31:00-04:00,331.864990234375,GOOGL
2026-09-10 13:32:00-04:00,331.32000732421875,GOOGL
2026-09-10 13:33:00-04:00,331.3500061035156,GOOGL
2026-09-10 13:34:00-04:00,331.4729919433594,GOOGL
2026-09-10 13:35:00-04:00,331.6549987792969,GOOGL
2026-09-10 13:36:00-04:00,331.5899963378906,GOOGL
2026-09-10 13:37:00-04:00,331.6700134277344,GOOGL
2026-09-10 13:38:00-04:00,331.625,GOOGL
2026-09-10 13:39:00-04:00,331.5400085449219,GOOGL
2026-09-10 13:40:00-04:00,331.5799865722656,GOOGL
2026-09-10 13:41:00-04:00,331.7449951171875,GOOGL
2026-09-10 13:42:00-04:00,331.92498779296875,GOOGL
2026-09-10 13:43:00-04:00,331.9200134277344,GOOGL
2026-09-10 13:44:00-04:00,331.9750061035156,GOOGL
2026-09-10 13:45:00-04:00,331.9400939941406,GOOGL
2026-09-10 13:46:00-04:00,331.94000244140625,GOOGL
2026-09-10 13:47:00-04:00,331.8949890136719,GOOGL
2026-09-10 13:48:00-04:00,331.7598876953125,GOOGL
2026-09-10 13:49:00-04:00,331.79010009765625,GOOGL
2026-09-10 13:50:00-04:00,331.8800048828125,GOOGL
2026-09-10 13:51:00-04:00,331.8909912109375,GOOGL
2026-09-10 13:52:00-04:00,332.1098937988281,GOOGL
2026-09-10 13:53:00-04:00,332.114990234375,GOOGL
2026-09-10 13:54:00-04:00,332.0799865722656,GOOGL
2026-09-10 13:55:00-04:00,331.8800048828125,GOOGL
2026-09-10 13:56:00-04:00,331.9678955078125,GOOGL
2026-09-10 13:57:00-04:00,331.864990234375,GOOGL
2026-09-10 13:58:00-04:00,331.7300109863281,GOOGL
2026-09-10 13:59:00-04:00,331.80999755859375,GOOGL
2026-09-10 14:00:00-04:00,331.7300109863281,GOOGL
2026-09-10 14:01:00-04:00,331.6700134277344,GOOGL
2026-09-10 14:02:00-04:00,331.6600036621094,GOOGL
2026-09-10 14:03:00-04:00,331.8900146484375,GOOGL
2026-09-10 14:04:00-04:00,331.95001220703125,GOOGL
2026-09-10 14:05:00-04:00,332.07000732421875,GOOGL
2026-09-10 14:06:00-04:00,332.07501220703125,GOOGL
2026-09-10 14:07:00-04:00,332.2300109863281,GOOGL
2026-09-10 14:08:00-04:00,332.1994934082031,GOOGL
2026-09-10 14:09:00-04:00,332.1300048828125,GOOGL
2026-09-10 14:10:00-04:00,332.0799865722656,GOOGL
2026-09-10 14:11:00-04:00,332.1549987792969,GOOGL
2026-09-10 14:12:00-04:00,332.1600036621094,GOOGL
2026-09-10 14:13:00-04:00,332.1499938964844,GOOGL
2026-09-10 14:14:00-04:00,332.1199951171875,GOOGL
2026-09-10 14:15:00-04:00,332.0130920410156,GOOGL
2026-09-10 14:16:00-04:00,332.0199890136719,GOOGL
2026-09-10 14:17:00-04:00,332.0799865722656,GOOGL
2026-09-10 14:18:00-04:00,331.95001220703125,GOOGL
2026-09-10 14:19:00-04:00,332.1000061035156,GOOGL
2026-09-10 14:20:00-04:00,332.0799865722656,GOOGL
2026-09-10 14:21:00-04:00,331.9700012207031,GOOGL
2026-09-10 14:22:00-04:00,332.010009765625,GOOGL
2026-09-10 14:23:00-04:00,332.0622863769531,GOOGL
2026-09-10 14:24:00-04:00,332.010009765625,GOOGL
2026-09-10 14:25:00-04:00,331.92498779296875,GOOGL
2026-09-10 14:26:00-04:00,331.8299865722656,GOOGL
2026-09-10 14:27:00-04:00,331.7749938964844,GOOGL
2026-09-10 14:28:00-04:00,331.7950134277344,GOOGL
2026-09-10 14:29:00-04:00,331.7679138183594,GOOGL
2026-09-10 14:30:00-04:00,331.739990234375,GOOGL
2026-09-10 14:31:00-04:00,331.6532897949219,GOOGL
2026-09-10 14:32:00-04:00,331.82000732421875,GOOGL
2026-09-10 14:33:00-04:00,331.864990234375,GOOGL
2026-09-10 14:34:00-04:00,332.1000061035156,GOOGL
2026-09-10 14:35:00-04:00,332.0450134277344,GOOGL
2026-09-10 14:36:00-04:00,331.94000244140625,GOOGL
2026-09-10 14:37:00-04:00,331.8299865722656,GOOGL
2026-09-10 14:38:00-04:00,331.95001220703125,GOOGL
2026-09-10 14:39:00-04:00,332.0,GOOGL
2026-09-10 14:40:00-04:00,332.0050048828125,GOOGL
2026-09-10 14:41:00-04:00,332.0,GOOGL
2026-09-10 14:42:00-04:00,332.0,GOOGL
2026-09-10 14:43:00-04:00,331.9599914550781,GOOGL
2026-09-10 14:44:00-04:00,332.0150146484375,GOOGL
2026-09-10 14:45:00-04:00,332.0,GOOGL
2026-09-10 14:46:00-04:00,331.8999938964844,GOOGL
2026-09-10 14:47:00-04:00,331.75,GOOGL
2026-09-10 14:48:00-04:00,331.8550109863281,GOOGL
2026-09-10 14:49:00-04:00,332.04998779296875,GOOGL
2026-09-10 14:50:00-04:00,332.0899963378906,GOOGL
2026-09-10 14:51:00-04:00,332.489990234375,GOOGL
2026-09-10 14:52:00-04:00,332.3900146484375,GOOGL
2026-09-10 14:53:00-04:00,332.3999938964844,GOOGL
2026-09-10 14:54:00-04:00,332.3599853515625,GOOGL
2026-09-10 14:55:00-04:00,332.3450012207031,GOOGL
2026-09-10 14:56:00-04:00,332.17999267578125,GOOGL
2026-09-10 14:57:00-04:00,332.091796875,GOOGL
2026-09-10 14:58:00-04:00,332.07000732421875,GOOGL
2026-09-10 14:59:00-04:00,332.0827941894531,GOOGL
2026-09-10 15:00:00-04:00,331.95001220703125,GOOGL
2026-09-10 15:01:00-04:00,331.9700012207031,GOOGL
2026-09-10 15:02:00-04:00,332.1000061035156,GOOGL
2026-09-10 15:03:00-04:00,331.9800109863281,GOOGL
2026-09-10 15:04:00-04:00,332.0,GOOGL
2026-09-10 15:05:00-04:00,332.1700134277344,GOOGL
2026-09-10 15:06:00-04:00,332.25,GOOGL
2026-09-10 15:07:00-04:00,332.25,GOOGL
2026-09-10 15:08:00-04:00,332.239990234375,GOOGL
2026-09-10 15:09:00-04:00,332.5050048828125,GOOGL
2026-09-10 15:10:00-04:00,332.4649963378906,GOOGL
2026-09-10 15:11:00-04:00,332.4750061035156,GOOGL
2026-09-10 15:12:00-04:00,332.68499755859375,GOOGL
2026-09-10 15:13:00-04:00,332.7799987792969,GOOGL
2026-09-10 15:14:00-04:00,332.6700134277344,GOOGL
2026-09-10 15:15:00-04:00,332.57000732421875,GOOGL
2026-09-10 15:16:00-04:00,332.4100036621094,GOOGL
2026-09-10 15:17:00-04:00,332.2650146484375,GOOGL
2026-09-10 15:18:00-04:00,332.3599853515625,GOOGL
2026-09-10 15:19:00-04:00,332.4100036621094,GOOGL
2026-09-10 15:20:00-04:00,332.4800109863281,GOOGL
2026-09-10 15:21:00-04:00,332.510009765625,GOOGL
2026-09-10 15:22:00-04:00,332.54998779296875,GOOGL
2026-09-10 15:23:00-04:00,332.47698974609375,GOOGL
2026-09-10 15:24:00-04:00,332.4750061035156,GOOGL
2026-09-10 15:25:00-04:00,332.37109375,GOOGL
2026-09-10 15:26:00-04:00,332.27069091796875,GOOGL
2026-09-10 15:27:00-04:00,332.2449951171875,GOOGL
2026-09-10 15:28:00-04:00,332.29998779296875,GOOGL
2026-09-10 15:29:00-04:00,332.4208068847656,GOOGL
2026-09-10 15:30:00-04:00,332.30999755859375,GOOGL
2026-09-10 15:31:00-04:00,332.3800048828125,GOOGL
2026-09-10 15:32:00-04:00,332.4599914550781,GOOGL
2026-09-10 15:33:00-04:00,332.510009765625,GOOGL
2026-09-10 15:34:00-04:00,332.5899963378906,GOOGL
2026-09-10 15:35:00-04:00,332.6099853515625,GOOGL
2026-09-10 15:36:00-04:00,332.74560546875,GOOGL
2026-09-10 15:37:00-04:00,332.80999755859375,GOOGL
2026-09-10 15:38:00-04:00,332.8402099609375,GOOGL
2026-09-10 15:39:00-04:00,332.9292907714844,GOOGL
2026-09-10 15:40:00-04:00,332.9549865722656,GOOGL
2026-09-10 15:41:00-04:00,332.9200134277344,GOOGL
2026-09-10 15:42:00-04:00,332.8500061035156,GOOGL
2026-09-10 15:43:00-04:00,332.94000244140625,GOOGL
2026-09-10 15:44:00-04:00,333.1099853515625,GOOGL
2026-09-10 15:45:00-04:00,333.20001220703125,GOOGL
2026-09-10 15:46:00-04:00,332.82000732421875,GOOGL
2026-09-10 15:47:00-04:00,332.83709716796875,GOOGL
2026-09-10 15:48:00-04:00,332.7200012207031,GOOGL
2026-09-10 15:49:00-04:00,332.7300109863281,GOOGL
2026-09-10 15:50:00-04:00,332.6600036621094,GOOGL
2026-09-10 15:51:00-04:00,332.7749938964844,GOOGL
2026-09-10 15:52:00-04:00,332.760009765625,GOOGL
2026-09-10 15:53:00-04:00,332.885009765625,GOOGL
2026-09-10 15:54:00-04:00,332.8299865722656,GOOGL
2026-09-10 15:55:00-04:00,332.67498779296875,GOOGL
2026-09-10 15:56:00-04:00,332.739990234375,GOOGL
2026-09-10 15:57:00-04:00,332.5400085449219,GOOGL
2026-09-10 15:58:00-04:00,332.70001220703125,GOOGL
2026-09-10 15:59:00-04:00,332.6700134277344,GOOGL
2026-09-11 09:30:00-04:00,337.010009765625,GOOGL
2026-09-11 09:31:00-04:00,337.3399963378906,GOOGL
2026-09-11 09:32:00-04:00,337.45001220703125,GOOGL
2026-09-11 09:33:00-04:00,339.125,GOOGL
2026-09-11 09:34:00-04:00,340.20001220703125,GOOGL
2026-09-11 09:35:00-04:00,339.6499938964844,GOOGL
2026-09-11 09:36:00-04:00,339.1600036621094,GOOGL
2026-09-11 09:37:00-04:00,339.1400146484375,GOOGL
2026-09-11 09:38:00-04:00,338.5400085449219,GOOGL
2026-09-11 09:39:00-04:00,338.0899963378906,GOOGL
2026-09-11 09:40:00-04:00,337.8902893066406,GOOGL
2026-09-11 09:41:00-04:00,337.3699951171875,GOOGL
2026-09-11 09:42:00-04:00,337.81500244140625,GOOGL
2026-09-11 09:43:00-04:00,338.80999755859375,GOOGL
2026-09-11 09:44:00-04:00,338.3299865722656,GOOGL
2026-09-11 09:45:00-04:00,338.57000732421875,GOOGL
2026-09-11 09:46:00-04:00,338.0400085449219,GOOGL
2026-09-11 09:47:00-04:00,337.9800109863281,GOOGL
2026-09-11 09:48:00-04:00,337.6300048828125,GOOGL
2026-09-11 09:49:00-04:00,337.760009765625,GOOGL
2026-09-11 09:50:00-04:00,338.0299987792969,GOOGL
2026-09-11 09:51:00-04:00,338.114990234375,GOOGL
2026-09-11 09:52:00-04:00,338.19000244140625,GOOGL
2026-09-11 09:53:00-04:00,337.78009033203125,GOOGL
2026-09-11 09:54:00-04:00,338.0400085449219,GOOGL
2026-09-11 09:55:00-04:00,338.2137145996094,GOOGL
2026-09-11 09:56:00-04:00,338.010009765625,GOOGL
2026-09-11 09:57:00-04:00,338.42498779296875,GOOGL
2026-09-11 09:58:00-04:00,337.9700012207031,GOOGL
2026-09-11 09:59:00-04:00,338.2300109863281,GOOGL
2026-09-11 10:00:00-04:00,338.239990234375,GOOGL
2026-09-11 10:01:00-04:00,338.45001220703125,GOOGL
2026-09-11 10:02:00-04:00,338.70001220703125,GOOGL
2026-09-11 10:03:00-04:00,338.7200012207031,GOOGL
2026-09-11 10:04:00-04:00,338.889892578125,GOOGL
2026-09-11 10:05:00-04:00,338.6199951171875,GOOGL
2026-09-11 10:06:00-04:00,338.5,GOOGL
2026-09-11 10:07:00-04:00,338.81500244140625,GOOGL
2026-09-11 10:08:00-04:00,339.0150146484375,GOOGL
2026-09-11 10:09:00-04:00,338.9798889160156,GOOGL
2026-09-11 10:10:00-04:00,339.0849914550781,GOOGL
2026-09-11 10:11:00-04:00,339.2250061035156,GOOGL
2026-09-11 10:12:00-04:00,339.0299987792969,GOOGL
2026-09-11 10:13:00-04:00,339.30999755859375,GOOGL
2026-09-11 10:14:00-04:00,338.92999267578125,GOOGL
2026-09-11 10:15:00-04:00,339.2250061035156,GOOGL
2026-09-11 10:16:00-04:00,339.2225036621094,GOOGL
2026-09-11 10:17:00-04:00,339.5350036621094,GOOGL
2026-09-11 10:18:00-04:00,339.7900085449219,GOOGL
2026-09-11 10:19:00-04:00,339.9800109863281,GOOGL
2026-09-11 10:20:00-04:00,340.1199951171875,GOOGL
2026-09-11 10:21:00-04:00,340.260009765625,GOOGL
2026-09-11 10:22:00-04:00,340.56500244140625,GOOGL
2026-09-11 10:23:00-04:00,340.2699890136719,GOOGL
2026-09-11 10:24:00-04:00,340.3999938964844,GOOGL
2026-09-11 10:25:00-04:00,339.9200134277344,GOOGL
2026-09-11 10:26:00-04:00,339.4700012207031,GOOGL
2026-09-11 10:27:00-04:00,339.9200134277344,GOOGL
2026-09-11 10:28:00-04:00,340.3999938964844,GOOGL
2026-09-11 10:29:00-04:00,340.05499267578125,GOOGL
2026-09-11 10:30:00-04:00,340.1050109863281,GOOGL
2026-09-11 10:31:00-04:00,339.8550109863281,GOOGL
2026-09-11 10:32:00-04:00,339.9949951171875,GOOGL
2026-09-11 10:33:00-04:00,339.64300537109375,GOOGL
2026-09-11 10:34:00-04:00,339.6257019042969,GOOGL
2026-09-11 10:35:00-04:00,339.92999267578125,GOOGL
2026-09-11 10:36:00-04:00,339.8399963378906,GOOGL
2026-09-11 10:37:00-04:00,340.1449890136719,GOOGL
2026-09-11 10:38:00-04:00,339.54998779296875,GOOGL
2026-09-11 10:39:00-04:00,339.7300109863281,GOOGL
2026-09-11 10:40:00-04:00,339.8999938964844,GOOGL
2026-09-11 10:41:00-04:00,339.8951110839844,GOOGL
2026-09-11 10:42:00-04:00,340.06500244140625,GOOGL
2026-09-11 10:43:00-04:00,339.8299865722656,GOOGL
2026-09-11 10:44:00-04:00,340.0,GOOGL
2026-09-11 10:45:00-04:00,339.9700012207031,GOOGL
2026-09-11 10:46:00-04:00,339.7900085449219,GOOGL
2026-09-11 10:47:00-04:00,339.510009765625,GOOGL
2026-09-11 10:48:00-04:00,340.0299987792969,GOOGL
2026-09-11 10:49:00-04:00,340.20001220703125,GOOGL
2026-09-11 10:50:00-04:00,340.260009765625,GOOGL
2026-09-11 10:51:00-04:00,340.010009765625,GOOGL
2026-09-11 10:52:00-04:00,339.8800048828125,GOOGL
2026-09-11 10:53:00-04:00,340.0899963378906,GOOGL
2026-09-11 10:54:00-04:00,339.8299865722656,GOOGL
2026-09-11 10:55:00-04:00,339.760009765625,GOOGL
2026-09-11 10:56:00-04:00,339.7099914550781,GOOGL
2026-09-11 10:57:00-04:00,339.92498779296875,GOOGL
2026-09-11 10:58:00-04:00,339.7650146484375,GOOGL
2026-09-11 10:59:00-04:00,340.19000244140625,GOOGL
2026-09-11 11:00:00-04:00,340.3599853515625,GOOGL
2026-09-11 11:01:00-04:00,340.1907958984375,GOOGL
2026-09-11 11:02:00-04:00,340.4200134277344,GOOGL
2026-09-11 11:03:00-04:00,341.0849914550781,GOOGL
2026-09-11 11:04:00-04:00,341.20001220703125,GOOGL
2026-09-11 11:05:00-04:00,341.2300109863281,GOOGL
2026-09-11 11:06:00-04:00,341.5350036621094,GOOGL
2026-09-11 11:07:00-04:00,341.6650085449219,GOOGL
2026-09-11 11:08:00-04:00,341.45001220703125,GOOGL
2026-09-11 11:09:00-04:00,341.4800109863281,GOOGL
2026-09-11 11:10:00-04:00,341.4100036621094,GOOGL
2026-09-11 11:11:00-04:00,341.3599853515625,GOOGL
2026-09-11 11:12:00-04:00,341.5199890136719,GOOGL
2026-09-11 11:13:00-04:00,341.5199890136719,GOOGL
2026-09-11 11:14:00-04:00,342.2500915527344,GOOGL
2026-09-11 11:15:00-04:00,342.489990234375,GOOGL
2026-09-11 11:16:00-04:00,342.6549987792969,GOOGL
2026-09-11 11:17:00-04:00,342.5950012207031,GOOGL
2026-09-11 11:18:00-04:00,342.67999267578125,GOOGL
2026-09-11 11:19:00-04:00,342.7699890136719,GOOGL
2026-09-11 11:20:00-04:00,342.6050109863281,GOOGL
2026-09-11 11:21:00-04:00,342.37750244140625,GOOGL
2026-09-11 11:22:00-04:00,342.2049865722656,GOOGL
2026-09-11 11:23:00-04:00,341.8299865722656,GOOGL
2026-09-11 11:24:00-04:00,342.010009765625,GOOGL
2026-09-11 11:25:00-04:00,341.989990234375,GOOGL
2026-09-11 11:26:00-04:00,342.1400146484375,GOOGL
2026-09-11 11:27:00-04:00,342.239990234375,GOOGL
2026-09-11 11:28:00-04:00,342.1957092285156,GOOGL
2026-09-11 11:29:00-04:00,342.0899963378906,GOOGL
2026-09-11 11:30:00-04:00,341.94000244140625,GOOGL
2026-09-11 11:31:00-04:00,341.9100036621094,GOOGL
2026-09-11 11:32:00-04:00,341.71820068359375,GOOGL
2026-09-11 11:33:00-04:00,341.5299987792969,GOOGL
2026-09-11 11:34:00-04:00,341.3599853515625,GOOGL
2026-09-11 11:35:00-04:00,341.6099853515625,GOOGL
2026-09-11 11:36:00-04:00,341.8251037597656,GOOGL
2026-09-11 11:37:00-04:00,341.57000732421875,GOOGL
2026-09-11 11:38:00-04:00,341.57000732421875,GOOGL
2026-09-11 11:39:00-04:00,341.7099914550781,GOOGL
2026-09-11 11:40:00-04:00,341.8599853515625,GOOGL
2026-09-11 11:41:00-04:00,341.875,GOOGL
2026-09-11 11:42:00-04:00,341.5899963378906,GOOGL
2026-09-11 11:43:00-04:00,341.510009765625,GOOGL
2026-09-11 11:44:00-04:00,341.3974914550781,GOOGL
2026-09-11 11:45:00-04:00,341.135009765625,GOOGL
2026-09-11 11:46:00-04:00,341.2300109863281,GOOGL
2026-09-11 11:47:00-04:00,341.2900085449219,GOOGL
2026-09-11 11:48:00-04:00,341.1600036621094,GOOGL
2026-09-11 11:49:00-04:00,341.114990234375,GOOGL
2026-09-11 11:50:00-04:00,341.25,GOOGL
2026-09-11 11:51:00-04:00,341.3349914550781,GOOGL
2026-09-11 11:52:00-04:00,341.3699951171875,GOOGL
2026-09-11 11:53:00-04:00,341.2318115234375,GOOGL
2026-09-11 11:54:00-04:00,341.2200012207031,GOOGL
2026-09-11 11:55:00-04:00,341.3699951171875,GOOGL
2026-09-11 11:56:00-04:00,341.6700134277344,GOOGL
2026-09-11 11:57:00-04:00,341.739990234375,GOOGL
2026-09-11 11:58:00-04:00,341.54998779296875,GOOGL
2026-09-11 11:59:00-04:00,341.4200134277344,GOOGL
2026-09-11 12:00:00-04:00,341.2909851074219,GOOGL
2026-09-11 12:01:00-04:00,341.4200134277344,GOOGL
2026-09-11 12:02:00-04:00,341.6618957519531,GOOGL
2026-09-11 12:03:00-04:00,341.614990234375,GOOGL
2026-09-11 12:04:00-04:00,341.6202087402344,GOOGL
2026-09-11 12:05:00-04:00,341.70001220703125,GOOGL
2026-09-11 12:06:00-04:00,341.5400085449219,GOOGL
2026-09-11 12:07:00-04:00,341.6199951171875,GOOGL
2026-09-11 12:08:00-04:00,341.64569091796875,GOOGL
2026-09-11 12:09:00-04:00,341.6099853515625,GOOGL
2026-09-11 12:10:00-04:00,341.5350036621094,GOOGL
2026-09-11 12:11:00-04:00,341.3299865722656,GOOGL
2026-09-11 12:12:00-04:00,341.5450134277344,GOOGL
2026-09-11 12:13:00-04:00,341.4849853515625,GOOGL
2026-09-11 12:14:00-04:00,341.5299987792969,GOOGL
2026-09-11 12:15:00-04:00,341.5,GOOGL
2026-09-11 12:16:00-04:00,341.30999755859375,GOOGL
2026-09-11 12:17:00-04:00,341.1619873046875,GOOGL
2026-09-11 12:18:00-04:00,341.0400085449219,GOOGL
2026-09-11 12:19:00-04:00,341.0050048828125,GOOGL
2026-09-11 12:20:00-04:00,341.07000732421875,GOOGL
2026-09-11 12:21:00-04:00,341.2250061035156,GOOGL
2026-09-11 12:22:00-04:00,341.0350036621094,GOOGL
2026-09-11 12:23:00-04:00,340.75,GOOGL
2026-09-11 12:24:00-04:00,340.6300048828125,GOOGL
2026-09-11 12:25:00-04:00,340.4700012207031,GOOGL
2026-09-11 12:26:00-04:00,340.4552917480469,GOOGL
2026-09-11 12:27:00-04:00,340.7550048828125,GOOGL
2026-09-11 12:28:00-04:00,340.69000244140625,GOOGL
2026-09-11 12:29:00-04:00,340.1400146484375,GOOGL
2026-09-11 12:30:00-04:00,340.07000732421875,GOOGL
2026-09-11 12:31:00-04:00,340.0910949707031,GOOGL
2026-09-11 12:32:00-04:00,340.29998779296875,GOOGL
2026-09-11 12:33:00-04:00,340.4750061035156,GOOGL
2026-09-11 12:34:00-04:00,340.3800964355469,GOOGL
2026-09-11 12:35:00-04:00,340.5,GOOGL
2026-09-11 12:36:00-04:00,340.4800109863281,GOOGL
2026-09-11 12:37:00-04:00,340.5199890136719,GOOGL
2026-09-11 12:38:00-04:00,340.3999938964844,GOOGL
2026-09-11 12:39:00-04:00,340.32501220703125,GOOGL
2026-09-11 12:40:00-04:00,340.3699951171875,GOOGL
2026-09-11 12:41:00-04:00,340.4559020996094,GOOGL
2026-09-11 12:42:00-04:00,340.44000244140625,GOOGL
2026-09-11 12:43:00-04:00,340.55499267578125,GOOGL
2026-09-11 12:44:00-04:00,340.6499938964844,GOOGL
2026-09-11 12:45:00-04:00,340.75,GOOGL
2026-09-11 12:46:00-04:00,340.7049865722656,GOOGL
2026-09-11 12:47:00-04:00,340.54998779296875,GOOGL
2026-09-11 12:48:00-04:00,340.5299987792969,GOOGL
2026-09-11 12:49:00-04:00,340.489990234375,GOOGL
2026-09-11 12:50:00-04:00,340.57000732421875,GOOGL
2026-09-11 12:51:00-04:00,340.5400085449219,GOOGL
2026-09-11 12:52:00-04:00,340.44000244140625,GOOGL
2026-09-11 12:53:00-04:00,340.489990234375,GOOGL
2026-09-11 12:54:00-04:00,340.67999267578125,GOOGL
2026-09-11 12:55:00-04:00,340.92999267578125,GOOGL
2026-09-11 12:56:00-04:00,340.9200134277344,GOOGL
2026-09-11 12:57:00-04:00,340.7900085449219,GOOGL
2026-09-11 12:58:00-04:00,340.8500061035156,GOOGL
2026-09-11 12:59:00-04:00,340.7149963378906,GOOGL
2026-09-11 13:00:00-04:00,340.760009765625,GOOGL
2026-09-11 13:01:00-04:00,340.7950134277344,GOOGL
2026-09-11 13:02:00-04:00,341.010009765625,GOOGL
2026-09-11 13:03:00-04:00,341.010009765625,GOOGL
2026-09-11 13:04:00-04:00,341.0350036621094,GOOGL
2026-09-11 13:05:00-04:00,340.93499755859375,GOOGL
2026-09-11 13:06:00-04:00,340.8349914550781,GOOGL
2026-09-11 13:07:00-04:00,341.05999755859375,GOOGL
2026-09-11 13:08:00-04:00,341.1400146484375,GOOGL
2026-09-11 13:09:00-04:00,341.17999267578125,GOOGL
2026-09-11 13:10:00-04:00,341.1000061035156,GOOGL
2026-09-11 13:11:00-04:00,341.0993957519531,GOOGL
2026-09-11 13:12:00-04:00,341.1971130371094,GOOGL
2026-09-11 13:13:00-04:00,341.1445007324219,GOOGL
2026-09-11 13:14:00-04:00,341.1300048828125,GOOGL
2026-09-11 13:15:00-04:00,341.2300109863281,GOOGL
2026-09-11 13:16:00-04:00,341.239990234375,GOOGL
2026-09-11 13:17:00-04:00,341.32000732421875,GOOGL
2026-09-11 13:18:00-04:00,341.17010498046875,GOOGL
2026-09-11 13:19:00-04:00,341.19488525390625,GOOGL
2026-09-11 13:20:00-04:00,341.29998779296875,GOOGL
2026-09-11 13:21:00-04:00,341.30999755859375,GOOGL
2026-09-11 13:22:00-04:00,341.340087890625,GOOGL
2026-09-11 13:23:00-04:00,341.2900085449219,GOOGL
2026-09-11 13:24:00-04:00,341.3299865722656,GOOGL
2026-09-11 13:25:00-04:00,341.20001220703125,GOOGL
2026-09-11 13:26:00-04:00,341.1767883300781,GOOGL
2026-09-11 13:27:00-04:00,341.0613098144531,GOOGL
2026-09-11 13:28:00-04:00,340.8399963378906,GOOGL
2026-09-11 13:29:00-04:00,340.7300109863281,GOOGL
2026-09-11 13:30:00-04:00,340.7099914550781,GOOGL
2026-09-11 13:31:00-04:00,340.95001220703125,GOOGL
2026-09-11 13:32:00-04:00,340.8900146484375,GOOGL
2026-09-11 13:33:00-04:00,340.9200134277344,GOOGL
2026-09-11 13:34:00-04:00,340.82501220703125,GOOGL
2026-09-11 13:35:00-04:00,340.7799987792969,GOOGL
2026-09-11 13:36:00-04:00,340.7149963378906,GOOGL
2026-09-11 13:37:00-04:00,340.8894958496094,GOOGL
2026-09-11 13:38:00-04:00,340.739990234375,GOOGL
2026-09-11 13:39:00-04:00,340.6400146484375,GOOGL
2026-09-11 13:40:00-04:00,340.7850036621094,GOOGL
2026-09-11 13:41:00-04:00,340.6099853515625,GOOGL
2026-09-11 13:42:00-04:00,340.6000061035156,GOOGL
2026-09-11 13:43:00-04:00,340.67999267578125,GOOGL
2026-09-11 13:44:00-04:00,340.55499267578125,GOOGL
2026-09-11 13:45:00-04:00,340.57000732421875,GOOGL
2026-09-11 13:46:00-04:00,340.5400085449219,GOOGL
2026-09-11 13:47:00-04:00,340.5249938964844,GOOGL
2026-09-11 13:48:00-04:00,340.3900146484375,GOOGL
2026-09-11 13:49:00-04:00,340.44000244140625,GOOGL
2026-09-11 13:50:00-04:00,340.4700012207031,GOOGL
2026-09-11 13:51:00-04:00,340.510009765625,GOOGL
2026-09-11 13:52:00-04:00,340.44000244140625,GOOGL
2026-09-11 13:53:00-04:00,340.3399963378906,GOOGL
2026-09-11 13:54:00-04:00,340.2300109863281,GOOGL
2026-09-11 13:55:00-04:00,340.4599914550781,GOOGL
2026-09-11 13:56:00-04:00,340.3399963378906,GOOGL
2026-09-11 13:57:00-04:00,340.25,GOOGL
2026-09-11 13:58:00-04:00,340.28009033203125,GOOGL
2026-09-11 13:59:00-04:00,340.20941162109375,GOOGL
2026-09-11 14:00:00-04:00,340.3599853515625,GOOGL
2026-09-11 14:01:00-04:00,340.3500061035156,GOOGL
2026-09-11 14:02:00-04:00,340.6300048828125,GOOGL
2026-09-11 14:03:00-04:00,340.5899963378906,GOOGL
2026-09-11 14:04:00-04:00,340.3550109863281,GOOGL
2026-09-11 14:05:00-04:00,340.260009765625,GOOGL
2026-09-11 14:06:00-04:00,340.2300109863281,GOOGL
2026-09-11 14:07:00-04:00,340.0350036621094,GOOGL
2026-09-11 14:08:00-04:00,339.9700012207031,GOOGL
2026-09-11 14:09:00-04:00,339.9200134277344,GOOGL
2026-09-11 14:10:00-04:00,339.69000244140625,GOOGL
2026-09-11 14:11:00-04:00,339.4700012207031,GOOGL
2026-09-11 14:12:00-04:00,339.5299987792969,GOOGL
2026-09-11 14:13:00-04:00,339.4049987792969,GOOGL
2026-09-11 14:14:00-04:00,339.4700012207031,GOOGL
2026-09-11 14:15:00-04:00,339.4200134277344,GOOGL
2026-09-11 14:16:00-04:00,339.4460144042969,GOOGL
2026-09-11 14:17:00-04:00,339.5199890136719,GOOGL
2026-09-11 14:18:00-04:00,339.57501220703125,GOOGL
2026-09-11 14:19:00-04:00,339.4200134277344,GOOGL
2026-09-11 14:20:00-04:00,339.1700134277344,GOOGL
2026-09-11 14:21:00-04:00,339.1300048828125,GOOGL
2026-09-11 14:22:00-04:00,339.19000244140625,GOOGL
2026-09-11 14:23:00-04:00,339.31500244140625,GOOGL
2026-09-11 14:24:00-04:00,339.3299865722656,GOOGL
2026-09-11 14:25:00-04:00,339.44000244140625,GOOGL
2026-09-11 14:26:00-04:00,339.4100036621094,GOOGL
2026-09-11 14:27:00-04:00,339.5150146484375,GOOGL
2026-09-11 14:28:00-04:00,339.6400146484375,GOOGL
2026-09-11 14:29:00-04:00,339.55999755859375,GOOGL
2026-09-11 14:30:00-04:00,339.4195861816406,GOOGL
2026-09-11 14:31:00-04:00,339.239990234375,GOOGL
2026-09-11 14:32:00-04:00,339.3299865722656,GOOGL
2026-09-11 14:33:00-04:00,339.375,GOOGL
2026-09-11 14:34:00-04:00,339.30999755859375,GOOGL
2026-09-11 14:35:00-04:00,339.239990234375,GOOGL
2026-09-11 14:36:00-04:00,339.4502868652344,GOOGL
2026-09-11 14:37:00-04:00,339.3900146484375,GOOGL
2026-09-11 14:38:00-04:00,339.42498779296875,GOOGL
2026-09-11 14:39:00-04:00,339.3450012207031,GOOGL
2026-09-11 14:40:00-04:00,339.42999267578125,GOOGL
2026-09-11 14:41:00-04:00,339.4049987792969,GOOGL
2026-09-11 14:42:00-04:00,339.3299865722656,GOOGL
2026-09-11 14:43:00-04:00,339.3446960449219,GOOGL
2026-09-11 14:44:00-04:00,339.06500244140625,GOOGL
2026-09-11 14:45:00-04:00,338.8900146484375,GOOGL
2026-09-11 14:46:00-04:00,339.1600036621094,GOOGL
2026-09-11 14:47:00-04:00,339.07000732421875,GOOGL
2026-09-11 14:48:00-04:00,338.739990234375,GOOGL
2026-09-11 14:49:00-04:00,338.8500061035156,GOOGL
2026-09-11 14:50:00-04:00,338.9750061035156,GOOGL
2026-09-11 14:51:00-04:00,339.1199951171875,GOOGL
2026-09-11 14:52:00-04:00,339.010009765625,GOOGL
2026-09-11 14:53:00-04:00,339.07501220703125,GOOGL
2026-09-11 14:54:00-04:00,338.96990966796875,GOOGL
2026-09-11 14:55:00-04:00,338.7701110839844,GOOGL
2026-09-11 14:56:00-04:00,338.75,GOOGL
2026-09-11 14:57:00-04:00,338.69500732421875,GOOGL
2026-09-11 14:58:00-04:00,338.7200012207031,GOOGL
2026-09-11 14:59:00-04:00,338.8450012207031,GOOGL
2026-09-11 15:00:00-04:00,339.0400085449219,GOOGL
2026-09-11 15:01:00-04:00,339.1000061035156,GOOGL
2026-09-11 15:02:00-04:00,338.92999267578125,GOOGL
2026-09-11 15:03:00-04:00,338.9100036621094,GOOGL
2026-09-11 15:04:00-04:00,339.0950012207031,GOOGL
2026-09-11 15:05:00-04:00,339.125,GOOGL
2026-09-11 15:06:00-04:00,338.92999267578125,GOOGL
2026-09-11 15:07:00-04:00,338.9696960449219,GOOGL
2026-09-11 15:08:00-04:00,338.9560852050781,GOOGL
2026-09-11 15:09:00-04:00,339.05999755859375,GOOGL
2026-09-11 15:10:00-04:00,339.0199890136719,GOOGL
2026-09-11 15:11:00-04:00,339.114990234375,GOOGL
2026-09-11 15:12:00-04:00,339.125,GOOGL
2026-09-11 15:13:00-04:00,339.0867004394531,GOOGL
2026-09-11 15:14:00-04:00,339.07000732421875,GOOGL
2026-09-11 15:15:00-04:00,339.1000061035156,GOOGL
2026-09-11 15:16:00-04:00,339.1000061035156,GOOGL
2026-09-11 15:17:00-04:00,339.11029052734375,GOOGL
2026-09-11 15:18:00-04:00,339.06500244140625,GOOGL
2026-09-11 15:19:00-04:00,339.0400085449219,GOOGL
2026-09-11 15:20:00-04:00,338.9649963378906,GOOGL
2026-09-11 15:21:00-04:00,338.95001220703125,GOOGL
2026-09-11 15:22:00-04:00,338.8999938964844,GOOGL
2026-09-11 15:23:00-04:00,339.1199951171875,GOOGL
2026-09-11 15:24:00-04:00,339.2464904785156,GOOGL
2026-09-11 15:25:00-04:00,339.1700134277344,GOOGL
2026-09-11 15:26:00-04:00,339.04998779296875,GOOGL
2026-09-11 15:27:00-04:00,339.0199890136719,GOOGL
2026-09-11 15:28:00-04:00,339.0199890136719,GOOGL
2026-09-11 15:29:00-04:00,339.08990478515625,GOOGL
2026-09-11 15:30:00-04:00,338.8800048828125,GOOGL
2026-09-11 15:31:00-04:00,338.92498779296875,GOOGL
2026-09-11 15:32:00-04:00,339.125,GOOGL
2026-09-11 15:33:00-04:00,339.05499267578125,GOOGL
2026-09-11 15:34:00-04:00,338.9849853515625,GOOGL
2026-09-11 15:35:00-04:00,339.1025085449219,GOOGL
2026-09-11 15:36:00-04:00,339.06689453125,GOOGL
2026-09-11 15:37:00-04:00,339.0950012207031,GOOGL
2026-09-11 15:38:00-04:00,339.07501220703125,GOOGL
2026-09-11 15:39:00-04:00,339.05059814453125,GOOGL
2026-09-11 15:40:00-04:00,338.8500061035156,GOOGL
2026-09-11 15:41:00-04:00,338.7099914550781,GOOGL
2026-09-11 15:42:00-04:00,338.69000244140625,GOOGL
2026-09-11 15:43:00-04:00,338.63330078125,GOOGL
2026-09-11 15:44:00-04:00,338.739990234375,GOOGL
2026-09-11 15:45:00-04:00,338.8900146484375,GOOGL
2026-09-11 15:46:00-04:00,338.70001220703125,GOOGL
2026-09-11 15:47:00-04:00,338.6099853515625,GOOGL
2026-09-11 15:48:00-04:00,338.55999755859375,GOOGL
2026-09-11 15:49:00-04:00,338.5899963378906,GOOGL
2026-09-11 15:50:00-04:00,338.30499267578125,GOOGL
2026-09-11 15:51:00-04:00,338.3500061035156,GOOGL
2026-09-11 15:52:00-04:00,338.3349914550781,GOOGL
2026-09-11 15:53:00-04:00,338.4750061035156,GOOGL
2026-09-11 15:54:00-04:00,338.8299865722656,GOOGL
2026-09-11 15:55:00-04:00,338.7300109863281,GOOGL
2026-09-11 15:56:00-04:00,338.9200134277344,GOOGL
2026-09-11 15:57:00-04:00,339.010009765625,GOOGL
2026-09-11 15:58:00-04:00,338.7099914550781,GOOGL
2026-09-11 15:59:00-04:00,338.4200134277344,GOOGL
