ts,close_price,asset
2026-09-02 09:30:00-04:00,496.2341003417969,MSFT
2026-09-02 09:31:00-04:00,496.864990234375,MSFT
2026-09-02 09:32:00-04:00,496.0,MSFT
2026-09-02 09:33:00-04:00,497.7900085449219,MSFT
2026-09-02 09:34:00-04:00,497.2850036621094,MSFT
2026-09-02 09:35:00-04:00,497.9200134277344,MSFT
2026-09-02 09:36:00-04:00,496.010009765625,MSFT
2026-09-02 09:37:00-04:00,495.70001220703125,MSFT
2026-09-02 09:38:00-04:00,496.1499938964844,MSFT
2026-09-02 09:39:00-04:00,495.9599914550781,MSFT
2026-09-02 09:40:00-04:00,496.3900146484375,MSFT
2026-09-02 09:41:00-04:00,495.6050109863281,MSFT
2026-09-02 09:42:00-04:00,496.23199462890625,MSFT
2026-09-02 09:43:00-04:00,496.4784851074219,MSFT
2026-09-02 09:44:00-04:00,496.5,MSFT
2026-09-02 09:45:00-04:00,496.9800109863281,MSFT
2026-09-02 09:46:00-04:00,497.5299987792969,MSFT
2026-09-02 09:47:00-04:00,497.80499267578125,MSFT
2026-09-02 09:48:00-04:00,498.3349914550781,MSFT
2026-09-02 09:49:00-04:00,498.852294921875,MSFT
2026-09-02 09:50:00-04:00,499.0050048828125,MSFT
2026-09-02 09:51:00-04:00,498.364990234375,MSFT
2026-09-02 09:52:00-04:00,497.8949890136719,MSFT
2026-09-02 09:53:00-04:00,497.80499267578125,MSFT
2026-09-02 09:54:00-04:00,497.54010009765625,MSFT
2026-09-02 09:55:00-04:00,497.2250061035156,MSFT
2026-09-02 09:56:00-04:00,497.6600036621094,MSFT
2026-09-02 09:57:00-04:00,498.0950012207031,MSFT
2026-09-02 09:58:00-04:00,498.2200012207031,MSFT
2026-09-02 09:59:00-04:00,498.5350036621094,MSFT
2026-09-02 10:00:00-04:00,497.7049865722656,MSFT
2026-09-02 10:01:00-04:00,497.3399963378906,MSFT
2026-09-02 10:02:00-04:00,497.4200134277344,MSFT
2026-09-02 10:03:00-04:00,497.42999267578125,MSFT
2026-09-02 10:04:00-04:00,497.6400146484375,MSFT
2026-09-02 10:05:00-04:00,497.8999938964844,MSFT
2026-09-02 10:06:00-04:00,497.9100036621094,MSFT
2026-09-02 10:07:00-04:00,498.0,MSFT
2026-09-02 10:08:00-04:00,498.1177978515625,MSFT
2026-09-02 10:09:00-04:00,497.6099853515625,MSFT
2026-09-02 10:10:00-04:00,498.20001220703125,MSFT
2026-09-02 10:11:00-04:00,498.5,MSFT
2026-09-02 10:12:00-04:00,498.5574951171875,MSFT
2026-09-02 10:13:00-04:00,498.70001220703125,MSFT
2026-09-02 10:14:00-04:00,498.8599853515625,MSFT
2026-09-02 10:15:00-04:00,498.55999755859375,MSFT
2026-09-02 10:16:00-04:00,498.17999267578125,MSFT
2026-09-02 10:17:00-04:00,497.7200927734375,MSFT
2026-09-02 10:18:00-04:00,497.7262878417969,MSFT
2026-09-02 10:19:00-04:00,497.7349853515625,MSFT
2026-09-02 10:20:00-04:00,497.9700012207031,MSFT
2026-09-02 10:21:00-04:00,497.8699951171875,MSFT
2026-09-02 10:22:00-04:00,498.1600036621094,MSFT
2026-09-02 10:23:00-04:00,498.3399963378906,MSFT
2026-09-02 10:24:00-04:00,497.8323059082031,MSFT
2026-09-02 10:25:00-04:00,497.7200012207031,MSFT
2026-09-02 10:26:00-04:00,498.135009765625,MSFT
2026-09-02 10:27:00-04:00,498.0425109863281,MSFT
2026-09-02 10:28:00-04:00,497.8550109863281,MSFT
2026-09-02 10:29:00-04:00,497.7900085449219,MSFT
2026-09-02 10:30:00-04:00,497.8500061035156,MSFT
2026-09-02 10:31:00-04:00,497.25,MSFT
2026-09-02 10:32:00-04:00,497.20001220703125,MSFT
2026-09-02 10:33:00-04:00,496.82501220703125,MSFT
2026-09-02 10:34:00-04:00,497.2300109863281,MSFT
2026-09-02 10:35:00-04:00,497.0899963378906,MSFT
2026-09-02 10:36:00-04:00,497.3299865722656,MSFT
2026-09-02 10:37:00-04:00,497.43499755859375,MSFT
2026-09-02 10:38:00-04:00,497.1300048828125,MSFT
2026-09-02 10:39:00-04:00,497.5790100097656,MSFT
2026-09-02 10:40:00-04:00,497.6908874511719,MSFT
2026-09-02 10:41:00-04:00,497.67999267578125,MSFT
2026-09-02 10:42:00-04:00,497.64129638671875,MSFT
2026-09-02 10:43:00-04:00,497.7699890136719,MSFT
2026-09-02 10:44:00-04:00,497.95001220703125,MSFT
2026-09-02 10:45:00-04:00,497.9949951171875,MSFT
2026-09-02 10:46:00-04:00,497.8599853515625,MSFT
2026-09-02 10:47:00-04:00,498.19000244140625,MSFT
2026-09-02 10:48:00-04:00,497.92498779296875,MSFT
2026-09-02 10:49:00-04:00,498.239990234375,MSFT
2026-09-02 10:50:00-04:00,498.1199035644531,MSFT
2026-09-02 10:51:00-04:00,498.44000244140625,MSFT
2026-09-02 10:52:00-04:00,498.2799987792969,MSFT
2026-09-02 10:53:00-04:00,498.239990234375,MSFT
2026-09-02 10:54:00-04:00,498.364990234375,MSFT
2026-09-02 10:55:00-04:00,498.57000732421875,MSFT
2026-09-02 10:56:00-04:00,497.93499755859375,MSFT
2026-09-02 10:57:00-04:00,498.42999267578125,MSFT
2026-09-02 10:58:00-04:00,498.44000244140625,MSFT
2026-09-02 10:59:00-04:00,498.3999938964844,MSFT
2026-09-02 11:00:00-04:00,498.4849853515625,MSFT
2026-09-02 11:01:00-04:00,498.2650146484375,MSFT
2026-09-02 11:02:00-04:00,498.31500244140625,MSFT
2026-09-02 11:03:00-04:00,498.635009765625,MSFT
2026-09-02 11:04:00-04:00,497.6499938964844,MSFT
2026-09-02 11:05:00-04:00,497.9591064453125,MSFT
2026-09-02 11:06:00-04:00,498.0899963378906,MSFT
2026-09-02 11:07:00-04:00,497.57501220703125,MSFT
2026-09-02 11:08:00-04:00,497.2432861328125,MSFT
2026-09-02 11:09:00-04:00,497.1400146484375,MSFT
2026-09-02 11:10:00-04:00,497.0450134277344,MSFT
2026-09-02 11:11:00-04:00,497.32000732421875,MSFT
2026-09-02 11:12:00-04:00,497.1700134277344,MSFT
2026-09-02 11:13:00-04:00,496.5849914550781,MSFT
2026-09-02 11:14:00-04:00,497.0552062988281,MSFT
2026-09-02 11:15:00-04:00,497.0,MSFT
2026-09-02 11:16:00-04:00,496.9100036621094,MSFT
2026-09-02 11:17:00-04:00,496.8299865722656,MSFT
2026-09-02 11:18:00-04:00,496.9494934082031,MSFT
2026-09-02 11:19:00-04:00,497.1400146484375,MSFT
2026-09-02 11:20:00-04:00,496.989990234375,MSFT
2026-09-02 11:21:00-04:00,497.239990234375,MSFT
2026-09-02 11:22:00-04:00,497.69000244140625,MSFT
2026-09-02 11:23:00-04:00,497.8949890136719,MSFT
2026-09-02 11:24:00-04:00,497.79998779296875,MSFT
2026-09-02 11:25:00-04:00,497.7099914550781,MSFT
2026-09-02 11:26:00-04:00,497.7799987792969,MSFT
2026-09-02 11:27:00-04:00,497.760009765625,MSFT
2026-09-02 11:28:00-04:00,497.5050048828125,MSFT
2026-09-02 11:29:00-04:00,497.04998779296875,MSFT
2026-09-02 11:30:00-04:00,496.739990234375,MSFT
2026-09-02 11:31:00-04:00,496.7200012207031,MSFT
2026-09-02 11:32:00-04:00,496.7799987792969,MSFT
2026-09-02 11:33:00-04:00,496.3699951171875,MSFT
2026-09-02 11:34:00-04:00,496.20001220703125,MSFT
2026-09-02 11:35:00-04:00,496.0299987792969,MSFT
2026-09-02 11:36:00-04:00,496.2900085449219,MSFT
2026-09-02 11:37:00-04:00,496.1199951171875,MSFT
2026-09-02 11:38:00-04:00,495.760009765625,MSFT
2026-09-02 11:39:00-04:00,495.7850036621094,MSFT
2026-09-02 11:40:00-04:00,495.30999755859375,MSFT
2026-09-02 11:41:00-04:00,495.6907043457031,MSFT
2026-09-02 11:42:00-04:00,495.510009765625,MSFT
2026-09-02 11:43:00-04:00,495.29998779296875,MSFT
2026-09-02 11:44:00-04:00,495.489990234375,MSFT
2026-09-02 11:45:00-04:00,495.0199890136719,MSFT
2026-09-02 11:46:00-04:00,495.0299987792969,MSFT
2026-09-02 11:47:00-04:00,494.7049865722656,MSFT
2026-09-02 11:48:00-04:00,494.4206848144531,MSFT
2026-09-02 11:49:00-04:00,494.3999938964844,MSFT
2026-09-02 11:50:00-04:00,494.17498779296875,MSFT
2026-09-02 11:51:00-04:00,494.1400146484375,MSFT
2026-09-02 11:52:00-04:00,494.44000244140625,MSFT
2026-09-02 11:53:00-04:00,494.2049865722656,MSFT
2026-09-02 11:54:00-04:00,494.20001220703125,MSFT
2026-09-02 11:55:00-04:00,494.1549987792969,MSFT
2026-09-02 11:56:00-04:00,493.9414978027344,MSFT
2026-09-02 11:57:00-04:00,494.4150085449219,MSFT
2026-09-02 11:58:00-04:00,494.68499755859375,MSFT
2026-09-02 11:59:00-04:00,494.7749938964844,MSFT
2026-09-02 12:00:00-04:00,494.76251220703125,MSFT
2026-09-02 12:01:00-04:00,495.1499938964844,MSFT
2026-09-02 12:02:00-04:00,494.82000732421875,MSFT
2026-09-02 12:03:00-04:00,494.8550109863281,MSFT
2026-09-02 12:04:00-04:00,495.05999755859375,MSFT
2026-09-02 12:05:00-04:00,494.8699951171875,MSFT
2026-09-02 12:06:00-04:00,494.7799987792969,MSFT
2026-09-02 12:07:00-04:00,494.94500732421875,MSFT
2026-09-02 12:08:00-04:00,494.8901062011719,MSFT
2026-09-02 12:09:00-04:00,494.9100036621094,MSFT
2026-09-02 12:10:00-04:00,494.6300964355469,MSFT
2026-09-02 12:11:00-04:00,494.6400146484375,MSFT
2026-09-02 12:12:00-04:00,494.69000244140625,MSFT
2026-09-02 12:13:00-04:00,494.6499938964844,MSFT
2026-09-02 12:14:00-04:00,494.5199890136719,MSFT
2026-09-02 12:15:00-04:00,494.17999267578125,MSFT
2026-09-02 12:16:00-04:00,494.1000061035156,MSFT
2026-09-02 12:17:00-04:00,494.3699951171875,MSFT
2026-09-02 12:18:00-04:00,494.2300109863281,MSFT
2026-09-02 12:19:00-04:00,494.5899963378906,MSFT
2026-09-02 12:20:00-04:00,494.5199890136719,MSFT
2026-09-02 12:21:00-04:00,494.30999755859375,MSFT
2026-09-02 12:22:00-04:00,494.260009765625,MSFT
2026-09-02 12:23:00-04:00,494.0,MSFT
2026-09-02 12:24:00-04:00,493.8599853515625,MSFT
2026-09-02 12:25:00-04:00,494.05499267578125,MSFT
2026-09-02 12:26:00-04:00,493.9150085449219,MSFT
2026-09-02 12:27:00-04:00,494.1499938964844,MSFT
2026-09-02 12:28:00-04:00,493.8919982910156,MSFT
2026-09-02 12:29:00-04:00,494.17999267578125,MSFT
2026-09-02 12:30:00-04:00,494.1700134277344,MSFT
2026-09-02 12:31:00-04:00,494.31500244140625,MSFT
2026-09-02 12:32:00-04:00,494.0849914550781,MSFT
2026-09-02 12:33:00-04:00,494.0400085449219,MSFT
2026-09-02 12:34:00-04:00,494.07501220703125,MSFT
2026-09-02 12:35:00-04:00,494.375,MSFT
2026-09-02 12:36:00-04:00,494.6099853515625,MSFT
2026-09-02 12:37:00-04:00,494.9200134277344,MSFT
2026-09-02 12:38:00-04:00,494.79998779296875,MSFT
2026-09-02 12:39:00-04:00,494.8949890136719,MSFT
2026-09-02 12:40:00-04:00,494.6600036621094,MSFT
2026-09-02 12:41:00-04:00,494.80999755859375,MSFT
2026-09-02 12:42:00-04:00,494.6650085449219,MSFT
2026-09-02 12:43:00-04:00,494.55999755859375,MSFT
2026-09-02 12:44:00-04:00,494.5450134277344,MSFT
2026-09-02 12:45:00-04:00,495.1000061035156,MSFT
2026-09-02 12:46:00-04:00,495.30999755859375,MSFT
2026-09-02 12:47:00-04:00,495.2200012207031,MSFT
2026-09-02 12:48:00-04:00,495.2349853515625,MSFT
2026-09-02 12:49:00-04:00,495.5199890136719,MSFT
2026-09-02 12:50:00-04:00,495.389892578125,MSFT
2026-09-02 12:51:00-04:00,495.4599914550781,MSFT
2026-09-02 12:52:00-04:00,495.44000244140625,MSFT
2026-09-02 12:53:00-04:00,495.9599914550781,MSFT
2026-09-02 12:54:00-04:00,496.0350036621094,MSFT
2026-09-02 12:55:00-04:00,496.19500732421875,MSFT
2026-09-02 12:56:00-04:00,496.1300048828125,MSFT
2026-09-02 12:57:00-04:00,496.1600036621094,MSFT
2026-09-02 12:58:00-04:00,495.9750061035156,MSFT
2026-09-02 12:59:00-04:00,495.8345947265625,MSFT
2026-09-02 13:00:00-04:00,496.2799987792969,MSFT
2026-09-02 13:01:00-04:00,496.2121887207031,MSFT
2026-09-02 13:02:00-04:00,496.739990234375,MSFT
2026-09-02 13:03:00-04:00,496.75,MSFT
2026-09-02 13:04:00-04:00,496.6700134277344,MSFT
2026-09-02 13:05:00-04:00,496.6300048828125,MSFT
2026-09-02 13:06:00-04:00,496.2850036621094,MSFT
2026-09-02 13:07:00-04:00,496.1600036621094,MSFT
2026-09-02 13:08:00-04:00,496.0450134277344,MSFT
2026-09-02 13:09:00-04:00,495.94000244140625,MSFT
2026-09-02 13:10:00-04:00,496.3599853515625,MSFT
2026-09-02 13:11:00-04:00,496.3599853515625,MSFT
2026-09-02 13:12:00-04:00,496.2950134277344,MSFT
2026-09-02 13:13:00-04:00,496.4288024902344,MSFT
2026-09-02 13:14:00-04:00,496.55999755859375,MSFT
2026-09-02 13:15:00-04:00,496.5400085449219,MSFT
2026-09-02 13:16:00-04:00,496.239990234375,MSFT
2026-09-02 13:17:00-04:00,496.1099853515625,MSFT
2026-09-02 13:18:00-04:00,495.8500061035156,MSFT
2026-09-02 13:19:00-04:00,495.7699890136719,MSFT
2026-09-02 13:20:00-04:00,495.8500061035156,MSFT
2026-09-02 13:21:00-04:00,495.68499755859375,MSFT
2026-09-02 13:22:00-04:00,496.1650085449219,MSFT
2026-09-02 13:23:00-04:00,496.1300048828125,MSFT
2026-09-02 13:24:00-04:00,496.3599853515625,MSFT
2026-09-02 13:25:00-04:00,496.3800048828125,MSFT
2026-09-02 13:26:00-04:00,496.5249938964844,MSFT
2026-09-02 13:27:00-04:00,496.4729919433594,MSFT
2026-09-02 13:28:00-04:00,496.57501220703125,MSFT
2026-09-02 13:29:00-04:00,496.4599914550781,MSFT
2026-09-02 13:30:00-04:00,496.55999755859375,MSFT
2026-09-02 13:31:00-04:00,496.7200012207031,MSFT
2026-09-02 13:32:00-04:00,496.82000732421875,MSFT
2026-09-02 13:33:00-04:00,496.7200012207031,MSFT
2026-09-02 13:34:00-04:00,496.75,MSFT
2026-09-02 13:35:00-04:00,496.79998779296875,MSFT
2026-09-02 13:36:00-04:00,496.6199951171875,MSFT
2026-09-02 13:37:00-04:00,496.54998779296875,MSFT
2026-09-02 13:38:00-04:00,496.42010498046875,MSFT
2026-09-02 13:39:00-04:00,496.6000061035156,MSFT
2026-09-02 13:40:00-04:00,496.6300048828125,MSFT
2026-09-02 13:41:00-04:00,496.627197265625,MSFT
2026-09-02 13:42:00-04:00,496.6300048828125,MSFT
2026-09-02 13:43:00-04:00,496.7449951171875,MSFT
2026-09-02 13:44:00-04:00,496.9100036621094,MSFT
2026-09-02 13:45:00-04:00,496.94000244140625,MSFT
2026-09-02 13:46:00-04:00,496.8450012207031,MSFT
2026-09-02 13:47:00-04:00,496.3999938964844,MSFT
2026-09-02 13:48:00-04:00,496.55499267578125,MSFT
2026-09-02 13:49:00-04:00,496.79998779296875,MSFT
2026-09-02 13:50:00-04:00,496.840087890625,MSFT
2026-09-02 13:51:00-04:00,496.9200134277344,MSFT
2026-09-02 13:52:00-04:00,496.8489990234375,MSFT
2026-09-02 13:53:00-04:00,497.0557861328125,MSFT
2026-09-02 13:54:00-04:00,496.92999267578125,MSFT
2026-09-02 13:55:00-04:00,497.0950927734375,MSFT
2026-09-02 13:56:00-04:00,497.2550048828125,MSFT
2026-09-02 13:57:00-04:00,497.7489929199219,MSFT
2026-09-02 13:58:00-04:00,497.68499755859375,MSFT
2026-09-02 13:59:00-04:00,497.6449890136719,MSFT
2026-09-02 14:00:00-04:00,497.4200134277344,MSFT
2026-09-02 14:01:00-04:00,497.32501220703125,MSFT
2026-09-02 14:02:00-04:00,496.9100036621094,MSFT
2026-09-02 14:03:00-04:00,497.04998779296875,MSFT
2026-09-02 14:04:00-04:00,496.8500061035156,MSFT
2026-09-02 14:05:00-04:00,496.4549865722656,MSFT
2026-09-02 14:06:00-04:00,496.5199890136719,MSFT
2026-09-02 14:07:00-04:00,496.3900146484375,MSFT
2026-09-02 14:08:00-04:00,496.30999755859375,MSFT
2026-09-02 14:09:00-04:00,496.2799987792969,MSFT
2026-09-02 14:10:00-04:00,496.29150390625,MSFT
2026-09-02 14:11:00-04:00,496.1099853515625,MSFT
2026-09-02 14:12:00-04:00,496.1300048828125,MSFT
2026-09-02 14:13:00-04:00,496.2699890136719,MSFT
2026-09-02 14:14:00-04:00,496.2250061035156,MSFT
2026-09-02 14:15:00-04:00,496.2149963378906,MSFT
2026-09-02 14:16:00-04:00,496.05999755859375,MSFT
2026-09-02 14:17:00-04:00,496.18499755859375,MSFT
2026-09-02 14:18:00-04:00,496.6199951171875,MSFT
2026-09-02 14:19:00-04:00,496.6300048828125,MSFT
2026-09-02 14:20:00-04:00,496.54998779296875,MSFT
2026-09-02 14:21:00-04:00,496.3500061035156,MSFT
2026-09-02 14:22:00-04:00,496.29998779296875,MSFT
2026-09-02 14:23:00-04:00,496.19189453125,MSFT
2026-09-02 14:24:00-04:00,496.29998779296875,MSFT
2026-09-02 14:25:00-04:00,496.17999267578125,MSFT
2026-09-02 14:26:00-04:00,496.1300048828125,MSFT
2026-09-02 14:27:00-04:00,496.10009765625,MSFT
2026-09-02 14:28:00-04:00,495.9150085449219,MSFT
2026-09-02 14:29:00-04:00,496.1050109863281,MSFT
2026-09-02 14:30:00-04:00,496.2699890136719,MSFT
2026-09-02 14:31:00-04:00,496.2900085449219,MSFT
2026-09-02 14:32:00-04:00,496.2799987792969,MSFT
2026-09-02 14:33:00-04:00,496.4700012207031,MSFT
2026-09-02 14:34:00-04:00,496.0987854003906,MSFT
2026-09-02 14:35:00-04:00,496.0824890136719,MSFT
2026-09-02 14:36:00-04:00,495.81500244140625,MSFT
2026-09-02 14:37:00-04:00,495.80999755859375,MSFT
2026-09-02 14:38:00-04:00,495.82501220703125,MSFT
2026-09-02 14:39:00-04:00,495.5450134277344,MSFT
2026-09-02 14:40:00-04:00,495.6700134277344,MSFT
2026-09-02 14:41:00-04:00,495.32501220703125,MSFT
2026-09-02 14:42:00-04:00,495.2200012207031,MSFT
2026-09-02 14:43:00-04:00,495.1300048828125,MSFT
2026-09-02 14:44:00-04:00,495.19000244140625,MSFT
2026-09-02 14:45:00-04:00,495.1600036621094,MSFT
2026-09-02 14:46:00-04:00,494.85009765625,MSFT
2026-09-02 14:47:00-04:00,494.94000244140625,MSFT
2026-09-02 14:48:00-04:00,495.1700134277344,MSFT
2026-09-02 14:49:00-04:00,495.2099914550781,MSFT
2026-09-02 14:50:00-04:00,495.4100036621094,MSFT
2026-09-02 14:51:00-04:00,495.1600036621094,MSFT
2026-09-02 14:52:00-04:00,495.0950012207031,MSFT
2026-09-02 14:53:00-04:00,495.1109924316406,MSFT
2026-09-02 14:54:00-04:00,495.1549987792969,MSFT
2026-09-02 14:55:00-04:00,495.19000244140625,MSFT
2026-09-02 14:56:00-04:00,495.19500732421875,MSFT
2026-09-02 14:57:00-04:00,495.0534973144531,MSFT
2026-09-02 14:58:00-04:00,495.0934143066406,MSFT
2026-09-02 14:59:00-04:00,495.2799987792969,MSFT
2026-09-02 15:00:00-04:00,495.489990234375,MSFT
2026-09-02 15:01:00-04:00,495.6400146484375,MSFT
2026-09-02 15:02:00-04:00,495.75,MSFT
2026-09-02 15:03:00-04:00,495.6300048828125,MSFT
2026-09-02 15:04:00-04:00,495.6549987792969,MSFT
2026-09-02 15:05:00-04:00,495.6050109863281,MSFT
2026-09-02 15:06:00-04:00,495.677490234375,MSFT
2026-09-02 15:07:00-04:00,495.7300109863281,MSFT
2026-09-02 15:08:00-04:00,495.7699890136719,MSFT
2026-09-02 15:09:00-04:00,496.0450134277344,MSFT
2026-09-02 15:10:00-04:00,496.0,MSFT
2026-09-02 15:11:00-04:00,496.0335998535156,MSFT
2026-09-02 15:12:00-04:00,496.3699951171875,MSFT
2026-09-02 15:13:00-04:00,496.3399963378906,MSFT
2026-09-02 15:14:00-04:00,496.3399963378906,MSFT
2026-09-02 15:15:00-04:00,496.3699951171875,MSFT
2026-09-02 15:16:00-04:00,496.6900939941406,MSFT
2026-09-02 15:17:00-04:00,496.489990234375,MSFT
2026-09-02 15:18:00-04:00,496.4549865722656,MSFT
2026-09-02 15:19:00-04:00,496.5950012207031,MSFT
2026-09-02 15:20:00-04:00,496.3800048828125,MSFT
2026-09-02 15:21:00-04:00,496.5799865722656,MSFT
2026-09-02 15:22:00-04:00,496.7799987792969,MSFT
2026-09-02 15:23:00-04:00,496.66400146484375,MSFT
2026-09-02 15:24:00-04:00,496.8500061035156,MSFT
2026-09-02 15:25:00-04:00,496.6700134277344,MSFT
2026-09-02 15:26:00-04:00,496.7200012207031,MSFT
2026-09-02 15:27:00-04:00,496.8500061035156,MSFT
2026-09-02 15:28:00-04:00,497.06500244140625,MSFT
2026-09-02 15:29:00-04:00,497.1549987792969,MSFT
2026-09-02 15:30:00-04:00,496.8299865722656,MSFT
2026-09-02 15:31:00-04:00,496.8999938964844,MSFT
2026-09-02 15:32:00-04:00,496.3399963378906,MSFT
2026-09-02 15:33:00-04:00,497.1099853515625,MSFT
2026-09-02 15:34:00-04:00,496.8890075683594,MSFT
2026-09-02 15:35:00-04:00,497.04998779296875,MSFT
2026-09-02 15:36:00-04:00,496.6889953613281,MSFT
2026-09-02 15:37:00-04:00,496.60009765625,MSFT
2026-09-02 15:38:00-04:00,496.6534118652344,MSFT
2026-09-02 15:39:00-04:00,496.8999938964844,MSFT
2026-09-02 15:40:00-04:00,496.8900146484375,MSFT
2026-09-02 15:41:00-04:00,497.010009765625,MSFT
2026-09-02 15:42:00-04:00,497.1872863769531,MSFT
2026-09-02 15:43:00-04:00,497.19000244140625,MSFT
2026-09-02 15:44:00-04:00,497.31500244140625,MSFT
2026-09-02 15:45:00-04:00,497.2349853515625,MSFT
2026-09-02 15:46:00-04:00,497.2981872558594,MSFT
2026-09-02 15:47:00-04:00,497.0899963378906,MSFT
2026-09-02 15:48:00-04:00,497.0899963378906,MSFT
2026-09-02 15:49:00-04:00,496.8900146484375,MSFT
2026-09-02 15:50:00-04:00,496.989990234375,MSFT
2026-09-02 15:51:00-04:00,496.9725036621094,MSFT
2026-09-02 15:52:00-04:00,496.9110107421875,MSFT
2026-09-02 15:53:00-04:00,497.1549987792969,MSFT
2026-09-02 15:54:00-04:00,497.2799987792969,MSFT
2026-09-02 15:55:00-04:00,496.6400146484375,MSFT
2026-09-02 15:56:00-04:00,496.5199890136719,MSFT
2026-09-02 15:57:00-04:00,496.635009765625,MSFT
2026-09-02 15:58:00-04:00,496.5899963378906,MSFT
2026-09-02 15:59:00-04:00,496.80999755859375,MSFT
2026-09-03 09:30:00-04:00,504.57501220703125,MSFT
2026-09-03 09:31:00-04:00,506.885009765625,MSFT
2026-09-03 09:32:00-04:00,507.9006042480469,MSFT
2026-09-03 09:33:00-04:00,508.9800109863281,MSFT
2026-09-03 09:34:00-04:00,508.489990234375,MSFT
2026-09-03 09:35:00-04:00,509.239990234375,MSFT
2026-09-03 09:36:00-04:00,509.1400146484375,MSFT
2026-09-03 09:37:00-04:00,510.489990234375,MSFT
2026-09-03 09:38:00-04:00,510.2799987792969,MSFT
2026-09-03 09:39:00-04:00,511.1300048828125,MSFT
2026-09-03 09:40:00-04:00,510.57000732421875,MSFT
2026-09-03 09:41:00-04:00,510.45001220703125,MSFT
2026-09-03 09:42:00-04:00,510.7300109863281,MSFT
2026-09-03 09:43:00-04:00,510.94500732421875,MSFT
2026-09-03 09:44:00-04:00,510.7049865722656,MSFT
2026-09-03 09:45:00-04:00,511.32000732421875,MSFT
2026-09-03 09:46:00-04:00,511.8450012207031,MSFT
2026-09-03 09:47:00-04:00,512.239990234375,MSFT
2026-09-03 09:48:00-04:00,511.8500061035156,MSFT
2026-09-03 09:49:00-04:00,511.54998779296875,MSFT
2026-09-03 09:50:00-04:00,512.0250244140625,MSFT
2026-09-03 09:51:00-04:00,512.1699829101562,MSFT
2026-09-03 09:52:00-04:00,511.6499938964844,MSFT
2026-09-03 09:53:00-04:00,511.1400146484375,MSFT
2026-09-03 09:54:00-04:00,511.1549987792969,MSFT
2026-09-03 09:55:00-04:00,511.2950134277344,MSFT
2026-09-03 09:56:00-04:00,510.8800048828125,MSFT
2026-09-03 09:57:00-04:00,511.0899963378906,MSFT
2026-09-03 09:58:00-04:00,511.29998779296875,MSFT
2026-09-03 09:59:00-04:00,511.7799987792969,MSFT
2026-09-03 10:00:00-04:00,511.0,MSFT
2026-09-03 10:01:00-04:00,511.7250061035156,MSFT
2026-09-03 10:02:00-04:00,512.0399780273438,MSFT
2026-09-03 10:03:00-04:00,512.0250244140625,MSFT
2026-09-03 10:04:00-04:00,511.05810546875,MSFT
2026-09-03 10:05:00-04:00,511.68499755859375,MSFT
2026-09-03 10:06:00-04:00,511.0400085449219,MSFT
2026-09-03 10:07:00-04:00,511.0,MSFT
2026-09-03 10:08:00-04:00,510.80010986328125,MSFT
2026-09-03 10:09:00-04:00,511.0400085449219,MSFT
2026-09-03 10:10:00-04:00,510.8800048828125,MSFT
2026-09-03 10:11:00-04:00,511.3450012207031,MSFT
2026-09-03 10:12:00-04:00,511.9750061035156,MSFT
2026-09-03 10:13:00-04:00,512.3400268554688,MSFT
2026-09-03 10:14:00-04:00,512.8300170898438,MSFT
2026-09-03 10:15:00-04:00,512.3499755859375,MSFT
2026-09-03 10:16:00-04:00,512.5900268554688,MSFT
2026-09-03 10:17:00-04:00,511.32110595703125,MSFT
2026-09-03 10:18:00-04:00,511.1000061035156,MSFT
2026-09-03 10:19:00-04:00,511.6499938964844,MSFT
2026-09-03 10:20:00-04:00,511.30999755859375,MSFT
2026-09-03 10:21:00-04:00,511.364990234375,MSFT
2026-09-03 10:22:00-04:00,512.0770263671875,MSFT
2026-09-03 10:23:00-04:00,512.5150146484375,MSFT
2026-09-03 10:24:00-04:00,512.2000122070312,MSFT
2026-09-03 10:25:00-04:00,510.9949951171875,MSFT
2026-09-03 10:26:00-04:00,510.70001220703125,MSFT
2026-09-03 10:27:00-04:00,510.5,MSFT
2026-09-03 10:28:00-04:00,510.0849914550781,MSFT
2026-09-03 10:29:00-04:00,510.1697998046875,MSFT
2026-09-03 10:30:00-04:00,510.5950012207031,MSFT
2026-09-03 10:31:00-04:00,510.7749938964844,MSFT
2026-09-03 10:32:00-04:00,511.1000061035156,MSFT
2026-09-03 10:33:00-04:00,510.7900085449219,MSFT
2026-09-03 10:34:00-04:00,510.4881896972656,MSFT
2026-09-03 10:35:00-04:00,510.5950012207031,MSFT
2026-09-03 10:36:00-04:00,510.43499755859375,MSFT
2026-09-03 10:37:00-04:00,510.3999938964844,MSFT
2026-09-03 10:38:00-04:00,509.8500061035156,MSFT
2026-09-03 10:39:00-04:00,509.510009765625,MSFT
2026-09-03 10:40:00-04:00,509.0335998535156,MSFT
2026-09-03 10:41:00-04:00,509.4800109863281,MSFT
2026-09-03 10:42:00-04:00,509.2598876953125,MSFT
2026-09-03 10:43:00-04:00,508.9049987792969,MSFT
2026-09-03 10:44:00-04:00,508.9031982421875,MSFT
2026-09-03 10:45:00-04:00,509.3750915527344,MSFT
2026-09-03 10:46:00-04:00,508.7900085449219,MSFT
2026-09-03 10:47:00-04:00,509.05999755859375,MSFT
2026-09-03 10:48:00-04:00,509.226806640625,MSFT
2026-09-03 10:49:00-04:00,509.44879150390625,MSFT
2026-09-03 10:50:00-04:00,508.7699890136719,MSFT
2026-09-03 10:51:00-04:00,508.95001220703125,MSFT
2026-09-03 10:52:00-04:00,508.489990234375,MSFT
2026-09-03 10:53:00-04:00,508.1199951171875,MSFT
2026-09-03 10:54:00-04:00,508.247314453125,MSFT
2026-09-03 10:55:00-04:00,509.3399963378906,MSFT
2026-09-03 10:56:00-04:00,509.30999755859375,MSFT
2026-09-03 10:57:00-04:00,509.2699890136719,MSFT
2026-09-03 10:58:00-04:00,509.3599853515625,MSFT
2026-09-03 10:59:00-04:00,509.96990966796875,MSFT
2026-09-03 11:00:00-04:00,510.052001953125,MSFT
2026-09-03 11:01:00-04:00,510.0899963378906,MSFT
2026-09-03 11:02:00-04:00,510.0450134277344,MSFT
2026-09-03 11:03:00-04:00,510.3800048828125,MSFT
2026-09-03 11:04:00-04:00,510.93499755859375,MSFT
2026-09-03 11:05:00-04:00,511.260009765625,MSFT
2026-09-03 11:06:00-04:00,511.04998779296875,MSFT
2026-09-03 11:07:00-04:00,511.0249938964844,MSFT
2026-09-03 11:08:00-04:00,511.3949890136719,MSFT
2026-09-03 11:09:00-04:00,511.30499267578125,MSFT
2026-09-03 11:10:00-04:00,511.70001220703125,MSFT
2026-09-03 11:11:00-04:00,511.6099853515625,MSFT
2026-09-03 11:12:00-04:00,511.93499755859375,MSFT
2026-09-03 11:13:00-04:00,512.0250244140625,MSFT
2026-09-03 11:14:00-04:00,512.2100219726562,MSFT
2026-09-03 11:15:00-04:00,512.5999755859375,MSFT
2026-09-03 11:16:00-04:00,512.864990234375,MSFT
2026-09-03 11:17:00-04:00,512.5349731445312,MSFT
2026-09-03 11:18:00-04:00,512.3200073242188,MSFT
2026-09-03 11:19:00-04:00,513.2249755859375,MSFT
2026-09-03 11:20:00-04:00,512.6300048828125,MSFT
2026-09-03 11:21:00-04:00,512.18408203125,MSFT
2026-09-03 11:22:00-04:00,512.5050048828125,MSFT
2026-09-03 11:23:00-04:00,513.0599975585938,MSFT
2026-09-03 11:24:00-04:00,512.5399780273438,MSFT
2026-09-03 11:25:00-04:00,512.780029296875,MSFT
2026-09-03 11:26:00-04:00,513.0700073242188,MSFT
2026-09-03 11:27:00-04:00,512.6599731445312,MSFT
2026-09-03 11:28:00-04:00,512.4299926757812,MSFT
2026-09-03 11:29:00-04:00,512.719970703125,MSFT
2026-09-03 11:30:00-04:00,512.52001953125,MSFT
2026-09-03 11:31:00-04:00,512.780029296875,MSFT
2026-09-03 11:32:00-04:00,512.7899780273438,MSFT
2026-09-03 11:33:00-04:00,512.3800048828125,MSFT
2026-09-03 11:34:00-04:00,512.6600952148438,MSFT
2026-09-03 11:35:00-04:00,513.094970703125,MSFT
2026-09-03 11:36:00-04:00,512.8699951171875,MSFT
2026-09-03 11:37:00-04:00,513.0,MSFT
2026-09-03 11:38:00-04:00,512.9400024414062,MSFT
2026-09-03 11:39:00-04:00,512.4349975585938,MSFT
2026-09-03 11:40:00-04:00,512.2838134765625,MSFT
2026-09-03 11:41:00-04:00,512.3200073242188,MSFT
2026-09-03 11:42:00-04:00,512.8150024414062,MSFT
2026-09-03 11:43:00-04:00,512.7100219726562,MSFT
2026-09-03 11:44:00-04:00,512.6005249023438,MSFT
2026-09-03 11:45:00-04:00,512.7650146484375,MSFT
2026-09-03 11:46:00-04:00,512.8201293945312,MSFT
2026-09-03 11:47:00-04:00,512.8701171875,MSFT
2026-09-03 11:48:00-04:00,512.8292236328125,MSFT
2026-09-03 11:49:00-04:00,512.8405151367188,MSFT
2026-09-03 11:50:00-04:00,512.989990234375,MSFT
2026-09-03 11:51:00-04:00,513.52001953125,MSFT
2026-09-03 11:52:00-04:00,513.6099853515625,MSFT
2026-09-03 11:53:00-04:00,513.5599975585938,MSFT
2026-09-03 11:54:00-04:00,514.3699951171875,MSFT
2026-09-03 11:55:00-04:00,514.1099853515625,MSFT
2026-09-03 11:56:00-04:00,514.0999755859375,MSFT
2026-09-03 11:57:00-04:00,514.7449951171875,MSFT
2026-09-03 11:58:00-04:00,514.8300170898438,MSFT
2026-09-03 11:59:00-04:00,514.7000122070312,MSFT
2026-09-03 12:00:00-04:00,514.5050048828125,MSFT
2026-09-03 12:01:00-04:00,514.844970703125,MSFT
2026-09-03 12:02:00-04:00,514.8800048828125,MSFT
2026-09-03 12:03:00-04:00,514.8049926757812,MSFT
2026-09-03 12:04:00-04:00,514.1099853515625,MSFT
2026-09-03 12:05:00-04:00,513.6138916015625,MSFT
2026-09-03 12:06:00-04:00,513.60498046875,MSFT
2026-09-03 12:07:00-04:00,513.219970703125,MSFT
2026-09-03 12:08:00-04:00,513.3099975585938,MSFT
2026-09-03 12:09:00-04:00,513.3236083984375,MSFT
2026-09-03 12:10:00-04:00,513.5391845703125,MSFT
2026-09-03 12:11:00-04:00,513.0750122070312,MSFT
2026-09-03 12:12:00-04:00,513.27001953125,MSFT
2026-09-03 12:13:00-04:00,513.8049926757812,MSFT
2026-09-03 12:14:00-04:00,513.9000244140625,MSFT
2026-09-03 12:15:00-04:00,513.6199951171875,MSFT
2026-09-03 12:16:00-04:00,513.2449951171875,MSFT
2026-09-03 12:17:00-04:00,513.27001953125,MSFT
2026-09-03 12:18:00-04:00,513.47998046875,MSFT
2026-09-03 12:19:00-04:00,513.3699951171875,MSFT
2026-09-03 12:20:00-04:00,513.4801025390625,MSFT
2026-09-03 12:21:00-04:00,513.2449951171875,MSFT
2026-09-03 12:22:00-04:00,513.1500244140625,MSFT
2026-09-03 12:23:00-04:00,513.2384033203125,MSFT
2026-09-03 12:24:00-04:00,513.0206298828125,MSFT
2026-09-03 12:25:00-04:00,512.655029296875,MSFT
2026-09-03 12:26:00-04:00,512.2412109375,MSFT
2026-09-03 12:27:00-04:00,512.5700073242188,MSFT
2026-09-03 12:28:00-04:00,512.4000244140625,MSFT
2026-09-03 12:29:00-04:00,512.1799926757812,MSFT
2026-09-03 12:30:00-04:00,512.239990234375,MSFT
2026-09-03 12:31:00-04:00,512.094970703125,MSFT
2026-09-03 12:32:00-04:00,512.02001953125,MSFT
2026-09-03 12:33:00-04:00,512.280029296875,MSFT
2026-09-03 12:34:00-04:00,512.3400268554688,MSFT
2026-09-03 12:35:00-04:00,512.3701171875,MSFT
2026-09-03 12:36:00-04:00,512.2449951171875,MSFT
2026-09-03 12:37:00-04:00,512.0601196289062,MSFT
2026-09-03 12:38:00-04:00,512.322021484375,MSFT
2026-09-03 12:39:00-04:00,512.0399780273438,MSFT
2026-09-03 12:40:00-04:00,512.0549926757812,MSFT
2026-09-03 12:41:00-04:00,512.1400146484375,MSFT
2026-09-03 12:42:00-04:00,512.1799926757812,MSFT
2026-09-03 12:43:00-04:00,512.0750122070312,MSFT
2026-09-03 12:44:00-04:00,512.0399780273438,MSFT
2026-09-03 12:45:00-04:00,512.135009765625,MSFT
2026-09-03 12:46:00-04:00,511.8500061035156,MSFT
2026-09-03 12:47:00-04:00,511.44000244140625,MSFT
2026-09-03 12:48:00-04:00,511.3999938964844,MSFT
2026-09-03 12:49:00-04:00,511.3699951171875,MSFT
2026-09-03 12:50:00-04:00,511.0799865722656,MSFT
2026-09-03 12:51:00-04:00,511.3299865722656,MSFT
2026-09-03 12:52:00-04:00,511.239990234375,MSFT
2026-09-03 12:53:00-04:00,511.04998779296875,MSFT
2026-09-03 12:54:00-04:00,511.4794921875,MSFT
2026-09-03 12:55:00-04:00,511.1499938964844,MSFT
2026-09-03 12:56:00-04:00,511.0299987792969,MSFT
2026-09-03 12:57:00-04:00,510.9956970214844,MSFT
2026-09-03 12:58:00-04:00,511.0050048828125,MSFT
2026-09-03 12:59:00-04:00,511.0849914550781,MSFT
2026-09-03 13:00:00-04:00,510.5849914550781,MSFT
2026-09-03 13:01:00-04:00,510.4811096191406,MSFT
2026-09-03 13:02:00-04:00,510.6499938964844,MSFT
2026-09-03 13:03:00-04:00,510.82000732421875,MSFT
2026-09-03 13:04:00-04:00,510.7699890136719,MSFT
2026-09-03 13:05:00-04:00,510.9501037597656,MSFT
2026-09-03 13:06:00-04:00,510.7300109863281,MSFT
2026-09-03 13:07:00-04:00,510.760009765625,MSFT
2026-09-03 13:08:00-04:00,510.79998779296875,MSFT
2026-09-03 13:09:00-04:00,510.67498779296875,MSFT
2026-09-03 13:10:00-04:00,510.9700012207031,MSFT
2026-09-03 13:11:00-04:00,510.9700012207031,MSFT
2026-09-03 13:12:00-04:00,510.8699951171875,MSFT
2026-09-03 13:13:00-04:00,510.9200134277344,MSFT
2026-09-03 13:14:00-04:00,511.1000061035156,MSFT
2026-09-03 13:15:00-04:00,510.9649963378906,MSFT
2026-09-03 13:16:00-04:00,510.63250732421875,MSFT
2026-09-03 13:17:00-04:00,510.67498779296875,MSFT
2026-09-03 13:18:00-04:00,510.4649963378906,MSFT
2026-09-03 13:19:00-04:00,510.5201110839844,MSFT
2026-09-03 13:20:00-04:00,510.54998779296875,MSFT
2026-09-03 13:21:00-04:00,510.57000732421875,MSFT
2026-09-03 13:22:00-04:00,510.56500244140625,MSFT
2026-09-03 13:23:00-04:00,510.32501220703125,MSFT
2026-09-03 13:24:00-04:00,510.04998779296875,MSFT
2026-09-03 13:25:00-04:00,510.19000244140625,MSFT
2026-09-03 13:26:00-04:00,510.1199951171875,MSFT
2026-09-03 13:27:00-04:00,510.0199890136719,MSFT
2026-09-03 13:28:00-04:00,509.79998779296875,MSFT
2026-09-03 13:29:00-04:00,510.1000061035156,MSFT
2026-09-03 13:30:00-04:00,509.97979736328125,MSFT
2026-09-03 13:31:00-04:00,510.17498779296875,MSFT
2026-09-03 13:32:00-04:00,509.8900146484375,MSFT
2026-09-03 13:33:00-04:00,509.9150085449219,MSFT
2026-09-03 13:34:00-04:00,509.9649963378906,MSFT
2026-09-03 13:35:00-04:00,510.0523986816406,MSFT
2026-09-03 13:36:00-04:00,510.1199951171875,MSFT
2026-09-03 13:37:00-04:00,510.0199890136719,MSFT
2026-09-03 13:38:00-04:00,510.04998779296875,MSFT
2026-09-03 13:39:00-04:00,509.8450012207031,MSFT
2026-09-03 13:40:00-04:00,509.8599853515625,MSFT
2026-09-03 13:41:00-04:00,509.8349914550781,MSFT
2026-09-03 13:42:00-04:00,509.8349914550781,MSFT
2026-09-03 13:43:00-04:00,509.7799987792969,MSFT
2026-09-03 13:44:00-04:00,510.19000244140625,MSFT
2026-09-03 13:45:00-04:00,510.3699951171875,MSFT
2026-09-03 13:46:00-04:00,510.3294982910156,MSFT
2026-09-03 13:47:00-04:00,510.5050048828125,MSFT
2026-09-03 13:48:00-04:00,510.6549987792969,MSFT
2026-09-03 13:49:00-04:00,510.4599914550781,MSFT
2026-09-03 13:50:00-04:00,510.9150085449219,MSFT
2026-09-03 13:51:00-04:00,511.1600036621094,MSFT
2026-09-03 13:52:00-04:00,511.2799987792969,MSFT
2026-09-03 13:53:00-04:00,511.1900939941406,MSFT
2026-09-03 13:54:00-04:00,511.17999267578125,MSFT
2026-09-03 13:55:00-04:00,511.1095886230469,MSFT
2026-09-03 13:56:00-04:00,511.1665954589844,MSFT
2026-09-03 13:57:00-04:00,510.9200134277344,MSFT
2026-09-03 13:58:00-04:00,510.94000244140625,MSFT
2026-09-03 13:59:00-04:00,510.9949951171875,MSFT
2026-09-03 14:00:00-04:00,511.875,MSFT
2026-09-03 14:01:00-04:00,512.0750122070312,MSFT
2026-09-03 14:02:00-04:00,512.1849975585938,MSFT
2026-09-03 14:03:00-04:00,513.2000122070312,MSFT
2026-09-03 14:04:00-04:00,513.4199829101562,MSFT
2026-09-03 14:05:00-04:00,513.9749755859375,MSFT
2026-09-03 14:06:00-04:00,514.342529296875,MSFT
2026-09-03 14:07:00-04:00,514.6898803710938,MSFT
2026-09-03 14:08:00-04:00,514.6099853515625,MSFT
2026-09-03 14:10:00-04:00,514.760009765625,MSFT
2026-09-03 14:11:00-04:00,514.719970703125,MSFT
2026-09-03 14:12:00-04:00,514.8201293945312,MSFT
2026-09-03 14:13:00-04:00,514.8276977539062,MSFT
2026-09-03 14:14:00-04:00,514.5850219726562,MSFT
2026-09-03 14:15:00-04:00,514.5050048828125,MSFT
2026-09-03 14:16:00-04:00,514.6400146484375,MSFT
2026-09-03 14:17:00-04:00,514.5599975585938,MSFT
2026-09-03 14:18:00-04:00,514.35498046875,MSFT
2026-09-03 14:19:00-04:00,514.5800170898438,MSFT
2026-09-03 14:20:00-04:00,514.7349853515625,MSFT
2026-09-03 14:21:00-04:00,514.3800048828125,MSFT
2026-09-03 14:22:00-04:00,514.4000854492188,MSFT
2026-09-03 14:23:00-04:00,514.5399780273438,MSFT
2026-09-03 14:24:00-04:00,514.97998046875,MSFT
2026-09-03 14:25:00-04:00,514.9099731445312,MSFT
2026-09-03 14:26:00-04:00,515.1322021484375,MSFT
2026-09-03 14:27:00-04:00,514.5,MSFT
2026-09-03 14:28:00-04:00,514.77001953125,MSFT
2026-09-03 14:29:00-04:00,514.72998046875,MSFT
2026-09-03 14:30:00-04:00,514.3699951171875,MSFT
2026-09-03 14:31:00-04:00,513.8200073242188,MSFT
2026-09-03 14:32:00-04:00,513.844970703125,MSFT
2026-09-03 14:33:00-04:00,514.280029296875,MSFT
2026-09-03 14:34:00-04:00,513.8049926757812,MSFT
2026-09-03 14:35:00-04:00,513.625,MSFT
2026-09-03 14:36:00-04:00,513.5449829101562,MSFT
2026-09-03 14:37:00-04:00,513.760009765625,MSFT
2026-09-03 14:38:00-04:00,513.5700073242188,MSFT
2026-09-03 14:39:00-04:00,513.7249755859375,MSFT
2026-09-03 14:40:00-04:00,513.5349731445312,MSFT
2026-09-03 14:41:00-04:00,513.4199829101562,MSFT
2026-09-03 14:42:00-04:00,513.3499755859375,MSFT
2026-09-03 14:43:00-04:00,513.1099853515625,MSFT
2026-09-03 14:44:00-04:00,513.3198852539062,MSFT
2026-09-03 14:45:00-04:00,512.8499145507812,MSFT
2026-09-03 14:46:00-04:00,512.6699829101562,MSFT
2026-09-03 14:47:00-04:00,512.9650268554688,MSFT
2026-09-03 14:48:00-04:00,512.8400268554688,MSFT
2026-09-03 14:49:00-04:00,512.52001953125,MSFT
2026-09-03 14:50:00-04:00,512.614990234375,MSFT
2026-09-03 14:51:00-04:00,512.719970703125,MSFT
2026-09-03 14:52:00-04:00,512.8400268554688,MSFT
2026-09-03 14:53:00-04:00,512.655029296875,MSFT
2026-09-03 14:54:00-04:00,512.3400268554688,MSFT
2026-09-03 14:55:00-04:00,512.260009765625,MSFT
2026-09-03 14:56:00-04:00,512.2150268554688,MSFT
2026-09-03 14:57:00-04:00,512.2000122070312,MSFT
2026-09-03 14:58:00-04:00,512.2550048828125,MSFT
2026-09-03 14:59:00-04:00,512.35498046875,MSFT
2026-09-03 15:00:00-04:00,511.7049865722656,MSFT
2026-09-03 15:01:00-04:00,511.91009521484375,MSFT
2026-09-03 15:02:00-04:00,511.70001220703125,MSFT
2026-09-03 15:03:00-04:00,511.92999267578125,MSFT
2026-09-03 15:04:00-04:00,512.1240234375,MSFT
2026-09-03 15:05:00-04:00,512.27001953125,MSFT
2026-09-03 15:06:00-04:00,512.3599853515625,MSFT
2026-09-03 15:07:00-04:00,511.7300109863281,MSFT
2026-09-03 15:08:00-04:00,512.02001953125,MSFT
2026-09-03 15:09:00-04:00,512.0399780273438,MSFT
2026-09-03 15:10:00-04:00,511.4700012207031,MSFT
2026-09-03 15:11:00-04:00,511.3901062011719,MSFT
2026-09-03 15:12:00-04:00,511.2699890136719,MSFT
2026-09-03 15:13:00-04:00,511.4700012207031,MSFT
2026-09-03 15:14:00-04:00,511.364990234375,MSFT
2026-09-03 15:15:00-04:00,511.5600891113281,MSFT
2026-09-03 15:16:00-04:00,511.8800048828125,MSFT
2026-09-03 15:17:00-04:00,512.0399169921875,MSFT
2026-09-03 15:18:00-04:00,511.875,MSFT
2026-09-03 15:19:00-04:00,512.0599975585938,MSFT
2026-09-03 15:20:00-04:00,511.8500061035156,MSFT
2026-09-03 15:21:00-04:00,511.6300048828125,MSFT
2026-09-03 15:22:00-04:00,511.5299987792969,MSFT
2026-09-03 15:23:00-04:00,511.32049560546875,MSFT
2026-09-03 15:24:00-04:00,511.2900085449219,MSFT
2026-09-03 15:25:00-04:00,511.4049987792969,MSFT
2026-09-03 15:26:00-04:00,511.3399963378906,MSFT
2026-09-03 15:27:00-04:00,511.30999755859375,MSFT
2026-09-03 15:28:00-04:00,511.04998779296875,MSFT
2026-09-03 15:29:00-04:00,511.3699951171875,MSFT
2026-09-03 15:30:00-04:00,511.0899963378906,MSFT
2026-09-03 15:31:00-04:00,511.1000061035156,MSFT
2026-09-03 15:32:00-04:00,510.8750915527344,MSFT
2026-09-03 15:33:00-04:00,510.6400146484375,MSFT
2026-09-03 15:34:00-04:00,510.7799987792969,MSFT
2026-09-03 15:35:00-04:00,510.7699890136719,MSFT
2026-09-03 15:36:00-04:00,510.6199951171875,MSFT
2026-09-03 15:37:00-04:00,510.8999938964844,MSFT
2026-09-03 15:38:00-04:00,510.94000244140625,MSFT
2026-09-03 15:39:00-04:00,510.95001220703125,MSFT
2026-09-03 15:40:00-04:00,510.6700134277344,MSFT
2026-09-03 15:41:00-04:00,510.6099853515625,MSFT
2026-09-03 15:42:00-04:00,510.6199951171875,MSFT
2026-09-03 15:43:00-04:00,510.6000061035156,MSFT
2026-09-03 15:44:00-04:00,510.375,MSFT
2026-09-03 15:45:00-04:00,510.7650146484375,MSFT
2026-09-03 15:46:00-04:00,510.6400146484375,MSFT
2026-09-03 15:47:00-04:00,510.510009765625,MSFT
2026-09-03 15:48:00-04:00,510.6400146484375,MSFT
2026-09-03 15:49:00-04:00,510.489990234375,MSFT
2026-09-03 15:50:00-04:00,510.8599853515625,MSFT
2026-09-03 15:51:00-04:00,510.92498779296875,MSFT
2026-09-03 15:52:00-04:00,510.8699951171875,MSFT
2026-09-03 15:53:00-04:00,510.9100036621094,MSFT
2026-09-03 15:54:00-04:00,510.9649963378906,MSFT
2026-09-03 15:55:00-04:00,510.4649963378906,MSFT
2026-09-03 15:56:00-04:00,509.95001220703125,MSFT
2026-09-03 15:57:00-04:00,509.94000244140625,MSFT
2026-09-03 15:58:00-04:00,509.7699890136719,MSFT
2026-09-03 15:59:00-04:00,510.0799865722656,MSFT
2026-09-04 09:30:00-04:00,509.1300048828125,MSFT
2026-09-04 09:31:00-04:00,508.7900085449219,MSFT
2026-09-04 09:32:00-04:00,508.07000732421875,MSFT
2026-09-04 09:33:00-04:00,506.3800048828125,MSFT
2026-09-04 09:34:00-04:00,506.2950134277344,MSFT
2026-09-04 09:35:00-04:00,505.75,MSFT
2026-09-04 09:36:00-04:00,505.70001220703125,MSFT
2026-09-04 09:37:00-04:00,505.7900085449219,MSFT
2026-09-04 09:38:00-04:00,507.1700134277344,MSFT
2026-09-04 09:39:00-04:00,506.8999938964844,MSFT
2026-09-04 09:40:00-04:00,505.7049865722656,MSFT
2026-09-04 09:41:00-04:00,505.68499755859375,MSFT
2026-09-04 09:42:00-04:00,504.8900146484375,MSFT
2026-09-04 09:43:00-04:00,504.7900085449219,MSFT
2026-09-04 09:44:00-04:00,504.75,MSFT
2026-09-04 09:45:00-04:00,504.0799865722656,MSFT
2026-09-04 09:46:00-04:00,504.0,MSFT
2026-09-04 09:47:00-04:00,503.0003967285156,MSFT
2026-09-04 09:48:00-04:00,503.20001220703125,MSFT
2026-09-04 09:49:00-04:00,503.69000244140625,MSFT
2026-09-04 09:50:00-04:00,503.9649963378906,MSFT
2026-09-04 09:51:00-04:00,503.1600036621094,MSFT
2026-09-04 09:52:00-04:00,503.8999938964844,MSFT
2026-09-04 09:53:00-04:00,504.5660095214844,MSFT
2026-09-04 09:54:00-04:00,504.2049865722656,MSFT
2026-09-04 09:55:00-04:00,504.6000061035156,MSFT
2026-09-04 09:56:00-04:00,504.4526062011719,MSFT
2026-09-04 09:57:00-04:00,504.1650085449219,MSFT
2026-09-04 09:58:00-04:00,504.4100036621094,MSFT
2026-09-04 09:59:00-04:00,504.6700134277344,MSFT
2026-09-04 10:00:00-04:00,503.614990234375,MSFT
2026-09-04 10:01:00-04:00,503.1400146484375,MSFT
2026-09-04 10:02:00-04:00,503.69500732421875,MSFT
2026-09-04 10:03:00-04:00,503.6199951171875,MSFT
2026-09-04 10:04:00-04:00,503.73309326171875,MSFT
2026-09-04 10:05:00-04:00,504.1000061035156,MSFT
2026-09-04 10:06:00-04:00,503.7049865722656,MSFT
2026-09-04 10:07:00-04:00,503.20989990234375,MSFT
2026-09-04 10:08:00-04:00,502.989990234375,MSFT
2026-09-04 10:09:00-04:00,502.9100036621094,MSFT
2026-09-04 10:10:00-04:00,503.10931396484375,MSFT
2026-09-04 10:11:00-04:00,503.7900085449219,MSFT
2026-09-04 10:12:00-04:00,503.44500732421875,MSFT
2026-09-04 10:13:00-04:00,503.0,MSFT
2026-09-04 10:14:00-04:00,503.1000061035156,MSFT
2026-09-04 10:15:00-04:00,503.35009765625,MSFT
2026-09-04 10:16:00-04:00,503.0849914550781,MSFT
2026-09-04 10:17:00-04:00,503.0,MSFT
2026-09-04 10:18:00-04:00,502.739990234375,MSFT
2026-09-04 10:19:00-04:00,502.43499755859375,MSFT
2026-09-04 10:20:00-04:00,502.25,MSFT
2026-09-04 10:21:00-04:00,502.385009765625,MSFT
2026-09-04 10:22:00-04:00,502.8290100097656,MSFT
2026-09-04 10:23:00-04:00,502.3949890136719,MSFT
2026-09-04 10:24:00-04:00,502.0799865722656,MSFT
2026-09-04 10:25:00-04:00,502.1400146484375,MSFT
2026-09-04 10:26:00-04:00,502.375,MSFT
2026-09-04 10:27:00-04:00,502.05999755859375,MSFT
2026-09-04 10:28:00-04:00,501.95001220703125,MSFT
2026-09-04 10:29:00-04:00,501.68499755859375,MSFT
2026-09-04 10:30:00-04:00,501.7950134277344,MSFT
2026-09-04 10:31:00-04:00,501.6650085449219,MSFT
2026-09-04 10:32:00-04:00,501.8743896484375,MSFT
2026-09-04 10:33:00-04:00,501.760009765625,MSFT
2026-09-04 10:34:00-04:00,501.8599853515625,MSFT
2026-09-04 10:35:00-04:00,502.20001220703125,MSFT
2026-09-04 10:36:00-04:00,502.1199951171875,MSFT
2026-09-04 10:37:00-04:00,502.30999755859375,MSFT
2026-09-04 10:38:00-04:00,502.3699951171875,MSFT
2026-09-04 10:39:00-04:00,502.4599914550781,MSFT
2026-09-04 10:40:00-04:00,502.2300109863281,MSFT
2026-09-04 10:41:00-04:00,502.6300048828125,MSFT
2026-09-04 10:42:00-04:00,502.0799865722656,MSFT
2026-09-04 10:43:00-04:00,501.7749938964844,MSFT
2026-09-04 10:44:00-04:00,501.8799133300781,MSFT
2026-09-04 10:45:00-04:00,502.29998779296875,MSFT
2026-09-04 10:46:00-04:00,502.3500061035156,MSFT
2026-09-04 10:47:00-04:00,502.20001220703125,MSFT
2026-09-04 10:48:00-04:00,502.3299865722656,MSFT
2026-09-04 10:49:00-04:00,502.43011474609375,MSFT
2026-09-04 10:50:00-04:00,502.42999267578125,MSFT
2026-09-04 10:51:00-04:00,502.0199890136719,MSFT
2026-09-04 10:52:00-04:00,502.32000732421875,MSFT
2026-09-04 10:53:00-04:00,502.07000732421875,MSFT
2026-09-04 10:54:00-04:00,501.989990234375,MSFT
2026-09-04 10:55:00-04:00,501.5199890136719,MSFT
2026-09-04 10:56:00-04:00,501.4549865722656,MSFT
2026-09-04 10:57:00-04:00,501.69000244140625,MSFT
2026-09-04 10:58:00-04:00,501.80999755859375,MSFT
2026-09-04 10:59:00-04:00,501.7569885253906,MSFT
2026-09-04 11:00:00-04:00,501.5188903808594,MSFT
2026-09-04 11:01:00-04:00,501.185791015625,MSFT
2026-09-04 11:02:00-04:00,500.760009765625,MSFT
2026-09-04 11:03:00-04:00,500.8999938964844,MSFT
2026-09-04 11:04:00-04:00,500.94500732421875,MSFT
2026-09-04 11:05:00-04:00,500.94000244140625,MSFT
2026-09-04 11:06:00-04:00,500.8699951171875,MSFT
2026-09-04 11:07:00-04:00,501.20001220703125,MSFT
2026-09-04 11:08:00-04:00,501.1899108886719,MSFT
2026-09-04 11:09:00-04:00,501.07000732421875,MSFT
2026-09-04 11:10:00-04:00,500.9599914550781,MSFT
2026-09-04 11:11:00-04:00,500.92498779296875,MSFT
2026-09-04 11:12:00-04:00,500.6499938964844,MSFT
2026-09-04 11:13:00-04:00,500.80999755859375,MSFT
2026-09-04 11:14:00-04:00,500.6099853515625,MSFT
2026-09-04 11:15:00-04:00,500.6400146484375,MSFT
2026-09-04 11:16:00-04:00,500.7300109863281,MSFT
2026-09-04 11:17:00-04:00,500.5400085449219,MSFT
2026-09-04 11:18:00-04:00,500.2449951171875,MSFT
2026-09-04 11:19:00-04:00,500.45001220703125,MSFT
2026-09-04 11:20:00-04:00,500.7838134765625,MSFT
2026-09-04 11:21:00-04:00,500.26361083984375,MSFT
2026-09-04 11:22:00-04:00,500.6400146484375,MSFT
2026-09-04 11:23:00-04:00,500.5299987792969,MSFT
2026-09-04 11:24:00-04:00,500.375,MSFT
2026-09-04 11:25:00-04:00,500.5,MSFT
2026-09-04 11:26:00-04:00,500.3900146484375,MSFT
2026-09-04 11:27:00-04:00,500.739990234375,MSFT
2026-09-04 11:28:00-04:00,501.0799865722656,MSFT
2026-09-04 11:29:00-04:00,500.94500732421875,MSFT
2026-09-04 11:30:00-04:00,500.5199890136719,MSFT
2026-09-04 11:31:00-04:00,500.4849853515625,MSFT
2026-09-04 11:32:00-04:00,500.42498779296875,MSFT
2026-09-04 11:33:00-04:00,500.60101318359375,MSFT
2026-09-04 11:34:00-04:00,500.375,MSFT
2026-09-04 11:35:00-04:00,500.7099914550781,MSFT
2026-09-04 11:36:00-04:00,500.20001220703125,MSFT
2026-09-04 11:37:00-04:00,499.7749938964844,MSFT
2026-09-04 11:38:00-04:00,500.1050109863281,MSFT
2026-09-04 11:39:00-04:00,500.0950012207031,MSFT
2026-09-04 11:40:00-04:00,500.1600036621094,MSFT
2026-09-04 11:41:00-04:00,500.20001220703125,MSFT
2026-09-04 11:42:00-04:00,500.5199890136719,MSFT
2026-09-04 11:43:00-04:00,500.56500244140625,MSFT
2026-09-04 11:44:00-04:00,500.7699890136719,MSFT
2026-09-04 11:45:00-04:00,500.6099853515625,MSFT
2026-09-04 11:46:00-04:00,500.5899963378906,MSFT
2026-09-04 11:47:00-04:00,500.06500244140625,MSFT
2026-09-04 11:48:00-04:00,500.1000061035156,MSFT
2026-09-04 11:49:00-04:00,500.30999755859375,MSFT
2026-09-04 11:50:00-04:00,500.6499938964844,MSFT
2026-09-04 11:51:00-04:00,500.760009765625,MSFT
2026-09-04 11:52:00-04:00,500.70001220703125,MSFT
2026-09-04 11:53:00-04:00,500.8800048828125,MSFT
2026-09-04 11:54:00-04:00,500.7099914550781,MSFT
2026-09-04 11:55:00-04:00,501.114990234375,MSFT
2026-09-04 11:56:00-04:00,500.989990234375,MSFT
2026-09-04 11:57:00-04:00,501.05499267578125,MSFT
2026-09-04 11:58:00-04:00,500.9549865722656,MSFT
2026-09-04 11:59:00-04:00,501.010009765625,MSFT
2026-09-04 12:00:00-04:00,501.0849914550781,MSFT
2026-09-04 12:01:00-04:00,500.7898864746094,MSFT
2026-09-04 12:02:00-04:00,500.739990234375,MSFT
2026-09-04 12:03:00-04:00,500.67999267578125,MSFT
2026-09-04 12:04:00-04:00,500.68499755859375,MSFT
2026-09-04 12:05:00-04:00,500.760009765625,MSFT
2026-09-04 12:06:00-04:00,500.60009765625,MSFT
2026-09-04 12:07:00-04:00,500.7099914550781,MSFT
2026-09-04 12:08:00-04:00,500.8999938964844,MSFT
2026-09-04 12:09:00-04:00,500.85400390625,MSFT
2026-09-04 12:10:00-04:00,500.84991455078125,MSFT
2026-09-04 12:11:00-04:00,500.94000244140625,MSFT
2026-09-04 12:12:00-04:00,501.12249755859375,MSFT
2026-09-04 12:13:00-04:00,501.2099914550781,MSFT
2026-09-04 12:14:00-04:00,501.2428894042969,MSFT
2026-09-04 12:15:00-04:00,501.0400085449219,MSFT
2026-09-04 12:16:00-04:00,500.760009765625,MSFT
2026-09-04 12:17:00-04:00,500.7200012207031,MSFT
2026-09-04 12:18:00-04:00,500.67999267578125,MSFT
2026-09-04 12:19:00-04:00,500.6300048828125,MSFT
2026-09-04 12:20:00-04:00,500.9049987792969,MSFT
2026-09-04 12:21:00-04:00,501.1650085449219,MSFT
2026-09-04 12:22:00-04:00,501.1499938964844,MSFT
2026-09-04 12:23:00-04:00,501.42999267578125,MSFT
2026-09-04 12:24:00-04:00,501.3500061035156,MSFT
2026-09-04 12:25:00-04:00,501.2182922363281,MSFT
2026-09-04 12:26:00-04:00,501.0899963378906,MSFT
2026-09-04 12:27:00-04:00,501.2665100097656,MSFT
2026-09-04 12:28:00-04:00,501.35888671875,MSFT
2026-09-04 12:29:00-04:00,501.1199951171875,MSFT
2026-09-04 12:30:00-04:00,501.1650085449219,MSFT
2026-09-04 12:31:00-04:00,501.0400085449219,MSFT
2026-09-04 12:32:00-04:00,501.31500244140625,MSFT
2026-09-04 12:33:00-04:00,501.2900085449219,MSFT
2026-09-04 12:34:00-04:00,501.3891906738281,MSFT
2026-09-04 12:35:00-04:00,501.45001220703125,MSFT
2026-09-04 12:36:00-04:00,501.4100036621094,MSFT
2026-09-04 12:37:00-04:00,501.3599853515625,MSFT
2026-09-04 12:38:00-04:00,501.54998779296875,MSFT
2026-09-04 12:39:00-04:00,501.614990234375,MSFT
2026-09-04 12:40:00-04:00,501.6199951171875,MSFT
2026-09-04 12:41:00-04:00,501.3699951171875,MSFT
2026-09-04 12:42:00-04:00,501.1099853515625,MSFT
2026-09-04 12:43:00-04:00,501.0505065917969,MSFT
2026-09-04 12:44:00-04:00,501.20001220703125,MSFT
2026-09-04 12:45:00-04:00,501.07000732421875,MSFT
2026-09-04 12:46:00-04:00,500.92999267578125,MSFT
2026-09-04 12:47:00-04:00,500.9700012207031,MSFT
2026-09-04 12:48:00-04:00,500.7799987792969,MSFT
2026-09-04 12:49:00-04:00,500.9200134277344,MSFT
2026-09-04 12:50:00-04:00,501.0350036621094,MSFT
2026-09-04 12:51:00-04:00,500.9836120605469,MSFT
2026-09-04 12:52:00-04:00,500.9800109863281,MSFT
2026-09-04 12:53:00-04:00,501.0,MSFT
2026-09-04 12:54:00-04:00,500.9800109863281,MSFT
2026-09-04 12:55:00-04:00,500.8800048828125,MSFT
2026-09-04 12:56:00-04:00,500.6600036621094,MSFT
2026-09-04 12:57:00-04:00,500.6299133300781,MSFT
2026-09-04 12:58:00-04:00,500.5,MSFT
2026-09-04 12:59:00-04:00,500.3402099609375,MSFT
2026-09-04 13:00:00-04:00,500.3299865722656,MSFT
2026-09-04 13:01:00-04:00,500.55999755859375,MSFT
2026-09-04 13:02:00-04:00,500.19000244140625,MSFT
2026-09-04 13:03:00-04:00,500.17498779296875,MSFT
2026-09-04 13:04:00-04:00,500.6050109863281,MSFT
2026-09-04 13:05:00-04:00,500.7300109863281,MSFT
2026-09-04 13:06:00-04:00,500.5400085449219,MSFT
2026-09-04 13:07:00-04:00,500.7699890136719,MSFT
2026-09-04 13:08:00-04:00,500.7349853515625,MSFT
2026-09-04 13:09:00-04:00,500.5950012207031,MSFT
2026-09-04 13:10:00-04:00,500.7049865722656,MSFT
2026-09-04 13:11:00-04:00,500.739990234375,MSFT
2026-09-04 13:12:00-04:00,500.7449951171875,MSFT
2026-09-04 13:13:00-04:00,500.7200012207031,MSFT
2026-09-04 13:14:00-04:00,500.9599914550781,MSFT
2026-09-04 13:15:00-04:00,500.8999938964844,MSFT
2026-09-04 13:16:00-04:00,500.8999938964844,MSFT
2026-09-04 13:17:00-04:00,500.9750061035156,MSFT
2026-09-04 13:18:00-04:00,501.05999755859375,MSFT
2026-09-04 13:19:00-04:00,500.8800048828125,MSFT
2026-09-04 13:20:00-04:00,501.0199890136719,MSFT
2026-09-04 13:21:00-04:00,500.7300109863281,MSFT
2026-09-04 13:22:00-04:00,500.739990234375,MSFT
2026-09-04 13:23:00-04:00,500.760009765625,MSFT
2026-09-04 13:24:00-04:00,500.80999755859375,MSFT
2026-09-04 13:25:00-04:00,500.9505920410156,MSFT
2026-09-04 13:26:00-04:00,501.07000732421875,MSFT
2026-09-04 13:27:00-04:00,501.04998779296875,MSFT
2026-09-04 13:28:00-04:00,501.05999755859375,MSFT
2026-09-04 13:29:00-04:00,500.9049987792969,MSFT
2026-09-04 13:30:00-04:00,500.6903991699219,MSFT
2026-09-04 13:31:00-04:00,500.6700134277344,MSFT
2026-09-04 13:32:00-04:00,500.5950012207031,MSFT
2026-09-04 13:33:00-04:00,500.6199951171875,MSFT
2026-09-04 13:34:00-04:00,500.5400085449219,MSFT
2026-09-04 13:35:00-04:00,500.6300048828125,MSFT
2026-09-04 13:36:00-04:00,500.385009765625,MSFT
2026-09-04 13:37:00-04:00,500.3450012207031,MSFT
2026-09-04 13:38:00-04:00,500.4700012207031,MSFT
2026-09-04 13:39:00-04:00,500.44500732421875,MSFT
2026-09-04 13:40:00-04:00,500.2250061035156,MSFT
2026-09-04 13:41:00-04:00,500.114990234375,MSFT
2026-09-04 13:42:00-04:00,500.2049865722656,MSFT
2026-09-04 13:43:00-04:00,500.239990234375,MSFT
2026-09-04 13:44:00-04:00,500.19000244140625,MSFT
2026-09-04 13:45:00-04:00,500.32000732421875,MSFT
2026-09-04 13:46:00-04:00,500.5000915527344,MSFT
2026-09-04 13:47:00-04:00,500.6007080078125,MSFT
2026-09-04 13:48:00-04:00,500.8800048828125,MSFT
2026-09-04 13:49:00-04:00,500.885009765625,MSFT
2026-09-04 13:50:00-04:00,501.0575866699219,MSFT
2026-09-04 13:51:00-04:00,500.9700012207031,MSFT
2026-09-04 13:52:00-04:00,501.1499938964844,MSFT
2026-09-04 13:53:00-04:00,500.9200134277344,MSFT
2026-09-04 13:54:00-04:00,500.8291015625,MSFT
2026-09-04 13:55:00-04:00,500.5899963378906,MSFT
2026-09-04 13:56:00-04:00,500.5400085449219,MSFT
2026-09-04 13:57:00-04:00,500.55999755859375,MSFT
2026-09-04 13:58:00-04:00,500.6600036621094,MSFT
2026-09-04 13:59:00-04:00,500.6199951171875,MSFT
2026-09-04 14:00:00-04:00,500.67999267578125,MSFT
2026-09-04 14:01:00-04:00,500.0950012207031,MSFT
2026-09-04 14:02:00-04:00,500.0,MSFT
2026-09-04 14:03:00-04:00,500.19000244140625,MSFT
2026-09-04 14:04:00-04:00,500.14990234375,MSFT
2026-09-04 14:05:00-04:00,499.9447021484375,MSFT
2026-09-04 14:06:00-04:00,499.93499755859375,MSFT
2026-09-04 14:07:00-04:00,500.0299987792969,MSFT
2026-09-04 14:08:00-04:00,499.94500732421875,MSFT
2026-09-04 14:09:00-04:00,500.07501220703125,MSFT
2026-09-04 14:10:00-04:00,500.1990966796875,MSFT
2026-09-04 14:11:00-04:00,500.07000732421875,MSFT
2026-09-04 14:12:00-04:00,500.2049865722656,MSFT
2026-09-04 14:13:00-04:00,500.3349914550781,MSFT
2026-09-04 14:14:00-04:00,500.2799987792969,MSFT
2026-09-04 14:15:00-04:00,500.2449951171875,MSFT
2026-09-04 14:16:00-04:00,500.2200012207031,MSFT
2026-09-04 14:17:00-04:00,500.0592041015625,MSFT
2026-09-04 14:18:00-04:00,500.24591064453125,MSFT
2026-09-04 14:19:00-04:00,500.125,MSFT
2026-09-04 14:20:00-04:00,500.20001220703125,MSFT
2026-09-04 14:21:00-04:00,500.1400146484375,MSFT
2026-09-04 14:22:00-04:00,500.2900085449219,MSFT
2026-09-04 14:23:00-04:00,500.1099853515625,MSFT
2026-09-04 14:24:00-04:00,500.0975036621094,MSFT
2026-09-04 14:25:00-04:00,500.2200012207031,MSFT
2026-09-04 14:26:00-04:00,499.9649963378906,MSFT
2026-09-04 14:27:00-04:00,500.05499267578125,MSFT
2026-09-04 14:28:00-04:00,499.92999267578125,MSFT
2026-09-04 14:29:00-04:00,499.8999938964844,MSFT
2026-09-04 14:30:00-04:00,500.05999755859375,MSFT
2026-09-04 14:31:00-04:00,499.989990234375,MSFT
2026-09-04 14:32:00-04:00,499.95989990234375,MSFT
2026-09-04 14:33:00-04:00,499.8999938964844,MSFT
2026-09-04 14:34:00-04:00,499.9200134277344,MSFT
2026-09-04 14:35:00-04:00,499.9689025878906,MSFT
2026-09-04 14:36:00-04:00,499.80999755859375,MSFT
2026-09-04 14:37:00-04:00,499.8999938964844,MSFT
2026-09-04 14:38:00-04:00,500.0400085449219,MSFT
2026-09-04 14:39:00-04:00,500.110107421875,MSFT
2026-09-04 14:40:00-04:00,500.1400146484375,MSFT
2026-09-04 14:41:00-04:00,500.23040771484375,MSFT
2026-09-04 14:42:00-04:00,500.4700012207031,MSFT
2026-09-04 14:43:00-04:00,500.3450012207031,MSFT
2026-09-04 14:44:00-04:00,500.4901123046875,MSFT
2026-09-04 14:45:00-04:00,500.639892578125,MSFT
2026-09-04 14:46:00-04:00,500.6700134277344,MSFT
2026-09-04 14:47:00-04:00,500.739990234375,MSFT
2026-09-04 14:48:00-04:00,500.57000732421875,MSFT
2026-09-04 14:49:00-04:00,500.4599914550781,MSFT
2026-09-04 14:50:00-04:00,500.5,MSFT
2026-09-04 14:51:00-04:00,500.47869873046875,MSFT
2026-09-04 14:52:00-04:00,500.6700134277344,MSFT
2026-09-04 14:53:00-04:00,500.42999267578125,MSFT
2026-09-04 14:54:00-04:00,500.3399963378906,MSFT
2026-09-04 14:55:00-04:00,500.4049987792969,MSFT
2026-09-04 14:56:00-04:00,500.5,MSFT
2026-09-04 14:57:00-04:00,500.55999755859375,MSFT
2026-09-04 14:58:00-04:00,500.55999755859375,MSFT
2026-09-04 14:59:00-04:00,500.7200012207031,MSFT
2026-09-04 15:00:00-04:00,500.46600341796875,MSFT
2026-09-04 15:01:00-04:00,500.5899963378906,MSFT
2026-09-04 15:02:00-04:00,500.67999267578125,MSFT
2026-09-04 15:03:00-04:00,500.3999938964844,MSFT
2026-09-04 15:04:00-04:00,500.5,MSFT
2026-09-04 15:05:00-04:00,500.54998779296875,MSFT
2026-09-04 15:06:00-04:00,500.3500061035156,MSFT
2026-09-04 15:07:00-04:00,500.2449951171875,MSFT
2026-09-04 15:08:00-04:00,499.9700012207031,MSFT
2026-09-04 15:09:00-04:00,499.94000244140625,MSFT
2026-09-04 15:10:00-04:00,500.2099914550781,MSFT
2026-09-04 15:11:00-04:00,500.0899963378906,MSFT
2026-09-04 15:12:00-04:00,500.1300048828125,MSFT
2026-09-04 15:13:00-04:00,500.2799987792969,MSFT
2026-09-04 15:14:00-04:00,500.42498779296875,MSFT
2026-09-04 15:15:00-04:00,500.30999755859375,MSFT
2026-09-04 15:16:00-04:00,500.2900085449219,MSFT
2026-09-04 15:17:00-04:00,500.2099914550781,MSFT
2026-09-04 15:18:00-04:00,500.18499755859375,MSFT
2026-09-04 15:19:00-04:00,500.0799865722656,MSFT
2026-09-04 15:20:00-04:00,500.0799865722656,MSFT
2026-09-04 15:21:00-04:00,500.1000061035156,MSFT
2026-09-04 15:22:00-04:00,499.94000244140625,MSFT
2026-09-04 15:23:00-04:00,500.05999755859375,MSFT
2026-09-04 15:24:00-04:00,500.0199890136719,MSFT
2026-09-04 15:25:00-04:00,500.1400146484375,MSFT
2026-09-04 15:26:00-04:00,500.0350036621094,MSFT
2026-09-04 15:27:00-04:00,500.12091064453125,MSFT
2026-09-04 15:28:00-04:00,500.2349853515625,MSFT
2026-09-04 15:29:00-04:00,500.0199890136719,MSFT
2026-09-04 15:30:00-04:00,499.8599853515625,MSFT
2026-09-04 15:31:00-04:00,499.7650146484375,MSFT
2026-09-04 15:32:00-04:00,499.7900085449219,MSFT
2026-09-04 15:33:00-04:00,499.9549865722656,MSFT
2026-09-04 15:34:00-04:00,499.92999267578125,MSFT
2026-09-04 15:35:00-04:00,499.7149963378906,MSFT
2026-09-04 15:36:00-04:00,499.54998779296875,MSFT
2026-09-04 15:37:00-04:00,499.69000244140625,MSFT
2026-09-04 15:38:00-04:00,499.6600036621094,MSFT
2026-09-04 15:39:00-04:00,499.7699890136719,MSFT
2026-09-04 15:40:00-04:00,499.6600036621094,MSFT
2026-09-04 15:41:00-04:00,499.68499755859375,MSFT
2026-09-04 15:42:00-04:00,499.55999755859375,MSFT
2026-09-04 15:43:00-04:00,499.6286926269531,MSFT
2026-09-04 15:44:00-04:00,499.8299865722656,MSFT
2026-09-04 15:45:00-04:00,499.6400146484375,MSFT
2026-09-04 15:46:00-04:00,499.7049865722656,MSFT
2026-09-04 15:47:00-04:00,500.0,MSFT
2026-09-04 15:48:00-04:00,500.1199951171875,MSFT
2026-09-04 15:49:00-04:00,500.0799865722656,MSFT
2026-09-04 15:50:00-04:00,499.82000732421875,MSFT
2026-09-04 15:51:00-04:00,499.7699890136719,MSFT
2026-09-04 15:52:00-04:00,499.95001220703125,MSFT
2026-09-04 15:53:00-04:00,500.32000732421875,MSFT
2026-09-04 15:54:00-04:00,500.55999755859375,MSFT
2026-09-04 15:55:00-04:00,500.2300109863281,MSFT
2026-09-04 15:56:00-04:00,500.125,MSFT
2026-09-04 15:57:00-04:00,499.8999938964844,MSFT
2026-09-04 15:58:00-04:00,499.6499938964844,MSFT
2026-09-04 15:59:00-04:00,499.67999267578125,MSFT
2026-09-08 09:30:00-04:00,493.0199890136719,MSFT
2026-09-08 09:31:00-04:00,494.1199951171875,MSFT
2026-09-08 09:32:00-04:00,493.375,MSFT
2026-09-08 09:33:00-04:00,494.0849914550781,MSFT
2026-09-08 09:34:00-04:00,494.3374938964844,MSFT
2026-09-08 09:35:00-04:00,494.2250061035156,MSFT
2026-09-08 09:36:00-04:00,492.7699890136719,MSFT
2026-09-08 09:37:00-04:00,493.25,MSFT
2026-09-08 09:38:00-04:00,493.4200134277344,MSFT
2026-09-08 09:39:00-04:00,492.4800109863281,MSFT
2026-09-08 09:40:00-04:00,493.1050109863281,MSFT
2026-09-08 09:41:00-04:00,492.6300048828125,MSFT
2026-09-08 09:42:00-04:00,492.2200012207031,MSFT
2026-09-08 09:43:00-04:00,492.6600036621094,MSFT
2026-09-08 09:44:00-04:00,493.0249938964844,MSFT
2026-09-08 09:45:00-04:00,491.9999084472656,MSFT
2026-09-08 09:46:00-04:00,491.739990234375,MSFT
2026-09-08 09:47:00-04:00,491.885009765625,MSFT
2026-09-08 09:48:00-04:00,491.70001220703125,MSFT
2026-09-08 09:49:00-04:00,492.2200012207031,MSFT
2026-09-08 09:50:00-04:00,492.05999755859375,MSFT
2026-09-08 09:51:00-04:00,492.2149963378906,MSFT
2026-09-08 09:52:00-04:00,491.6600036621094,MSFT
2026-09-08 09:53:00-04:00,491.7900085449219,MSFT
2026-09-08 09:54:00-04:00,492.9849853515625,MSFT
2026-09-08 09:55:00-04:00,493.5450134277344,MSFT
2026-09-08 09:56:00-04:00,493.1700134277344,MSFT
2026-09-08 09:57:00-04:00,493.6700134277344,MSFT
2026-09-08 09:58:00-04:00,493.489990234375,MSFT
2026-09-08 09:59:00-04:00,492.9599914550781,MSFT
2026-09-08 10:00:00-04:00,492.5,MSFT
2026-09-08 10:01:00-04:00,492.07000732421875,MSFT
2026-09-08 10:02:00-04:00,491.7950134277344,MSFT
2026-09-08 10:03:00-04:00,492.1199951171875,MSFT
2026-09-08 10:04:00-04:00,492.3500061035156,MSFT
2026-09-08 10:05:00-04:00,492.5682067871094,MSFT
2026-09-08 10:06:00-04:00,492.1700134277344,MSFT
2026-09-08 10:07:00-04:00,492.0249938964844,MSFT
2026-09-08 10:08:00-04:00,491.9100036621094,MSFT
2026-09-08 10:09:00-04:00,491.5,MSFT
2026-09-08 10:10:00-04:00,491.57000732421875,MSFT
2026-09-08 10:11:00-04:00,491.3800048828125,MSFT
2026-09-08 10:12:00-04:00,492.1700134277344,MSFT
2026-09-08 10:13:00-04:00,492.1400146484375,MSFT
2026-09-08 10:14:00-04:00,491.510009765625,MSFT
2026-09-08 10:15:00-04:00,491.5199890136719,MSFT
2026-09-08 10:16:00-04:00,491.3562927246094,MSFT
2026-09-08 10:17:00-04:00,491.4849853515625,MSFT
2026-09-08 10:18:00-04:00,492.010009765625,MSFT
2026-09-08 10:19:00-04:00,492.4129943847656,MSFT
2026-09-08 10:20:00-04:00,492.7699890136719,MSFT
2026-09-08 10:21:00-04:00,492.2825012207031,MSFT
2026-09-08 10:22:00-04:00,492.0,MSFT
2026-09-08 10:23:00-04:00,491.9200134277344,MSFT
2026-09-08 10:24:00-04:00,491.79998779296875,MSFT
2026-09-08 10:25:00-04:00,491.6300048828125,MSFT
2026-09-08 10:26:00-04:00,491.0450134277344,MSFT
2026-09-08 10:27:00-04:00,490.4800109863281,MSFT
2026-09-08 10:28:00-04:00,490.3699951171875,MSFT
2026-09-08 10:29:00-04:00,490.5158996582031,MSFT
2026-09-08 10:30:00-04:00,490.5799865722656,MSFT
2026-09-08 10:31:00-04:00,490.42999267578125,MSFT
2026-09-08 10:32:00-04:00,490.5400085449219,MSFT
2026-09-08 10:33:00-04:00,490.7900085449219,MSFT
2026-09-08 10:34:00-04:00,490.885009765625,MSFT
2026-09-08 10:35:00-04:00,491.0450134277344,MSFT
2026-09-08 10:36:00-04:00,491.57000732421875,MSFT
2026-09-08 10:37:00-04:00,491.9549865722656,MSFT
2026-09-08 10:38:00-04:00,491.864990234375,MSFT
2026-09-08 10:39:00-04:00,492.0450134277344,MSFT
2026-09-08 10:40:00-04:00,492.1300048828125,MSFT
2026-09-08 10:41:00-04:00,492.4549865722656,MSFT
2026-09-08 10:42:00-04:00,492.260009765625,MSFT
2026-09-08 10:43:00-04:00,492.3550109863281,MSFT
2026-09-08 10:44:00-04:00,492.30499267578125,MSFT
2026-09-08 10:45:00-04:00,492.1700134277344,MSFT
2026-09-08 10:46:00-04:00,492.2784118652344,MSFT
2026-09-08 10:47:00-04:00,492.55499267578125,MSFT
2026-09-08 10:48:00-04:00,492.5,MSFT
2026-09-08 10:49:00-04:00,492.3258056640625,MSFT
2026-09-08 10:50:00-04:00,492.43499755859375,MSFT
2026-09-08 10:51:00-04:00,492.1199951171875,MSFT
2026-09-08 10:52:00-04:00,492.18780517578125,MSFT
2026-09-08 10:53:00-04:00,492.056396484375,MSFT
2026-09-08 10:54:00-04:00,491.9049987792969,MSFT
2026-09-08 10:55:00-04:00,492.45001220703125,MSFT
2026-09-08 10:56:00-04:00,492.0299987792969,MSFT
2026-09-08 10:57:00-04:00,491.80999755859375,MSFT
2026-09-08 10:58:00-04:00,491.6499938964844,MSFT
2026-09-08 10:59:00-04:00,492.0400085449219,MSFT
2026-09-08 11:00:00-04:00,492.32501220703125,MSFT
2026-09-08 11:01:00-04:00,492.375,MSFT
2026-09-08 11:02:00-04:00,492.20001220703125,MSFT
2026-09-08 11:03:00-04:00,492.510009765625,MSFT
2026-09-08 11:04:00-04:00,492.79998779296875,MSFT
2026-09-08 11:05:00-04:00,492.8992919921875,MSFT
2026-09-08 11:06:00-04:00,492.44000244140625,MSFT
2026-09-08 11:07:00-04:00,492.6600036621094,MSFT
2026-09-08 11:08:00-04:00,492.7650146484375,MSFT
2026-09-08 11:09:00-04:00,492.67999267578125,MSFT
2026-09-08 11:10:00-04:00,493.239990234375,MSFT
2026-09-08 11:11:00-04:00,493.089599609375,MSFT
2026-09-08 11:12:00-04:00,493.2950134277344,MSFT
2026-09-08 11:13:00-04:00,493.4100036621094,MSFT
2026-09-08 11:14:00-04:00,493.3699951171875,MSFT
2026-09-08 11:15:00-04:00,493.57501220703125,MSFT
2026-09-08 11:16:00-04:00,493.94000244140625,MSFT
2026-09-08 11:17:00-04:00,493.760009765625,MSFT
2026-09-08 11:18:00-04:00,493.6106872558594,MSFT
2026-09-08 11:19:00-04:00,493.20001220703125,MSFT
2026-09-08 11:20:00-04:00,493.0899963378906,MSFT
2026-09-08 11:21:00-04:00,492.7850036621094,MSFT
2026-09-08 11:22:00-04:00,492.5098876953125,MSFT
2026-09-08 11:23:00-04:00,492.625,MSFT
2026-09-08 11:24:00-04:00,493.0400085449219,MSFT
2026-09-08 11:25:00-04:00,492.9150085449219,MSFT
2026-09-08 11:26:00-04:00,493.065185546875,MSFT
2026-09-08 11:27:00-04:00,492.7099914550781,MSFT
2026-09-08 11:28:00-04:00,492.989990234375,MSFT
2026-09-08 11:29:00-04:00,493.0799865722656,MSFT
2026-09-08 11:30:00-04:00,493.0799865722656,MSFT
2026-09-08 11:31:00-04:00,493.1600036621094,MSFT
2026-09-08 11:32:00-04:00,493.07501220703125,MSFT
2026-09-08 11:33:00-04:00,493.07000732421875,MSFT
2026-09-08 11:34:00-04:00,493.17999267578125,MSFT
2026-09-08 11:35:00-04:00,493.06500244140625,MSFT
2026-09-08 11:36:00-04:00,492.7799987792969,MSFT
2026-09-08 11:37:00-04:00,492.70001220703125,MSFT
2026-09-08 11:38:00-04:00,492.6600036621094,MSFT
2026-09-08 11:39:00-04:00,492.69000244140625,MSFT
2026-09-08 11:40:00-04:00,492.82000732421875,MSFT
2026-09-08 11:41:00-04:00,492.93499755859375,MSFT
2026-09-08 11:42:00-04:00,492.8598937988281,MSFT
2026-09-08 11:43:00-04:00,492.7401123046875,MSFT
2026-09-08 11:44:00-04:00,493.0,MSFT
2026-09-08 11:45:00-04:00,492.94000244140625,MSFT
2026-09-08 11:46:00-04:00,492.75,MSFT
2026-09-08 11:47:00-04:00,492.9949951171875,MSFT
2026-09-08 11:48:00-04:00,492.69000244140625,MSFT
2026-09-08 11:49:00-04:00,492.6549987792969,MSFT
2026-09-08 11:50:00-04:00,492.635009765625,MSFT
2026-09-08 11:51:00-04:00,492.739990234375,MSFT
2026-09-08 11:52:00-04:00,492.76251220703125,MSFT
2026-09-08 11:53:00-04:00,492.6499938964844,MSFT
2026-09-08 11:54:00-04:00,492.69000244140625,MSFT
2026-09-08 11:55:00-04:00,492.8699951171875,MSFT
2026-09-08 11:56:00-04:00,492.8500061035156,MSFT
2026-09-08 11:57:00-04:00,492.8399963378906,MSFT
2026-09-08 11:58:00-04:00,492.9200134277344,MSFT
2026-09-08 11:59:00-04:00,492.7099914550781,MSFT
2026-09-08 12:00:00-04:00,492.67498779296875,MSFT
2026-09-08 12:01:00-04:00,492.42999267578125,MSFT
2026-09-08 12:02:00-04:00,492.6300048828125,MSFT
2026-09-08 12:03:00-04:00,492.75,MSFT
2026-09-08 12:04:00-04:00,492.7799987792969,MSFT
2026-09-08 12:05:00-04:00,493.1199951171875,MSFT
2026-09-08 12:06:00-04:00,492.92999267578125,MSFT
2026-09-08 12:07:00-04:00,492.6400146484375,MSFT
2026-09-08 12:08:00-04:00,492.69000244140625,MSFT
2026-09-08 12:09:00-04:00,492.54998779296875,MSFT
2026-09-08 12:10:00-04:00,492.4049987792969,MSFT
2026-09-08 12:11:00-04:00,492.3900146484375,MSFT
2026-09-08 12:12:00-04:00,492.42999267578125,MSFT
2026-09-08 12:13:00-04:00,492.3699951171875,MSFT
2026-09-08 12:14:00-04:00,492.44488525390625,MSFT
2026-09-08 12:15:00-04:00,492.5133056640625,MSFT
2026-09-08 12:16:00-04:00,492.0249938964844,MSFT
2026-09-08 12:17:00-04:00,492.0400085449219,MSFT
2026-09-08 12:18:00-04:00,491.8299865722656,MSFT
2026-09-08 12:19:00-04:00,491.625,MSFT
2026-09-08 12:20:00-04:00,491.7300109863281,MSFT
2026-09-08 12:21:00-04:00,491.7250061035156,MSFT
2026-09-08 12:22:00-04:00,491.6700134277344,MSFT
2026-09-08 12:23:00-04:00,491.55499267578125,MSFT
2026-09-08 12:24:00-04:00,491.5249938964844,MSFT
2026-09-08 12:25:00-04:00,491.7550048828125,MSFT
2026-09-08 12:26:00-04:00,491.6098937988281,MSFT
2026-09-08 12:27:00-04:00,491.4949951171875,MSFT
2026-09-08 12:28:00-04:00,491.32501220703125,MSFT
2026-09-08 12:29:00-04:00,491.2950134277344,MSFT
2026-09-08 12:30:00-04:00,491.6195983886719,MSFT
2026-09-08 12:31:00-04:00,491.625,MSFT
2026-09-08 12:32:00-04:00,491.5299987792969,MSFT
2026-09-08 12:33:00-04:00,491.3901062011719,MSFT
2026-09-08 12:34:00-04:00,491.510009765625,MSFT
2026-09-08 12:35:00-04:00,491.6000061035156,MSFT
2026-09-08 12:36:00-04:00,491.4599914550781,MSFT
2026-09-08 12:37:00-04:00,491.4200134277344,MSFT
2026-09-08 12:38:00-04:00,491.3699951171875,MSFT
2026-09-08 12:39:00-04:00,491.5450134277344,MSFT
2026-09-08 12:40:00-04:00,491.625,MSFT
2026-09-08 12:41:00-04:00,491.510009765625,MSFT
2026-09-08 12:42:00-04:00,491.489990234375,MSFT
2026-09-08 12:43:00-04:00,491.7099914550781,MSFT
2026-09-08 12:44:00-04:00,491.8700866699219,MSFT
2026-09-08 12:45:00-04:00,491.92999267578125,MSFT
2026-09-08 12:46:00-04:00,492.06500244140625,MSFT
2026-09-08 12:47:00-04:00,491.8999938964844,MSFT
2026-09-08 12:48:00-04:00,491.8999938964844,MSFT
2026-09-08 12:49:00-04:00,491.77178955078125,MSFT
2026-09-08 12:50:00-04:00,491.8699951171875,MSFT
2026-09-08 12:51:00-04:00,491.4085998535156,MSFT
2026-09-08 12:52:00-04:00,491.6099853515625,MSFT
2026-09-08 12:53:00-04:00,491.9800109863281,MSFT
2026-09-08 12:54:00-04:00,491.8800048828125,MSFT
2026-09-08 12:55:00-04:00,491.9999084472656,MSFT
2026-09-08 12:56:00-04:00,491.80999755859375,MSFT
2026-09-08 12:57:00-04:00,491.6300048828125,MSFT
2026-09-08 12:58:00-04:00,491.4100036621094,MSFT
2026-09-08 12:59:00-04:00,491.5981140136719,MSFT
2026-09-08 13:00:00-04:00,491.92498779296875,MSFT
2026-09-08 13:01:00-04:00,492.17999267578125,MSFT
2026-09-08 13:02:00-04:00,492.05499267578125,MSFT
2026-09-08 13:03:00-04:00,492.19500732421875,MSFT
2026-09-08 13:04:00-04:00,492.4100036621094,MSFT
2026-09-08 13:05:00-04:00,492.3949890136719,MSFT
2026-09-08 13:06:00-04:00,492.86151123046875,MSFT
2026-09-08 13:07:00-04:00,492.5950012207031,MSFT
2026-09-08 13:08:00-04:00,492.45001220703125,MSFT
2026-09-08 13:09:00-04:00,492.260009765625,MSFT
2026-09-08 13:10:00-04:00,492.3299865722656,MSFT
2026-09-08 13:11:00-04:00,492.55499267578125,MSFT
2026-09-08 13:12:00-04:00,492.5899963378906,MSFT
2026-09-08 13:13:00-04:00,492.7300109863281,MSFT
2026-09-08 13:14:00-04:00,492.57000732421875,MSFT
2026-09-08 13:15:00-04:00,492.6600036621094,MSFT
2026-09-08 13:16:00-04:00,492.7781982421875,MSFT
2026-09-08 13:17:00-04:00,492.75,MSFT
2026-09-08 13:18:00-04:00,492.70001220703125,MSFT
2026-09-08 13:19:00-04:00,492.5799865722656,MSFT
2026-09-08 13:20:00-04:00,492.36199951171875,MSFT
2026-09-08 13:21:00-04:00,492.2650146484375,MSFT
2026-09-08 13:22:00-04:00,492.2799987792969,MSFT
2026-09-08 13:23:00-04:00,492.17498779296875,MSFT
2026-09-08 13:24:00-04:00,492.3800048828125,MSFT
2026-09-08 13:25:00-04:00,492.1361083984375,MSFT
2026-09-08 13:26:00-04:00,491.9620056152344,MSFT
2026-09-08 13:27:00-04:00,491.9700012207031,MSFT
2026-09-08 13:28:00-04:00,492.010009765625,MSFT
2026-09-08 13:29:00-04:00,492.3299865722656,MSFT
2026-09-08 13:30:00-04:00,492.4599914550781,MSFT
2026-09-08 13:31:00-04:00,492.42010498046875,MSFT
2026-09-08 13:32:00-04:00,492.260009765625,MSFT
2026-09-08 13:33:00-04:00,492.4750061035156,MSFT
2026-09-08 13:34:00-04:00,492.3800048828125,MSFT
2026-09-08 13:35:00-04:00,492.43499755859375,MSFT
2026-09-08 13:36:00-04:00,492.3900146484375,MSFT
2026-09-08 13:37:00-04:00,492.4700012207031,MSFT
2026-09-08 13:38:00-04:00,492.4150085449219,MSFT
2026-09-08 13:39:00-04:00,492.489990234375,MSFT
2026-09-08 13:40:00-04:00,492.4599914550781,MSFT
2026-09-08 13:41:00-04:00,492.54840087890625,MSFT
2026-09-08 13:42:00-04:00,492.385009765625,MSFT
2026-09-08 13:43:00-04:00,492.3611145019531,MSFT
2026-09-08 13:44:00-04:00,492.260009765625,MSFT
2026-09-08 13:45:00-04:00,492.4649963378906,MSFT
2026-09-08 13:46:00-04:00,492.5899963378906,MSFT
2026-09-08 13:47:00-04:00,492.69000244140625,MSFT
2026-09-08 13:48:00-04:00,492.6294860839844,MSFT
2026-09-08 13:49:00-04:00,492.68499755859375,MSFT
2026-09-08 13:50:00-04:00,492.6400146484375,MSFT
2026-09-08 13:51:00-04:00,492.55999755859375,MSFT
2026-09-08 13:52:00-04:00,492.70001220703125,MSFT
2026-09-08 13:53:00-04:00,492.6935119628906,MSFT
2026-09-08 13:54:00-04:00,492.82000732421875,MSFT
2026-09-08 13:55:00-04:00,492.55999755859375,MSFT
2026-09-08 13:56:00-04:00,492.618408203125,MSFT
2026-09-08 13:57:00-04:00,492.6499938964844,MSFT
2026-09-08 13:58:00-04:00,492.7250061035156,MSFT
2026-09-08 13:59:00-04:00,492.510009765625,MSFT
2026-09-08 14:00:00-04:00,492.44000244140625,MSFT
2026-09-08 14:01:00-04:00,492.55010986328125,MSFT
2026-09-08 14:02:00-04:00,492.6300048828125,MSFT
2026-09-08 14:03:00-04:00,492.57501220703125,MSFT
2026-09-08 14:04:00-04:00,492.61041259765625,MSFT
2026-09-08 14:05:00-04:00,492.7200012207031,MSFT
2026-09-08 14:06:00-04:00,492.6783142089844,MSFT
2026-09-08 14:07:00-04:00,492.3550109863281,MSFT
2026-09-08 14:08:00-04:00,492.45001220703125,MSFT
2026-09-08 14:09:00-04:00,492.4700012207031,MSFT
2026-09-08 14:10:00-04:00,492.5249938964844,MSFT
2026-09-08 14:11:00-04:00,492.5,MSFT
2026-09-08 14:12:00-04:00,492.4949951171875,MSFT
2026-09-08 14:13:00-04:00,492.2650146484375,MSFT
2026-09-08 14:14:00-04:00,492.3399963378906,MSFT
2026-09-08 14:15:00-04:00,492.2200012207031,MSFT
2026-09-08 14:16:00-04:00,492.0299987792969,MSFT
2026-09-08 14:17:00-04:00,491.8699951171875,MSFT
2026-09-08 14:18:00-04:00,491.6700134277344,MSFT
2026-09-08 14:19:00-04:00,491.8599853515625,MSFT
2026-09-08 14:20:00-04:00,492.07000732421875,MSFT
2026-09-08 14:21:00-04:00,491.8999938964844,MSFT
2026-09-08 14:22:00-04:00,491.8800048828125,MSFT
2026-09-08 14:23:00-04:00,491.9049987792969,MSFT
2026-09-08 14:24:00-04:00,491.7950134277344,MSFT
2026-09-08 14:25:00-04:00,491.77178955078125,MSFT
2026-09-08 14:26:00-04:00,491.8800048828125,MSFT
2026-09-08 14:27:00-04:00,491.739990234375,MSFT
2026-09-08 14:28:00-04:00,491.760009765625,MSFT
2026-09-08 14:29:00-04:00,491.9100036621094,MSFT
2026-09-08 14:30:00-04:00,491.80499267578125,MSFT
2026-09-08 14:31:00-04:00,491.6700134277344,MSFT
2026-09-08 14:32:00-04:00,491.6600036621094,MSFT
2026-09-08 14:33:00-04:00,491.6000061035156,MSFT
2026-09-08 14:34:00-04:00,491.67999267578125,MSFT
2026-09-08 14:35:00-04:00,491.5950012207031,MSFT
2026-09-08 14:36:00-04:00,491.6300048828125,MSFT
2026-09-08 14:37:00-04:00,491.4649963378906,MSFT
2026-09-08 14:38:00-04:00,491.5199890136719,MSFT
2026-09-08 14:39:00-04:00,491.35009765625,MSFT
2026-09-08 14:40:00-04:00,491.5599060058594,MSFT
2026-09-08 14:41:00-04:00,491.5950012207031,MSFT
2026-09-08 14:42:00-04:00,491.6200866699219,MSFT
2026-09-08 14:43:00-04:00,491.92999267578125,MSFT
2026-09-08 14:44:00-04:00,491.8252868652344,MSFT
2026-09-08 14:45:00-04:00,491.7099914550781,MSFT
2026-09-08 14:46:00-04:00,491.5299987792969,MSFT
2026-09-08 14:47:00-04:00,491.010009765625,MSFT
2026-09-08 14:48:00-04:00,490.3999938964844,MSFT
2026-09-08 14:49:00-04:00,490.67999267578125,MSFT
2026-09-08 14:50:00-04:00,491.1499938964844,MSFT
2026-09-08 14:51:00-04:00,491.17999267578125,MSFT
2026-09-08 14:52:00-04:00,491.0398864746094,MSFT
2026-09-08 14:53:00-04:00,491.5,MSFT
2026-09-08 14:54:00-04:00,491.4200134277344,MSFT
2026-09-08 14:55:00-04:00,491.45001220703125,MSFT
2026-09-08 14:56:00-04:00,491.2799987792969,MSFT
2026-09-08 14:57:00-04:00,491.3577880859375,MSFT
2026-09-08 14:58:00-04:00,491.4100036621094,MSFT
2026-09-08 14:59:00-04:00,491.2420959472656,MSFT
2026-09-08 15:00:00-04:00,491.3500061035156,MSFT
2026-09-08 15:01:00-04:00,491.4649963378906,MSFT
2026-09-08 15:02:00-04:00,491.54998779296875,MSFT
2026-09-08 15:03:00-04:00,491.489990234375,MSFT
2026-09-08 15:04:00-04:00,491.3699951171875,MSFT
2026-09-08 15:05:00-04:00,491.3999938964844,MSFT
2026-09-08 15:06:00-04:00,491.7850036621094,MSFT
2026-09-08 15:07:00-04:00,491.989990234375,MSFT
2026-09-08 15:08:00-04:00,492.1449890136719,MSFT
2026-09-08 15:09:00-04:00,492.20001220703125,MSFT
2026-09-08 15:10:00-04:00,492.29998779296875,MSFT
2026-09-08 15:11:00-04:00,492.1300964355469,MSFT
2026-09-08 15:12:00-04:00,492.2300109863281,MSFT
2026-09-08 15:13:00-04:00,492.1700134277344,MSFT
2026-09-08 15:14:00-04:00,492.2099914550781,MSFT
2026-09-08 15:15:00-04:00,492.1000061035156,MSFT
2026-09-08 15:16:00-04:00,492.20001220703125,MSFT
2026-09-08 15:17:00-04:00,492.08880615234375,MSFT
2026-09-08 15:18:00-04:00,492.19000244140625,MSFT
2026-09-08 15:19:00-04:00,492.2950134277344,MSFT
2026-09-08 15:20:00-04:00,492.3450012207031,MSFT
2026-09-08 15:21:00-04:00,492.3799133300781,MSFT
2026-09-08 15:22:00-04:00,492.5150146484375,MSFT
2026-09-08 15:23:00-04:00,492.57000732421875,MSFT
2026-09-08 15:24:00-04:00,492.4368896484375,MSFT
2026-09-08 15:25:00-04:00,492.7049865722656,MSFT
2026-09-08 15:26:00-04:00,492.7550048828125,MSFT
2026-09-08 15:27:00-04:00,492.7301940917969,MSFT
2026-09-08 15:28:00-04:00,492.7257080078125,MSFT
2026-09-08 15:29:00-04:00,493.0799865722656,MSFT
2026-09-08 15:30:00-04:00,493.44000244140625,MSFT
2026-09-08 15:31:00-04:00,493.13140869140625,MSFT
2026-09-08 15:32:00-04:00,493.67999267578125,MSFT
2026-09-08 15:33:00-04:00,493.7749938964844,MSFT
2026-09-08 15:34:00-04:00,493.7236022949219,MSFT
2026-09-08 15:35:00-04:00,493.14898681640625,MSFT
2026-09-08 15:36:00-04:00,493.1400146484375,MSFT
2026-09-08 15:37:00-04:00,493.30999755859375,MSFT
2026-09-08 15:38:00-04:00,493.3699951171875,MSFT
2026-09-08 15:39:00-04:00,493.4100036621094,MSFT
2026-09-08 15:40:00-04:00,493.5799865722656,MSFT
2026-09-08 15:41:00-04:00,493.489990234375,MSFT
2026-09-08 15:42:00-04:00,493.385009765625,MSFT
2026-09-08 15:43:00-04:00,493.3349914550781,MSFT
2026-09-08 15:44:00-04:00,493.6600036621094,MSFT
2026-09-08 15:45:00-04:00,493.3699951171875,MSFT
2026-09-08 15:46:00-04:00,493.70001220703125,MSFT
2026-09-08 15:47:00-04:00,493.7799987792969,MSFT
2026-09-08 15:48:00-04:00,493.6600036621094,MSFT
2026-09-08 15:49:00-04:00,493.70001220703125,MSFT
2026-09-08 15:50:00-04:00,493.3799133300781,MSFT
2026-09-08 15:51:00-04:00,493.1499938964844,MSFT
2026-09-08 15:52:00-04:00,493.25799560546875,MSFT
2026-09-08 15:53:00-04:00,493.2701110839844,MSFT
2026-09-08 15:54:00-04:00,493.6300048828125,MSFT
2026-09-08 15:55:00-04:00,493.8399963378906,MSFT
2026-09-08 15:56:00-04:00,493.4224853515625,MSFT
2026-09-08 15:57:00-04:00,493.2799987792969,MSFT
2026-09-08 15:58:00-04:00,493.3299865722656,MSFT
2026-09-08 15:59:00-04:00,494.0199890136719,MSFT
2026-09-09 09:30:00-04:00,492.5400085449219,MSFT
2026-09-09 09:31:00-04:00,493.3699951171875,MSFT
2026-09-09 09:32:00-04:00,492.2699890136719,MSFT
2026-09-09 09:33:00-04:00,492.20001220703125,MSFT
2026-09-09 09:34:00-04:00,493.1400146484375,MSFT
2026-09-09 09:35:00-04:00,492.30999755859375,MSFT
2026-09-09 09:36:00-04:00,493.9200134277344,MSFT
2026-09-09 09:37:00-04:00,493.66668701171875,MSFT
2026-09-09 09:38:00-04:00,493.0,MSFT
2026-09-09 09:39:00-04:00,493.69000244140625,MSFT
2026-09-09 09:40:00-04:00,492.8349914550781,MSFT
2026-09-09 09:41:00-04:00,492.70001220703125,MSFT
2026-09-09 09:42:00-04:00,493.0150146484375,MSFT
2026-09-09 09:43:00-04:00,492.8399963378906,MSFT
2026-09-09 09:44:00-04:00,492.67999267578125,MSFT
2026-09-09 09:45:00-04:00,492.7632141113281,MSFT
2026-09-09 09:46:00-04:00,493.9200134277344,MSFT
2026-09-09 09:47:00-04:00,493.7300109863281,MSFT
2026-09-09 09:48:00-04:00,493.1300048828125,MSFT
2026-09-09 09:49:00-04:00,493.135009765625,MSFT
2026-09-09 09:50:00-04:00,492.95001220703125,MSFT
2026-09-09 09:51:00-04:00,492.29998779296875,MSFT
2026-09-09 09:52:00-04:00,491.82501220703125,MSFT
2026-09-09 09:53:00-04:00,492.5920104980469,MSFT
2026-09-09 09:54:00-04:00,492.3800048828125,MSFT
2026-09-09 09:55:00-04:00,492.375,MSFT
2026-09-09 09:56:00-04:00,492.19000244140625,MSFT
2026-09-09 09:57:00-04:00,491.92999267578125,MSFT
2026-09-09 09:58:00-04:00,491.7850036621094,MSFT
2026-09-09 09:59:00-04:00,491.6549987792969,MSFT
2026-09-09 10:00:00-04:00,491.510009765625,MSFT
2026-09-09 10:01:00-04:00,491.1300048828125,MSFT
2026-09-09 10:02:00-04:00,491.8949890136719,MSFT
2026-09-09 10:03:00-04:00,492.0849914550781,MSFT
2026-09-09 10:04:00-04:00,492.0150146484375,MSFT
2026-09-09 10:05:00-04:00,491.59991455078125,MSFT
2026-09-09 10:06:00-04:00,491.4649963378906,MSFT
2026-09-09 10:07:00-04:00,491.0249938964844,MSFT
2026-09-09 10:08:00-04:00,490.9700012207031,MSFT
2026-09-09 10:09:00-04:00,491.1199951171875,MSFT
2026-09-09 10:10:00-04:00,490.80999755859375,MSFT
2026-09-09 10:11:00-04:00,490.94000244140625,MSFT
2026-09-09 10:12:00-04:00,491.3999938964844,MSFT
2026-09-09 10:13:00-04:00,491.239990234375,MSFT
2026-09-09 10:14:00-04:00,490.8891906738281,MSFT
2026-09-09 10:15:00-04:00,490.6400146484375,MSFT
2026-09-09 10:16:00-04:00,490.70001220703125,MSFT
2026-09-09 10:17:00-04:00,490.5950012207031,MSFT
2026-09-09 10:18:00-04:00,490.5299987792969,MSFT
2026-09-09 10:19:00-04:00,490.4150085449219,MSFT
2026-09-09 10:20:00-04:00,490.3399963378906,MSFT
2026-09-09 10:21:00-04:00,490.54998779296875,MSFT
2026-09-09 10:22:00-04:00,490.57000732421875,MSFT
2026-09-09 10:23:00-04:00,490.2099914550781,MSFT
2026-09-09 10:24:00-04:00,490.56500244140625,MSFT
2026-09-09 10:25:00-04:00,490.7099914550781,MSFT
2026-09-09 10:26:00-04:00,491.18499755859375,MSFT
2026-09-09 10:27:00-04:00,491.3349914550781,MSFT
2026-09-09 10:28:00-04:00,491.8699951171875,MSFT
2026-09-09 10:29:00-04:00,492.13079833984375,MSFT
2026-09-09 10:30:00-04:00,492.06500244140625,MSFT
2026-09-09 10:31:00-04:00,492.19500732421875,MSFT
2026-09-09 10:32:00-04:00,491.55999755859375,MSFT
2026-09-09 10:33:00-04:00,492.1600036621094,MSFT
2026-09-09 10:34:00-04:00,492.2799987792969,MSFT
2026-09-09 10:35:00-04:00,492.739990234375,MSFT
2026-09-09 10:36:00-04:00,493.010009765625,MSFT
2026-09-09 10:37:00-04:00,492.9100036621094,MSFT
2026-09-09 10:38:00-04:00,492.6099853515625,MSFT
2026-09-09 10:39:00-04:00,492.9901123046875,MSFT
2026-09-09 10:40:00-04:00,493.0400085449219,MSFT
2026-09-09 10:41:00-04:00,493.44500732421875,MSFT
2026-09-09 10:42:00-04:00,493.2049865722656,MSFT
2026-09-09 10:43:00-04:00,493.1199951171875,MSFT
2026-09-09 10:44:00-04:00,493.1094055175781,MSFT
2026-09-09 10:45:00-04:00,493.18499755859375,MSFT
2026-09-09 10:46:00-04:00,493.45001220703125,MSFT
2026-09-09 10:47:00-04:00,493.5799865722656,MSFT
2026-09-09 10:48:00-04:00,493.44000244140625,MSFT
2026-09-09 10:49:00-04:00,493.3900146484375,MSFT
2026-09-09 10:50:00-04:00,493.125,MSFT
2026-09-09 10:51:00-04:00,493.2300109863281,MSFT
2026-09-09 10:52:00-04:00,493.0849914550781,MSFT
2026-09-09 10:53:00-04:00,493.2699890136719,MSFT
2026-09-09 10:54:00-04:00,493.25,MSFT
2026-09-09 10:55:00-04:00,493.07000732421875,MSFT
2026-09-09 10:56:00-04:00,493.2200012207031,MSFT
2026-09-09 10:57:00-04:00,493.3699951171875,MSFT
2026-09-09 10:58:00-04:00,493.625,MSFT
2026-09-09 10:59:00-04:00,493.43231201171875,MSFT
2026-09-09 11:00:00-04:00,493.43438720703125,MSFT
2026-09-09 11:01:00-04:00,492.8949890136719,MSFT
2026-09-09 11:02:00-04:00,492.69000244140625,MSFT
2026-09-09 11:03:00-04:00,492.80999755859375,MSFT
2026-09-09 11:04:00-04:00,492.8479919433594,MSFT
2026-09-09 11:05:00-04:00,492.7300109863281,MSFT
2026-09-09 11:06:00-04:00,492.7262878417969,MSFT
2026-09-09 11:07:00-04:00,492.7300109863281,MSFT
2026-09-09 11:08:00-04:00,492.760009765625,MSFT
2026-09-09 11:09:00-04:00,492.44500732421875,MSFT
2026-09-09 11:10:00-04:00,492.252685546875,MSFT
2026-09-09 11:11:00-04:00,492.0,MSFT
2026-09-09 11:12:00-04:00,492.125,MSFT
2026-09-09 11:13:00-04:00,491.8900146484375,MSFT
2026-09-09 11:14:00-04:00,491.7500915527344,MSFT
2026-09-09 11:15:00-04:00,491.9049987792969,MSFT
2026-09-09 11:16:00-04:00,491.8699951171875,MSFT
2026-09-09 11:17:00-04:00,492.1050109863281,MSFT
2026-09-09 11:18:00-04:00,492.04998779296875,MSFT
2026-09-09 11:19:00-04:00,492.2349853515625,MSFT
2026-09-09 11:20:00-04:00,492.05999755859375,MSFT
2026-09-09 11:21:00-04:00,491.96881103515625,MSFT
2026-09-09 11:22:00-04:00,491.79998779296875,MSFT
2026-09-09 11:23:00-04:00,491.7300109863281,MSFT
2026-09-09 11:24:00-04:00,491.760009765625,MSFT
2026-09-09 11:25:00-04:00,492.1351013183594,MSFT
2026-09-09 11:26:00-04:00,492.29998779296875,MSFT
2026-09-09 11:27:00-04:00,492.04998779296875,MSFT
2026-09-09 11:28:00-04:00,491.9100036621094,MSFT
2026-09-09 11:29:00-04:00,492.1400146484375,MSFT
2026-09-09 11:30:00-04:00,492.3699951171875,MSFT
2026-09-09 11:31:00-04:00,491.9100036621094,MSFT
2026-09-09 11:32:00-04:00,492.2900085449219,MSFT
2026-09-09 11:33:00-04:00,492.11639404296875,MSFT
2026-09-09 11:34:00-04:00,492.2300109863281,MSFT
2026-09-09 11:35:00-04:00,492.510009765625,MSFT
2026-09-09 11:36:00-04:00,492.70001220703125,MSFT
2026-09-09 11:37:00-04:00,492.6000061035156,MSFT
2026-09-09 11:38:00-04:00,492.4200134277344,MSFT
2026-09-09 11:39:00-04:00,492.82501220703125,MSFT
2026-09-09 11:40:00-04:00,492.4150085449219,MSFT
2026-09-09 11:41:00-04:00,491.8550109863281,MSFT
2026-09-09 11:42:00-04:00,491.6000061035156,MSFT
2026-09-09 11:43:00-04:00,491.7200012207031,MSFT
2026-09-09 11:44:00-04:00,491.79888916015625,MSFT
2026-09-09 11:45:00-04:00,491.5299072265625,MSFT
2026-09-09 11:46:00-04:00,491.3599853515625,MSFT
2026-09-09 11:47:00-04:00,491.4949951171875,MSFT
2026-09-09 11:48:00-04:00,491.3399963378906,MSFT
2026-09-09 11:49:00-04:00,491.6449890136719,MSFT
2026-09-09 11:50:00-04:00,491.8349914550781,MSFT
2026-09-09 11:51:00-04:00,492.1099853515625,MSFT
2026-09-09 11:52:00-04:00,492.0,MSFT
2026-09-09 11:53:00-04:00,492.2027893066406,MSFT
2026-09-09 11:54:00-04:00,492.2250061035156,MSFT
2026-09-09 11:55:00-04:00,491.92498779296875,MSFT
2026-09-09 11:56:00-04:00,491.7300109863281,MSFT
2026-09-09 11:57:00-04:00,491.760009765625,MSFT
2026-09-09 11:58:00-04:00,491.8599853515625,MSFT
2026-09-09 11:59:00-04:00,492.1400146484375,MSFT
2026-09-09 12:00:00-04:00,492.1499938964844,MSFT
2026-09-09 12:01:00-04:00,492.239990234375,MSFT
2026-09-09 12:02:00-04:00,492.2900085449219,MSFT
2026-09-09 12:03:00-04:00,492.1000061035156,MSFT
2026-09-09 12:04:00-04:00,492.1199951171875,MSFT
2026-09-09 12:05:00-04:00,492.06201171875,MSFT
2026-09-09 12:06:00-04:00,491.9549865722656,MSFT
2026-09-09 12:07:00-04:00,491.860595703125,MSFT
2026-09-09 12:08:00-04:00,491.6549987792969,MSFT
2026-09-09 12:09:00-04:00,491.510009765625,MSFT
2026-09-09 12:10:00-04:00,491.57598876953125,MSFT
2026-09-09 12:11:00-04:00,491.67999267578125,MSFT
2026-09-09 12:12:00-04:00,491.92999267578125,MSFT
2026-09-09 12:13:00-04:00,491.7300109863281,MSFT
2026-09-09 12:14:00-04:00,491.5450134277344,MSFT
2026-09-09 12:15:00-04:00,491.30499267578125,MSFT
2026-09-09 12:16:00-04:00,491.20001220703125,MSFT
2026-09-09 12:17:00-04:00,491.2099914550781,MSFT
2026-09-09 12:18:00-04:00,491.4100036621094,MSFT
2026-09-09 12:19:00-04:00,491.2749938964844,MSFT
2026-09-09 12:20:00-04:00,491.2149963378906,MSFT
2026-09-09 12:21:00-04:00,491.2049865722656,MSFT
2026-09-09 12:22:00-04:00,491.21319580078125,MSFT
2026-09-09 12:23:00-04:00,491.3200988769531,MSFT
2026-09-09 12:24:00-04:00,491.3327941894531,MSFT
2026-09-09 12:25:00-04:00,491.4100036621094,MSFT
2026-09-09 12:26:00-04:00,491.55499267578125,MSFT
2026-09-09 12:27:00-04:00,491.5400085449219,MSFT
2026-09-09 12:28:00-04:00,491.44000244140625,MSFT
2026-09-09 12:29:00-04:00,491.5199890136719,MSFT
2026-09-09 12:30:00-04:00,491.4599914550781,MSFT
2026-09-09 12:31:00-04:00,491.6449890136719,MSFT
2026-09-09 12:32:00-04:00,491.7401123046875,MSFT
2026-09-09 12:33:00-04:00,491.9049987792969,MSFT
2026-09-09 12:34:00-04:00,491.7799987792969,MSFT
2026-09-09 12:35:00-04:00,491.7850036621094,MSFT
2026-09-09 12:36:00-04:00,491.739990234375,MSFT
2026-09-09 12:37:00-04:00,491.86370849609375,MSFT
2026-09-09 12:38:00-04:00,492.0299987792969,MSFT
2026-09-09 12:39:00-04:00,492.0199890136719,MSFT
2026-09-09 12:40:00-04:00,491.885009765625,MSFT
2026-09-09 12:41:00-04:00,492.06939697265625,MSFT
2026-09-09 12:42:00-04:00,491.9849853515625,MSFT
2026-09-09 12:43:00-04:00,492.0299987792969,MSFT
2026-09-09 12:44:00-04:00,492.1050109863281,MSFT
2026-09-09 12:45:00-04:00,492.25,MSFT
2026-09-09 12:46:00-04:00,492.2900085449219,MSFT
2026-09-09 12:47:00-04:00,492.25,MSFT
2026-09-09 12:48:00-04:00,492.3500061035156,MSFT
2026-09-09 12:49:00-04:00,492.3844909667969,MSFT
2026-09-09 12:50:00-04:00,492.80999755859375,MSFT
2026-09-09 12:51:00-04:00,492.8550109863281,MSFT
2026-09-09 12:52:00-04:00,492.8800048828125,MSFT
2026-09-09 12:53:00-04:00,492.7650146484375,MSFT
2026-09-09 12:54:00-04:00,492.989990234375,MSFT
2026-09-09 12:55:00-04:00,492.94000244140625,MSFT
2026-09-09 12:56:00-04:00,493.1499938964844,MSFT
2026-09-09 12:57:00-04:00,493.4100036621094,MSFT
2026-09-09 12:58:00-04:00,493.2699890136719,MSFT
2026-09-09 12:59:00-04:00,493.21600341796875,MSFT
2026-09-09 13:00:00-04:00,493.2650146484375,MSFT
2026-09-09 13:01:00-04:00,493.3299865722656,MSFT
2026-09-09 13:02:00-04:00,493.42498779296875,MSFT
2026-09-09 13:03:00-04:00,493.2914123535156,MSFT
2026-09-09 13:04:00-04:00,492.9549865722656,MSFT
2026-09-09 13:05:00-04:00,493.0343933105469,MSFT
2026-09-09 13:06:00-04:00,493.17498779296875,MSFT
2026-09-09 13:07:00-04:00,493.2200012207031,MSFT
2026-09-09 13:08:00-04:00,492.9623107910156,MSFT
2026-09-09 13:09:00-04:00,492.8299865722656,MSFT
2026-09-09 13:10:00-04:00,493.04998779296875,MSFT
2026-09-09 13:11:00-04:00,492.7099914550781,MSFT
2026-09-09 13:12:00-04:00,492.6000061035156,MSFT
2026-09-09 13:13:00-04:00,492.510009765625,MSFT
2026-09-09 13:14:00-04:00,492.760009765625,MSFT
2026-09-09 13:15:00-04:00,492.82000732421875,MSFT
2026-09-09 13:16:00-04:00,492.8648986816406,MSFT
2026-09-09 13:17:00-04:00,493.010009765625,MSFT
2026-09-09 13:18:00-04:00,492.80499267578125,MSFT
2026-09-09 13:19:00-04:00,492.885009765625,MSFT
2026-09-09 13:20:00-04:00,492.8349914550781,MSFT
2026-09-09 13:21:00-04:00,492.8599853515625,MSFT
2026-09-09 13:22:00-04:00,492.8999938964844,MSFT
2026-09-09 13:23:00-04:00,492.8500061035156,MSFT
2026-09-09 13:24:00-04:00,492.9700012207031,MSFT
2026-09-09 13:25:00-04:00,492.9901123046875,MSFT
2026-09-09 13:26:00-04:00,493.1600036621094,MSFT
2026-09-09 13:27:00-04:00,493.0799865722656,MSFT
2026-09-09 13:28:00-04:00,493.1499938964844,MSFT
2026-09-09 13:29:00-04:00,493.1050109863281,MSFT
2026-09-09 13:30:00-04:00,493.19500732421875,MSFT
2026-09-09 13:31:00-04:00,493.0299987792969,MSFT
2026-09-09 13:32:00-04:00,493.3299865722656,MSFT
2026-09-09 13:33:00-04:00,493.1099853515625,MSFT
2026-09-09 13:34:00-04:00,492.8399963378906,MSFT
2026-09-09 13:35:00-04:00,492.7200012207031,MSFT
2026-09-09 13:36:00-04:00,493.0,MSFT
2026-09-09 13:37:00-04:00,492.8550109863281,MSFT
2026-09-09 13:38:00-04:00,492.6600036621094,MSFT
2026-09-09 13:39:00-04:00,492.8999938964844,MSFT
2026-09-09 13:40:00-04:00,492.9649963378906,MSFT
2026-09-09 13:41:00-04:00,493.0050048828125,MSFT
2026-09-09 13:42:00-04:00,493.04998779296875,MSFT
2026-09-09 13:43:00-04:00,493.114990234375,MSFT
2026-09-09 13:44:00-04:00,493.0400085449219,MSFT
2026-09-09 13:45:00-04:00,493.0799865722656,MSFT
2026-09-09 13:46:00-04:00,493.1000061035156,MSFT
2026-09-09 13:47:00-04:00,492.9849853515625,MSFT
2026-09-09 13:48:00-04:00,492.864990234375,MSFT
2026-09-09 13:49:00-04:00,492.95001220703125,MSFT
2026-09-09 13:50:00-04:00,492.9200134277344,MSFT
2026-09-09 13:51:00-04:00,492.70001220703125,MSFT
2026-09-09 13:52:00-04:00,492.79998779296875,MSFT
2026-09-09 13:53:00-04:00,493.260009765625,MSFT
2026-09-09 13:54:00-04:00,493.05999755859375,MSFT
2026-09-09 13:55:00-04:00,493.2200012207031,MSFT
2026-09-09 13:56:00-04:00,493.0,MSFT
2026-09-09 13:57:00-04:00,492.989990234375,MSFT
2026-09-09 13:58:00-04:00,493.17999267578125,MSFT
2026-09-09 13:59:00-04:00,493.07000732421875,MSFT
2026-09-09 14:00:00-04:00,493.07501220703125,MSFT
2026-09-09 14:01:00-04:00,492.9599914550781,MSFT
2026-09-09 14:02:00-04:00,493.010009765625,MSFT
2026-09-09 14:03:00-04:00,493.07000732421875,MSFT
2026-09-09 14:04:00-04:00,493.0350036621094,MSFT
2026-09-09 14:05:00-04:00,493.0101013183594,MSFT
2026-09-09 14:06:00-04:00,492.75,MSFT
2026-09-09 14:07:00-04:00,492.55999755859375,MSFT
2026-09-09 14:08:00-04:00,492.5899963378906,MSFT
2026-09-09 14:09:00-04:00,492.4849853515625,MSFT
2026-09-09 14:10:00-04:00,492.3999938964844,MSFT
2026-09-09 14:11:00-04:00,492.4100036621094,MSFT
2026-09-09 14:12:00-04:00,492.43341064453125,MSFT
2026-09-09 14:13:00-04:00,492.1650085449219,MSFT
2026-09-09 14:14:00-04:00,492.114990234375,MSFT
2026-09-09 14:15:00-04:00,491.9800109863281,MSFT
2026-09-09 14:16:00-04:00,492.125,MSFT
2026-09-09 14:17:00-04:00,492.3500061035156,MSFT
2026-09-09 14:18:00-04:00,492.4049987792969,MSFT
2026-09-09 14:19:00-04:00,492.4287109375,MSFT
2026-09-09 14:20:00-04:00,492.30999755859375,MSFT
2026-09-09 14:21:00-04:00,492.3699951171875,MSFT
2026-09-09 14:22:00-04:00,492.385009765625,MSFT
2026-09-09 14:23:00-04:00,492.341796875,MSFT
2026-09-09 14:24:00-04:00,492.4649963378906,MSFT
2026-09-09 14:25:00-04:00,492.3500061035156,MSFT
2026-09-09 14:26:00-04:00,492.45001220703125,MSFT
2026-09-09 14:27:00-04:00,492.5799865722656,MSFT
2026-09-09 14:28:00-04:00,492.3299865722656,MSFT
2026-09-09 14:29:00-04:00,492.4599914550781,MSFT
2026-09-09 14:30:00-04:00,492.2850036621094,MSFT
2026-09-09 14:31:00-04:00,492.0600891113281,MSFT
2026-09-09 14:32:00-04:00,491.8299865722656,MSFT
2026-09-09 14:33:00-04:00,491.9700012207031,MSFT
2026-09-09 14:34:00-04:00,491.8900146484375,MSFT
2026-09-09 14:35:00-04:00,492.0350036621094,MSFT
2026-09-09 14:36:00-04:00,492.07000732421875,MSFT
2026-09-09 14:37:00-04:00,492.0899963378906,MSFT
2026-09-09 14:38:00-04:00,492.2200012207031,MSFT
2026-09-09 14:39:00-04:00,492.2049865722656,MSFT
2026-09-09 14:40:00-04:00,492.4049987792969,MSFT
2026-09-09 14:41:00-04:00,492.56500244140625,MSFT
2026-09-09 14:42:00-04:00,492.3999938964844,MSFT
2026-09-09 14:43:00-04:00,492.4200134277344,MSFT
2026-09-09 14:44:00-04:00,492.2453918457031,MSFT
2026-09-09 14:45:00-04:00,492.1780090332031,MSFT
2026-09-09 14:46:00-04:00,492.1600036621094,MSFT
2026-09-09 14:47:00-04:00,492.1000061035156,MSFT
2026-09-09 14:48:00-04:00,492.1300048828125,MSFT
2026-09-09 14:49:00-04:00,491.9700012207031,MSFT
2026-09-09 14:50:00-04:00,492.0,MSFT
2026-09-09 14:51:00-04:00,492.17999267578125,MSFT
2026-09-09 14:52:00-04:00,492.260009765625,MSFT
2026-09-09 14:53:00-04:00,492.2149963378906,MSFT
2026-09-09 14:54:00-04:00,492.1000061035156,MSFT
2026-09-09 14:55:00-04:00,492.07501220703125,MSFT
2026-09-09 14:56:00-04:00,491.9700012207031,MSFT
2026-09-09 14:57:00-04:00,491.7799987792969,MSFT
2026-09-09 14:58:00-04:00,491.8949890136719,MSFT
2026-09-09 14:59:00-04:00,491.9599914550781,MSFT
2026-09-09 15:00:00-04:00,492.0400085449219,MSFT
2026-09-09 15:01:00-04:00,492.0,MSFT
2026-09-09 15:02:00-04:00,491.82000732421875,MSFT
2026-09-09 15:03:00-04:00,491.8949890136719,MSFT
2026-09-09 15:04:00-04:00,491.79998779296875,MSFT
2026-09-09 15:05:00-04:00,491.760009765625,MSFT
2026-09-09 15:06:00-04:00,491.6700134277344,MSFT
2026-09-09 15:07:00-04:00,491.8200988769531,MSFT
2026-09-09 15:08:00-04:00,491.8800048828125,MSFT
2026-09-09 15:09:00-04:00,491.71600341796875,MSFT
2026-09-09 15:10:00-04:00,491.6000061035156,MSFT
2026-09-09 15:11:00-04:00,491.5799865722656,MSFT
2026-09-09 15:12:00-04:00,491.57000732421875,MSFT
2026-09-09 15:13:00-04:00,491.4800109863281,MSFT
2026-09-09 15:14:00-04:00,491.3900146484375,MSFT
2026-09-09 15:15:00-04:00,491.3599853515625,MSFT
2026-09-09 15:16:00-04:00,491.2749938964844,MSFT
2026-09-09 15:17:00-04:00,491.1400146484375,MSFT
2026-09-09 15:18:00-04:00,491.45001220703125,MSFT
2026-09-09 15:19:00-04:00,491.44000244140625,MSFT
2026-09-09 15:20:00-04:00,491.44000244140625,MSFT
2026-09-09 15:21:00-04:00,491.43011474609375,MSFT
2026-09-09 15:22:00-04:00,491.6549987792969,MSFT
2026-09-09 15:23:00-04:00,491.7799987792969,MSFT
2026-09-09 15:24:00-04:00,491.8299865722656,MSFT
2026-09-09 15:25:00-04:00,491.8500061035156,MSFT
2026-09-09 15:26:00-04:00,491.7699890136719,MSFT
2026-09-09 15:27:00-04:00,491.7200012207031,MSFT
2026-09-09 15:28:00-04:00,491.7200012207031,MSFT
2026-09-09 15:29:00-04:00,491.7149963378906,MSFT
2026-09-09 15:30:00-04:00,491.510009765625,MSFT
2026-09-09 15:31:00-04:00,491.4599914550781,MSFT
2026-09-09 15:32:00-04:00,491.3800048828125,MSFT
2026-09-09 15:33:00-04:00,491.55999755859375,MSFT
2026-09-09 15:34:00-04:00,491.54998779296875,MSFT
2026-09-09 15:35:00-04:00,491.614990234375,MSFT
2026-09-09 15:36:00-04:00,491.3949890136719,MSFT
2026-09-09 15:37:00-04:00,491.44000244140625,MSFT
2026-09-09 15:38:00-04:00,491.3586120605469,MSFT
2026-09-09 15:39:00-04:00,491.4100036621094,MSFT
2026-09-09 15:40:00-04:00,491.510009765625,MSFT
2026-09-09 15:41:00-04:00,491.4800109863281,MSFT
2026-09-09 15:42:00-04:00,491.2900085449219,MSFT
2026-09-09 15:43:00-04:00,491.45001220703125,MSFT
2026-09-09 15:44:00-04:00,491.3800048828125,MSFT
2026-09-09 15:45:00-04:00,491.2300109863281,MSFT
2026-09-09 15:46:00-04:00,491.2799987792969,MSFT
2026-09-09 15:47:00-04:00,491.3450012207031,MSFT
2026-09-09 15:48:00-04:00,491.3299865722656,MSFT
2026-09-09 15:49:00-04:00,491.55999755859375,MSFT
2026-09-09 15:50:00-04:00,491.5,MSFT
2026-09-09 15:51:00-04:00,491.5899963378906,MSFT
2026-09-09 15:52:00-04:00,491.42999267578125,MSFT
2026-09-09 15:53:00-04:00,491.3599853515625,MSFT
2026-09-09 15:54:00-04:00,491.69000244140625,MSFT
2026-09-09 15:55:00-04:00,491.635009765625,MSFT
2026-09-09 15:56:00-04:00,491.6300048828125,MSFT
2026-09-09 15:57:00-04:00,491.5199890136719,MSFT
2026-09-09 15:58:00-04:00,491.6600036621094,MSFT
2026-09-09 15:59:00-04:00,491.7699890136719,MSFT
2026-09-10 09:30:00-04:00,487.8999938964844,MSFT
2026-09-10 09:31:00-04:00,486.54998779296875,MSFT
2026-09-10 09:32:00-04:00,487.19000244140625,MSFT
2026-09-10 09:33:00-04:00,488.1600036621094,MSFT
2026-09-10 09:34:00-04:00,487.8699951171875,MSFT
2026-09-10 09:35:00-04:00,488.1499938964844,MSFT
2026-09-10 09:36:00-04:00,487.81500244140625,MSFT
2026-09-10 09:37:00-04:00,486.7394104003906,MSFT
2026-09-10 09:38:00-04:00,487.6449890136719,MSFT
2026-09-10 09:39:00-04:00,488.0050048828125,MSFT
2026-09-10 09:40:00-04:00,488.1700134277344,MSFT
2026-09-10 09:41:00-04:00,487.75750732421875,MSFT
2026-09-10 09:42:00-04:00,488.5799865722656,MSFT
2026-09-10 09:43:00-04:00,488.8699951171875,MSFT
2026-09-10 09:44:00-04:00,488.6650085449219,MSFT
2026-09-10 09:45:00-04:00,489.80999755859375,MSFT
2026-09-10 09:46:00-04:00,490.260009765625,MSFT
2026-09-10 09:47:00-04:00,490.6600036621094,MSFT
2026-09-10 09:48:00-04:00,490.5199890136719,MSFT
2026-09-10 09:49:00-04:00,490.7950134277344,MSFT
2026-09-10 09:50:00-04:00,490.42999267578125,MSFT
2026-09-10 09:51:00-04:00,490.9800109863281,MSFT
2026-09-10 09:52:00-04:00,490.4800109863281,MSFT
2026-09-10 09:53:00-04:00,490.8999938964844,MSFT
2026-09-10 09:54:00-04:00,490.3800048828125,MSFT
2026-09-10 09:55:00-04:00,490.0400085449219,MSFT
2026-09-10 09:56:00-04:00,489.6099853515625,MSFT
2026-09-10 09:57:00-04:00,489.989990234375,MSFT
2026-09-10 09:58:00-04:00,489.8299865722656,MSFT
2026-09-10 09:59:00-04:00,489.3659973144531,MSFT
2026-09-10 10:00:00-04:00,489.5799865722656,MSFT
2026-09-10 10:01:00-04:00,489.489990234375,MSFT
2026-09-10 10:02:00-04:00,489.3450012207031,MSFT
2026-09-10 10:03:00-04:00,489.44500732421875,MSFT
2026-09-10 10:04:00-04:00,489.19500732421875,MSFT
2026-09-10 10:05:00-04:00,489.04998779296875,MSFT
2026-09-10 10:06:00-04:00,489.2900085449219,MSFT
2026-09-10 10:07:00-04:00,489.260009765625,MSFT
2026-09-10 10:08:00-04:00,488.9649963378906,MSFT
2026-09-10 10:09:00-04:00,488.6449890136719,MSFT
2026-09-10 10:10:00-04:00,489.1300048828125,MSFT
2026-09-10 10:11:00-04:00,490.17498779296875,MSFT
2026-09-10 10:12:00-04:00,490.7300109863281,MSFT
2026-09-10 10:13:00-04:00,490.7650146484375,MSFT
2026-09-10 10:14:00-04:00,490.17498779296875,MSFT
2026-09-10 10:15:00-04:00,489.9549865722656,MSFT
2026-09-10 10:16:00-04:00,490.0899963378906,MSFT
2026-09-10 10:17:00-04:00,489.0950012207031,MSFT
2026-09-10 10:18:00-04:00,489.3999938964844,MSFT
2026-09-10 10:19:00-04:00,490.19000244140625,MSFT
2026-09-10 10:20:00-04:00,490.1400146484375,MSFT
2026-09-10 10:21:00-04:00,490.4949951171875,MSFT
2026-09-10 10:22:00-04:00,490.4750061035156,MSFT
2026-09-10 10:23:00-04:00,489.9599914550781,MSFT
2026-09-10 10:24:00-04:00,490.69000244140625,MSFT
2026-09-10 10:25:00-04:00,490.57501220703125,MSFT
2026-09-10 10:26:00-04:00,490.5950012207031,MSFT
2026-09-10 10:27:00-04:00,490.5150146484375,MSFT
2026-09-10 10:28:00-04:00,490.8800048828125,MSFT
2026-09-10 10:29:00-04:00,490.8800048828125,MSFT
2026-09-10 10:30:00-04:00,491.385009765625,MSFT
2026-09-10 10:31:00-04:00,491.3599853515625,MSFT
2026-09-10 10:32:00-04:00,491.7699890136719,MSFT
2026-09-10 10:33:00-04:00,491.99749755859375,MSFT
2026-09-10 10:34:00-04:00,491.69000244140625,MSFT
2026-09-10 10:35:00-04:00,491.7550048828125,MSFT
2026-09-10 10:36:00-04:00,492.3999938964844,MSFT
2026-09-10 10:37:00-04:00,492.5400085449219,MSFT
2026-09-10 10:38:00-04:00,493.07501220703125,MSFT
2026-09-10 10:39:00-04:00,493.1650085449219,MSFT
2026-09-10 10:40:00-04:00,492.8900146484375,MSFT
2026-09-10 10:41:00-04:00,493.1400146484375,MSFT
2026-09-10 10:42:00-04:00,492.42999267578125,MSFT
2026-09-10 10:43:00-04:00,492.07501220703125,MSFT
2026-09-10 10:44:00-04:00,492.1700134277344,MSFT
2026-09-10 10:45:00-04:00,491.67999267578125,MSFT
2026-09-10 10:46:00-04:00,491.75970458984375,MSFT
2026-09-10 10:47:00-04:00,491.64080810546875,MSFT
2026-09-10 10:48:00-04:00,492.29998779296875,MSFT
2026-09-10 10:49:00-04:00,492.3900146484375,MSFT
2026-09-10 10:50:00-04:00,491.82000732421875,MSFT
2026-09-10 10:51:00-04:00,492.5199890136719,MSFT
2026-09-10 10:52:00-04:00,492.42010498046875,MSFT
2026-09-10 10:53:00-04:00,492.6000061035156,MSFT
2026-09-10 10:54:00-04:00,492.3299865722656,MSFT
2026-09-10 10:55:00-04:00,492.3299865722656,MSFT
2026-09-10 10:56:00-04:00,492.5350036621094,MSFT
2026-09-10 10:57:00-04:00,492.5,MSFT
2026-09-10 10:58:00-04:00,492.48150634765625,MSFT
2026-09-10 10:59:00-04:00,492.7099914550781,MSFT
2026-09-10 11:00:00-04:00,492.3399963378906,MSFT
2026-09-10 11:01:00-04:00,491.8900146484375,MSFT
2026-09-10 11:02:00-04:00,492.07000732421875,MSFT
2026-09-10 11:03:00-04:00,492.04998779296875,MSFT
2026-09-10 11:04:00-04:00,491.5216064453125,MSFT
2026-09-10 11:05:00-04:00,491.8699951171875,MSFT
2026-09-10 11:06:00-04:00,491.489990234375,MSFT
2026-09-10 11:07:00-04:00,491.5450134277344,MSFT
2026-09-10 11:08:00-04:00,491.8059997558594,MSFT
2026-09-10 11:09:00-04:00,491.44830322265625,MSFT
2026-09-10 11:10:00-04:00,491.7300109863281,MSFT
2026-09-10 11:11:00-04:00,491.3699951171875,MSFT
2026-09-10 11:12:00-04:00,491.4649963378906,MSFT
2026-09-10 11:13:00-04:00,491.4374084472656,MSFT
2026-09-10 11:14:00-04:00,491.5450134277344,MSFT
2026-09-10 11:15:00-04:00,491.6099853515625,MSFT
2026-09-10 11:16:00-04:00,491.7300109863281,MSFT
2026-09-10 11:17:00-04:00,491.7550048828125,MSFT
2026-09-10 11:18:00-04:00,491.9599914550781,MSFT
2026-09-10 11:19:00-04:00,491.92498779296875,MSFT
2026-09-10 11:20:00-04:00,491.8500061035156,MSFT
2026-09-10 11:21:00-04:00,491.69000244140625,MSFT
2026-09-10 11:22:00-04:00,492.1199951171875,MSFT
2026-09-10 11:23:00-04:00,492.07000732421875,MSFT
2026-09-10 11:24:00-04:00,492.4200134277344,MSFT
2026-09-10 11:25:00-04:00,492.135009765625,MSFT
2026-09-10 11:26:00-04:00,491.9949951171875,MSFT
2026-09-10 11:27:00-04:00,492.239990234375,MSFT
2026-09-10 11:28:00-04:00,492.3450012207031,MSFT
2026-09-10 11:29:00-04:00,492.3299865722656,MSFT
2026-09-10 11:30:00-04:00,492.375,MSFT
2026-09-10 11:31:00-04:00,492.4800109863281,MSFT
2026-09-10 11:32:00-04:00,492.5299987792969,MSFT
2026-09-10 11:33:00-04:00,492.8500061035156,MSFT
2026-09-10 11:34:00-04:00,492.4949951171875,MSFT
2026-09-10 11:35:00-04:00,492.5400085449219,MSFT
2026-09-10 11:36:00-04:00,492.7900085449219,MSFT
2026-09-10 11:37:00-04:00,492.69500732421875,MSFT
2026-09-10 11:38:00-04:00,492.0,MSFT
2026-09-10 11:39:00-04:00,491.8699951171875,MSFT
2026-09-10 11:40:00-04:00,491.9100036621094,MSFT
2026-09-10 11:41:00-04:00,491.875,MSFT
2026-09-10 11:42:00-04:00,492.0199890136719,MSFT
2026-09-10 11:43:00-04:00,492.0950012207031,MSFT
2026-09-10 11:44:00-04:00,492.1046142578125,MSFT
2026-09-10 11:45:00-04:00,491.8699951171875,MSFT
2026-09-10 11:46:00-04:00,491.57501220703125,MSFT
2026-09-10 11:47:00-04:00,492.0799865722656,MSFT
2026-09-10 11:48:00-04:00,492.4200134277344,MSFT
2026-09-10 11:49:00-04:00,492.55499267578125,MSFT
2026-09-10 11:50:00-04:00,492.3500061035156,MSFT
2026-09-10 11:51:00-04:00,492.489990234375,MSFT
2026-09-10 11:52:00-04:00,492.510009765625,MSFT
2026-09-10 11:53:00-04:00,491.8004150390625,MSFT
2026-09-10 11:54:00-04:00,491.7200012207031,MSFT
2026-09-10 11:55:00-04:00,491.7200012207031,MSFT
2026-09-10 11:56:00-04:00,491.45001220703125,MSFT
2026-09-10 11:57:00-04:00,491.42999267578125,MSFT
2026-09-10 11:58:00-04:00,491.67999267578125,MSFT
2026-09-10 11:59:00-04:00,491.3900146484375,MSFT
2026-09-10 12:00:00-04:00,491.9800109863281,MSFT
2026-09-10 12:01:00-04:00,492.1715087890625,MSFT
2026-09-10 12:02:00-04:00,491.8949890136719,MSFT
2026-09-10 12:03:00-04:00,491.5400085449219,MSFT
2026-09-10 12:04:00-04:00,491.9599914550781,MSFT
2026-09-10 12:05:00-04:00,491.82000732421875,MSFT
2026-09-10 12:06:00-04:00,491.57501220703125,MSFT
2026-09-10 12:07:00-04:00,491.2950134277344,MSFT
2026-09-10 12:08:00-04:00,491.3550109863281,MSFT
2026-09-10 12:09:00-04:00,491.19000244140625,MSFT
2026-09-10 12:10:00-04:00,491.260009765625,MSFT
2026-09-10 12:11:00-04:00,491.739990234375,MSFT
2026-09-10 12:12:00-04:00,491.8200988769531,MSFT
2026-09-10 12:13:00-04:00,492.0849914550781,MSFT
2026-09-10 12:14:00-04:00,491.79998779296875,MSFT
2026-09-10 12:15:00-04:00,492.3349914550781,MSFT
2026-09-10 12:16:00-04:00,492.1000061035156,MSFT
2026-09-10 12:17:00-04:00,492.5,MSFT
2026-09-10 12:18:00-04:00,492.385009765625,MSFT
2026-09-10 12:19:00-04:00,492.3800048828125,MSFT
2026-09-10 12:20:00-04:00,492.5249938964844,MSFT
2026-09-10 12:21:00-04:00,492.5899963378906,MSFT
2026-09-10 12:22:00-04:00,492.8450012207031,MSFT
2026-09-10 12:23:00-04:00,492.625,MSFT
2026-09-10 12:24:00-04:00,492.7598876953125,MSFT
2026-09-10 12:25:00-04:00,492.6400146484375,MSFT
2026-09-10 12:26:00-04:00,492.7200012207031,MSFT
2026-09-10 12:27:00-04:00,492.6549987792969,MSFT
2026-09-10 12:28:00-04:00,493.135009765625,MSFT
2026-09-10 12:29:00-04:00,493.01849365234375,MSFT
2026-09-10 12:30:00-04:00,492.95001220703125,MSFT
2026-09-10 12:31:00-04:00,493.20001220703125,MSFT
2026-09-10 12:32:00-04:00,493.2474060058594,MSFT
2026-09-10 12:33:00-04:00,493.07000732421875,MSFT
2026-09-10 12:34:00-04:00,492.739990234375,MSFT
2026-09-10 12:35:00-04:00,492.635009765625,MSFT
2026-09-10 12:36:00-04:00,492.8299865722656,MSFT
2026-09-10 12:37:00-04:00,492.9100036621094,MSFT
2026-09-10 12:38:00-04:00,492.69110107421875,MSFT
2026-09-10 12:39:00-04:00,492.5799865722656,MSFT
2026-09-10 12:40:00-04:00,492.625,MSFT
2026-09-10 12:41:00-04:00,492.69000244140625,MSFT
2026-09-10 12:42:00-04:00,492.7099914550781,MSFT
2026-09-10 12:43:00-04:00,492.8800048828125,MSFT
2026-09-10 12:44:00-04:00,492.9549865722656,MSFT
2026-09-10 12:45:00-04:00,493.07000732421875,MSFT
2026-09-10 12:46:00-04:00,493.4009094238281,MSFT
2026-09-10 12:47:00-04:00,493.3485107421875,MSFT
2026-09-10 12:48:00-04:00,493.2265930175781,MSFT
2026-09-10 12:49:00-04:00,493.1300048828125,MSFT
2026-09-10 12:50:00-04:00,493.0950012207031,MSFT
2026-09-10 12:51:00-04:00,493.2799987792969,MSFT
2026-09-10 12:52:00-04:00,493.3900146484375,MSFT
2026-09-10 12:53:00-04:00,493.510009765625,MSFT
2026-09-10 12:54:00-04:00,493.635009765625,MSFT
2026-09-10 12:55:00-04:00,493.94000244140625,MSFT
2026-09-10 12:56:00-04:00,493.79998779296875,MSFT
2026-09-10 12:57:00-04:00,493.7749938964844,MSFT
2026-09-10 12:58:00-04:00,493.92999267578125,MSFT
2026-09-10 12:59:00-04:00,493.69000244140625,MSFT
2026-09-10 13:00:00-04:00,493.739990234375,MSFT
2026-09-10 13:01:00-04:00,493.9111022949219,MSFT
2026-09-10 13:02:00-04:00,493.8623046875,MSFT
2026-09-10 13:03:00-04:00,493.82000732421875,MSFT
2026-09-10 13:04:00-04:00,493.9649963378906,MSFT
2026-09-10 13:05:00-04:00,494.07000732421875,MSFT
2026-09-10 13:06:00-04:00,493.864990234375,MSFT
2026-09-10 13:07:00-04:00,493.7799987792969,MSFT
2026-09-10 13:08:00-04:00,493.760009765625,MSFT
2026-09-10 13:09:00-04:00,493.947509765625,MSFT
2026-09-10 13:10:00-04:00,494.44000244140625,MSFT
2026-09-10 13:11:00-04:00,494.42498779296875,MSFT
2026-09-10 13:12:00-04:00,494.3399963378906,MSFT
2026-09-10 13:13:00-04:00,494.2900085449219,MSFT
2026-09-10 13:14:00-04:00,494.17999267578125,MSFT
2026-09-10 13:15:00-04:00,494.1993103027344,MSFT
2026-09-10 13:16:00-04:00,494.3299865722656,MSFT
2026-09-10 13:17:00-04:00,494.1449890136719,MSFT
2026-09-10 13:18:00-04:00,493.68499755859375,MSFT
2026-09-10 13:19:00-04:00,493.6300048828125,MSFT
2026-09-10 13:20:00-04:00,493.44000244140625,MSFT
2026-09-10 13:21:00-04:00,493.3411865234375,MSFT
2026-09-10 13:22:00-04:00,493.2980041503906,MSFT
2026-09-10 13:23:00-04:00,493.1449890136719,MSFT
2026-09-10 13:24:00-04:00,492.9299011230469,MSFT
2026-09-10 13:25:00-04:00,493.09991455078125,MSFT
2026-09-10 13:26:00-04:00,492.9700012207031,MSFT
2026-09-10 13:27:00-04:00,493.010009765625,MSFT
2026-09-10 13:28:00-04:00,492.8700866699219,MSFT
2026-09-10 13:29:00-04:00,492.6400146484375,MSFT
2026-09-10 13:30:00-04:00,492.7749938964844,MSFT
2026-09-10 13:31:00-04:00,492.6300048828125,MSFT
2026-09-10 13:32:00-04:00,492.54998779296875,MSFT
2026-09-10 13:33:00-04:00,492.3900146484375,MSFT
2026-09-10 13:34:00-04:00,492.4949951171875,MSFT
2026-09-10 13:35:00-04:00,492.45001220703125,MSFT
2026-09-10 13:36:00-04:00,492.3800048828125,MSFT
2026-09-10 13:37:00-04:00,491.9800109863281,MSFT
2026-09-10 13:38:00-04:00,492.06500244140625,MSFT
2026-09-10 13:39:00-04:00,491.7950134277344,MSFT
2026-09-10 13:40:00-04:00,491.9200134277344,MSFT
2026-09-10 13:41:00-04:00,492.260009765625,MSFT
2026-09-10 13:42:00-04:00,492.3110046386719,MSFT
2026-09-10 13:43:00-04:00,492.2900085449219,MSFT
2026-09-10 13:44:00-04:00,492.4800109863281,MSFT
2026-09-10 13:45:00-04:00,492.3800048828125,MSFT
2026-09-10 13:46:00-04:00,492.3699951171875,MSFT
2026-09-10 13:47:00-04:00,492.4049987792969,MSFT
2026-09-10 13:48:00-04:00,492.2650146484375,MSFT
2026-09-10 13:49:00-04:00,492.3999938964844,MSFT
2026-09-10 13:50:00-04:00,492.57598876953125,MSFT
2026-09-10 13:51:00-04:00,492.6449890136719,MSFT
2026-09-10 13:52:00-04:00,492.68499755859375,MSFT
2026-09-10 13:53:00-04:00,492.54998779296875,MSFT
2026-09-10 13:54:00-04:00,492.3800048828125,MSFT
2026-09-10 13:55:00-04:00,492.2699890136719,MSFT
2026-09-10 13:56:00-04:00,492.4549865722656,MSFT
2026-09-10 13:57:00-04:00,492.239990234375,MSFT
2026-09-10 13:58:00-04:00,492.281005859375,MSFT
2026-09-10 13:59:00-04:00,492.1199951171875,MSFT
2026-09-10 14:00:00-04:00,492.0950012207031,MSFT
2026-09-10 14:01:00-04:00,491.8949890136719,MSFT
2026-09-10 14:02:00-04:00,491.8949890136719,MSFT
2026-09-10 14:03:00-04:00,491.7749938964844,MSFT
2026-09-10 14:04:00-04:00,491.81500244140625,MSFT
2026-09-10 14:05:00-04:00,491.8500061035156,MSFT
2026-09-10 14:06:00-04:00,491.6449890136719,MSFT
2026-09-10 14:07:00-04:00,491.6300048828125,MSFT
2026-09-10 14:08:00-04:00,491.60009765625,MSFT
2026-09-10 14:09:00-04:00,491.3999938964844,MSFT
2026-09-10 14:10:00-04:00,491.3800048828125,MSFT
2026-09-10 14:11:00-04:00,491.3258056640625,MSFT
2026-09-10 14:12:00-04:00,491.2699890136719,MSFT
2026-09-10 14:13:00-04:00,491.1903076171875,MSFT
2026-09-10 14:14:00-04:00,491.0880126953125,MSFT
2026-09-10 14:15:00-04:00,491.0199890136719,MSFT
2026-09-10 14:16:00-04:00,490.3810119628906,MSFT
2026-09-10 14:17:00-04:00,490.6400146484375,MSFT
2026-09-10 14:18:00-04:00,490.7300109863281,MSFT
2026-09-10 14:19:00-04:00,490.96710205078125,MSFT
2026-09-10 14:20:00-04:00,491.2099914550781,MSFT
2026-09-10 14:21:00-04:00,491.1000061035156,MSFT
2026-09-10 14:22:00-04:00,491.35089111328125,MSFT
2026-09-10 14:23:00-04:00,491.17498779296875,MSFT
2026-09-10 14:24:00-04:00,491.125,MSFT
2026-09-10 14:25:00-04:00,490.875,MSFT
2026-09-10 14:26:00-04:00,490.875,MSFT
2026-09-10 14:27:00-04:00,490.885009765625,MSFT
2026-09-10 14:28:00-04:00,490.8924865722656,MSFT
2026-09-10 14:29:00-04:00,490.864990234375,MSFT
2026-09-10 14:30:00-04:00,490.82000732421875,MSFT
2026-09-10 14:31:00-04:00,490.8599853515625,MSFT
2026-09-10 14:32:00-04:00,490.8349914550781,MSFT
2026-09-10 14:33:00-04:00,490.739990234375,MSFT
2026-09-10 14:34:00-04:00,490.989990234375,MSFT
2026-09-10 14:35:00-04:00,491.07000732421875,MSFT
2026-09-10 14:36:00-04:00,490.875,MSFT
2026-09-10 14:37:00-04:00,490.79998779296875,MSFT
2026-09-10 14:38:00-04:00,490.8299865722656,MSFT
2026-09-10 14:39:00-04:00,490.8550109863281,MSFT
2026-09-10 14:40:00-04:00,491.125,MSFT
2026-09-10 14:41:00-04:00,491.1199951171875,MSFT
2026-09-10 14:42:00-04:00,491.2749938964844,MSFT
2026-09-10 14:43:00-04:00,491.42999267578125,MSFT
2026-09-10 14:44:00-04:00,491.3800048828125,MSFT
2026-09-10 14:45:00-04:00,491.3450012207031,MSFT
2026-09-10 14:46:00-04:00,491.42498779296875,MSFT
2026-09-10 14:47:00-04:00,491.44000244140625,MSFT
2026-09-10 14:48:00-04:00,491.2380065917969,MSFT
2026-09-10 14:49:00-04:00,491.2923889160156,MSFT
2026-09-10 14:50:00-04:00,491.2449951171875,MSFT
2026-09-10 14:51:00-04:00,491.4580993652344,MSFT
2026-09-10 14:52:00-04:00,491.6400146484375,MSFT
2026-09-10 14:53:00-04:00,491.29998779296875,MSFT
2026-09-10 14:54:00-04:00,491.2950134277344,MSFT
2026-09-10 14:55:00-04:00,491.45001220703125,MSFT
2026-09-10 14:56:00-04:00,491.1700134277344,MSFT
2026-09-10 14:57:00-04:00,490.9200134277344,MSFT
2026-09-10 14:58:00-04:00,490.8900146484375,MSFT
2026-09-10 14:59:00-04:00,490.82000732421875,MSFT
2026-09-10 15:00:00-04:00,490.6600036621094,MSFT
2026-09-10 15:01:00-04:00,490.57000732421875,MSFT
2026-09-10 15:02:00-04:00,490.625,MSFT
2026-09-10 15:03:00-04:00,490.57000732421875,MSFT
2026-09-10 15:04:00-04:00,490.54998779296875,MSFT
2026-09-10 15:05:00-04:00,490.70001220703125,MSFT
2026-09-10 15:06:00-04:00,490.8399963378906,MSFT
2026-09-10 15:07:00-04:00,490.95001220703125,MSFT
2026-09-10 15:08:00-04:00,490.8999938964844,MSFT
2026-09-10 15:09:00-04:00,491.2699890136719,MSFT
2026-09-10 15:10:00-04:00,491.0,MSFT
2026-09-10 15:11:00-04:00,490.95001220703125,MSFT
2026-09-10 15:12:00-04:00,491.07501220703125,MSFT
2026-09-10 15:13:00-04:00,491.135009765625,MSFT
2026-09-10 15:14:00-04:00,491.07501220703125,MSFT
2026-09-10 15:15:00-04:00,490.739990234375,MSFT
2026-09-10 15:16:00-04:00,490.92999267578125,MSFT
2026-09-10 15:17:00-04:00,490.9100036621094,MSFT
2026-09-10 15:18:00-04:00,490.9649963378906,MSFT
2026-09-10 15:19:00-04:00,490.92999267578125,MSFT
2026-09-10 15:20:00-04:00,490.7300109863281,MSFT
2026-09-10 15:21:00-04:00,490.7695007324219,MSFT
2026-09-10 15:22:00-04:00,490.68011474609375,MSFT
2026-09-10 15:23:00-04:00,490.7349853515625,MSFT
2026-09-10 15:24:00-04:00,490.9800109863281,MSFT
2026-09-10 15:25:00-04:00,490.6099853515625,MSFT
2026-09-10 15:26:00-04:00,490.5199890136719,MSFT
2026-09-10 15:27:00-04:00,490.3999938964844,MSFT
2026-09-10 15:28:00-04:00,490.2500915527344,MSFT
2026-09-10 15:29:00-04:00,490.2699890136719,MSFT
2026-09-10 15:30:00-04:00,490.1400146484375,MSFT
2026-09-10 15:31:00-04:00,490.2850036621094,MSFT
2026-09-10 15:32:00-04:00,490.3999938964844,MSFT
2026-09-10 15:33:00-04:00,490.510009765625,MSFT
2026-09-10 15:34:00-04:00,490.6099853515625,MSFT
2026-09-10 15:35:00-04:00,490.6346130371094,MSFT
2026-09-10 15:36:00-04:00,490.8399963378906,MSFT
2026-09-10 15:37:00-04:00,490.8500061035156,MSFT
2026-09-10 15:38:00-04:00,491.20001220703125,MSFT
2026-09-10 15:39:00-04:00,491.05010986328125,MSFT
2026-09-10 15:40:00-04:00,491.04998779296875,MSFT
2026-09-10 15:41:00-04:00,491.3299865722656,MSFT
2026-09-10 15:42:00-04:00,491.3500061035156,MSFT
2026-09-10 15:43:00-04:00,491.5799865722656,MSFT
2026-09-10 15:44:00-04:00,491.5950012207031,MSFT
2026-09-10 15:45:00-04:00,491.4700012207031,MSFT
2026-09-10 15:46:00-04:00,491.260009765625,MSFT
2026-09-10 15:47:00-04:00,491.427001953125,MSFT
2026-09-10 15:48:00-04:00,491.385009765625,MSFT
2026-09-10 15:49:00-04:00,491.7694091796875,MSFT
2026-09-10 15:50:00-04:00,491.9700012207031,MSFT
2026-09-10 15:51:00-04:00,491.8599853515625,MSFT
2026-09-10 15:52:00-04:00,491.9750061035156,MSFT
2026-09-10 15:53:00-04:00,491.8450012207031,MSFT
2026-09-10 15:54:00-04:00,492.3999938964844,MSFT
2026-09-10 15:55:00-04:00,492.54998779296875,MSFT
2026-09-10 15:56:00-04:00,492.7300109863281,MSFT
2026-09-10 15:57:00-04:00,492.6600036621094,MSFT
2026-09-10 15:58:00-04:00,492.70001220703125,MSFT
2026-09-10 15:59:00-04:00,492.489990234375,MSFT
2026-09-11 09:30:00-04:00,495.4750061035156,MSFT
2026-09-11 09:31:00-04:00,493.70001220703125,MSFT
2026-09-11 09:32:00-04:00,494.55999755859375,MSFT
2026-09-11 09:33:00-04:00,496.4549865722656,MSFT
2026-09-11 09:34:00-04:00,496.54998779296875,MSFT
2026-09-11 09:35:00-04:00,496.5199890136719,MSFT
2026-09-11 09:36:00-04:00,496.6099853515625,MSFT
2026-09-11 09:37:00-04:00,497.6199951171875,MSFT
2026-09-11 09:38:00-04:00,498.67999267578125,MSFT
2026-09-11 09:39:00-04:00,496.5299987792969,MSFT
2026-09-11 09:40:00-04:00,495.77191162109375,MSFT
2026-09-11 09:41:00-04:00,495.79998779296875,MSFT
2026-09-11 09:42:00-04:00,495.4750061035156,MSFT
2026-09-11 09:43:00-04:00,495.7250061035156,MSFT
2026-09-11 09:44:00-04:00,495.510009765625,MSFT
2026-09-11 09:45:00-04:00,495.989990234375,MSFT
2026-09-11 09:46:00-04:00,496.19000244140625,MSFT
2026-09-11 09:47:00-04:00,495.4800109863281,MSFT
2026-09-11 09:48:00-04:00,495.572509765625,MSFT
2026-09-11 09:49:00-04:00,495.7701110839844,MSFT
2026-09-11 09:50:00-04:00,496.81500244140625,MSFT
2026-09-11 09:51:00-04:00,496.10009765625,MSFT
2026-09-11 09:52:00-04:00,496.75,MSFT
2026-09-11 09:53:00-04:00,495.8550109863281,MSFT
2026-09-11 09:54:00-04:00,496.7799987792969,MSFT
2026-09-11 09:55:00-04:00,497.04998779296875,MSFT
2026-09-11 09:56:00-04:00,497.25,MSFT
2026-09-11 09:57:00-04:00,497.6400146484375,MSFT
2026-09-11 09:58:00-04:00,497.7550048828125,MSFT
2026-09-11 09:59:00-04:00,498.54998779296875,MSFT
2026-09-11 10:00:00-04:00,498.0,MSFT
2026-09-11 10:01:00-04:00,497.19000244140625,MSFT
2026-09-11 10:02:00-04:00,497.1099853515625,MSFT
2026-09-11 10:03:00-04:00,497.54998779296875,MSFT
2026-09-11 10:04:00-04:00,498.1199951171875,MSFT
2026-09-11 10:05:00-04:00,497.1400146484375,MSFT
2026-09-11 10:06:00-04:00,497.4700012207031,MSFT
2026-09-11 10:07:00-04:00,497.375,MSFT
2026-09-11 10:08:00-04:00,496.9700012207031,MSFT
2026-09-11 10:09:00-04:00,497.06048583984375,MSFT
2026-09-11 10:10:00-04:00,496.68499755859375,MSFT
2026-09-11 10:11:00-04:00,496.0450134277344,MSFT
2026-09-11 10:12:00-04:00,496.04998779296875,MSFT
2026-09-11 10:13:00-04:00,496.25,MSFT
2026-09-11 10:14:00-04:00,495.6549987792969,MSFT
2026-09-11 10:15:00-04:00,495.5350036621094,MSFT
2026-09-11 10:16:00-04:00,495.5799865722656,MSFT
2026-09-11 10:17:00-04:00,494.760009765625,MSFT
2026-09-11 10:18:00-04:00,495.30999755859375,MSFT
2026-09-11 10:19:00-04:00,495.29998779296875,MSFT
2026-09-11 10:20:00-04:00,495.3399963378906,MSFT
2026-09-11 10:21:00-04:00,495.260009765625,MSFT
2026-09-11 10:22:00-04:00,495.3399963378906,MSFT
2026-09-11 10:23:00-04:00,495.6549987792969,MSFT
2026-09-11 10:24:00-04:00,495.7300109863281,MSFT
2026-09-11 10:25:00-04:00,495.45001220703125,MSFT
2026-09-11 10:26:00-04:00,495.3900146484375,MSFT
2026-09-11 10:27:00-04:00,494.9599914550781,MSFT
2026-09-11 10:28:00-04:00,495.1449890136719,MSFT
2026-09-11 10:29:00-04:00,495.1300048828125,MSFT
2026-09-11 10:30:00-04:00,495.5049133300781,MSFT
2026-09-11 10:31:00-04:00,495.2900085449219,MSFT
2026-09-11 10:32:00-04:00,495.0050048828125,MSFT
2026-09-11 10:33:00-04:00,494.7550048828125,MSFT
2026-09-11 10:34:00-04:00,494.6159973144531,MSFT
2026-09-11 10:35:00-04:00,494.7699890136719,MSFT
2026-09-11 10:36:00-04:00,495.1199951171875,MSFT
2026-09-11 10:37:00-04:00,495.1400146484375,MSFT
2026-09-11 10:38:00-04:00,494.9049987792969,MSFT
2026-09-11 10:39:00-04:00,494.8900146484375,MSFT
2026-09-11 10:40:00-04:00,494.7699890136719,MSFT
2026-09-11 10:41:00-04:00,494.6050109863281,MSFT
2026-09-11 10:42:00-04:00,494.4599914550781,MSFT
2026-09-11 10:43:00-04:00,493.8399963378906,MSFT
2026-09-11 10:44:00-04:00,494.239990234375,MSFT
2026-09-11 10:45:00-04:00,494.2850036621094,MSFT
2026-09-11 10:46:00-04:00,494.1199951171875,MSFT
2026-09-11 10:47:00-04:00,493.6050109863281,MSFT
2026-09-11 10:48:00-04:00,493.739990234375,MSFT
2026-09-11 10:49:00-04:00,493.3999938964844,MSFT
2026-09-11 10:50:00-04:00,493.444091796875,MSFT
2026-09-11 10:51:00-04:00,493.4800109863281,MSFT
2026-09-11 10:52:00-04:00,493.3381042480469,MSFT
2026-09-11 10:53:00-04:00,493.5199890136719,MSFT
2026-09-11 10:54:00-04:00,493.3349914550781,MSFT
2026-09-11 10:55:00-04:00,493.55999755859375,MSFT
2026-09-11 10:56:00-04:00,493.3800048828125,MSFT
2026-09-11 10:57:00-04:00,493.3450012207031,MSFT
2026-09-11 10:58:00-04:00,492.8949890136719,MSFT
2026-09-11 10:59:00-04:00,493.00311279296875,MSFT
2026-09-11 11:00:00-04:00,493.0,MSFT
2026-09-11 11:01:00-04:00,493.2200012207031,MSFT
2026-09-11 11:02:00-04:00,493.0150146484375,MSFT
2026-09-11 11:03:00-04:00,493.0799865722656,MSFT
2026-09-11 11:04:00-04:00,492.9750061035156,MSFT
2026-09-11 11:05:00-04:00,493.2349853515625,MSFT
2026-09-11 11:06:00-04:00,494.3299865722656,MSFT
2026-09-11 11:07:00-04:00,494.42999267578125,MSFT
2026-09-11 11:08:00-04:00,494.07501220703125,MSFT
2026-09-11 11:09:00-04:00,494.19500732421875,MSFT
2026-09-11 11:10:00-04:00,494.1549987792969,MSFT
2026-09-11 11:11:00-04:00,494.0899963378906,MSFT
2026-09-11 11:12:00-04:00,494.42999267578125,MSFT
2026-09-11 11:13:00-04:00,494.2200012207031,MSFT
2026-09-11 11:14:00-04:00,494.44000244140625,MSFT
2026-09-11 11:15:00-04:00,494.7030029296875,MSFT
2026-09-11 11:16:00-04:00,494.6199951171875,MSFT
2026-09-11 11:17:00-04:00,495.20001220703125,MSFT
2026-09-11 11:18:00-04:00,495.43499755859375,MSFT
2026-09-11 11:19:00-04:00,495.1449890136719,MSFT
2026-09-11 11:20:00-04:00,495.29998779296875,MSFT
2026-09-11 11:21:00-04:00,495.6252136230469,MSFT
2026-09-11 11:22:00-04:00,495.57000732421875,MSFT
2026-09-11 11:23:00-04:00,495.45001220703125,MSFT
2026-09-11 11:24:00-04:00,495.7900085449219,MSFT
2026-09-11 11:25:00-04:00,495.8699951171875,MSFT
2026-09-11 11:26:00-04:00,496.1199951171875,MSFT
2026-09-11 11:27:00-04:00,496.70001220703125,MSFT
2026-09-11 11:28:00-04:00,496.69000244140625,MSFT
2026-09-11 11:29:00-04:00,496.7799987792969,MSFT
2026-09-11 11:30:00-04:00,496.6600036621094,MSFT
2026-09-11 11:31:00-04:00,496.6549987792969,MSFT
2026-09-11 11:32:00-04:00,496.7699890136719,MSFT
2026-09-11 11:33:00-04:00,497.05999755859375,MSFT
2026-09-11 11:34:00-04:00,496.7049865722656,MSFT
2026-09-11 11:35:00-04:00,496.3900146484375,MSFT
2026-09-11 11:36:00-04:00,496.2900085449219,MSFT
2026-09-11 11:37:00-04:00,496.1059875488281,MSFT
2026-09-11 11:38:00-04:00,496.44000244140625,MSFT
2026-09-11 11:39:00-04:00,496.4049987792969,MSFT
2026-09-11 11:40:00-04:00,496.6050109863281,MSFT
2026-09-11 11:41:00-04:00,497.19000244140625,MSFT
2026-09-11 11:42:00-04:00,496.9460144042969,MSFT
2026-09-11 11:43:00-04:00,497.1199951171875,MSFT
2026-09-11 11:44:00-04:00,496.7200012207031,MSFT
2026-09-11 11:45:00-04:00,496.54998779296875,MSFT
2026-09-11 11:46:00-04:00,496.3550109863281,MSFT
2026-09-11 11:47:00-04:00,496.3500061035156,MSFT
2026-09-11 11:48:00-04:00,495.8900146484375,MSFT
2026-09-11 11:49:00-04:00,496.05499267578125,MSFT
2026-09-11 11:50:00-04:00,496.0050048828125,MSFT
2026-09-11 11:51:00-04:00,496.0,MSFT
2026-09-11 11:52:00-04:00,495.94000244140625,MSFT
2026-09-11 11:53:00-04:00,495.44000244140625,MSFT
2026-09-11 11:54:00-04:00,495.3116149902344,MSFT
2026-09-11 11:55:00-04:00,495.30999755859375,MSFT
2026-09-11 11:56:00-04:00,495.0450134277344,MSFT
2026-09-11 11:57:00-04:00,494.4100036621094,MSFT
2026-09-11 11:58:00-04:00,494.3858947753906,MSFT
2026-09-11 11:59:00-04:00,494.56500244140625,MSFT
2026-09-11 12:00:00-04:00,495.510009765625,MSFT
2026-09-11 12:01:00-04:00,495.7250061035156,MSFT
2026-09-11 12:02:00-04:00,496.010009765625,MSFT
2026-09-11 12:03:00-04:00,496.07501220703125,MSFT
2026-09-11 12:04:00-04:00,496.30999755859375,MSFT
2026-09-11 12:05:00-04:00,496.4007873535156,MSFT
2026-09-11 12:06:00-04:00,496.5150146484375,MSFT
2026-09-11 12:07:00-04:00,495.7850036621094,MSFT
2026-09-11 12:08:00-04:00,495.9599914550781,MSFT
2026-09-11 12:09:00-04:00,496.0450134277344,MSFT
2026-09-11 12:10:00-04:00,496.010009765625,MSFT
2026-09-11 12:11:00-04:00,496.1099853515625,MSFT
2026-09-11 12:12:00-04:00,495.8949890136719,MSFT
2026-09-11 12:13:00-04:00,495.57501220703125,MSFT
2026-09-11 12:14:00-04:00,495.7200012207031,MSFT
2026-09-11 12:15:00-04:00,495.8450012207031,MSFT
2026-09-11 12:16:00-04:00,495.67999267578125,MSFT
2026-09-11 12:17:00-04:00,495.57000732421875,MSFT
2026-09-11 12:18:00-04:00,495.739990234375,MSFT
2026-09-11 12:19:00-04:00,495.9599914550781,MSFT
2026-09-11 12:20:00-04:00,495.80999755859375,MSFT
2026-09-11 12:21:00-04:00,495.8399963378906,MSFT
2026-09-11 12:22:00-04:00,495.7225036621094,MSFT
2026-09-11 12:23:00-04:00,495.8949890136719,MSFT
2026-09-11 12:24:00-04:00,495.7799987792969,MSFT
2026-09-11 12:25:00-04:00,495.7349853515625,MSFT
2026-09-11 12:26:00-04:00,495.3999938964844,MSFT
2026-09-11 12:27:00-04:00,495.4049987792969,MSFT
2026-09-11 12:28:00-04:00,495.4200134277344,MSFT
2026-09-11 12:29:00-04:00,495.2749938964844,MSFT
2026-09-11 12:30:00-04:00,495.32000732421875,MSFT
2026-09-11 12:31:00-04:00,495.1499938964844,MSFT
2026-09-11 12:32:00-04:00,495.44000244140625,MSFT
2026-09-11 12:33:00-04:00,495.7449951171875,MSFT
2026-09-11 12:34:00-04:00,495.7099914550781,MSFT
2026-09-11 12:35:00-04:00,495.5450134277344,MSFT
2026-09-11 12:36:00-04:00,495.43499755859375,MSFT
2026-09-11 12:37:00-04:00,495.2749938964844,MSFT
2026-09-11 12:38:00-04:00,495.239990234375,MSFT
2026-09-11 12:39:00-04:00,495.04998779296875,MSFT
2026-09-11 12:40:00-04:00,495.42999267578125,MSFT
2026-09-11 12:41:00-04:00,495.2099914550781,MSFT
2026-09-11 12:42:00-04:00,495.17999267578125,MSFT
2026-09-11 12:43:00-04:00,495.3900146484375,MSFT
2026-09-11 12:44:00-04:00,495.5899963378906,MSFT
2026-09-11 12:45:00-04:00,495.5450134277344,MSFT
2026-09-11 12:46:00-04:00,495.67498779296875,MSFT
2026-09-11 12:47:00-04:00,495.6499938964844,MSFT
2026-09-11 12:48:00-04:00,495.6300048828125,MSFT
2026-09-11 12:49:00-04:00,495.4750061035156,MSFT
2026-09-11 12:50:00-04:00,495.25,MSFT
2026-09-11 12:51:00-04:00,494.625,MSFT
2026-09-11 12:52:00-04:00,494.7200012207031,MSFT
2026-09-11 12:53:00-04:00,494.7200012207031,MSFT
2026-09-11 12:54:00-04:00,494.7200012207031,MSFT
2026-09-11 12:55:00-04:00,494.6199951171875,MSFT
2026-09-11 12:56:00-04:00,494.5935974121094,MSFT
2026-09-11 12:57:00-04:00,494.2601013183594,MSFT
2026-09-11 12:58:00-04:00,494.3500061035156,MSFT
2026-09-11 12:59:00-04:00,494.19000244140625,MSFT
2026-09-11 13:00:00-04:00,494.42999267578125,MSFT
2026-09-11 13:01:00-04:00,494.42999267578125,MSFT
2026-09-11 13:02:00-04:00,494.635009765625,MSFT
2026-09-11 13:03:00-04:00,494.8399963378906,MSFT
2026-09-11 13:04:00-04:00,494.760009765625,MSFT
2026-09-11 13:05:00-04:00,494.8399963378906,MSFT
2026-09-11 13:06:00-04:00,494.7250061035156,MSFT
2026-09-11 13:07:00-04:00,494.69000244140625,MSFT
2026-09-11 13:08:00-04:00,494.75,MSFT
2026-09-11 13:09:00-04:00,494.65301513671875,MSFT
2026-09-11 13:10:00-04:00,494.760009765625,MSFT
2026-09-11 13:11:00-04:00,494.5400085449219,MSFT
2026-09-11 13:12:00-04:00,494.6549987792969,MSFT
2026-09-11 13:13:00-04:00,494.5700988769531,MSFT
2026-09-11 13:14:00-04:00,494.54998779296875,MSFT
2026-09-11 13:15:00-04:00,494.55999755859375,MSFT
2026-09-11 13:16:00-04:00,494.8800048828125,MSFT
2026-09-11 13:17:00-04:00,494.7699890136719,MSFT
2026-09-11 13:18:00-04:00,494.95001220703125,MSFT
2026-09-11 13:19:00-04:00,495.0899963378906,MSFT
2026-09-11 13:20:00-04:00,495.32000732421875,MSFT
2026-09-11 13:21:00-04:00,495.1600036621094,MSFT
2026-09-11 13:22:00-04:00,495.30999755859375,MSFT
2026-09-11 13:23:00-04:00,495.2950134277344,MSFT
2026-09-11 13:24:00-04:00,495.6199951171875,MSFT
2026-09-11 13:25:00-04:00,495.64990234375,MSFT
2026-09-11 13:26:00-04:00,495.5299987792969,MSFT
2026-09-11 13:27:00-04:00,495.4800109863281,MSFT
2026-09-11 13:28:00-04:00,495.25,MSFT
2026-09-11 13:29:00-04:00,495.2799987792969,MSFT
2026-09-11 13:30:00-04:00,495.3800048828125,MSFT
2026-09-11 13:31:00-04:00,495.4049987792969,MSFT
2026-09-11 13:32:00-04:00,495.375,MSFT
2026-09-11 13:33:00-04:00,495.4700012207031,MSFT
2026-09-11 13:34:00-04:00,495.17999267578125,MSFT
2026-09-11 13:35:00-04:00,495.05999755859375,MSFT
2026-09-11 13:36:00-04:00,495.2799987792969,MSFT
2026-09-11 13:37:00-04:00,495.25,MSFT
2026-09-11 13:38:00-04:00,495.25,MSFT
2026-09-11 13:39:00-04:00,494.9599914550781,MSFT
2026-09-11 13:40:00-04:00,495.07000732421875,MSFT
2026-09-11 13:41:00-04:00,495.06500244140625,MSFT
2026-09-11 13:42:00-04:00,494.94500732421875,MSFT
2026-09-11 13:43:00-04:00,494.86279296875,MSFT
2026-09-11 13:44:00-04:00,494.8800048828125,MSFT
2026-09-11 13:45:00-04:00,494.75,MSFT
2026-09-11 13:46:00-04:00,494.7099914550781,MSFT
2026-09-11 13:47:00-04:00,494.8999938964844,MSFT
2026-09-11 13:48:00-04:00,494.9100036621094,MSFT
2026-09-11 13:49:00-04:00,495.1400146484375,MSFT
2026-09-11 13:50:00-04:00,495.0899963378906,MSFT
2026-09-11 13:51:00-04:00,495.1300048828125,MSFT
2026-09-11 13:52:00-04:00,495.04998779296875,MSFT
2026-09-11 13:53:00-04:00,495.0799865722656,MSFT
2026-09-11 13:54:00-04:00,495.1449890136719,MSFT
2026-09-11 13:55:00-04:00,495.17999267578125,MSFT
2026-09-11 13:56:00-04:00,495.32501220703125,MSFT
2026-09-11 13:57:00-04:00,495.2200012207031,MSFT
2026-09-11 13:58:00-04:00,495.1549987792969,MSFT
2026-09-11 13:59:00-04:00,495.24371337890625,MSFT
2026-09-11 14:00:00-04:00,495.3299865722656,MSFT
2026-09-11 14:01:00-04:00,495.42999267578125,MSFT
2026-09-11 14:02:00-04:00,495.4200134277344,MSFT
2026-09-11 14:03:00-04:00,495.5150146484375,MSFT
2026-09-11 14:04:00-04:00,495.3349914550781,MSFT
2026-09-11 14:05:00-04:00,495.30499267578125,MSFT
2026-09-11 14:06:00-04:00,495.5,MSFT
2026-09-11 14:07:00-04:00,495.4200134277344,MSFT
2026-09-11 14:08:00-04:00,495.4150085449219,MSFT
2026-09-11 14:09:00-04:00,495.4800109863281,MSFT
2026-09-11 14:10:00-04:00,495.4981994628906,MSFT
2026-09-11 14:11:00-04:00,495.4200134277344,MSFT
2026-09-11 14:12:00-04:00,495.4200134277344,MSFT
2026-09-11 14:13:00-04:00,495.5000915527344,MSFT
2026-09-11 14:14:00-04:00,495.7298889160156,MSFT
2026-09-11 14:15:00-04:00,495.6400146484375,MSFT
2026-09-11 14:16:00-04:00,495.8299865722656,MSFT
2026-09-11 14:17:00-04:00,495.7200012207031,MSFT
2026-09-11 14:18:00-04:00,495.5450134277344,MSFT
2026-09-11 14:19:00-04:00,495.67999267578125,MSFT
2026-09-11 14:20:00-04:00,495.4049987792969,MSFT
2026-09-11 14:21:00-04:00,495.32000732421875,MSFT
2026-09-11 14:22:00-04:00,495.3349914550781,MSFT
2026-09-11 14:23:00-04:00,495.4100036621094,MSFT
2026-09-11 14:24:00-04:00,495.4700012207031,MSFT
2026-09-11 14:25:00-04:00,495.526611328125,MSFT
2026-09-11 14:26:00-04:00,495.5299987792969,MSFT
2026-09-11 14:27:00-04:00,495.7099914550781,MSFT
2026-09-11 14:28:00-04:00,495.92498779296875,MSFT
2026-09-11 14:29:00-04:00,495.9150085449219,MSFT
2026-09-11 14:30:00-04:00,495.9150085449219,MSFT
2026-09-11 14:31:00-04:00,495.760009765625,MSFT
2026-09-11 14:32:00-04:00,495.9100036621094,MSFT
2026-09-11 14:33:00-04:00,495.7799987792969,MSFT
2026-09-11 14:34:00-04:00,495.9700012207031,MSFT
2026-09-11 14:35:00-04:00,496.1300048828125,MSFT
2026-09-11 14:36:00-04:00,496.25,MSFT
2026-09-11 14:37:00-04:00,496.2300109863281,MSFT
2026-09-11 14:38:00-04:00,496.0249938964844,MSFT
2026-09-11 14:39:00-04:00,496.04998779296875,MSFT
2026-09-11 14:40:00-04:00,496.04998779296875,MSFT
2026-09-11 14:41:00-04:00,496.20001220703125,MSFT
2026-09-11 14:42:00-04:00,496.1600036621094,MSFT
2026-09-11 14:43:00-04:00,496.0799865722656,MSFT
2026-09-11 14:44:00-04:00,496.0950012207031,MSFT
2026-09-11 14:45:00-04:00,495.9049987792969,MSFT
2026-09-11 14:46:00-04:00,495.9200134277344,MSFT
2026-09-11 14:47:00-04:00,496.0400085449219,MSFT
2026-09-11 14:48:00-04:00,496.0150146484375,MSFT
2026-09-11 14:49:00-04:00,496.14990234375,MSFT
2026-09-11 14:50:00-04:00,496.2850036621094,MSFT
2026-09-11 14:51:00-04:00,496.3399963378906,MSFT
2026-09-11 14:52:00-04:00,496.3349914550781,MSFT
2026-09-11 14:53:00-04:00,496.4100036621094,MSFT
2026-09-11 14:54:00-04:00,496.45001220703125,MSFT
2026-09-11 14:55:00-04:00,496.54998779296875,MSFT
2026-09-11 14:56:00-04:00,496.6099853515625,MSFT
2026-09-11 14:57:00-04:00,496.6099853515625,MSFT
2026-09-11 14:58:00-04:00,496.5899963378906,MSFT
2026-09-11 14:59:00-04:00,496.6199951171875,MSFT
2026-09-11 15:00:00-04:00,496.69500732421875,MSFT
2026-09-11 15:01:00-04:00,496.6499938964844,MSFT
2026-09-11 15:02:00-04:00,496.7477111816406,MSFT
2026-09-11 15:03:00-04:00,496.7349853515625,MSFT
2026-09-11 15:04:00-04:00,496.96990966796875,MSFT
2026-09-11 15:05:00-04:00,496.875,MSFT
2026-09-11 15:06:00-04:00,496.89520263671875,MSFT
2026-09-11 15:07:00-04:00,496.9624938964844,MSFT
2026-09-11 15:08:00-04:00,496.94000244140625,MSFT
2026-09-11 15:09:00-04:00,496.8699951171875,MSFT
2026-09-11 15:10:00-04:00,496.82501220703125,MSFT
2026-09-11 15:11:00-04:00,496.9100036621094,MSFT
2026-09-11 15:12:00-04:00,497.0400085449219,MSFT
2026-09-11 15:13:00-04:00,497.1700134277344,MSFT
2026-09-11 15:14:00-04:00,497.17498779296875,MSFT
2026-09-11 15:15:00-04:00,497.135009765625,MSFT
2026-09-11 15:16:00-04:00,497.1700134277344,MSFT
2026-09-11 15:17:00-04:00,497.010009765625,MSFT
2026-09-11 15:18:00-04:00,496.94000244140625,MSFT
2026-09-11 15:19:00-04:00,496.94500732421875,MSFT
2026-09-11 15:20:00-04:00,497.1499938964844,MSFT
2026-09-11 15:21:00-04:00,496.9100036621094,MSFT
2026-09-11 15:22:00-04:00,496.80999755859375,MSFT
2026-09-11 15:23:00-04:00,496.92498779296875,MSFT
2026-09-11 15:24:00-04:00,496.8900146484375,MSFT
2026-09-11 15:25:00-04:00,496.9150085449219,MSFT
2026-09-11 15:26:00-04:00,497.07000732421875,MSFT
2026-09-11 15:27:00-04:00,497.05999755859375,MSFT
2026-09-11 15:28:00-04:00,496.989990234375,MSFT
2026-09-11 15:29:00-04:00,497.1400146484375,MSFT
2026-09-11 15:30:00-04:00,496.9800109863281,MSFT
2026-09-11 15:31:00-04:00,497.04010009765625,MSFT
2026-09-11 15:32:00-04:00,496.9599914550781,MSFT
2026-09-11 15:33:00-04:00,496.8999938964844,MSFT
2026-09-11 15:34:00-04:00,496.9847106933594,MSFT
2026-09-11 15:35:00-04:00,497.0409851074219,MSFT
2026-09-11 15:36:00-04:00,496.9200134277344,MSFT
2026-09-11 15:37:00-04:00,497.07000732421875,MSFT
2026-09-11 15:38:00-04:00,497.14990234375,MSFT
2026-09-11 15:39:00-04:00,497.1099853515625,MSFT
2026-09-11 15:40:00-04:00,497.1300048828125,MSFT
2026-09-11 15:41:00-04:00,497.010009765625,MSFT
2026-09-11 15:42:00-04:00,497.07000732421875,MSFT
2026-09-11 15:43:00-04:00,496.9801025390625,MSFT
2026-09-11 15:44:00-04:00,496.82000732421875,MSFT
2026-09-11 15:45:00-04:00,496.8548889160156,MSFT
2026-09-11 15:46:00-04:00,496.875,MSFT
2026-09-11 15:47:00-04:00,496.9800109863281,MSFT
2026-09-11 15:48:00-04:00,496.92010498046875,MSFT
2026-09-11 15:49:00-04:00,496.9599914550781,MSFT
2026-09-11 15:50:00-04:00,496.739990234375,MSFT
2026-09-11 15:51:00-04:00,496.739990234375,MSFT
2026-09-11 15:52:00-04:00,496.5899963378906,MSFT
2026-09-11 15:53:00-04:00,496.6199951171875,MSFT
2026-09-11 15:54:00-04:00,496.760009765625,MSFT
2026-09-11 15:55:00-04:00,496.3900146484375,MSFT
2026-09-11 15:56:00-04:00,496.2049865722656,MSFT
2026-09-11 15:57:00-04:00,496.239990234375,MSFT
2026-09-11 15:58:00-04:00,496.0199890136719,MSFT
2026-09-11 15:59:00-04:00,495.5799865722656,MSFT
