ts,close_price,asset
2026-09-02 09:30:00-04:00,219.63999938964844,NVDA
2026-09-02 09:31:00-04:00,219.55499267578125,NVDA
2026-09-02 09:32:00-04:00,219.5,NVDA
2026-09-02 09:33:00-04:00,219.1999969482422,NVDA
2026-09-02 09:34:00-04:00,219.86500549316406,NVDA
2026-09-02 09:35:00-04:00,219.47999572753906,NVDA
2026-09-02 09:36:00-04:00,219.6024932861328,NVDA
2026-09-02 09:37:00-04:00,219.50950622558594,NVDA
2026-09-02 09:38:00-04:00,219.69000244140625,NVDA
2026-09-02 09:39:00-04:00,219.8800048828125,NVDA
2026-09-02 09:40:00-04:00,219.89999389648438,NVDA
2026-09-02 09:41:00-04:00,219.9250030517578,NVDA
2026-09-02 09:42:00-04:00,219.97500610351562,NVDA
2026-09-02 09:43:00-04:00,219.4149932861328,NVDA
2026-09-02 09:44:00-04:00,219.5500946044922,NVDA
2026-09-02 09:45:00-04:00,219.55999755859375,NVDA
2026-09-02 09:46:00-04:00,219.58889770507812,NVDA
2026-09-02 09:47:00-04:00,219.6750030517578,NVDA
2026-09-02 09:48:00-04:00,219.7301025390625,NVDA
2026-09-02 09:49:00-04:00,219.94000244140625,NVDA
2026-09-02 09:50:00-04:00,220.0,NVDA
2026-09-02 09:51:00-04:00,219.9949951171875,NVDA
2026-09-02 09:52:00-04:00,220.00999450683594,NVDA
2026-09-02 09:53:00-04:00,220.02999877929688,NVDA
2026-09-02 09:54:00-04:00,219.8699951171875,NVDA
2026-09-02 09:55:00-04:00,219.6649932861328,NVDA
2026-09-02 09:56:00-04:00,219.98500061035156,NVDA
2026-09-02 09:57:00-04:00,219.7071075439453,NVDA
2026-09-02 09:58:00-04:00,220.154296875,NVDA
2026-09-02 09:59:00-04:00,221.4600067138672,NVDA
2026-09-02 10:00:00-04:00,221.5,NVDA
2026-09-02 10:01:00-04:00,221.72000122070312,NVDA
2026-09-02 10:02:00-04:00,221.67010498046875,NVDA
2026-09-02 10:03:00-04:00,221.72999572753906,NVDA
2026-09-02 10:04:00-04:00,221.91659545898438,NVDA
2026-09-02 10:05:00-04:00,222.2100067138672,NVDA
2026-09-02 10:06:00-04:00,222.15499877929688,NVDA
2026-09-02 10:07:00-04:00,222.67539978027344,NVDA
2026-09-02 10:08:00-04:00,222.65029907226562,NVDA
2026-09-02 10:09:00-04:00,222.21499633789062,NVDA
2026-09-02 10:10:00-04:00,222.40170288085938,NVDA
2026-09-02 10:11:00-04:00,222.46749877929688,NVDA
2026-09-02 10:12:00-04:00,222.36500549316406,NVDA
2026-09-02 10:13:00-04:00,222.14999389648438,NVDA
2026-09-02 10:14:00-04:00,222.42999267578125,NVDA
2026-09-02 10:15:00-04:00,222.42999267578125,NVDA
2026-09-02 10:16:00-04:00,222.514892578125,NVDA
2026-09-02 10:17:00-04:00,222.80999755859375,NVDA
2026-09-02 10:18:00-04:00,222.94000244140625,NVDA
2026-09-02 10:19:00-04:00,222.97250366210938,NVDA
2026-09-02 10:20:00-04:00,222.74020385742188,NVDA
2026-09-02 10:21:00-04:00,222.91000366210938,NVDA
2026-09-02 10:22:00-04:00,223.0399932861328,NVDA
2026-09-02 10:23:00-04:00,223.19000244140625,NVDA
2026-09-02 10:24:00-04:00,223.19000244140625,NVDA
2026-09-02 10:25:00-04:00,223.0399932861328,NVDA
2026-09-02 10:26:00-04:00,223.14010620117188,NVDA
2026-09-02 10:27:00-04:00,222.6649932861328,NVDA
2026-09-02 10:28:00-04:00,222.8000030517578,NVDA
2026-09-02 10:29:00-04:00,222.8300018310547,NVDA
2026-09-02 10:30:00-04:00,222.89149475097656,NVDA
2026-09-02 10:31:00-04:00,223.00790405273438,NVDA
2026-09-02 10:32:00-04:00,223.0500030517578,NVDA
2026-09-02 10:33:00-04:00,223.2550048828125,NVDA
2026-09-02 10:34:00-04:00,223.35499572753906,NVDA
2026-09-02 10:35:00-04:00,223.57000732421875,NVDA
2026-09-02 10:36:00-04:00,223.94500732421875,NVDA
2026-09-02 10:37:00-04:00,223.53500366210938,NVDA
2026-09-02 10:38:00-04:00,223.65499877929688,NVDA
2026-09-02 10:39:00-04:00,223.78500366210938,NVDA
2026-09-02 10:40:00-04:00,224.0,NVDA
2026-09-02 10:41:00-04:00,223.8699951171875,NVDA
2026-09-02 10:42:00-04:00,224.00999450683594,NVDA
2026-09-02 10:43:00-04:00,224.0200958251953,NVDA
2026-09-02 10:44:00-04:00,224.07000732421875,NVDA
2026-09-02 10:45:00-04:00,224.10330200195312,NVDA
2026-09-02 10:46:00-04:00,224.0500030517578,NVDA
2026-09-02 10:47:00-04:00,223.71499633789062,NVDA
2026-09-02 10:48:00-04:00,223.52999877929688,NVDA
2026-09-02 10:49:00-04:00,223.72999572753906,NVDA
2026-09-02 10:50:00-04:00,223.7949981689453,NVDA
2026-09-02 10:51:00-04:00,223.83999633789062,NVDA
2026-09-02 10:52:00-04:00,223.7449951171875,NVDA
2026-09-02 10:53:00-04:00,223.5532989501953,NVDA
2026-09-02 10:54:00-04:00,223.74000549316406,NVDA
2026-09-02 10:55:00-04:00,223.94500732421875,NVDA
2026-09-02 10:56:00-04:00,223.77000427246094,NVDA
2026-09-02 10:57:00-04:00,223.99000549316406,NVDA
2026-09-02 10:58:00-04:00,223.93499755859375,NVDA
2026-09-02 10:59:00-04:00,224.00140380859375,NVDA
2026-09-02 11:00:00-04:00,224.00999450683594,NVDA
2026-09-02 11:01:00-04:00,224.3699951171875,NVDA
2026-09-02 11:02:00-04:00,224.67999267578125,NVDA
2026-09-02 11:03:00-04:00,225.0749969482422,NVDA
2026-09-02 11:04:00-04:00,225.4499969482422,NVDA
2026-09-02 11:05:00-04:00,225.07000732421875,NVDA
2026-09-02 11:06:00-04:00,225.38009643554688,NVDA
2026-09-02 11:07:00-04:00,225.2899932861328,NVDA
2026-09-02 11:08:00-04:00,225.5,NVDA
2026-09-02 11:09:00-04:00,226.02000427246094,NVDA
2026-09-02 11:10:00-04:00,225.91000366210938,NVDA
2026-09-02 11:11:00-04:00,226.3300018310547,NVDA
2026-09-02 11:12:00-04:00,226.08090209960938,NVDA
2026-09-02 11:13:00-04:00,226.1300048828125,NVDA
2026-09-02 11:14:00-04:00,226.49000549316406,NVDA
2026-09-02 11:15:00-04:00,226.52999877929688,NVDA
2026-09-02 11:16:00-04:00,226.50999450683594,NVDA
2026-09-02 11:17:00-04:00,226.8800048828125,NVDA
2026-09-02 11:18:00-04:00,226.55999755859375,NVDA
2026-09-02 11:19:00-04:00,226.5500030517578,NVDA
2026-09-02 11:20:00-04:00,226.88999938964844,NVDA
2026-09-02 11:21:00-04:00,226.33009338378906,NVDA
2026-09-02 11:22:00-04:00,226.39999389648438,NVDA
2026-09-02 11:23:00-04:00,226.23980712890625,NVDA
2026-09-02 11:24:00-04:00,226.54989624023438,NVDA
2026-09-02 11:25:00-04:00,226.80999755859375,NVDA
2026-09-02 11:26:00-04:00,226.55999755859375,NVDA
2026-09-02 11:27:00-04:00,226.5236053466797,NVDA
2026-09-02 11:28:00-04:00,226.57000732421875,NVDA
2026-09-02 11:29:00-04:00,226.30999755859375,NVDA
2026-09-02 11:30:00-04:00,225.97999572753906,NVDA
2026-09-02 11:31:00-04:00,226.3800048828125,NVDA
2026-09-02 11:32:00-04:00,226.14990234375,NVDA
2026-09-02 11:33:00-04:00,226.21499633789062,NVDA
2026-09-02 11:34:00-04:00,226.0200958251953,NVDA
2026-09-02 11:35:00-04:00,225.94000244140625,NVDA
2026-09-02 11:36:00-04:00,225.9199981689453,NVDA
2026-09-02 11:37:00-04:00,226.02999877929688,NVDA
2026-09-02 11:38:00-04:00,226.00999450683594,NVDA
2026-09-02 11:39:00-04:00,226.25,NVDA
2026-09-02 11:40:00-04:00,226.29100036621094,NVDA
2026-09-02 11:41:00-04:00,226.4199981689453,NVDA
2026-09-02 11:42:00-04:00,226.52000427246094,NVDA
2026-09-02 11:43:00-04:00,226.80050659179688,NVDA
2026-09-02 11:44:00-04:00,227.0299072265625,NVDA
2026-09-02 11:45:00-04:00,226.7899932861328,NVDA
2026-09-02 11:46:00-04:00,227.05039978027344,NVDA
2026-09-02 11:47:00-04:00,227.1999969482422,NVDA
2026-09-02 11:48:00-04:00,227.22999572753906,NVDA
2026-09-02 11:49:00-04:00,227.49009704589844,NVDA
2026-09-02 11:50:00-04:00,226.99000549316406,NVDA
2026-09-02 11:51:00-04:00,227.42999267578125,NVDA
2026-09-02 11:52:00-04:00,227.6865997314453,NVDA
2026-09-02 11:53:00-04:00,227.25,NVDA
2026-09-02 11:54:00-04:00,227.44500732421875,NVDA
2026-09-02 11:55:00-04:00,227.38499450683594,NVDA
2026-09-02 11:56:00-04:00,227.3300018310547,NVDA
2026-09-02 11:57:00-04:00,227.36000061035156,NVDA
2026-09-02 11:58:00-04:00,227.66000366210938,NVDA
2026-09-02 11:59:00-04:00,227.61000061035156,NVDA
2026-09-02 12:00:00-04:00,227.5102996826172,NVDA
2026-09-02 12:01:00-04:00,227.50999450683594,NVDA
2026-09-02 12:02:00-04:00,227.19000244140625,NVDA
2026-09-02 12:03:00-04:00,227.35499572753906,NVDA
2026-09-02 12:04:00-04:00,227.52999877929688,NVDA
2026-09-02 12:05:00-04:00,227.33999633789062,NVDA
2026-09-02 12:06:00-04:00,227.56500244140625,NVDA
2026-09-02 12:07:00-04:00,227.64999389648438,NVDA
2026-09-02 12:08:00-04:00,227.80499267578125,NVDA
2026-09-02 12:09:00-04:00,227.48500061035156,NVDA
2026-09-02 12:10:00-04:00,227.67999267578125,NVDA
2026-09-02 12:11:00-04:00,227.3699951171875,NVDA
2026-09-02 12:12:00-04:00,227.17010498046875,NVDA
2026-09-02 12:13:00-04:00,227.2303009033203,NVDA
2026-09-02 12:14:00-04:00,227.42999267578125,NVDA
2026-09-02 12:15:00-04:00,227.3800048828125,NVDA
2026-09-02 12:16:00-04:00,227.4149932861328,NVDA
2026-09-02 12:17:00-04:00,227.27000427246094,NVDA
2026-09-02 12:18:00-04:00,227.3000030517578,NVDA
2026-09-02 12:19:00-04:00,227.2949981689453,NVDA
2026-09-02 12:20:00-04:00,227.27999877929688,NVDA
2026-09-02 12:21:00-04:00,227.2050018310547,NVDA
2026-09-02 12:22:00-04:00,227.0800018310547,NVDA
2026-09-02 12:23:00-04:00,227.02000427246094,NVDA
2026-09-02 12:24:00-04:00,227.09010314941406,NVDA
2026-09-02 12:25:00-04:00,227.0800018310547,NVDA
2026-09-02 12:26:00-04:00,226.90499877929688,NVDA
2026-09-02 12:27:00-04:00,226.85499572753906,NVDA
2026-09-02 12:28:00-04:00,226.92379760742188,NVDA
2026-09-02 12:29:00-04:00,227.0399932861328,NVDA
2026-09-02 12:30:00-04:00,227.1649932861328,NVDA
2026-09-02 12:31:00-04:00,227.27000427246094,NVDA
2026-09-02 12:32:00-04:00,227.34060668945312,NVDA
2026-09-02 12:33:00-04:00,227.2700958251953,NVDA
2026-09-02 12:34:00-04:00,227.37710571289062,NVDA
2026-09-02 12:35:00-04:00,227.28529357910156,NVDA
2026-09-02 12:36:00-04:00,227.13999938964844,NVDA
2026-09-02 12:37:00-04:00,227.17999267578125,NVDA
2026-09-02 12:38:00-04:00,226.92010498046875,NVDA
2026-09-02 12:39:00-04:00,226.70010375976562,NVDA
2026-09-02 12:40:00-04:00,226.6999969482422,NVDA
2026-09-02 12:41:00-04:00,226.6699981689453,NVDA
2026-09-02 12:42:00-04:00,226.47000122070312,NVDA
2026-09-02 12:43:00-04:00,226.36000061035156,NVDA
2026-09-02 12:44:00-04:00,226.1699981689453,NVDA
2026-09-02 12:45:00-04:00,226.20010375976562,NVDA
2026-09-02 12:46:00-04:00,226.2100067138672,NVDA
2026-09-02 12:47:00-04:00,226.07000732421875,NVDA
2026-09-02 12:48:00-04:00,226.0041961669922,NVDA
2026-09-02 12:49:00-04:00,226.02000427246094,NVDA
2026-09-02 12:50:00-04:00,225.889892578125,NVDA
2026-09-02 12:51:00-04:00,225.8300018310547,NVDA
2026-09-02 12:52:00-04:00,225.6199951171875,NVDA
2026-09-02 12:53:00-04:00,225.86000061035156,NVDA
2026-09-02 12:54:00-04:00,225.8800048828125,NVDA
2026-09-02 12:55:00-04:00,225.75,NVDA
2026-09-02 12:56:00-04:00,225.9949951171875,NVDA
2026-09-02 12:57:00-04:00,225.8498992919922,NVDA
2026-09-02 12:58:00-04:00,225.7570037841797,NVDA
2026-09-02 12:59:00-04:00,225.77679443359375,NVDA
2026-09-02 13:00:00-04:00,225.92999267578125,NVDA
2026-09-02 13:01:00-04:00,225.7519989013672,NVDA
2026-09-02 13:02:00-04:00,225.57200622558594,NVDA
2026-09-02 13:03:00-04:00,225.44000244140625,NVDA
2026-09-02 13:04:00-04:00,225.41000366210938,NVDA
2026-09-02 13:05:00-04:00,225.5,NVDA
2026-09-02 13:06:00-04:00,225.42999267578125,NVDA
2026-09-02 13:07:00-04:00,225.1199951171875,NVDA
2026-09-02 13:08:00-04:00,224.83999633789062,NVDA
2026-09-02 13:09:00-04:00,224.92930603027344,NVDA
2026-09-02 13:10:00-04:00,225.21240234375,NVDA
2026-09-02 13:11:00-04:00,225.07000732421875,NVDA
2026-09-02 13:12:00-04:00,225.1300048828125,NVDA
2026-09-02 13:13:00-04:00,225.18499755859375,NVDA
2026-09-02 13:14:00-04:00,225.22000122070312,NVDA
2026-09-02 13:15:00-04:00,225.22999572753906,NVDA
2026-09-02 13:16:00-04:00,225.11199951171875,NVDA
2026-09-02 13:17:00-04:00,224.9499969482422,NVDA
2026-09-02 13:18:00-04:00,224.8699951171875,NVDA
2026-09-02 13:19:00-04:00,224.8000946044922,NVDA
2026-09-02 13:20:00-04:00,224.88499450683594,NVDA
2026-09-02 13:21:00-04:00,224.95989990234375,NVDA
2026-09-02 13:22:00-04:00,224.92950439453125,NVDA
2026-09-02 13:23:00-04:00,224.97500610351562,NVDA
2026-09-02 13:24:00-04:00,225.02999877929688,NVDA
2026-09-02 13:25:00-04:00,225.22970581054688,NVDA
2026-09-02 13:26:00-04:00,225.37989807128906,NVDA
2026-09-02 13:27:00-04:00,225.20010375976562,NVDA
2026-09-02 13:28:00-04:00,225.34500122070312,NVDA
2026-09-02 13:29:00-04:00,225.5072021484375,NVDA
2026-09-02 13:30:00-04:00,225.50999450683594,NVDA
2026-09-02 13:31:00-04:00,225.360107421875,NVDA
2026-09-02 13:32:00-04:00,225.25,NVDA
2026-09-02 13:33:00-04:00,225.27999877929688,NVDA
2026-09-02 13:34:00-04:00,225.07949829101562,NVDA
2026-09-02 13:35:00-04:00,225.05999755859375,NVDA
2026-09-02 13:36:00-04:00,225.09010314941406,NVDA
2026-09-02 13:37:00-04:00,225.0800018310547,NVDA
2026-09-02 13:38:00-04:00,225.03500366210938,NVDA
2026-09-02 13:39:00-04:00,225.0500946044922,NVDA
2026-09-02 13:40:00-04:00,225.00999450683594,NVDA
2026-09-02 13:41:00-04:00,224.85000610351562,NVDA
2026-09-02 13:42:00-04:00,225.0102996826172,NVDA
2026-09-02 13:43:00-04:00,225.11000061035156,NVDA
2026-09-02 13:44:00-04:00,225.24000549316406,NVDA
2026-09-02 13:45:00-04:00,225.29159545898438,NVDA
2026-09-02 13:46:00-04:00,225.35499572753906,NVDA
2026-09-02 13:47:00-04:00,225.41000366210938,NVDA
2026-09-02 13:48:00-04:00,225.1300048828125,NVDA
2026-09-02 13:49:00-04:00,225.11500549316406,NVDA
2026-09-02 13:50:00-04:00,224.8874969482422,NVDA
2026-09-02 13:51:00-04:00,224.85000610351562,NVDA
2026-09-02 13:52:00-04:00,225.0399932861328,NVDA
2026-09-02 13:53:00-04:00,224.86500549316406,NVDA
2026-09-02 13:54:00-04:00,224.86000061035156,NVDA
2026-09-02 13:55:00-04:00,224.63699340820312,NVDA
2026-09-02 13:56:00-04:00,224.75010681152344,NVDA
2026-09-02 13:57:00-04:00,224.67759704589844,NVDA
2026-09-02 13:58:00-04:00,224.61500549316406,NVDA
2026-09-02 13:59:00-04:00,224.6699981689453,NVDA
2026-09-02 14:00:00-04:00,224.47000122070312,NVDA
2026-09-02 14:01:00-04:00,224.5800018310547,NVDA
2026-09-02 14:02:00-04:00,224.7050018310547,NVDA
2026-09-02 14:03:00-04:00,224.72500610351562,NVDA
2026-09-02 14:04:00-04:00,224.8300018310547,NVDA
2026-09-02 14:05:00-04:00,224.8249969482422,NVDA
2026-09-02 14:06:00-04:00,224.7899932861328,NVDA
2026-09-02 14:07:00-04:00,224.60000610351562,NVDA
2026-09-02 14:08:00-04:00,224.5399932861328,NVDA
2026-09-02 14:09:00-04:00,224.5850067138672,NVDA
2026-09-02 14:10:00-04:00,224.625,NVDA
2026-09-02 14:11:00-04:00,224.61000061035156,NVDA
2026-09-02 14:12:00-04:00,224.43499755859375,NVDA
2026-09-02 14:13:00-04:00,224.66000366210938,NVDA
2026-09-02 14:14:00-04:00,224.7050018310547,NVDA
2026-09-02 14:15:00-04:00,224.66000366210938,NVDA
2026-09-02 14:16:00-04:00,224.69009399414062,NVDA
2026-09-02 14:17:00-04:00,224.66900634765625,NVDA
2026-09-02 14:18:00-04:00,224.9803009033203,NVDA
2026-09-02 14:19:00-04:00,224.77999877929688,NVDA
2026-09-02 14:20:00-04:00,224.8350067138672,NVDA
2026-09-02 14:21:00-04:00,224.91000366210938,NVDA
2026-09-02 14:22:00-04:00,225.00999450683594,NVDA
2026-09-02 14:23:00-04:00,224.8679962158203,NVDA
2026-09-02 14:24:00-04:00,225.19000244140625,NVDA
2026-09-02 14:25:00-04:00,225.27999877929688,NVDA
2026-09-02 14:26:00-04:00,224.99000549316406,NVDA
2026-09-02 14:27:00-04:00,224.9250030517578,NVDA
2026-09-02 14:28:00-04:00,224.89500427246094,NVDA
2026-09-02 14:29:00-04:00,224.9600067138672,NVDA
2026-09-02 14:30:00-04:00,224.89999389648438,NVDA
2026-09-02 14:31:00-04:00,224.89999389648438,NVDA
2026-09-02 14:32:00-04:00,225.0399932861328,NVDA
2026-09-02 14:33:00-04:00,225.24000549316406,NVDA
2026-09-02 14:34:00-04:00,225.1575927734375,NVDA
2026-09-02 14:35:00-04:00,225.1999969482422,NVDA
2026-09-02 14:36:00-04:00,225.1094970703125,NVDA
2026-09-02 14:37:00-04:00,224.91299438476562,NVDA
2026-09-02 14:38:00-04:00,224.91009521484375,NVDA
2026-09-02 14:39:00-04:00,224.90029907226562,NVDA
2026-09-02 14:40:00-04:00,224.8300018310547,NVDA
2026-09-02 14:41:00-04:00,224.7100067138672,NVDA
2026-09-02 14:42:00-04:00,224.66000366210938,NVDA
2026-09-02 14:43:00-04:00,224.610107421875,NVDA
2026-09-02 14:44:00-04:00,224.72000122070312,NVDA
2026-09-02 14:45:00-04:00,224.6699981689453,NVDA
2026-09-02 14:46:00-04:00,224.67999267578125,NVDA
2026-09-02 14:47:00-04:00,224.6800994873047,NVDA
2026-09-02 14:48:00-04:00,224.7550048828125,NVDA
2026-09-02 14:49:00-04:00,224.77999877929688,NVDA
2026-09-02 14:50:00-04:00,224.67999267578125,NVDA
2026-09-02 14:51:00-04:00,224.5904998779297,NVDA
2026-09-02 14:52:00-04:00,224.39500427246094,NVDA
2026-09-02 14:53:00-04:00,224.34500122070312,NVDA
2026-09-02 14:54:00-04:00,224.3090057373047,NVDA
2026-09-02 14:55:00-04:00,224.3300018310547,NVDA
2026-09-02 14:56:00-04:00,224.38499450683594,NVDA
2026-09-02 14:57:00-04:00,224.30499267578125,NVDA
2026-09-02 14:58:00-04:00,224.5388946533203,NVDA
2026-09-02 14:59:00-04:00,224.5050048828125,NVDA
2026-09-02 15:00:00-04:00,224.34500122070312,NVDA
2026-09-02 15:01:00-04:00,224.26300048828125,NVDA
2026-09-02 15:02:00-04:00,224.2100067138672,NVDA
2026-09-02 15:03:00-04:00,224.36729431152344,NVDA
2026-09-02 15:04:00-04:00,224.4600067138672,NVDA
2026-09-02 15:05:00-04:00,224.58999633789062,NVDA
2026-09-02 15:06:00-04:00,224.5800018310547,NVDA
2026-09-02 15:07:00-04:00,224.40499877929688,NVDA
2026-09-02 15:08:00-04:00,224.39500427246094,NVDA
2026-09-02 15:09:00-04:00,224.44000244140625,NVDA
2026-09-02 15:10:00-04:00,224.4550018310547,NVDA
2026-09-02 15:11:00-04:00,224.47000122070312,NVDA
2026-09-02 15:12:00-04:00,224.53199768066406,NVDA
2026-09-02 15:13:00-04:00,224.5,NVDA
2026-09-02 15:14:00-04:00,224.49679565429688,NVDA
2026-09-02 15:15:00-04:00,224.36000061035156,NVDA
2026-09-02 15:16:00-04:00,224.40919494628906,NVDA
2026-09-02 15:17:00-04:00,224.5,NVDA
2026-09-02 15:18:00-04:00,224.57000732421875,NVDA
2026-09-02 15:19:00-04:00,224.58999633789062,NVDA
2026-09-02 15:20:00-04:00,224.5500030517578,NVDA
2026-09-02 15:21:00-04:00,224.6699981689453,NVDA
2026-09-02 15:22:00-04:00,224.69000244140625,NVDA
2026-09-02 15:23:00-04:00,224.57989501953125,NVDA
2026-09-02 15:24:00-04:00,224.42999267578125,NVDA
2026-09-02 15:25:00-04:00,224.4199981689453,NVDA
2026-09-02 15:26:00-04:00,224.5,NVDA
2026-09-02 15:27:00-04:00,224.39010620117188,NVDA
2026-09-02 15:28:00-04:00,224.38009643554688,NVDA
2026-09-02 15:29:00-04:00,224.39999389648438,NVDA
2026-09-02 15:30:00-04:00,224.23500061035156,NVDA
2026-09-02 15:31:00-04:00,224.3300018310547,NVDA
2026-09-02 15:32:00-04:00,224.33999633789062,NVDA
2026-09-02 15:33:00-04:00,224.2899932861328,NVDA
2026-09-02 15:34:00-04:00,224.27000427246094,NVDA
2026-09-02 15:35:00-04:00,223.96499633789062,NVDA
2026-09-02 15:36:00-04:00,223.8699951171875,NVDA
2026-09-02 15:37:00-04:00,223.75999450683594,NVDA
2026-09-02 15:38:00-04:00,223.85000610351562,NVDA
2026-09-02 15:39:00-04:00,223.99000549316406,NVDA
2026-09-02 15:40:00-04:00,224.09500122070312,NVDA
2026-09-02 15:41:00-04:00,224.0449981689453,NVDA
2026-09-02 15:42:00-04:00,223.8800048828125,NVDA
2026-09-02 15:43:00-04:00,224.0500030517578,NVDA
2026-09-02 15:44:00-04:00,224.00999450683594,NVDA
2026-09-02 15:45:00-04:00,224.2100067138672,NVDA
2026-09-02 15:46:00-04:00,224.1916961669922,NVDA
2026-09-02 15:47:00-04:00,224.139892578125,NVDA
2026-09-02 15:48:00-04:00,224.24000549316406,NVDA
2026-09-02 15:49:00-04:00,224.30999755859375,NVDA
2026-09-02 15:50:00-04:00,224.36990356445312,NVDA
2026-09-02 15:51:00-04:00,224.33799743652344,NVDA
2026-09-02 15:52:00-04:00,224.28500366210938,NVDA
2026-09-02 15:53:00-04:00,224.39720153808594,NVDA
2026-09-02 15:54:00-04:00,224.51499938964844,NVDA
2026-09-02 15:55:00-04:00,224.2700958251953,NVDA
2026-09-02 15:56:00-04:00,224.22999572753906,NVDA
2026-09-02 15:57:00-04:00,224.1999969482422,NVDA
2026-09-02 15:58:00-04:00,224.2209930419922,NVDA
2026-09-02 15:59:00-04:00,224.39999389648438,NVDA
2026-09-03 09:30:00-04:00,225.2100067138672,NVDA
2026-09-03 09:31:00-04:00,225.7200927734375,NVDA
2026-09-03 09:32:00-04:00,226.58999633789062,NVDA
2026-09-03 09:33:00-04:00,227.05999755859375,NVDA
2026-09-03 09:34:00-04:00,227.02000427246094,NVDA
2026-09-03 09:35:00-04:00,226.33999633789062,NVDA
2026-09-03 09:36:00-04:00,225.9199981689453,NVDA
2026-09-03 09:37:00-04:00,226.7050018310547,NVDA
2026-09-03 09:38:00-04:00,227.08999633789062,NVDA
2026-09-03 09:39:00-04:00,227.5500030517578,NVDA
2026-09-03 09:40:00-04:00,227.4600067138672,NVDA
2026-09-03 09:41:00-04:00,227.74000549316406,NVDA
2026-09-03 09:42:00-04:00,227.66000366210938,NVDA
2026-09-03 09:43:00-04:00,227.6699981689453,NVDA
2026-09-03 09:44:00-04:00,227.72999572753906,NVDA
2026-09-03 09:45:00-04:00,227.8800048828125,NVDA
2026-09-03 09:46:00-04:00,228.1199951171875,NVDA
2026-09-03 09:47:00-04:00,228.18499755859375,NVDA
2026-09-03 09:48:00-04:00,228.67559814453125,NVDA
2026-09-03 09:49:00-04:00,228.8000030517578,NVDA
2026-09-03 09:50:00-04:00,228.72000122070312,NVDA
2026-09-03 09:51:00-04:00,228.64999389648438,NVDA
2026-09-03 09:52:00-04:00,228.5,NVDA
2026-09-03 09:53:00-04:00,228.1508026123047,NVDA
2026-09-03 09:54:00-04:00,228.031005859375,NVDA
2026-09-03 09:55:00-04:00,227.9250030517578,NVDA
2026-09-03 09:56:00-04:00,227.47999572753906,NVDA
2026-09-03 09:57:00-04:00,227.66000366210938,NVDA
2026-09-03 09:58:00-04:00,228.2821044921875,NVDA
2026-09-03 09:59:00-04:00,228.27999877929688,NVDA
2026-09-03 10:00:00-04:00,228.30999755859375,NVDA
2026-09-03 10:01:00-04:00,228.91000366210938,NVDA
2026-09-03 10:02:00-04:00,228.58999633789062,NVDA
2026-09-03 10:03:00-04:00,228.33999633789062,NVDA
2026-09-03 10:04:00-04:00,228.0399932861328,NVDA
2026-09-03 10:05:00-04:00,227.9449005126953,NVDA
2026-09-03 10:06:00-04:00,227.9199981689453,NVDA
2026-09-03 10:07:00-04:00,227.67999267578125,NVDA
2026-09-03 10:08:00-04:00,227.97109985351562,NVDA
2026-09-03 10:09:00-04:00,228.00990295410156,NVDA
2026-09-03 10:10:00-04:00,227.8699951171875,NVDA
2026-09-03 10:11:00-04:00,228.14500427246094,NVDA
2026-09-03 10:12:00-04:00,228.14500427246094,NVDA
2026-09-03 10:13:00-04:00,228.11000061035156,NVDA
2026-09-03 10:14:00-04:00,228.08949279785156,NVDA
2026-09-03 10:15:00-04:00,228.35009765625,NVDA
2026-09-03 10:16:00-04:00,228.44000244140625,NVDA
2026-09-03 10:17:00-04:00,228.47500610351562,NVDA
2026-09-03 10:18:00-04:00,228.25999450683594,NVDA
2026-09-03 10:19:00-04:00,228.14239501953125,NVDA
2026-09-03 10:20:00-04:00,228.07000732421875,NVDA
2026-09-03 10:21:00-04:00,227.9600067138672,NVDA
2026-09-03 10:22:00-04:00,228.1649932861328,NVDA
2026-09-03 10:23:00-04:00,227.83999633789062,NVDA
2026-09-03 10:24:00-04:00,228.12379455566406,NVDA
2026-09-03 10:25:00-04:00,227.9149932861328,NVDA
2026-09-03 10:26:00-04:00,227.81509399414062,NVDA
2026-09-03 10:27:00-04:00,227.9250030517578,NVDA
2026-09-03 10:28:00-04:00,227.5749969482422,NVDA
2026-09-03 10:29:00-04:00,227.38999938964844,NVDA
2026-09-03 10:30:00-04:00,227.5050048828125,NVDA
2026-09-03 10:31:00-04:00,226.9199981689453,NVDA
2026-09-03 10:32:00-04:00,226.85499572753906,NVDA
2026-09-03 10:33:00-04:00,226.71499633789062,NVDA
2026-09-03 10:34:00-04:00,226.36000061035156,NVDA
2026-09-03 10:35:00-04:00,226.5399932861328,NVDA
2026-09-03 10:36:00-04:00,226.4604949951172,NVDA
2026-09-03 10:37:00-04:00,226.28500366210938,NVDA
2026-09-03 10:38:00-04:00,226.66000366210938,NVDA
2026-09-03 10:39:00-04:00,226.72500610351562,NVDA
2026-09-03 10:40:00-04:00,226.52999877929688,NVDA
2026-09-03 10:41:00-04:00,226.77000427246094,NVDA
2026-09-03 10:42:00-04:00,226.5800018310547,NVDA
2026-09-03 10:43:00-04:00,226.44000244140625,NVDA
2026-09-03 10:44:00-04:00,226.4001007080078,NVDA
2026-09-03 10:45:00-04:00,226.44000244140625,NVDA
2026-09-03 10:46:00-04:00,226.07000732421875,NVDA
2026-09-03 10:47:00-04:00,225.95309448242188,NVDA
2026-09-03 10:48:00-04:00,226.02000427246094,NVDA
2026-09-03 10:49:00-04:00,226.2480010986328,NVDA
2026-09-03 10:50:00-04:00,226.07000732421875,NVDA
2026-09-03 10:51:00-04:00,226.05499267578125,NVDA
2026-09-03 10:52:00-04:00,225.72999572753906,NVDA
2026-09-03 10:53:00-04:00,225.88499450683594,NVDA
2026-09-03 10:54:00-04:00,225.85000610351562,NVDA
2026-09-03 10:55:00-04:00,225.8350067138672,NVDA
2026-09-03 10:56:00-04:00,225.68499755859375,NVDA
2026-09-03 10:57:00-04:00,225.86500549316406,NVDA
2026-09-03 10:58:00-04:00,225.85000610351562,NVDA
2026-09-03 10:59:00-04:00,226.14500427246094,NVDA
2026-09-03 11:00:00-04:00,226.2097930908203,NVDA
2026-09-03 11:01:00-04:00,225.75999450683594,NVDA
2026-09-03 11:02:00-04:00,226.11000061035156,NVDA
2026-09-03 11:03:00-04:00,226.22000122070312,NVDA
2026-09-03 11:04:00-04:00,226.27499389648438,NVDA
2026-09-03 11:05:00-04:00,226.0,NVDA
2026-09-03 11:06:00-04:00,226.04800415039062,NVDA
2026-09-03 11:07:00-04:00,226.1999969482422,NVDA
2026-09-03 11:08:00-04:00,226.02999877929688,NVDA
2026-09-03 11:09:00-04:00,225.9980926513672,NVDA
2026-09-03 11:10:00-04:00,226.38999938964844,NVDA
2026-09-03 11:11:00-04:00,226.5800018310547,NVDA
2026-09-03 11:12:00-04:00,226.50999450683594,NVDA
2026-09-03 11:13:00-04:00,226.72500610351562,NVDA
2026-09-03 11:14:00-04:00,226.9600067138672,NVDA
2026-09-03 11:15:00-04:00,226.90969848632812,NVDA
2026-09-03 11:16:00-04:00,226.97999572753906,NVDA
2026-09-03 11:17:00-04:00,227.21629333496094,NVDA
2026-09-03 11:18:00-04:00,227.13009643554688,NVDA
2026-09-03 11:19:00-04:00,227.00999450683594,NVDA
2026-09-03 11:20:00-04:00,226.89990234375,NVDA
2026-09-03 11:21:00-04:00,226.92999267578125,NVDA
2026-09-03 11:22:00-04:00,226.97000122070312,NVDA
2026-09-03 11:23:00-04:00,226.89010620117188,NVDA
2026-09-03 11:24:00-04:00,226.97500610351562,NVDA
2026-09-03 11:25:00-04:00,227.1999969482422,NVDA
2026-09-03 11:26:00-04:00,227.4149932861328,NVDA
2026-09-03 11:27:00-04:00,227.66000366210938,NVDA
2026-09-03 11:28:00-04:00,227.6649932861328,NVDA
2026-09-03 11:29:00-04:00,227.81500244140625,NVDA
2026-09-03 11:30:00-04:00,227.8699951171875,NVDA
2026-09-03 11:31:00-04:00,227.88999938964844,NVDA
2026-09-03 11:32:00-04:00,227.75,NVDA
2026-09-03 11:33:00-04:00,227.7252960205078,NVDA
2026-09-03 11:34:00-04:00,227.52999877929688,NVDA
2026-09-03 11:35:00-04:00,227.5489044189453,NVDA
2026-09-03 11:36:00-04:00,227.66110229492188,NVDA
2026-09-03 11:37:00-04:00,227.1999969482422,NVDA
2026-09-03 11:38:00-04:00,227.3101043701172,NVDA
2026-09-03 11:39:00-04:00,227.3679962158203,NVDA
2026-09-03 11:40:00-04:00,227.42999267578125,NVDA
2026-09-03 11:41:00-04:00,227.39990234375,NVDA
2026-09-03 11:42:00-04:00,227.55499267578125,NVDA
2026-09-03 11:43:00-04:00,227.6199951171875,NVDA
2026-09-03 11:44:00-04:00,227.37950134277344,NVDA
2026-09-03 11:45:00-04:00,227.44000244140625,NVDA
2026-09-03 11:46:00-04:00,227.41969299316406,NVDA
2026-09-03 11:47:00-04:00,227.1699981689453,NVDA
2026-09-03 11:48:00-04:00,227.24729919433594,NVDA
2026-09-03 11:49:00-04:00,227.30999755859375,NVDA
2026-09-03 11:50:00-04:00,227.4499969482422,NVDA
2026-09-03 11:51:00-04:00,227.4149932861328,NVDA
2026-09-03 11:52:00-04:00,227.63499450683594,NVDA
2026-09-03 11:53:00-04:00,227.44000244140625,NVDA
2026-09-03 11:54:00-04:00,227.57000732421875,NVDA
2026-09-03 11:55:00-04:00,227.6199951171875,NVDA
2026-09-03 11:56:00-04:00,227.55499267578125,NVDA
2026-09-03 11:57:00-04:00,227.5,NVDA
2026-09-03 11:58:00-04:00,227.41000366210938,NVDA
2026-09-03 11:59:00-04:00,227.50999450683594,NVDA
2026-09-03 12:00:00-04:00,227.24000549316406,NVDA
2026-09-03 12:01:00-04:00,227.3000030517578,NVDA
2026-09-03 12:02:00-04:00,227.3699951171875,NVDA
2026-09-03 12:03:00-04:00,227.28500366210938,NVDA
2026-09-03 12:04:00-04:00,227.15499877929688,NVDA
2026-09-03 12:05:00-04:00,227.5500030517578,NVDA
2026-09-03 12:06:00-04:00,227.50999450683594,NVDA
2026-09-03 12:07:00-04:00,227.52000427246094,NVDA
2026-09-03 12:08:00-04:00,227.69700622558594,NVDA
2026-09-03 12:09:00-04:00,227.85000610351562,NVDA
2026-09-03 12:10:00-04:00,227.92990112304688,NVDA
2026-09-03 12:11:00-04:00,227.67999267578125,NVDA
2026-09-03 12:12:00-04:00,227.6999969482422,NVDA
2026-09-03 12:13:00-04:00,227.75,NVDA
2026-09-03 12:14:00-04:00,227.8800048828125,NVDA
2026-09-03 12:15:00-04:00,227.99000549316406,NVDA
2026-09-03 12:16:00-04:00,227.8800048828125,NVDA
2026-09-03 12:17:00-04:00,227.91000366210938,NVDA
2026-09-03 12:18:00-04:00,227.91000366210938,NVDA
2026-09-03 12:19:00-04:00,227.86000061035156,NVDA
2026-09-03 12:20:00-04:00,227.58169555664062,NVDA
2026-09-03 12:21:00-04:00,227.52000427246094,NVDA
2026-09-03 12:22:00-04:00,227.23500061035156,NVDA
2026-09-03 12:23:00-04:00,227.1999969482422,NVDA
2026-09-03 12:24:00-04:00,227.0050048828125,NVDA
2026-09-03 12:25:00-04:00,226.9864959716797,NVDA
2026-09-03 12:26:00-04:00,226.92999267578125,NVDA
2026-09-03 12:27:00-04:00,227.07000732421875,NVDA
2026-09-03 12:28:00-04:00,227.06500244140625,NVDA
2026-09-03 12:29:00-04:00,227.0399932861328,NVDA
2026-09-03 12:30:00-04:00,227.14999389648438,NVDA
2026-09-03 12:31:00-04:00,227.23500061035156,NVDA
2026-09-03 12:32:00-04:00,227.23500061035156,NVDA
2026-09-03 12:33:00-04:00,227.39999389648438,NVDA
2026-09-03 12:34:00-04:00,227.3699951171875,NVDA
2026-09-03 12:35:00-04:00,227.375,NVDA
2026-09-03 12:36:00-04:00,227.5500030517578,NVDA
2026-09-03 12:37:00-04:00,227.52000427246094,NVDA
2026-09-03 12:38:00-04:00,227.55999755859375,NVDA
2026-09-03 12:39:00-04:00,227.59829711914062,NVDA
2026-09-03 12:40:00-04:00,227.55499267578125,NVDA
2026-09-03 12:41:00-04:00,227.8800048828125,NVDA
2026-09-03 12:42:00-04:00,227.6699981689453,NVDA
2026-09-03 12:43:00-04:00,227.75,NVDA
2026-09-03 12:44:00-04:00,227.7949981689453,NVDA
2026-09-03 12:45:00-04:00,227.72000122070312,NVDA
2026-09-03 12:46:00-04:00,227.7550048828125,NVDA
2026-09-03 12:47:00-04:00,227.75999450683594,NVDA
2026-09-03 12:48:00-04:00,227.6300048828125,NVDA
2026-09-03 12:49:00-04:00,227.52999877929688,NVDA
2026-09-03 12:50:00-04:00,227.57339477539062,NVDA
2026-09-03 12:51:00-04:00,227.50999450683594,NVDA
2026-09-03 12:52:00-04:00,227.3699951171875,NVDA
2026-09-03 12:53:00-04:00,227.30999755859375,NVDA
2026-09-03 12:54:00-04:00,227.2449951171875,NVDA
2026-09-03 12:55:00-04:00,227.28500366210938,NVDA
2026-09-03 12:56:00-04:00,227.2050018310547,NVDA
2026-09-03 12:57:00-04:00,227.27000427246094,NVDA
2026-09-03 12:58:00-04:00,227.38499450683594,NVDA
2026-09-03 12:59:00-04:00,227.53990173339844,NVDA
2026-09-03 13:00:00-04:00,227.5050048828125,NVDA
2026-09-03 13:01:00-04:00,227.5749969482422,NVDA
2026-09-03 13:02:00-04:00,227.50999450683594,NVDA
2026-09-03 13:03:00-04:00,227.53990173339844,NVDA
2026-09-03 13:04:00-04:00,227.59500122070312,NVDA
2026-09-03 13:05:00-04:00,227.59500122070312,NVDA
2026-09-03 13:06:00-04:00,227.51499938964844,NVDA
2026-09-03 13:07:00-04:00,227.53500366210938,NVDA
2026-09-03 13:08:00-04:00,227.39500427246094,NVDA
2026-09-03 13:09:00-04:00,227.4550018310547,NVDA
2026-09-03 13:10:00-04:00,227.5,NVDA
2026-09-03 13:11:00-04:00,227.6199951171875,NVDA
2026-09-03 13:12:00-04:00,227.4550018310547,NVDA
2026-09-03 13:13:00-04:00,227.35000610351562,NVDA
2026-09-03 13:14:00-04:00,227.25999450683594,NVDA
2026-09-03 13:15:00-04:00,227.3800048828125,NVDA
2026-09-03 13:16:00-04:00,227.39999389648438,NVDA
2026-09-03 13:17:00-04:00,227.35470581054688,NVDA
2026-09-03 13:18:00-04:00,227.22000122070312,NVDA
2026-09-03 13:19:00-04:00,227.17999267578125,NVDA
2026-09-03 13:20:00-04:00,227.2801055908203,NVDA
2026-09-03 13:21:00-04:00,227.14999389648438,NVDA
2026-09-03 13:22:00-04:00,227.20919799804688,NVDA
2026-09-03 13:23:00-04:00,227.2050018310547,NVDA
2026-09-03 13:24:00-04:00,227.11500549316406,NVDA
2026-09-03 13:25:00-04:00,227.1999969482422,NVDA
2026-09-03 13:26:00-04:00,227.3800048828125,NVDA
2026-09-03 13:27:00-04:00,227.39500427246094,NVDA
2026-09-03 13:28:00-04:00,227.52000427246094,NVDA
2026-09-03 13:29:00-04:00,227.44000244140625,NVDA
2026-09-03 13:30:00-04:00,227.49000549316406,NVDA
2026-09-03 13:31:00-04:00,227.64999389648438,NVDA
2026-09-03 13:32:00-04:00,227.89019775390625,NVDA
2026-09-03 13:33:00-04:00,227.89999389648438,NVDA
2026-09-03 13:34:00-04:00,228.0800018310547,NVDA
2026-09-03 13:35:00-04:00,228.16250610351562,NVDA
2026-09-03 13:36:00-04:00,228.41000366210938,NVDA
2026-09-03 13:37:00-04:00,228.32000732421875,NVDA
2026-09-03 13:38:00-04:00,228.41000366210938,NVDA
2026-09-03 13:39:00-04:00,228.8000030517578,NVDA
2026-09-03 13:40:00-04:00,229.63999938964844,NVDA
2026-09-03 13:41:00-04:00,229.68499755859375,NVDA
2026-09-03 13:42:00-04:00,229.84500122070312,NVDA
2026-09-03 13:43:00-04:00,229.86000061035156,NVDA
2026-09-03 13:44:00-04:00,229.8300018310547,NVDA
2026-09-03 13:45:00-04:00,230.0,NVDA
2026-09-03 13:46:00-04:00,229.7899932861328,NVDA
2026-09-03 13:47:00-04:00,229.62399291992188,NVDA
2026-09-03 13:48:00-04:00,229.39999389648438,NVDA
2026-09-03 13:49:00-04:00,229.38699340820312,NVDA
2026-09-03 13:50:00-04:00,229.52999877929688,NVDA
2026-09-03 13:51:00-04:00,229.8784942626953,NVDA
2026-09-03 13:52:00-04:00,230.32699584960938,NVDA
2026-09-03 13:53:00-04:00,230.02000427246094,NVDA
2026-09-03 13:54:00-04:00,229.83999633789062,NVDA
2026-09-03 13:55:00-04:00,229.85980224609375,NVDA
2026-09-03 13:56:00-04:00,229.97500610351562,NVDA
2026-09-03 13:57:00-04:00,229.9499969482422,NVDA
2026-09-03 13:58:00-04:00,230.10000610351562,NVDA
2026-09-03 13:59:00-04:00,230.02000427246094,NVDA
2026-09-03 14:00:00-04:00,230.07989501953125,NVDA
2026-09-03 14:01:00-04:00,230.1300048828125,NVDA
2026-09-03 14:02:00-04:00,230.02000427246094,NVDA
2026-09-03 14:03:00-04:00,230.15499877929688,NVDA
2026-09-03 14:04:00-04:00,230.1699981689453,NVDA
2026-09-03 14:05:00-04:00,230.25999450683594,NVDA
2026-09-03 14:06:00-04:00,230.18980407714844,NVDA
2026-09-03 14:07:00-04:00,230.0500030517578,NVDA
2026-09-03 14:08:00-04:00,230.04989624023438,NVDA
2026-09-03 14:10:00-04:00,230.0800018310547,NVDA
2026-09-03 14:11:00-04:00,230.08999633789062,NVDA
2026-09-03 14:12:00-04:00,230.0050048828125,NVDA
2026-09-03 14:13:00-04:00,230.13040161132812,NVDA
2026-09-03 14:14:00-04:00,230.13519287109375,NVDA
2026-09-03 14:15:00-04:00,230.1920928955078,NVDA
2026-09-03 14:16:00-04:00,230.22999572753906,NVDA
2026-09-03 14:17:00-04:00,230.32000732421875,NVDA
2026-09-03 14:18:00-04:00,230.05999755859375,NVDA
2026-09-03 14:19:00-04:00,229.77000427246094,NVDA
2026-09-03 14:20:00-04:00,229.94500732421875,NVDA
2026-09-03 14:21:00-04:00,229.97999572753906,NVDA
2026-09-03 14:22:00-04:00,229.7698974609375,NVDA
2026-09-03 14:23:00-04:00,229.58999633789062,NVDA
2026-09-03 14:24:00-04:00,229.69000244140625,NVDA
2026-09-03 14:25:00-04:00,229.75,NVDA
2026-09-03 14:26:00-04:00,229.6699981689453,NVDA
2026-09-03 14:27:00-04:00,229.63499450683594,NVDA
2026-09-03 14:28:00-04:00,229.6092987060547,NVDA
2026-09-03 14:29:00-04:00,229.50999450683594,NVDA
2026-09-03 14:30:00-04:00,229.4010009765625,NVDA
2026-09-03 14:31:00-04:00,229.3699951171875,NVDA
2026-09-03 14:32:00-04:00,229.62989807128906,NVDA
2026-09-03 14:33:00-04:00,229.83999633789062,NVDA
2026-09-03 14:34:00-04:00,229.8699951171875,NVDA
2026-09-03 14:35:00-04:00,229.8350067138672,NVDA
2026-09-03 14:36:00-04:00,229.86500549316406,NVDA
2026-09-03 14:37:00-04:00,229.89199829101562,NVDA
2026-09-03 14:38:00-04:00,229.88009643554688,NVDA
2026-09-03 14:39:00-04:00,230.01499938964844,NVDA
2026-09-03 14:40:00-04:00,229.85000610351562,NVDA
2026-09-03 14:41:00-04:00,229.83999633789062,NVDA
2026-09-03 14:42:00-04:00,229.77499389648438,NVDA
2026-09-03 14:43:00-04:00,229.7100067138672,NVDA
2026-09-03 14:44:00-04:00,229.5749969482422,NVDA
2026-09-03 14:45:00-04:00,229.72999572753906,NVDA
2026-09-03 14:46:00-04:00,229.75,NVDA
2026-09-03 14:47:00-04:00,229.75,NVDA
2026-09-03 14:48:00-04:00,229.69000244140625,NVDA
2026-09-03 14:49:00-04:00,229.80999755859375,NVDA
2026-09-03 14:50:00-04:00,229.78500366210938,NVDA
2026-09-03 14:51:00-04:00,229.6999969482422,NVDA
2026-09-03 14:52:00-04:00,229.5301055908203,NVDA
2026-09-03 14:53:00-04:00,229.47000122070312,NVDA
2026-09-03 14:54:00-04:00,229.5050048828125,NVDA
2026-09-03 14:55:00-04:00,229.50999450683594,NVDA
2026-09-03 14:56:00-04:00,229.44000244140625,NVDA
2026-09-03 14:57:00-04:00,229.35049438476562,NVDA
2026-09-03 14:58:00-04:00,229.3800048828125,NVDA
2026-09-03 14:59:00-04:00,229.44000244140625,NVDA
2026-09-03 15:00:00-04:00,229.3679962158203,NVDA
2026-09-03 15:01:00-04:00,229.55999755859375,NVDA
2026-09-03 15:02:00-04:00,229.43499755859375,NVDA
2026-09-03 15:03:00-04:00,229.32000732421875,NVDA
2026-09-03 15:04:00-04:00,229.44000244140625,NVDA
2026-09-03 15:05:00-04:00,229.3699951171875,NVDA
2026-09-03 15:06:00-04:00,229.41000366210938,NVDA
2026-09-03 15:07:00-04:00,229.49099731445312,NVDA
2026-09-03 15:08:00-04:00,229.3800048828125,NVDA
2026-09-03 15:09:00-04:00,229.35499572753906,NVDA
2026-09-03 15:10:00-04:00,229.60009765625,NVDA
2026-09-03 15:11:00-04:00,229.4499969482422,NVDA
2026-09-03 15:12:00-04:00,229.39999389648438,NVDA
2026-09-03 15:13:00-04:00,229.27000427246094,NVDA
2026-09-03 15:14:00-04:00,229.3498992919922,NVDA
2026-09-03 15:15:00-04:00,229.49000549316406,NVDA
2026-09-03 15:16:00-04:00,229.50999450683594,NVDA
2026-09-03 15:17:00-04:00,229.6199951171875,NVDA
2026-09-03 15:18:00-04:00,229.60000610351562,NVDA
2026-09-03 15:19:00-04:00,229.65499877929688,NVDA
2026-09-03 15:20:00-04:00,229.5489959716797,NVDA
2026-09-03 15:21:00-04:00,229.5449981689453,NVDA
2026-09-03 15:22:00-04:00,229.4949951171875,NVDA
2026-09-03 15:23:00-04:00,229.50999450683594,NVDA
2026-09-03 15:24:00-04:00,229.4550018310547,NVDA
2026-09-03 15:25:00-04:00,229.4550018310547,NVDA
2026-09-03 15:26:00-04:00,229.5,NVDA
2026-09-03 15:27:00-04:00,229.5050048828125,NVDA
2026-09-03 15:28:00-04:00,229.610107421875,NVDA
2026-09-03 15:29:00-04:00,229.53799438476562,NVDA
2026-09-03 15:30:00-04:00,229.5399932861328,NVDA
2026-09-03 15:31:00-04:00,229.4250030517578,NVDA
2026-09-03 15:32:00-04:00,229.32000732421875,NVDA
2026-09-03 15:33:00-04:00,229.35499572753906,NVDA
2026-09-03 15:34:00-04:00,229.35009765625,NVDA
2026-09-03 15:35:00-04:00,229.36000061035156,NVDA
2026-09-03 15:36:00-04:00,229.22000122070312,NVDA
2026-09-03 15:37:00-04:00,229.19000244140625,NVDA
2026-09-03 15:38:00-04:00,229.1199951171875,NVDA
2026-09-03 15:39:00-04:00,229.11500549316406,NVDA
2026-09-03 15:40:00-04:00,229.1999969482422,NVDA
2026-09-03 15:41:00-04:00,229.01499938964844,NVDA
2026-09-03 15:42:00-04:00,228.91000366210938,NVDA
2026-09-03 15:43:00-04:00,228.9199981689453,NVDA
2026-09-03 15:44:00-04:00,228.96499633789062,NVDA
2026-09-03 15:45:00-04:00,229.0500030517578,NVDA
2026-09-03 15:46:00-04:00,229.00010681152344,NVDA
2026-09-03 15:47:00-04:00,229.08079528808594,NVDA
2026-09-03 15:48:00-04:00,228.90499877929688,NVDA
2026-09-03 15:49:00-04:00,228.89500427246094,NVDA
2026-09-03 15:50:00-04:00,228.97000122070312,NVDA
2026-09-03 15:51:00-04:00,228.90499877929688,NVDA
2026-09-03 15:52:00-04:00,228.89500427246094,NVDA
2026-09-03 15:53:00-04:00,228.80499267578125,NVDA
2026-09-03 15:54:00-04:00,228.62510681152344,NVDA
2026-09-03 15:55:00-04:00,228.69090270996094,NVDA
2026-09-03 15:56:00-04:00,228.80999755859375,NVDA
2026-09-03 15:57:00-04:00,228.68499755859375,NVDA
2026-09-03 15:58:00-04:00,228.42999267578125,NVDA
2026-09-03 15:59:00-04:00,228.39999389648438,NVDA
2026-09-04 09:30:00-04:00,230.55999755859375,NVDA
2026-09-04 09:31:00-04:00,231.30499267578125,NVDA
2026-09-04 09:32:00-04:00,231.68499755859375,NVDA
2026-09-04 09:33:00-04:00,232.14999389648438,NVDA
2026-09-04 09:34:00-04:00,232.4199981689453,NVDA
2026-09-04 09:35:00-04:00,232.4149932861328,NVDA
2026-09-04 09:36:00-04:00,232.53990173339844,NVDA
2026-09-04 09:37:00-04:00,232.75999450683594,NVDA
2026-09-04 09:38:00-04:00,233.32000732421875,NVDA
2026-09-04 09:39:00-04:00,233.28500366210938,NVDA
2026-09-04 09:40:00-04:00,233.52000427246094,NVDA
2026-09-04 09:41:00-04:00,233.59500122070312,NVDA
2026-09-04 09:42:00-04:00,233.35000610351562,NVDA
2026-09-04 09:43:00-04:00,233.26499938964844,NVDA
2026-09-04 09:44:00-04:00,232.91000366210938,NVDA
2026-09-04 09:45:00-04:00,232.85000610351562,NVDA
2026-09-04 09:46:00-04:00,233.4199981689453,NVDA
2026-09-04 09:47:00-04:00,233.94000244140625,NVDA
2026-09-04 09:48:00-04:00,233.74000549316406,NVDA
2026-09-04 09:49:00-04:00,234.0906982421875,NVDA
2026-09-04 09:50:00-04:00,234.48500061035156,NVDA
2026-09-04 09:51:00-04:00,234.12989807128906,NVDA
2026-09-04 09:52:00-04:00,233.99000549316406,NVDA
2026-09-04 09:53:00-04:00,234.47000122070312,NVDA
2026-09-04 09:54:00-04:00,234.50050354003906,NVDA
2026-09-04 09:55:00-04:00,234.4499969482422,NVDA
2026-09-04 09:56:00-04:00,234.22500610351562,NVDA
2026-09-04 09:57:00-04:00,234.14999389648438,NVDA
2026-09-04 09:58:00-04:00,234.35890197753906,NVDA
2026-09-04 09:59:00-04:00,234.55999755859375,NVDA
2026-09-04 10:00:00-04:00,234.06500244140625,NVDA
2026-09-04 10:01:00-04:00,233.90220642089844,NVDA
2026-09-04 10:02:00-04:00,233.8780059814453,NVDA
2026-09-04 10:03:00-04:00,233.95010375976562,NVDA
2026-09-04 10:04:00-04:00,233.86000061035156,NVDA
2026-09-04 10:05:00-04:00,233.92999267578125,NVDA
2026-09-04 10:06:00-04:00,234.3699951171875,NVDA
2026-09-04 10:07:00-04:00,233.5749969482422,NVDA
2026-09-04 10:08:00-04:00,233.80999755859375,NVDA
2026-09-04 10:09:00-04:00,233.6999969482422,NVDA
2026-09-04 10:10:00-04:00,233.58999633789062,NVDA
2026-09-04 10:11:00-04:00,233.27999877929688,NVDA
2026-09-04 10:12:00-04:00,233.00999450683594,NVDA
2026-09-04 10:13:00-04:00,233.49009704589844,NVDA
2026-09-04 10:14:00-04:00,234.19500732421875,NVDA
2026-09-04 10:15:00-04:00,233.97000122070312,NVDA
2026-09-04 10:16:00-04:00,233.4199981689453,NVDA
2026-09-04 10:17:00-04:00,233.4600067138672,NVDA
2026-09-04 10:18:00-04:00,234.25,NVDA
2026-09-04 10:19:00-04:00,234.22500610351562,NVDA
2026-09-04 10:20:00-04:00,234.27999877929688,NVDA
2026-09-04 10:21:00-04:00,234.6300048828125,NVDA
2026-09-04 10:22:00-04:00,234.1649932861328,NVDA
2026-09-04 10:23:00-04:00,234.2299041748047,NVDA
2026-09-04 10:24:00-04:00,234.39979553222656,NVDA
2026-09-04 10:25:00-04:00,234.13499450683594,NVDA
2026-09-04 10:26:00-04:00,234.16000366210938,NVDA
2026-09-04 10:27:00-04:00,234.1199951171875,NVDA
2026-09-04 10:28:00-04:00,234.42999267578125,NVDA
2026-09-04 10:29:00-04:00,234.71609497070312,NVDA
2026-09-04 10:30:00-04:00,234.00999450683594,NVDA
2026-09-04 10:31:00-04:00,233.86000061035156,NVDA
2026-09-04 10:32:00-04:00,233.6750030517578,NVDA
2026-09-04 10:33:00-04:00,233.36000061035156,NVDA
2026-09-04 10:34:00-04:00,233.3249969482422,NVDA
2026-09-04 10:35:00-04:00,233.6199951171875,NVDA
2026-09-04 10:36:00-04:00,233.80999755859375,NVDA
2026-09-04 10:37:00-04:00,233.8800048828125,NVDA
2026-09-04 10:38:00-04:00,233.86000061035156,NVDA
2026-09-04 10:39:00-04:00,233.66000366210938,NVDA
2026-09-04 10:40:00-04:00,233.6300048828125,NVDA
2026-09-04 10:41:00-04:00,233.82000732421875,NVDA
2026-09-04 10:42:00-04:00,233.6199951171875,NVDA
2026-09-04 10:43:00-04:00,233.5500030517578,NVDA
2026-09-04 10:44:00-04:00,233.4499969482422,NVDA
2026-09-04 10:45:00-04:00,233.35000610351562,NVDA
2026-09-04 10:46:00-04:00,233.4949951171875,NVDA
2026-09-04 10:47:00-04:00,233.41000366210938,NVDA
2026-09-04 10:48:00-04:00,233.40989685058594,NVDA
2026-09-04 10:49:00-04:00,233.05999755859375,NVDA
2026-09-04 10:50:00-04:00,233.30499267578125,NVDA
2026-09-04 10:51:00-04:00,233.22999572753906,NVDA
2026-09-04 10:52:00-04:00,232.9779052734375,NVDA
2026-09-04 10:53:00-04:00,232.86000061035156,NVDA
2026-09-04 10:54:00-04:00,232.63999938964844,NVDA
2026-09-04 10:55:00-04:00,232.69459533691406,NVDA
2026-09-04 10:56:00-04:00,232.27999877929688,NVDA
2026-09-04 10:57:00-04:00,232.24180603027344,NVDA
2026-09-04 10:58:00-04:00,232.27000427246094,NVDA
2026-09-04 10:59:00-04:00,232.24000549316406,NVDA
2026-09-04 11:00:00-04:00,232.19000244140625,NVDA
2026-09-04 11:01:00-04:00,232.08999633789062,NVDA
2026-09-04 11:02:00-04:00,231.91000366210938,NVDA
2026-09-04 11:03:00-04:00,231.91000366210938,NVDA
2026-09-04 11:04:00-04:00,232.18499755859375,NVDA
2026-09-04 11:05:00-04:00,232.13999938964844,NVDA
2026-09-04 11:06:00-04:00,232.16009521484375,NVDA
2026-09-04 11:07:00-04:00,232.72000122070312,NVDA
2026-09-04 11:08:00-04:00,232.5843963623047,NVDA
2026-09-04 11:09:00-04:00,232.44009399414062,NVDA
2026-09-04 11:10:00-04:00,232.39999389648438,NVDA
2026-09-04 11:11:00-04:00,232.45140075683594,NVDA
2026-09-04 11:12:00-04:00,232.74000549316406,NVDA
2026-09-04 11:13:00-04:00,232.52999877929688,NVDA
2026-09-04 11:14:00-04:00,232.46499633789062,NVDA
2026-09-04 11:15:00-04:00,232.36000061035156,NVDA
2026-09-04 11:16:00-04:00,232.41000366210938,NVDA
2026-09-04 11:17:00-04:00,232.39990234375,NVDA
2026-09-04 11:18:00-04:00,232.17999267578125,NVDA
2026-09-04 11:19:00-04:00,232.4600067138672,NVDA
2026-09-04 11:20:00-04:00,232.22999572753906,NVDA
2026-09-04 11:21:00-04:00,232.11500549316406,NVDA
2026-09-04 11:22:00-04:00,232.14999389648438,NVDA
2026-09-04 11:23:00-04:00,232.24989318847656,NVDA
2026-09-04 11:24:00-04:00,232.14999389648438,NVDA
2026-09-04 11:25:00-04:00,231.97999572753906,NVDA
2026-09-04 11:26:00-04:00,231.97999572753906,NVDA
2026-09-04 11:27:00-04:00,232.05999755859375,NVDA
2026-09-04 11:28:00-04:00,231.9705047607422,NVDA
2026-09-04 11:29:00-04:00,231.78500366210938,NVDA
2026-09-04 11:30:00-04:00,231.31500244140625,NVDA
2026-09-04 11:31:00-04:00,231.5800018310547,NVDA
2026-09-04 11:32:00-04:00,231.63499450683594,NVDA
2026-09-04 11:33:00-04:00,231.65499877929688,NVDA
2026-09-04 11:34:00-04:00,231.5301055908203,NVDA
2026-09-04 11:35:00-04:00,231.66000366210938,NVDA
2026-09-04 11:36:00-04:00,231.64999389648438,NVDA
2026-09-04 11:37:00-04:00,231.8000030517578,NVDA
2026-09-04 11:38:00-04:00,231.9980010986328,NVDA
2026-09-04 11:39:00-04:00,231.77040100097656,NVDA
2026-09-04 11:40:00-04:00,231.76950073242188,NVDA
2026-09-04 11:41:00-04:00,231.7899932861328,NVDA
2026-09-04 11:42:00-04:00,231.8699951171875,NVDA
2026-09-04 11:43:00-04:00,231.89500427246094,NVDA
2026-09-04 11:44:00-04:00,231.86500549316406,NVDA
2026-09-04 11:45:00-04:00,231.9055938720703,NVDA
2026-09-04 11:46:00-04:00,231.69000244140625,NVDA
2026-09-04 11:47:00-04:00,231.63499450683594,NVDA
2026-09-04 11:48:00-04:00,231.3000946044922,NVDA
2026-09-04 11:49:00-04:00,231.4058074951172,NVDA
2026-09-04 11:50:00-04:00,231.08999633789062,NVDA
2026-09-04 11:51:00-04:00,231.05499267578125,NVDA
2026-09-04 11:52:00-04:00,231.10499572753906,NVDA
2026-09-04 11:53:00-04:00,230.9600067138672,NVDA
2026-09-04 11:54:00-04:00,230.9600067138672,NVDA
2026-09-04 11:55:00-04:00,230.9001007080078,NVDA
2026-09-04 11:56:00-04:00,230.8699951171875,NVDA
2026-09-04 11:57:00-04:00,231.0500030517578,NVDA
2026-09-04 11:58:00-04:00,231.0800018310547,NVDA
2026-09-04 11:59:00-04:00,231.0449981689453,NVDA
2026-09-04 12:00:00-04:00,230.99000549316406,NVDA
2026-09-04 12:01:00-04:00,231.02499389648438,NVDA
2026-09-04 12:02:00-04:00,230.8800048828125,NVDA
2026-09-04 12:03:00-04:00,230.6699981689453,NVDA
2026-09-04 12:04:00-04:00,230.83999633789062,NVDA
2026-09-04 12:05:00-04:00,230.94650268554688,NVDA
2026-09-04 12:06:00-04:00,231.0050048828125,NVDA
2026-09-04 12:07:00-04:00,231.19500732421875,NVDA
2026-09-04 12:08:00-04:00,231.1699981689453,NVDA
2026-09-04 12:09:00-04:00,231.30870056152344,NVDA
2026-09-04 12:10:00-04:00,231.1300048828125,NVDA
2026-09-04 12:11:00-04:00,231.125,NVDA
2026-09-04 12:12:00-04:00,231.08999633789062,NVDA
2026-09-04 12:13:00-04:00,231.0399932861328,NVDA
2026-09-04 12:14:00-04:00,231.17340087890625,NVDA
2026-09-04 12:15:00-04:00,231.13999938964844,NVDA
2026-09-04 12:16:00-04:00,231.00999450683594,NVDA
2026-09-04 12:17:00-04:00,230.90499877929688,NVDA
2026-09-04 12:18:00-04:00,230.8800048828125,NVDA
2026-09-04 12:19:00-04:00,230.7550048828125,NVDA
2026-09-04 12:20:00-04:00,230.89999389648438,NVDA
2026-09-04 12:21:00-04:00,231.03509521484375,NVDA
2026-09-04 12:22:00-04:00,231.03500366210938,NVDA
2026-09-04 12:23:00-04:00,230.9197998046875,NVDA
2026-09-04 12:24:00-04:00,230.9550018310547,NVDA
2026-09-04 12:25:00-04:00,230.7899932861328,NVDA
2026-09-04 12:26:00-04:00,230.93499755859375,NVDA
2026-09-04 12:27:00-04:00,231.0699005126953,NVDA
2026-09-04 12:28:00-04:00,231.10499572753906,NVDA
2026-09-04 12:29:00-04:00,231.15499877929688,NVDA
2026-09-04 12:30:00-04:00,231.12950134277344,NVDA
2026-09-04 12:31:00-04:00,231.14500427246094,NVDA
2026-09-04 12:32:00-04:00,231.14999389648438,NVDA
2026-09-04 12:33:00-04:00,231.02499389648438,NVDA
2026-09-04 12:34:00-04:00,231.1800994873047,NVDA
2026-09-04 12:35:00-04:00,231.08900451660156,NVDA
2026-09-04 12:36:00-04:00,231.15499877929688,NVDA
2026-09-04 12:37:00-04:00,231.24000549316406,NVDA
2026-09-04 12:38:00-04:00,231.4250030517578,NVDA
2026-09-04 12:39:00-04:00,231.47959899902344,NVDA
2026-09-04 12:40:00-04:00,231.51199340820312,NVDA
2026-09-04 12:41:00-04:00,231.45010375976562,NVDA
2026-09-04 12:42:00-04:00,231.49000549316406,NVDA
2026-09-04 12:43:00-04:00,231.4300994873047,NVDA
2026-09-04 12:44:00-04:00,231.58999633789062,NVDA
2026-09-04 12:45:00-04:00,231.7050018310547,NVDA
2026-09-04 12:46:00-04:00,231.7100067138672,NVDA
2026-09-04 12:47:00-04:00,231.9199981689453,NVDA
2026-09-04 12:48:00-04:00,231.97000122070312,NVDA
2026-09-04 12:49:00-04:00,232.16949462890625,NVDA
2026-09-04 12:50:00-04:00,232.1190948486328,NVDA
2026-09-04 12:51:00-04:00,232.0449981689453,NVDA
2026-09-04 12:52:00-04:00,231.6186065673828,NVDA
2026-09-04 12:53:00-04:00,231.51499938964844,NVDA
2026-09-04 12:54:00-04:00,231.5399932861328,NVDA
2026-09-04 12:55:00-04:00,231.52389526367188,NVDA
2026-09-04 12:56:00-04:00,231.3101043701172,NVDA
2026-09-04 12:57:00-04:00,231.45010375976562,NVDA
2026-09-04 12:58:00-04:00,231.5800018310547,NVDA
2026-09-04 12:59:00-04:00,231.57000732421875,NVDA
2026-09-04 13:00:00-04:00,231.61000061035156,NVDA
2026-09-04 13:01:00-04:00,231.54989624023438,NVDA
2026-09-04 13:02:00-04:00,231.5500030517578,NVDA
2026-09-04 13:03:00-04:00,231.5399932861328,NVDA
2026-09-04 13:04:00-04:00,231.54010009765625,NVDA
2026-09-04 13:05:00-04:00,231.63999938964844,NVDA
2026-09-04 13:06:00-04:00,231.56500244140625,NVDA
2026-09-04 13:07:00-04:00,231.31509399414062,NVDA
2026-09-04 13:08:00-04:00,231.10499572753906,NVDA
2026-09-04 13:09:00-04:00,231.02200317382812,NVDA
2026-09-04 13:10:00-04:00,231.02549743652344,NVDA
2026-09-04 13:11:00-04:00,231.0,NVDA
2026-09-04 13:12:00-04:00,231.08619689941406,NVDA
2026-09-04 13:13:00-04:00,231.02000427246094,NVDA
2026-09-04 13:14:00-04:00,230.9550018310547,NVDA
2026-09-04 13:15:00-04:00,231.01499938964844,NVDA
2026-09-04 13:16:00-04:00,230.99000549316406,NVDA
2026-09-04 13:17:00-04:00,231.0,NVDA
2026-09-04 13:18:00-04:00,231.02000427246094,NVDA
2026-09-04 13:19:00-04:00,230.6999969482422,NVDA
2026-09-04 13:20:00-04:00,230.74000549316406,NVDA
2026-09-04 13:21:00-04:00,230.6300048828125,NVDA
2026-09-04 13:22:00-04:00,230.7899932861328,NVDA
2026-09-04 13:23:00-04:00,230.75999450683594,NVDA
2026-09-04 13:24:00-04:00,230.6300048828125,NVDA
2026-09-04 13:25:00-04:00,230.78500366210938,NVDA
2026-09-04 13:26:00-04:00,230.7209930419922,NVDA
2026-09-04 13:27:00-04:00,230.80929565429688,NVDA
2026-09-04 13:28:00-04:00,230.77499389648438,NVDA
2026-09-04 13:29:00-04:00,230.75,NVDA
2026-09-04 13:30:00-04:00,230.460693359375,NVDA
2026-09-04 13:31:00-04:00,230.47000122070312,NVDA
2026-09-04 13:32:00-04:00,230.47500610351562,NVDA
2026-09-04 13:33:00-04:00,230.38059997558594,NVDA
2026-09-04 13:34:00-04:00,230.33900451660156,NVDA
2026-09-04 13:35:00-04:00,230.375,NVDA
2026-09-04 13:36:00-04:00,230.44000244140625,NVDA
2026-09-04 13:37:00-04:00,230.42999267578125,NVDA
2026-09-04 13:38:00-04:00,230.4499969482422,NVDA
2026-09-04 13:39:00-04:00,230.52499389648438,NVDA
2026-09-04 13:40:00-04:00,230.52999877929688,NVDA
2026-09-04 13:41:00-04:00,230.44500732421875,NVDA
2026-09-04 13:42:00-04:00,230.38499450683594,NVDA
2026-09-04 13:43:00-04:00,230.4499969482422,NVDA
2026-09-04 13:44:00-04:00,230.375,NVDA
2026-09-04 13:45:00-04:00,230.25999450683594,NVDA
2026-09-04 13:46:00-04:00,230.33999633789062,NVDA
2026-09-04 13:47:00-04:00,230.32000732421875,NVDA
2026-09-04 13:48:00-04:00,230.3699951171875,NVDA
2026-09-04 13:49:00-04:00,230.3300018310547,NVDA
2026-09-04 13:50:00-04:00,230.2899932861328,NVDA
2026-09-04 13:51:00-04:00,230.27000427246094,NVDA
2026-09-04 13:52:00-04:00,230.2550048828125,NVDA
2026-09-04 13:53:00-04:00,230.13999938964844,NVDA
2026-09-04 13:54:00-04:00,230.13999938964844,NVDA
2026-09-04 13:55:00-04:00,230.16799926757812,NVDA
2026-09-04 13:56:00-04:00,230.17999267578125,NVDA
2026-09-04 13:57:00-04:00,230.1999969482422,NVDA
2026-09-04 13:58:00-04:00,230.27999877929688,NVDA
2026-09-04 13:59:00-04:00,230.26539611816406,NVDA
2026-09-04 14:00:00-04:00,230.07020568847656,NVDA
2026-09-04 14:01:00-04:00,230.02499389648438,NVDA
2026-09-04 14:02:00-04:00,230.00999450683594,NVDA
2026-09-04 14:03:00-04:00,229.95889282226562,NVDA
2026-09-04 14:04:00-04:00,230.01040649414062,NVDA
2026-09-04 14:05:00-04:00,230.1699981689453,NVDA
2026-09-04 14:06:00-04:00,230.10009765625,NVDA
2026-09-04 14:07:00-04:00,230.16000366210938,NVDA
2026-09-04 14:08:00-04:00,230.24459838867188,NVDA
2026-09-04 14:09:00-04:00,230.33999633789062,NVDA
2026-09-04 14:10:00-04:00,230.22500610351562,NVDA
2026-09-04 14:11:00-04:00,230.1699981689453,NVDA
2026-09-04 14:12:00-04:00,230.25,NVDA
2026-09-04 14:13:00-04:00,230.1999969482422,NVDA
2026-09-04 14:14:00-04:00,230.22999572753906,NVDA
2026-09-04 14:15:00-04:00,230.27999877929688,NVDA
2026-09-04 14:16:00-04:00,230.32000732421875,NVDA
2026-09-04 14:17:00-04:00,230.34500122070312,NVDA
2026-09-04 14:18:00-04:00,230.37010192871094,NVDA
2026-09-04 14:19:00-04:00,230.3979949951172,NVDA
2026-09-04 14:20:00-04:00,230.2899932861328,NVDA
2026-09-04 14:21:00-04:00,230.43499755859375,NVDA
2026-09-04 14:22:00-04:00,230.40499877929688,NVDA
2026-09-04 14:23:00-04:00,230.25999450683594,NVDA
2026-09-04 14:24:00-04:00,230.26499938964844,NVDA
2026-09-04 14:25:00-04:00,230.22500610351562,NVDA
2026-09-04 14:26:00-04:00,230.2899932861328,NVDA
2026-09-04 14:27:00-04:00,230.2949981689453,NVDA
2026-09-04 14:28:00-04:00,230.32809448242188,NVDA
2026-09-04 14:29:00-04:00,230.35000610351562,NVDA
2026-09-04 14:30:00-04:00,230.2592010498047,NVDA
2026-09-04 14:31:00-04:00,230.36500549316406,NVDA
2026-09-04 14:32:00-04:00,230.29969787597656,NVDA
2026-09-04 14:33:00-04:00,230.2949981689453,NVDA
2026-09-04 14:34:00-04:00,230.30499267578125,NVDA
2026-09-04 14:35:00-04:00,230.16000366210938,NVDA
2026-09-04 14:36:00-04:00,230.22999572753906,NVDA
2026-09-04 14:37:00-04:00,230.125,NVDA
2026-09-04 14:38:00-04:00,230.17059326171875,NVDA
2026-09-04 14:39:00-04:00,230.1649932861328,NVDA
2026-09-04 14:40:00-04:00,230.197998046875,NVDA
2026-09-04 14:41:00-04:00,230.1501007080078,NVDA
2026-09-04 14:42:00-04:00,230.15499877929688,NVDA
2026-09-04 14:43:00-04:00,230.22999572753906,NVDA
2026-09-04 14:44:00-04:00,230.31500244140625,NVDA
2026-09-04 14:45:00-04:00,230.31500244140625,NVDA
2026-09-04 14:46:00-04:00,230.4600067138672,NVDA
2026-09-04 14:47:00-04:00,230.47500610351562,NVDA
2026-09-04 14:48:00-04:00,230.40499877929688,NVDA
2026-09-04 14:49:00-04:00,230.47000122070312,NVDA
2026-09-04 14:50:00-04:00,230.44619750976562,NVDA
2026-09-04 14:51:00-04:00,230.44000244140625,NVDA
2026-09-04 14:52:00-04:00,230.4949951171875,NVDA
2026-09-04 14:53:00-04:00,230.4250030517578,NVDA
2026-09-04 14:54:00-04:00,230.51499938964844,NVDA
2026-09-04 14:55:00-04:00,230.58999633789062,NVDA
2026-09-04 14:56:00-04:00,230.66969299316406,NVDA
2026-09-04 14:57:00-04:00,230.68960571289062,NVDA
2026-09-04 14:58:00-04:00,230.55999755859375,NVDA
2026-09-04 14:59:00-04:00,230.60499572753906,NVDA
2026-09-04 15:00:00-04:00,230.61000061035156,NVDA
2026-09-04 15:01:00-04:00,230.54989624023438,NVDA
2026-09-04 15:02:00-04:00,230.38999938964844,NVDA
2026-09-04 15:03:00-04:00,230.32000732421875,NVDA
2026-09-04 15:04:00-04:00,230.1300048828125,NVDA
2026-09-04 15:05:00-04:00,230.2239990234375,NVDA
2026-09-04 15:06:00-04:00,230.16000366210938,NVDA
2026-09-04 15:07:00-04:00,230.0749969482422,NVDA
2026-09-04 15:08:00-04:00,229.9362030029297,NVDA
2026-09-04 15:09:00-04:00,230.05999755859375,NVDA
2026-09-04 15:10:00-04:00,230.0749969482422,NVDA
2026-09-04 15:11:00-04:00,230.10000610351562,NVDA
2026-09-04 15:12:00-04:00,230.11500549316406,NVDA
2026-09-04 15:13:00-04:00,230.09500122070312,NVDA
2026-09-04 15:14:00-04:00,230.0,NVDA
2026-09-04 15:15:00-04:00,230.1199951171875,NVDA
2026-09-04 15:16:00-04:00,230.10989379882812,NVDA
2026-09-04 15:17:00-04:00,230.0800018310547,NVDA
2026-09-04 15:18:00-04:00,230.17880249023438,NVDA
2026-09-04 15:19:00-04:00,230.10499572753906,NVDA
2026-09-04 15:20:00-04:00,230.0749969482422,NVDA
2026-09-04 15:21:00-04:00,230.07000732421875,NVDA
2026-09-04 15:22:00-04:00,230.03500366210938,NVDA
2026-09-04 15:23:00-04:00,229.9199981689453,NVDA
2026-09-04 15:24:00-04:00,229.9550018310547,NVDA
2026-09-04 15:25:00-04:00,229.91009521484375,NVDA
2026-09-04 15:26:00-04:00,229.86500549316406,NVDA
2026-09-04 15:27:00-04:00,229.86500549316406,NVDA
2026-09-04 15:28:00-04:00,229.89500427246094,NVDA
2026-09-04 15:29:00-04:00,229.8699951171875,NVDA
2026-09-04 15:30:00-04:00,229.83900451660156,NVDA
2026-09-04 15:31:00-04:00,229.93499755859375,NVDA
2026-09-04 15:32:00-04:00,229.71099853515625,NVDA
2026-09-04 15:33:00-04:00,229.85499572753906,NVDA
2026-09-04 15:34:00-04:00,229.79989624023438,NVDA
2026-09-04 15:35:00-04:00,229.8300018310547,NVDA
2026-09-04 15:36:00-04:00,229.80990600585938,NVDA
2026-09-04 15:37:00-04:00,229.72000122070312,NVDA
2026-09-04 15:38:00-04:00,229.85000610351562,NVDA
2026-09-04 15:39:00-04:00,230.0399932861328,NVDA
2026-09-04 15:40:00-04:00,230.1649932861328,NVDA
2026-09-04 15:41:00-04:00,230.06849670410156,NVDA
2026-09-04 15:42:00-04:00,230.02499389648438,NVDA
2026-09-04 15:43:00-04:00,230.13999938964844,NVDA
2026-09-04 15:44:00-04:00,229.98500061035156,NVDA
2026-09-04 15:45:00-04:00,230.1699981689453,NVDA
2026-09-04 15:46:00-04:00,230.14500427246094,NVDA
2026-09-04 15:47:00-04:00,230.31500244140625,NVDA
2026-09-04 15:48:00-04:00,230.23800659179688,NVDA
2026-09-04 15:49:00-04:00,230.2987060546875,NVDA
2026-09-04 15:50:00-04:00,230.55430603027344,NVDA
2026-09-04 15:51:00-04:00,230.7100067138672,NVDA
2026-09-04 15:52:00-04:00,230.86000061035156,NVDA
2026-09-04 15:53:00-04:00,230.92950439453125,NVDA
2026-09-04 15:54:00-04:00,230.97999572753906,NVDA
2026-09-04 15:55:00-04:00,230.59500122070312,NVDA
2026-09-04 15:56:00-04:00,230.60499572753906,NVDA
2026-09-04 15:57:00-04:00,230.41000366210938,NVDA
2026-09-04 15:58:00-04:00,230.27000427246094,NVDA
2026-09-04 15:59:00-04:00,230.34500122070312,NVDA
2026-09-08 09:30:00-04:00,233.58999633789062,NVDA
2026-09-08 09:31:00-04:00,233.17999267578125,NVDA
2026-09-08 09:32:00-04:00,232.60389709472656,NVDA
2026-09-08 09:33:00-04:00,232.15499877929688,NVDA
2026-09-08 09:34:00-04:00,231.83999633789062,NVDA
2026-09-08 09:35:00-04:00,230.4149932861328,NVDA
2026-09-08 09:36:00-04:00,230.8300018310547,NVDA
2026-09-08 09:37:00-04:00,230.65499877929688,NVDA
2026-09-08 09:38:00-04:00,230.89999389648438,NVDA
2026-09-08 09:39:00-04:00,230.80999755859375,NVDA
2026-09-08 09:40:00-04:00,230.71710205078125,NVDA
2026-09-08 09:41:00-04:00,230.63999938964844,NVDA
2026-09-08 09:42:00-04:00,230.3249969482422,NVDA
2026-09-08 09:43:00-04:00,230.48500061035156,NVDA
2026-09-08 09:44:00-04:00,229.76499938964844,NVDA
2026-09-08 09:45:00-04:00,229.8249969482422,NVDA
2026-09-08 09:46:00-04:00,229.4600067138672,NVDA
2026-09-08 09:47:00-04:00,229.11000061035156,NVDA
2026-09-08 09:48:00-04:00,229.4600067138672,NVDA
2026-09-08 09:49:00-04:00,230.36880493164062,NVDA
2026-09-08 09:50:00-04:00,229.94000244140625,NVDA
2026-09-08 09:51:00-04:00,229.5050048828125,NVDA
2026-09-08 09:52:00-04:00,229.96560668945312,NVDA
2026-09-08 09:53:00-04:00,229.33700561523438,NVDA
2026-09-08 09:54:00-04:00,229.64500427246094,NVDA
2026-09-08 09:55:00-04:00,229.60000610351562,NVDA
2026-09-08 09:56:00-04:00,229.7449951171875,NVDA
2026-09-08 09:57:00-04:00,229.7799072265625,NVDA
2026-09-08 09:58:00-04:00,229.9499969482422,NVDA
2026-09-08 09:59:00-04:00,229.57119750976562,NVDA
2026-09-08 10:00:00-04:00,229.6199951171875,NVDA
2026-09-08 10:01:00-04:00,229.34500122070312,NVDA
2026-09-08 10:02:00-04:00,229.1999969482422,NVDA
2026-09-08 10:03:00-04:00,229.29190063476562,NVDA
2026-09-08 10:04:00-04:00,228.27999877929688,NVDA
2026-09-08 10:05:00-04:00,228.6199951171875,NVDA
2026-09-08 10:06:00-04:00,228.69000244140625,NVDA
2026-09-08 10:07:00-04:00,228.8699951171875,NVDA
2026-09-08 10:08:00-04:00,229.24000549316406,NVDA
2026-09-08 10:09:00-04:00,229.21499633789062,NVDA
2026-09-08 10:10:00-04:00,228.6999969482422,NVDA
2026-09-08 10:11:00-04:00,228.48719787597656,NVDA
2026-09-08 10:12:00-04:00,228.7449951171875,NVDA
2026-09-08 10:13:00-04:00,228.78500366210938,NVDA
2026-09-08 10:14:00-04:00,228.4906005859375,NVDA
2026-09-08 10:15:00-04:00,228.63999938964844,NVDA
2026-09-08 10:16:00-04:00,228.47500610351562,NVDA
2026-09-08 10:17:00-04:00,228.3531036376953,NVDA
2026-09-08 10:18:00-04:00,228.0500030517578,NVDA
2026-09-08 10:19:00-04:00,228.17010498046875,NVDA
2026-09-08 10:20:00-04:00,228.16000366210938,NVDA
2026-09-08 10:21:00-04:00,228.1999969482422,NVDA
2026-09-08 10:22:00-04:00,228.19000244140625,NVDA
2026-09-08 10:23:00-04:00,227.9801025390625,NVDA
2026-09-08 10:24:00-04:00,228.00999450683594,NVDA
2026-09-08 10:25:00-04:00,227.94000244140625,NVDA
2026-09-08 10:26:00-04:00,227.7449951171875,NVDA
2026-09-08 10:27:00-04:00,227.66200256347656,NVDA
2026-09-08 10:28:00-04:00,227.8699951171875,NVDA
2026-09-08 10:29:00-04:00,227.9423065185547,NVDA
2026-09-08 10:30:00-04:00,227.5,NVDA
2026-09-08 10:31:00-04:00,227.60580444335938,NVDA
2026-09-08 10:32:00-04:00,227.7100067138672,NVDA
2026-09-08 10:33:00-04:00,227.75,NVDA
2026-09-08 10:34:00-04:00,227.7100067138672,NVDA
2026-09-08 10:35:00-04:00,227.68710327148438,NVDA
2026-09-08 10:36:00-04:00,227.52000427246094,NVDA
2026-09-08 10:37:00-04:00,227.4123992919922,NVDA
2026-09-08 10:38:00-04:00,227.38319396972656,NVDA
2026-09-08 10:39:00-04:00,227.25,NVDA
2026-09-08 10:40:00-04:00,227.2449951171875,NVDA
2026-09-08 10:41:00-04:00,227.3350067138672,NVDA
2026-09-08 10:42:00-04:00,227.3300018310547,NVDA
2026-09-08 10:43:00-04:00,227.25,NVDA
2026-09-08 10:44:00-04:00,227.44000244140625,NVDA
2026-09-08 10:45:00-04:00,227.3300018310547,NVDA
2026-09-08 10:46:00-04:00,227.1699981689453,NVDA
2026-09-08 10:47:00-04:00,227.0399932861328,NVDA
2026-09-08 10:48:00-04:00,227.15499877929688,NVDA
2026-09-08 10:49:00-04:00,227.19000244140625,NVDA
2026-09-08 10:50:00-04:00,227.23500061035156,NVDA
2026-09-08 10:51:00-04:00,227.13499450683594,NVDA
2026-09-08 10:52:00-04:00,226.90049743652344,NVDA
2026-09-08 10:53:00-04:00,226.9998016357422,NVDA
2026-09-08 10:54:00-04:00,227.10960388183594,NVDA
2026-09-08 10:55:00-04:00,227.31199645996094,NVDA
2026-09-08 10:56:00-04:00,227.03709411621094,NVDA
2026-09-08 10:57:00-04:00,226.85989379882812,NVDA
2026-09-08 10:58:00-04:00,227.0,NVDA
2026-09-08 10:59:00-04:00,227.05499267578125,NVDA
2026-09-08 11:00:00-04:00,227.07000732421875,NVDA
2026-09-08 11:01:00-04:00,227.39500427246094,NVDA
2026-09-08 11:02:00-04:00,227.0500030517578,NVDA
2026-09-08 11:03:00-04:00,227.16000366210938,NVDA
2026-09-08 11:04:00-04:00,227.05999755859375,NVDA
2026-09-08 11:05:00-04:00,227.0,NVDA
2026-09-08 11:06:00-04:00,227.10000610351562,NVDA
2026-09-08 11:07:00-04:00,227.4949951171875,NVDA
2026-09-08 11:08:00-04:00,227.2899932861328,NVDA
2026-09-08 11:09:00-04:00,227.21499633789062,NVDA
2026-09-08 11:10:00-04:00,227.5,NVDA
2026-09-08 11:11:00-04:00,227.64999389648438,NVDA
2026-09-08 11:12:00-04:00,227.72500610351562,NVDA
2026-09-08 11:13:00-04:00,227.77999877929688,NVDA
2026-09-08 11:14:00-04:00,227.38009643554688,NVDA
2026-09-08 11:15:00-04:00,227.16000366210938,NVDA
2026-09-08 11:16:00-04:00,227.39999389648438,NVDA
2026-09-08 11:17:00-04:00,227.4550018310547,NVDA
2026-09-08 11:18:00-04:00,227.3800048828125,NVDA
2026-09-08 11:19:00-04:00,227.10000610351562,NVDA
2026-09-08 11:20:00-04:00,226.8350067138672,NVDA
2026-09-08 11:21:00-04:00,226.52000427246094,NVDA
2026-09-08 11:22:00-04:00,226.4949951171875,NVDA
2026-09-08 11:23:00-04:00,226.79400634765625,NVDA
2026-09-08 11:24:00-04:00,227.00999450683594,NVDA
2026-09-08 11:25:00-04:00,226.75999450683594,NVDA
2026-09-08 11:26:00-04:00,226.75,NVDA
2026-09-08 11:27:00-04:00,226.92250061035156,NVDA
2026-09-08 11:28:00-04:00,226.8300018310547,NVDA
2026-09-08 11:29:00-04:00,226.8699951171875,NVDA
2026-09-08 11:30:00-04:00,226.91000366210938,NVDA
2026-09-08 11:31:00-04:00,226.6649932861328,NVDA
2026-09-08 11:32:00-04:00,226.65989685058594,NVDA
2026-09-08 11:33:00-04:00,226.61500549316406,NVDA
2026-09-08 11:34:00-04:00,226.69000244140625,NVDA
2026-09-08 11:35:00-04:00,226.56329345703125,NVDA
2026-09-08 11:36:00-04:00,226.66000366210938,NVDA
2026-09-08 11:37:00-04:00,226.61000061035156,NVDA
2026-09-08 11:38:00-04:00,226.57989501953125,NVDA
2026-09-08 11:39:00-04:00,226.66000366210938,NVDA
2026-09-08 11:40:00-04:00,226.64500427246094,NVDA
2026-09-08 11:41:00-04:00,226.94000244140625,NVDA
2026-09-08 11:42:00-04:00,226.875,NVDA
2026-09-08 11:43:00-04:00,227.110107421875,NVDA
2026-09-08 11:44:00-04:00,226.9145965576172,NVDA
2026-09-08 11:45:00-04:00,226.7198944091797,NVDA
2026-09-08 11:46:00-04:00,226.5399932861328,NVDA
2026-09-08 11:47:00-04:00,226.5906982421875,NVDA
2026-09-08 11:48:00-04:00,226.4720001220703,NVDA
2026-09-08 11:49:00-04:00,226.63229370117188,NVDA
2026-09-08 11:50:00-04:00,226.7100067138672,NVDA
2026-09-08 11:51:00-04:00,226.5,NVDA
2026-09-08 11:52:00-04:00,226.6199951171875,NVDA
2026-09-08 11:53:00-04:00,226.52999877929688,NVDA
2026-09-08 11:54:00-04:00,226.35989379882812,NVDA
2026-09-08 11:55:00-04:00,226.27999877929688,NVDA
2026-09-08 11:56:00-04:00,226.1300048828125,NVDA
2026-09-08 11:57:00-04:00,226.1699981689453,NVDA
2026-09-08 11:58:00-04:00,226.25999450683594,NVDA
2026-09-08 11:59:00-04:00,226.25999450683594,NVDA
2026-09-08 12:00:00-04:00,226.27000427246094,NVDA
2026-09-08 12:01:00-04:00,226.3800048828125,NVDA
2026-09-08 12:02:00-04:00,226.42999267578125,NVDA
2026-09-08 12:03:00-04:00,226.3300018310547,NVDA
2026-09-08 12:04:00-04:00,226.17999267578125,NVDA
2026-09-08 12:05:00-04:00,226.27999877929688,NVDA
2026-09-08 12:06:00-04:00,226.21710205078125,NVDA
2026-09-08 12:07:00-04:00,226.19500732421875,NVDA
2026-09-08 12:08:00-04:00,226.13499450683594,NVDA
2026-09-08 12:09:00-04:00,225.9149932861328,NVDA
2026-09-08 12:10:00-04:00,226.02999877929688,NVDA
2026-09-08 12:11:00-04:00,226.0198974609375,NVDA
2026-09-08 12:12:00-04:00,226.05999755859375,NVDA
2026-09-08 12:13:00-04:00,226.17999267578125,NVDA
2026-09-08 12:14:00-04:00,226.0522003173828,NVDA
2026-09-08 12:15:00-04:00,226.01499938964844,NVDA
2026-09-08 12:16:00-04:00,225.9250030517578,NVDA
2026-09-08 12:17:00-04:00,226.0399932861328,NVDA
2026-09-08 12:18:00-04:00,225.91000366210938,NVDA
2026-09-08 12:19:00-04:00,225.88999938964844,NVDA
2026-09-08 12:20:00-04:00,225.94000244140625,NVDA
2026-09-08 12:21:00-04:00,225.91050720214844,NVDA
2026-09-08 12:22:00-04:00,226.00999450683594,NVDA
2026-09-08 12:23:00-04:00,226.0050048828125,NVDA
2026-09-08 12:24:00-04:00,225.97000122070312,NVDA
2026-09-08 12:25:00-04:00,225.822998046875,NVDA
2026-09-08 12:26:00-04:00,225.7550048828125,NVDA
2026-09-08 12:27:00-04:00,225.66619873046875,NVDA
2026-09-08 12:28:00-04:00,225.72999572753906,NVDA
2026-09-08 12:29:00-04:00,225.66000366210938,NVDA
2026-09-08 12:30:00-04:00,225.7449951171875,NVDA
2026-09-08 12:31:00-04:00,225.85000610351562,NVDA
2026-09-08 12:32:00-04:00,225.6999969482422,NVDA
2026-09-08 12:33:00-04:00,225.82000732421875,NVDA
2026-09-08 12:34:00-04:00,225.66000366210938,NVDA
2026-09-08 12:35:00-04:00,225.69000244140625,NVDA
2026-09-08 12:36:00-04:00,225.7205047607422,NVDA
2026-09-08 12:37:00-04:00,225.80499267578125,NVDA
2026-09-08 12:38:00-04:00,225.97850036621094,NVDA
2026-09-08 12:39:00-04:00,226.02999877929688,NVDA
2026-09-08 12:40:00-04:00,225.98910522460938,NVDA
2026-09-08 12:41:00-04:00,225.99000549316406,NVDA
2026-09-08 12:42:00-04:00,226.0050048828125,NVDA
2026-09-08 12:43:00-04:00,225.92999267578125,NVDA
2026-09-08 12:44:00-04:00,225.8300018310547,NVDA
2026-09-08 12:45:00-04:00,225.81500244140625,NVDA
2026-09-08 12:46:00-04:00,225.9199981689453,NVDA
2026-09-08 12:47:00-04:00,226.0,NVDA
2026-09-08 12:48:00-04:00,225.9949951171875,NVDA
2026-09-08 12:49:00-04:00,226.00999450683594,NVDA
2026-09-08 12:50:00-04:00,226.02000427246094,NVDA
2026-09-08 12:51:00-04:00,225.78500366210938,NVDA
2026-09-08 12:52:00-04:00,225.86000061035156,NVDA
2026-09-08 12:53:00-04:00,225.92999267578125,NVDA
2026-09-08 12:54:00-04:00,225.9918975830078,NVDA
2026-09-08 12:55:00-04:00,226.00999450683594,NVDA
2026-09-08 12:56:00-04:00,225.7899932861328,NVDA
2026-09-08 12:57:00-04:00,225.8300018310547,NVDA
2026-09-08 12:58:00-04:00,225.8300018310547,NVDA
2026-09-08 12:59:00-04:00,225.75,NVDA
2026-09-08 13:00:00-04:00,225.8701934814453,NVDA
2026-09-08 13:01:00-04:00,226.08999633789062,NVDA
2026-09-08 13:02:00-04:00,226.25,NVDA
2026-09-08 13:03:00-04:00,226.3350067138672,NVDA
2026-09-08 13:04:00-04:00,226.28500366210938,NVDA
2026-09-08 13:05:00-04:00,226.2050018310547,NVDA
2026-09-08 13:06:00-04:00,226.1699981689453,NVDA
2026-09-08 13:07:00-04:00,226.00999450683594,NVDA
2026-09-08 13:08:00-04:00,226.0738067626953,NVDA
2026-09-08 13:09:00-04:00,225.9799041748047,NVDA
2026-09-08 13:10:00-04:00,225.93209838867188,NVDA
2026-09-08 13:11:00-04:00,225.9499969482422,NVDA
2026-09-08 13:12:00-04:00,225.97000122070312,NVDA
2026-09-08 13:13:00-04:00,226.0800018310547,NVDA
2026-09-08 13:14:00-04:00,226.07699584960938,NVDA
2026-09-08 13:15:00-04:00,225.9949951171875,NVDA
2026-09-08 13:16:00-04:00,226.00999450683594,NVDA
2026-09-08 13:17:00-04:00,226.13499450683594,NVDA
2026-09-08 13:18:00-04:00,225.95989990234375,NVDA
2026-09-08 13:19:00-04:00,226.14500427246094,NVDA
2026-09-08 13:20:00-04:00,226.10000610351562,NVDA
2026-09-08 13:21:00-04:00,225.9600067138672,NVDA
2026-09-08 13:22:00-04:00,225.9250030517578,NVDA
2026-09-08 13:23:00-04:00,225.80999755859375,NVDA
2026-09-08 13:24:00-04:00,225.75979614257812,NVDA
2026-09-08 13:25:00-04:00,225.72000122070312,NVDA
2026-09-08 13:26:00-04:00,225.55799865722656,NVDA
2026-09-08 13:27:00-04:00,225.49000549316406,NVDA
2026-09-08 13:28:00-04:00,225.71499633789062,NVDA
2026-09-08 13:29:00-04:00,225.64999389648438,NVDA
2026-09-08 13:30:00-04:00,225.80499267578125,NVDA
2026-09-08 13:31:00-04:00,225.71499633789062,NVDA
2026-09-08 13:32:00-04:00,225.92999267578125,NVDA
2026-09-08 13:33:00-04:00,225.976806640625,NVDA
2026-09-08 13:34:00-04:00,225.9499969482422,NVDA
2026-09-08 13:35:00-04:00,225.9799041748047,NVDA
2026-09-08 13:36:00-04:00,226.0500030517578,NVDA
2026-09-08 13:37:00-04:00,226.1999969482422,NVDA
2026-09-08 13:38:00-04:00,226.18429565429688,NVDA
2026-09-08 13:39:00-04:00,226.1304931640625,NVDA
2026-09-08 13:40:00-04:00,226.0050048828125,NVDA
2026-09-08 13:41:00-04:00,225.8800048828125,NVDA
2026-09-08 13:42:00-04:00,225.9600067138672,NVDA
2026-09-08 13:43:00-04:00,225.97300720214844,NVDA
2026-09-08 13:44:00-04:00,225.89500427246094,NVDA
2026-09-08 13:45:00-04:00,225.92999267578125,NVDA
2026-09-08 13:46:00-04:00,225.97030639648438,NVDA
2026-09-08 13:47:00-04:00,225.9250030517578,NVDA
2026-09-08 13:48:00-04:00,225.99000549316406,NVDA
2026-09-08 13:49:00-04:00,226.0,NVDA
2026-09-08 13:50:00-04:00,225.94000244140625,NVDA
2026-09-08 13:51:00-04:00,225.92999267578125,NVDA
2026-09-08 13:52:00-04:00,226.01499938964844,NVDA
2026-09-08 13:53:00-04:00,226.13999938964844,NVDA
2026-09-08 13:54:00-04:00,226.10009765625,NVDA
2026-09-08 13:55:00-04:00,225.98500061035156,NVDA
2026-09-08 13:56:00-04:00,225.85000610351562,NVDA
2026-09-08 13:57:00-04:00,225.8498992919922,NVDA
2026-09-08 13:58:00-04:00,225.84500122070312,NVDA
2026-09-08 13:59:00-04:00,225.76499938964844,NVDA
2026-09-08 14:00:00-04:00,225.81300354003906,NVDA
2026-09-08 14:01:00-04:00,225.81500244140625,NVDA
2026-09-08 14:02:00-04:00,225.8300018310547,NVDA
2026-09-08 14:03:00-04:00,225.83799743652344,NVDA
2026-09-08 14:04:00-04:00,225.88499450683594,NVDA
2026-09-08 14:05:00-04:00,225.85000610351562,NVDA
2026-09-08 14:06:00-04:00,225.94500732421875,NVDA
2026-09-08 14:07:00-04:00,225.97999572753906,NVDA
2026-09-08 14:08:00-04:00,225.97000122070312,NVDA
2026-09-08 14:09:00-04:00,225.9600067138672,NVDA
2026-09-08 14:10:00-04:00,225.99000549316406,NVDA
2026-09-08 14:11:00-04:00,225.97500610351562,NVDA
2026-09-08 14:12:00-04:00,225.86000061035156,NVDA
2026-09-08 14:13:00-04:00,225.84010314941406,NVDA
2026-09-08 14:14:00-04:00,225.88499450683594,NVDA
2026-09-08 14:15:00-04:00,225.9600067138672,NVDA
2026-09-08 14:16:00-04:00,225.97500610351562,NVDA
2026-09-08 14:17:00-04:00,225.97500610351562,NVDA
2026-09-08 14:18:00-04:00,225.9600067138672,NVDA
2026-09-08 14:19:00-04:00,225.9600067138672,NVDA
2026-09-08 14:20:00-04:00,226.07000732421875,NVDA
2026-09-08 14:21:00-04:00,225.9600067138672,NVDA
2026-09-08 14:22:00-04:00,225.9149932861328,NVDA
2026-09-08 14:23:00-04:00,225.93499755859375,NVDA
2026-09-08 14:24:00-04:00,225.91000366210938,NVDA
2026-09-08 14:25:00-04:00,225.9199981689453,NVDA
2026-09-08 14:26:00-04:00,225.9600067138672,NVDA
2026-09-08 14:27:00-04:00,226.05999755859375,NVDA
2026-09-08 14:28:00-04:00,226.02999877929688,NVDA
2026-09-08 14:29:00-04:00,226.0800018310547,NVDA
2026-09-08 14:30:00-04:00,226.0800018310547,NVDA
2026-09-08 14:31:00-04:00,226.0684051513672,NVDA
2026-09-08 14:32:00-04:00,226.1107940673828,NVDA
2026-09-08 14:33:00-04:00,226.0998992919922,NVDA
2026-09-08 14:34:00-04:00,226.14500427246094,NVDA
2026-09-08 14:35:00-04:00,226.05499267578125,NVDA
2026-09-08 14:36:00-04:00,226.11500549316406,NVDA
2026-09-08 14:37:00-04:00,226.1649932861328,NVDA
2026-09-08 14:38:00-04:00,226.375,NVDA
2026-09-08 14:39:00-04:00,226.0970001220703,NVDA
2026-09-08 14:40:00-04:00,225.91000366210938,NVDA
2026-09-08 14:41:00-04:00,225.875,NVDA
2026-09-08 14:42:00-04:00,226.0500030517578,NVDA
2026-09-08 14:43:00-04:00,226.19000244140625,NVDA
2026-09-08 14:44:00-04:00,226.2100067138672,NVDA
2026-09-08 14:45:00-04:00,226.1649932861328,NVDA
2026-09-08 14:46:00-04:00,226.14500427246094,NVDA
2026-09-08 14:47:00-04:00,225.94650268554688,NVDA
2026-09-08 14:48:00-04:00,225.39100646972656,NVDA
2026-09-08 14:49:00-04:00,225.56399536132812,NVDA
2026-09-08 14:50:00-04:00,225.72000122070312,NVDA
2026-09-08 14:51:00-04:00,225.64500427246094,NVDA
2026-09-08 14:52:00-04:00,225.4600067138672,NVDA
2026-09-08 14:53:00-04:00,225.82000732421875,NVDA
2026-09-08 14:54:00-04:00,225.9123992919922,NVDA
2026-09-08 14:55:00-04:00,225.80999755859375,NVDA
2026-09-08 14:56:00-04:00,225.6999969482422,NVDA
2026-09-08 14:57:00-04:00,225.80999755859375,NVDA
2026-09-08 14:58:00-04:00,225.89999389648438,NVDA
2026-09-08 14:59:00-04:00,225.6750030517578,NVDA
2026-09-08 15:00:00-04:00,225.63499450683594,NVDA
2026-09-08 15:01:00-04:00,225.75,NVDA
2026-09-08 15:02:00-04:00,225.6750030517578,NVDA
2026-09-08 15:03:00-04:00,225.5500030517578,NVDA
2026-09-08 15:04:00-04:00,225.55999755859375,NVDA
2026-09-08 15:05:00-04:00,225.6699981689453,NVDA
2026-09-08 15:06:00-04:00,225.64999389648438,NVDA
2026-09-08 15:07:00-04:00,225.75970458984375,NVDA
2026-09-08 15:08:00-04:00,225.67950439453125,NVDA
2026-09-08 15:09:00-04:00,225.52000427246094,NVDA
2026-09-08 15:10:00-04:00,225.62989807128906,NVDA
2026-09-08 15:11:00-04:00,225.639892578125,NVDA
2026-09-08 15:12:00-04:00,225.5399932861328,NVDA
2026-09-08 15:13:00-04:00,225.48500061035156,NVDA
2026-09-08 15:14:00-04:00,225.5500030517578,NVDA
2026-09-08 15:15:00-04:00,225.47999572753906,NVDA
2026-09-08 15:16:00-04:00,225.55999755859375,NVDA
2026-09-08 15:17:00-04:00,225.4199981689453,NVDA
2026-09-08 15:18:00-04:00,225.38999938964844,NVDA
2026-09-08 15:19:00-04:00,225.360107421875,NVDA
2026-09-08 15:20:00-04:00,225.4199981689453,NVDA
2026-09-08 15:21:00-04:00,225.5500030517578,NVDA
2026-09-08 15:22:00-04:00,225.5500030517578,NVDA
2026-09-08 15:23:00-04:00,225.53500366210938,NVDA
2026-09-08 15:24:00-04:00,225.48500061035156,NVDA
2026-09-08 15:25:00-04:00,225.39999389648438,NVDA
2026-09-08 15:26:00-04:00,225.47999572753906,NVDA
2026-09-08 15:27:00-04:00,225.52999877929688,NVDA
2026-09-08 15:28:00-04:00,225.42599487304688,NVDA
2026-09-08 15:29:00-04:00,225.5500030517578,NVDA
2026-09-08 15:30:00-04:00,225.4499969482422,NVDA
2026-09-08 15:31:00-04:00,225.72500610351562,NVDA
2026-09-08 15:32:00-04:00,225.82000732421875,NVDA
2026-09-08 15:33:00-04:00,225.77999877929688,NVDA
2026-09-08 15:34:00-04:00,225.8249969482422,NVDA
2026-09-08 15:35:00-04:00,225.65939331054688,NVDA
2026-09-08 15:36:00-04:00,225.64999389648438,NVDA
2026-09-08 15:37:00-04:00,225.77499389648438,NVDA
2026-09-08 15:38:00-04:00,225.75929260253906,NVDA
2026-09-08 15:39:00-04:00,225.82000732421875,NVDA
2026-09-08 15:40:00-04:00,225.75,NVDA
2026-09-08 15:41:00-04:00,225.7050018310547,NVDA
2026-09-08 15:42:00-04:00,225.74000549316406,NVDA
2026-09-08 15:43:00-04:00,225.66859436035156,NVDA
2026-09-08 15:44:00-04:00,225.5749969482422,NVDA
2026-09-08 15:45:00-04:00,225.4199981689453,NVDA
2026-09-08 15:46:00-04:00,225.3800048828125,NVDA
2026-09-08 15:47:00-04:00,225.3000030517578,NVDA
2026-09-08 15:48:00-04:00,225.36000061035156,NVDA
2026-09-08 15:49:00-04:00,225.4499969482422,NVDA
2026-09-08 15:50:00-04:00,225.66769409179688,NVDA
2026-09-08 15:51:00-04:00,225.41990661621094,NVDA
2026-09-08 15:52:00-04:00,225.40499877929688,NVDA
2026-09-08 15:53:00-04:00,225.27999877929688,NVDA
2026-09-08 15:54:00-04:00,224.9600067138672,NVDA
2026-09-08 15:55:00-04:00,225.44000244140625,NVDA
2026-09-08 15:56:00-04:00,225.4069061279297,NVDA
2026-09-08 15:57:00-04:00,225.32839965820312,NVDA
2026-09-08 15:58:00-04:00,225.33999633789062,NVDA
2026-09-08 15:59:00-04:00,225.77000427246094,NVDA
2026-09-09 09:30:00-04:00,225.58990478515625,NVDA
2026-09-09 09:31:00-04:00,224.98500061035156,NVDA
2026-09-09 09:32:00-04:00,225.04989624023438,NVDA
2026-09-09 09:33:00-04:00,224.86000061035156,NVDA
2026-09-09 09:34:00-04:00,225.0800018310547,NVDA
2026-09-09 09:35:00-04:00,225.66000366210938,NVDA
2026-09-09 09:36:00-04:00,225.4149932861328,NVDA
2026-09-09 09:37:00-04:00,225.7093048095703,NVDA
2026-09-09 09:38:00-04:00,225.88999938964844,NVDA
2026-09-09 09:39:00-04:00,225.92999267578125,NVDA
2026-09-09 09:40:00-04:00,225.72500610351562,NVDA
2026-09-09 09:41:00-04:00,226.02999877929688,NVDA
2026-09-09 09:42:00-04:00,225.7100067138672,NVDA
2026-09-09 09:43:00-04:00,225.6300048828125,NVDA
2026-09-09 09:44:00-04:00,224.77000427246094,NVDA
2026-09-09 09:45:00-04:00,224.86500549316406,NVDA
2026-09-09 09:46:00-04:00,225.10000610351562,NVDA
2026-09-09 09:47:00-04:00,224.9499969482422,NVDA
2026-09-09 09:48:00-04:00,224.9355010986328,NVDA
2026-09-09 09:49:00-04:00,224.67999267578125,NVDA
2026-09-09 09:50:00-04:00,224.67010498046875,NVDA
2026-09-09 09:51:00-04:00,224.52000427246094,NVDA
2026-09-09 09:52:00-04:00,224.6284942626953,NVDA
2026-09-09 09:53:00-04:00,224.7050018310547,NVDA
2026-09-09 09:54:00-04:00,224.6199951171875,NVDA
2026-09-09 09:55:00-04:00,224.7050018310547,NVDA
2026-09-09 09:56:00-04:00,224.85499572753906,NVDA
2026-09-09 09:57:00-04:00,224.84500122070312,NVDA
2026-09-09 09:58:00-04:00,224.9149932861328,NVDA
2026-09-09 09:59:00-04:00,224.85009765625,NVDA
2026-09-09 10:00:00-04:00,224.48500061035156,NVDA
2026-09-09 10:01:00-04:00,224.22999572753906,NVDA
2026-09-09 10:02:00-04:00,224.0399932861328,NVDA
2026-09-09 10:03:00-04:00,224.2899932861328,NVDA
2026-09-09 10:04:00-04:00,224.21499633789062,NVDA
2026-09-09 10:05:00-04:00,224.10000610351562,NVDA
2026-09-09 10:06:00-04:00,224.16000366210938,NVDA
2026-09-09 10:07:00-04:00,224.47999572753906,NVDA
2026-09-09 10:08:00-04:00,224.5,NVDA
2026-09-09 10:09:00-04:00,224.28500366210938,NVDA
2026-09-09 10:10:00-04:00,224.3699951171875,NVDA
2026-09-09 10:11:00-04:00,224.1699981689453,NVDA
2026-09-09 10:12:00-04:00,224.07000732421875,NVDA
2026-09-09 10:13:00-04:00,224.25,NVDA
2026-09-09 10:14:00-04:00,224.25,NVDA
2026-09-09 10:15:00-04:00,224.05999755859375,NVDA
2026-09-09 10:16:00-04:00,223.85000610351562,NVDA
2026-09-09 10:17:00-04:00,224.0050048828125,NVDA
2026-09-09 10:18:00-04:00,223.92999267578125,NVDA
2026-09-09 10:19:00-04:00,223.85000610351562,NVDA
2026-09-09 10:20:00-04:00,223.6999969482422,NVDA
2026-09-09 10:21:00-04:00,223.68499755859375,NVDA
2026-09-09 10:22:00-04:00,223.75999450683594,NVDA
2026-09-09 10:23:00-04:00,223.91000366210938,NVDA
2026-09-09 10:24:00-04:00,223.91000366210938,NVDA
2026-09-09 10:25:00-04:00,224.89999389648438,NVDA
2026-09-09 10:26:00-04:00,224.9499969482422,NVDA
2026-09-09 10:27:00-04:00,224.51019287109375,NVDA
2026-09-09 10:28:00-04:00,224.8800048828125,NVDA
2026-09-09 10:29:00-04:00,224.88499450683594,NVDA
2026-09-09 10:30:00-04:00,224.9550018310547,NVDA
2026-09-09 10:31:00-04:00,225.1999969482422,NVDA
2026-09-09 10:32:00-04:00,225.3300018310547,NVDA
2026-09-09 10:33:00-04:00,224.94000244140625,NVDA
2026-09-09 10:34:00-04:00,224.9199981689453,NVDA
2026-09-09 10:35:00-04:00,224.88999938964844,NVDA
2026-09-09 10:36:00-04:00,224.58999633789062,NVDA
2026-09-09 10:37:00-04:00,224.4149932861328,NVDA
2026-09-09 10:38:00-04:00,224.28939819335938,NVDA
2026-09-09 10:39:00-04:00,224.4499969482422,NVDA
2026-09-09 10:40:00-04:00,224.4398956298828,NVDA
2026-09-09 10:41:00-04:00,224.49000549316406,NVDA
2026-09-09 10:42:00-04:00,224.47999572753906,NVDA
2026-09-09 10:43:00-04:00,224.47999572753906,NVDA
2026-09-09 10:44:00-04:00,224.4550018310547,NVDA
2026-09-09 10:45:00-04:00,224.52000427246094,NVDA
2026-09-09 10:46:00-04:00,224.5399932861328,NVDA
2026-09-09 10:47:00-04:00,224.4600067138672,NVDA
2026-09-09 10:48:00-04:00,224.6199951171875,NVDA
2026-09-09 10:49:00-04:00,224.66000366210938,NVDA
2026-09-09 10:50:00-04:00,224.5428924560547,NVDA
2026-09-09 10:51:00-04:00,224.69000244140625,NVDA
2026-09-09 10:52:00-04:00,224.4199981689453,NVDA
2026-09-09 10:53:00-04:00,224.2156982421875,NVDA
2026-09-09 10:54:00-04:00,224.27000427246094,NVDA
2026-09-09 10:55:00-04:00,224.30560302734375,NVDA
2026-09-09 10:56:00-04:00,224.2449951171875,NVDA
2026-09-09 10:57:00-04:00,224.14999389648438,NVDA
2026-09-09 10:58:00-04:00,224.35000610351562,NVDA
2026-09-09 10:59:00-04:00,224.46499633789062,NVDA
2026-09-09 11:00:00-04:00,224.72999572753906,NVDA
2026-09-09 11:01:00-04:00,224.38999938964844,NVDA
2026-09-09 11:02:00-04:00,224.3000030517578,NVDA
2026-09-09 11:03:00-04:00,224.35000610351562,NVDA
2026-09-09 11:04:00-04:00,224.47999572753906,NVDA
2026-09-09 11:05:00-04:00,224.36500549316406,NVDA
2026-09-09 11:06:00-04:00,224.42999267578125,NVDA
2026-09-09 11:07:00-04:00,224.50999450683594,NVDA
2026-09-09 11:08:00-04:00,224.52499389648438,NVDA
2026-09-09 11:09:00-04:00,224.47999572753906,NVDA
2026-09-09 11:10:00-04:00,224.39999389648438,NVDA
2026-09-09 11:11:00-04:00,224.4001007080078,NVDA
2026-09-09 11:12:00-04:00,224.2550048828125,NVDA
2026-09-09 11:13:00-04:00,224.35000610351562,NVDA
2026-09-09 11:14:00-04:00,224.2899932861328,NVDA
2026-09-09 11:15:00-04:00,224.44000244140625,NVDA
2026-09-09 11:16:00-04:00,224.5399932861328,NVDA
2026-09-09 11:17:00-04:00,224.38999938964844,NVDA
2026-09-09 11:18:00-04:00,224.47000122070312,NVDA
2026-09-09 11:19:00-04:00,224.4199981689453,NVDA
2026-09-09 11:20:00-04:00,224.41769409179688,NVDA
2026-09-09 11:21:00-04:00,224.2899932861328,NVDA
2026-09-09 11:22:00-04:00,224.02000427246094,NVDA
2026-09-09 11:23:00-04:00,223.75999450683594,NVDA
2026-09-09 11:24:00-04:00,223.63499450683594,NVDA
2026-09-09 11:25:00-04:00,223.75,NVDA
2026-09-09 11:26:00-04:00,223.67999267578125,NVDA
2026-09-09 11:27:00-04:00,223.75999450683594,NVDA
2026-09-09 11:28:00-04:00,223.6750030517578,NVDA
2026-09-09 11:29:00-04:00,223.59010314941406,NVDA
2026-09-09 11:30:00-04:00,223.83999633789062,NVDA
2026-09-09 11:31:00-04:00,224.05999755859375,NVDA
2026-09-09 11:32:00-04:00,224.19000244140625,NVDA
2026-09-09 11:33:00-04:00,224.4600067138672,NVDA
2026-09-09 11:34:00-04:00,224.2899932861328,NVDA
2026-09-09 11:35:00-04:00,224.3300018310547,NVDA
2026-09-09 11:36:00-04:00,224.4600067138672,NVDA
2026-09-09 11:37:00-04:00,224.3350067138672,NVDA
2026-09-09 11:38:00-04:00,224.21499633789062,NVDA
2026-09-09 11:39:00-04:00,224.52130126953125,NVDA
2026-09-09 11:40:00-04:00,224.30499267578125,NVDA
2026-09-09 11:41:00-04:00,224.0749969482422,NVDA
2026-09-09 11:42:00-04:00,224.04989624023438,NVDA
2026-09-09 11:43:00-04:00,224.1300048828125,NVDA
2026-09-09 11:44:00-04:00,224.17999267578125,NVDA
2026-09-09 11:45:00-04:00,224.19309997558594,NVDA
2026-09-09 11:46:00-04:00,224.15499877929688,NVDA
2026-09-09 11:47:00-04:00,224.2100067138672,NVDA
2026-09-09 11:48:00-04:00,224.25999450683594,NVDA
2026-09-09 11:49:00-04:00,224.3000030517578,NVDA
2026-09-09 11:50:00-04:00,224.3249969482422,NVDA
2026-09-09 11:51:00-04:00,224.35499572753906,NVDA
2026-09-09 11:52:00-04:00,224.34500122070312,NVDA
2026-09-09 11:53:00-04:00,224.4250030517578,NVDA
2026-09-09 11:54:00-04:00,224.42750549316406,NVDA
2026-09-09 11:55:00-04:00,224.3699951171875,NVDA
2026-09-09 11:56:00-04:00,224.3419952392578,NVDA
2026-09-09 11:57:00-04:00,224.27999877929688,NVDA
2026-09-09 11:58:00-04:00,224.3867950439453,NVDA
2026-09-09 11:59:00-04:00,224.4199981689453,NVDA
2026-09-09 12:00:00-04:00,224.33999633789062,NVDA
2026-09-09 12:01:00-04:00,224.22000122070312,NVDA
2026-09-09 12:02:00-04:00,224.19000244140625,NVDA
2026-09-09 12:03:00-04:00,224.1199951171875,NVDA
2026-09-09 12:04:00-04:00,224.14999389648438,NVDA
2026-09-09 12:05:00-04:00,224.2790069580078,NVDA
2026-09-09 12:06:00-04:00,224.25,NVDA
2026-09-09 12:07:00-04:00,224.16000366210938,NVDA
2026-09-09 12:08:00-04:00,224.10000610351562,NVDA
2026-09-09 12:09:00-04:00,223.97000122070312,NVDA
2026-09-09 12:10:00-04:00,224.08999633789062,NVDA
2026-09-09 12:11:00-04:00,224.13999938964844,NVDA
2026-09-09 12:12:00-04:00,224.08999633789062,NVDA
2026-09-09 12:13:00-04:00,224.07000732421875,NVDA
2026-09-09 12:14:00-04:00,223.88999938964844,NVDA
2026-09-09 12:15:00-04:00,223.75999450683594,NVDA
2026-09-09 12:16:00-04:00,223.7899932861328,NVDA
2026-09-09 12:17:00-04:00,223.8260040283203,NVDA
2026-09-09 12:18:00-04:00,223.71499633789062,NVDA
2026-09-09 12:19:00-04:00,223.75,NVDA
2026-09-09 12:20:00-04:00,223.80999755859375,NVDA
2026-09-09 12:21:00-04:00,223.8699951171875,NVDA
2026-09-09 12:22:00-04:00,223.9062042236328,NVDA
2026-09-09 12:23:00-04:00,223.9499969482422,NVDA
2026-09-09 12:24:00-04:00,223.9405059814453,NVDA
2026-09-09 12:25:00-04:00,223.86500549316406,NVDA
2026-09-09 12:26:00-04:00,223.82000732421875,NVDA
2026-09-09 12:27:00-04:00,223.8699951171875,NVDA
2026-09-09 12:28:00-04:00,223.81500244140625,NVDA
2026-09-09 12:29:00-04:00,223.86000061035156,NVDA
2026-09-09 12:30:00-04:00,223.8249969482422,NVDA
2026-09-09 12:31:00-04:00,223.8292999267578,NVDA
2026-09-09 12:32:00-04:00,223.8350067138672,NVDA
2026-09-09 12:33:00-04:00,223.85000610351562,NVDA
2026-09-09 12:34:00-04:00,223.8800048828125,NVDA
2026-09-09 12:35:00-04:00,224.07919311523438,NVDA
2026-09-09 12:36:00-04:00,224.0019989013672,NVDA
2026-09-09 12:37:00-04:00,224.0449981689453,NVDA
2026-09-09 12:38:00-04:00,224.0800018310547,NVDA
2026-09-09 12:39:00-04:00,224.14999389648438,NVDA
2026-09-09 12:40:00-04:00,224.11000061035156,NVDA
2026-09-09 12:41:00-04:00,224.10000610351562,NVDA
2026-09-09 12:42:00-04:00,224.03500366210938,NVDA
2026-09-09 12:43:00-04:00,224.08900451660156,NVDA
2026-09-09 12:44:00-04:00,224.16000366210938,NVDA
2026-09-09 12:45:00-04:00,224.06509399414062,NVDA
2026-09-09 12:46:00-04:00,224.13499450683594,NVDA
2026-09-09 12:47:00-04:00,224.09010314941406,NVDA
2026-09-09 12:48:00-04:00,224.17999267578125,NVDA
2026-09-09 12:49:00-04:00,224.1199951171875,NVDA
2026-09-09 12:50:00-04:00,224.2899932861328,NVDA
2026-09-09 12:51:00-04:00,224.30810546875,NVDA
2026-09-09 12:52:00-04:00,224.24000549316406,NVDA
2026-09-09 12:53:00-04:00,224.1595001220703,NVDA
2026-09-09 12:54:00-04:00,224.10499572753906,NVDA
2026-09-09 12:55:00-04:00,224.19000244140625,NVDA
2026-09-09 12:56:00-04:00,224.23500061035156,NVDA
2026-09-09 12:57:00-04:00,224.08999633789062,NVDA
2026-09-09 12:58:00-04:00,224.125,NVDA
2026-09-09 12:59:00-04:00,224.05999755859375,NVDA
2026-09-09 13:00:00-04:00,224.0399932861328,NVDA
2026-09-09 13:01:00-04:00,223.9499969482422,NVDA
2026-09-09 13:02:00-04:00,224.1800994873047,NVDA
2026-09-09 13:03:00-04:00,224.10000610351562,NVDA
2026-09-09 13:04:00-04:00,224.07659912109375,NVDA
2026-09-09 13:05:00-04:00,224.27099609375,NVDA
2026-09-09 13:06:00-04:00,224.22500610351562,NVDA
2026-09-09 13:07:00-04:00,224.25,NVDA
2026-09-09 13:08:00-04:00,224.2100067138672,NVDA
2026-09-09 13:09:00-04:00,224.09410095214844,NVDA
2026-09-09 13:10:00-04:00,224.1300048828125,NVDA
2026-09-09 13:11:00-04:00,224.24000549316406,NVDA
2026-09-09 13:12:00-04:00,224.22000122070312,NVDA
2026-09-09 13:13:00-04:00,224.30059814453125,NVDA
2026-09-09 13:14:00-04:00,224.41050720214844,NVDA
2026-09-09 13:15:00-04:00,224.38229370117188,NVDA
2026-09-09 13:16:00-04:00,224.30999755859375,NVDA
2026-09-09 13:17:00-04:00,224.3699951171875,NVDA
2026-09-09 13:18:00-04:00,224.27999877929688,NVDA
2026-09-09 13:19:00-04:00,224.22999572753906,NVDA
2026-09-09 13:20:00-04:00,224.27000427246094,NVDA
2026-09-09 13:21:00-04:00,224.2899932861328,NVDA
2026-09-09 13:22:00-04:00,224.25,NVDA
2026-09-09 13:23:00-04:00,224.30999755859375,NVDA
2026-09-09 13:24:00-04:00,224.30999755859375,NVDA
2026-09-09 13:25:00-04:00,224.25900268554688,NVDA
2026-09-09 13:26:00-04:00,224.2519989013672,NVDA
2026-09-09 13:27:00-04:00,224.24989318847656,NVDA
2026-09-09 13:28:00-04:00,224.27499389648438,NVDA
2026-09-09 13:29:00-04:00,224.27000427246094,NVDA
2026-09-09 13:30:00-04:00,224.26499938964844,NVDA
2026-09-09 13:31:00-04:00,224.11000061035156,NVDA
2026-09-09 13:32:00-04:00,224.0800018310547,NVDA
2026-09-09 13:33:00-04:00,224.22000122070312,NVDA
2026-09-09 13:34:00-04:00,224.25,NVDA
2026-09-09 13:35:00-04:00,224.35499572753906,NVDA
2026-09-09 13:36:00-04:00,224.30999755859375,NVDA
2026-09-09 13:37:00-04:00,224.3249969482422,NVDA
2026-09-09 13:38:00-04:00,224.23500061035156,NVDA
2026-09-09 13:39:00-04:00,224.26499938964844,NVDA
2026-09-09 13:40:00-04:00,224.3300018310547,NVDA
2026-09-09 13:41:00-04:00,224.32000732421875,NVDA
2026-09-09 13:42:00-04:00,224.3000030517578,NVDA
2026-09-09 13:43:00-04:00,224.2949981689453,NVDA
2026-09-09 13:44:00-04:00,224.33999633789062,NVDA
2026-09-09 13:45:00-04:00,224.3300018310547,NVDA
2026-09-09 13:46:00-04:00,224.3300018310547,NVDA
2026-09-09 13:47:00-04:00,224.2550048828125,NVDA
2026-09-09 13:48:00-04:00,224.2050018310547,NVDA
2026-09-09 13:49:00-04:00,224.17999267578125,NVDA
2026-09-09 13:50:00-04:00,224.24000549316406,NVDA
2026-09-09 13:51:00-04:00,224.22000122070312,NVDA
2026-09-09 13:52:00-04:00,224.23500061035156,NVDA
2026-09-09 13:53:00-04:00,224.26499938964844,NVDA
2026-09-09 13:54:00-04:00,224.3612060546875,NVDA
2026-09-09 13:55:00-04:00,224.26499938964844,NVDA
2026-09-09 13:56:00-04:00,224.2366943359375,NVDA
2026-09-09 13:57:00-04:00,224.21499633789062,NVDA
2026-09-09 13:58:00-04:00,224.25999450683594,NVDA
2026-09-09 13:59:00-04:00,224.23500061035156,NVDA
2026-09-09 14:00:00-04:00,224.27000427246094,NVDA
2026-09-09 14:01:00-04:00,224.33999633789062,NVDA
2026-09-09 14:02:00-04:00,224.28900146484375,NVDA
2026-09-09 14:03:00-04:00,224.3350067138672,NVDA
2026-09-09 14:04:00-04:00,224.35000610351562,NVDA
2026-09-09 14:05:00-04:00,224.25999450683594,NVDA
2026-09-09 14:06:00-04:00,224.22079467773438,NVDA
2026-09-09 14:07:00-04:00,224.1199951171875,NVDA
2026-09-09 14:08:00-04:00,224.0998992919922,NVDA
2026-09-09 14:09:00-04:00,224.11500549316406,NVDA
2026-09-09 14:10:00-04:00,224.05999755859375,NVDA
2026-09-09 14:11:00-04:00,224.07000732421875,NVDA
2026-09-09 14:12:00-04:00,224.13999938964844,NVDA
2026-09-09 14:13:00-04:00,224.10499572753906,NVDA
2026-09-09 14:14:00-04:00,224.11500549316406,NVDA
2026-09-09 14:15:00-04:00,224.05999755859375,NVDA
2026-09-09 14:16:00-04:00,224.0749969482422,NVDA
2026-09-09 14:17:00-04:00,224.1199951171875,NVDA
2026-09-09 14:18:00-04:00,224.1750030517578,NVDA
2026-09-09 14:19:00-04:00,223.93499755859375,NVDA
2026-09-09 14:20:00-04:00,224.01499938964844,NVDA
2026-09-09 14:21:00-04:00,224.0449981689453,NVDA
2026-09-09 14:22:00-04:00,224.0500030517578,NVDA
2026-09-09 14:23:00-04:00,224.19500732421875,NVDA
2026-09-09 14:24:00-04:00,224.1649932861328,NVDA
2026-09-09 14:25:00-04:00,224.14999389648438,NVDA
2026-09-09 14:26:00-04:00,224.2100067138672,NVDA
2026-09-09 14:27:00-04:00,224.2550048828125,NVDA
2026-09-09 14:28:00-04:00,224.1199951171875,NVDA
2026-09-09 14:29:00-04:00,224.19500732421875,NVDA
2026-09-09 14:30:00-04:00,224.13999938964844,NVDA
2026-09-09 14:31:00-04:00,224.15499877929688,NVDA
2026-09-09 14:32:00-04:00,224.14010620117188,NVDA
2026-09-09 14:33:00-04:00,224.18080139160156,NVDA
2026-09-09 14:34:00-04:00,224.11500549316406,NVDA
2026-09-09 14:35:00-04:00,224.21499633789062,NVDA
2026-09-09 14:36:00-04:00,224.2010040283203,NVDA
2026-09-09 14:37:00-04:00,224.1649932861328,NVDA
2026-09-09 14:38:00-04:00,224.2100067138672,NVDA
2026-09-09 14:39:00-04:00,224.16000366210938,NVDA
2026-09-09 14:40:00-04:00,224.21319580078125,NVDA
2026-09-09 14:41:00-04:00,224.14999389648438,NVDA
2026-09-09 14:42:00-04:00,224.125,NVDA
2026-09-09 14:43:00-04:00,224.1649932861328,NVDA
2026-09-09 14:44:00-04:00,224.15699768066406,NVDA
2026-09-09 14:45:00-04:00,224.1750030517578,NVDA
2026-09-09 14:46:00-04:00,224.11500549316406,NVDA
2026-09-09 14:47:00-04:00,224.0500030517578,NVDA
2026-09-09 14:48:00-04:00,224.0749969482422,NVDA
2026-09-09 14:49:00-04:00,223.8997039794922,NVDA
2026-09-09 14:50:00-04:00,223.88900756835938,NVDA
2026-09-09 14:51:00-04:00,223.74000549316406,NVDA
2026-09-09 14:52:00-04:00,223.72999572753906,NVDA
2026-09-09 14:53:00-04:00,223.75999450683594,NVDA
2026-09-09 14:54:00-04:00,223.77000427246094,NVDA
2026-09-09 14:55:00-04:00,223.7449951171875,NVDA
2026-09-09 14:56:00-04:00,223.7550048828125,NVDA
2026-09-09 14:57:00-04:00,223.66000366210938,NVDA
2026-09-09 14:58:00-04:00,223.63499450683594,NVDA
2026-09-09 14:59:00-04:00,223.6699981689453,NVDA
2026-09-09 15:00:00-04:00,223.65499877929688,NVDA
2026-09-09 15:01:00-04:00,223.625,NVDA
2026-09-09 15:02:00-04:00,223.63499450683594,NVDA
2026-09-09 15:03:00-04:00,223.52999877929688,NVDA
2026-09-09 15:04:00-04:00,223.5885009765625,NVDA
2026-09-09 15:05:00-04:00,223.5500030517578,NVDA
2026-09-09 15:06:00-04:00,223.82000732421875,NVDA
2026-09-09 15:07:00-04:00,224.11000061035156,NVDA
2026-09-09 15:08:00-04:00,223.93499755859375,NVDA
2026-09-09 15:09:00-04:00,223.97000122070312,NVDA
2026-09-09 15:10:00-04:00,223.94000244140625,NVDA
2026-09-09 15:11:00-04:00,223.9199981689453,NVDA
2026-09-09 15:12:00-04:00,223.7100067138672,NVDA
2026-09-09 15:13:00-04:00,223.8800048828125,NVDA
2026-09-09 15:14:00-04:00,223.62010192871094,NVDA
2026-09-09 15:15:00-04:00,223.89500427246094,NVDA
2026-09-09 15:16:00-04:00,224.00999450683594,NVDA
2026-09-09 15:17:00-04:00,224.0050048828125,NVDA
2026-09-09 15:18:00-04:00,224.1699981689453,NVDA
2026-09-09 15:19:00-04:00,224.22500610351562,NVDA
2026-09-09 15:20:00-04:00,224.1699981689453,NVDA
2026-09-09 15:21:00-04:00,224.19500732421875,NVDA
2026-09-09 15:22:00-04:00,224.1699981689453,NVDA
2026-09-09 15:23:00-04:00,224.30099487304688,NVDA
2026-09-09 15:24:00-04:00,224.22900390625,NVDA
2026-09-09 15:25:00-04:00,224.3249969482422,NVDA
2026-09-09 15:26:00-04:00,224.24000549316406,NVDA
2026-09-09 15:27:00-04:00,224.1699981689453,NVDA
2026-09-09 15:28:00-04:00,224.22000122070312,NVDA
2026-09-09 15:29:00-04:00,224.13499450683594,NVDA
2026-09-09 15:30:00-04:00,224.17999267578125,NVDA
2026-09-09 15:31:00-04:00,224.15499877929688,NVDA
2026-09-09 15:32:00-04:00,223.9499969482422,NVDA
2026-09-09 15:33:00-04:00,223.8979949951172,NVDA
2026-09-09 15:34:00-04:00,223.8800048828125,NVDA
2026-09-09 15:35:00-04:00,223.81500244140625,NVDA
2026-09-09 15:36:00-04:00,223.94500732421875,NVDA
2026-09-09 15:37:00-04:00,223.82000732421875,NVDA
2026-09-09 15:38:00-04:00,223.85499572753906,NVDA
2026-09-09 15:39:00-04:00,223.8300018310547,NVDA
2026-09-09 15:40:00-04:00,223.86900329589844,NVDA
2026-09-09 15:41:00-04:00,223.89010620117188,NVDA
2026-09-09 15:42:00-04:00,223.89500427246094,NVDA
2026-09-09 15:43:00-04:00,223.88999938964844,NVDA
2026-09-09 15:44:00-04:00,223.83680725097656,NVDA
2026-09-09 15:45:00-04:00,223.7449951171875,NVDA
2026-09-09 15:46:00-04:00,223.7924041748047,NVDA
2026-09-09 15:47:00-04:00,223.87399291992188,NVDA
2026-09-09 15:48:00-04:00,223.85499572753906,NVDA
2026-09-09 15:49:00-04:00,223.92100524902344,NVDA
2026-09-09 15:50:00-04:00,223.7371063232422,NVDA
2026-09-09 15:51:00-04:00,223.6020050048828,NVDA
2026-09-09 15:52:00-04:00,223.64999389648438,NVDA
2026-09-09 15:53:00-04:00,223.85499572753906,NVDA
2026-09-09 15:54:00-04:00,223.75999450683594,NVDA
2026-09-09 15:55:00-04:00,223.69500732421875,NVDA
2026-09-09 15:56:00-04:00,223.5500030517578,NVDA
2026-09-09 15:57:00-04:00,223.5449981689453,NVDA
2026-09-09 15:58:00-04:00,223.69500732421875,NVDA
2026-09-09 15:59:00-04:00,223.6999969482422,NVDA
2026-09-10 09:30:00-04:00,220.5749969482422,NVDA
2026-09-10 09:31:00-04:00,220.2449951171875,NVDA
2026-09-10 09:32:00-04:00,218.88999938964844,NVDA
2026-09-10 09:33:00-04:00,218.80380249023438,NVDA
2026-09-10 09:34:00-04:00,218.8000030517578,NVDA
2026-09-10 09:35:00-04:00,219.0,NVDA
2026-09-10 09:36:00-04:00,218.85899353027344,NVDA
2026-09-10 09:37:00-04:00,218.7100067138672,NVDA
2026-09-10 09:38:00-04:00,218.70989990234375,NVDA
2026-09-10 09:39:00-04:00,219.0281982421875,NVDA
2026-09-10 09:40:00-04:00,219.0749969482422,NVDA
2026-09-10 09:41:00-04:00,218.5198974609375,NVDA
2026-09-10 09:42:00-04:00,218.47500610351562,NVDA
2026-09-10 09:43:00-04:00,218.41000366210938,NVDA
2026-09-10 09:44:00-04:00,218.30499267578125,NVDA
2026-09-10 09:45:00-04:00,218.44700622558594,NVDA
2026-09-10 09:46:00-04:00,218.5800018310547,NVDA
2026-09-10 09:47:00-04:00,218.5,NVDA
2026-09-10 09:48:00-04:00,218.2100067138672,NVDA
2026-09-10 09:49:00-04:00,218.64999389648438,NVDA
2026-09-10 09:50:00-04:00,218.10000610351562,NVDA
2026-09-10 09:51:00-04:00,217.8000030517578,NVDA
2026-09-10 09:52:00-04:00,217.8000030517578,NVDA
2026-09-10 09:53:00-04:00,217.71499633789062,NVDA
2026-09-10 09:54:00-04:00,217.5699005126953,NVDA
2026-09-10 09:55:00-04:00,217.22000122070312,NVDA
2026-09-10 09:56:00-04:00,217.61500549316406,NVDA
2026-09-10 09:57:00-04:00,217.50999450683594,NVDA
2026-09-10 09:58:00-04:00,217.36500549316406,NVDA
2026-09-10 09:59:00-04:00,217.3769989013672,NVDA
2026-09-10 10:00:00-04:00,217.5,NVDA
2026-09-10 10:01:00-04:00,217.9199981689453,NVDA
2026-09-10 10:02:00-04:00,218.34010314941406,NVDA
2026-09-10 10:03:00-04:00,218.29029846191406,NVDA
2026-09-10 10:04:00-04:00,218.1999969482422,NVDA
2026-09-10 10:05:00-04:00,217.97999572753906,NVDA
2026-09-10 10:06:00-04:00,217.9499969482422,NVDA
2026-09-10 10:07:00-04:00,217.7698974609375,NVDA
2026-09-10 10:08:00-04:00,218.0749969482422,NVDA
2026-09-10 10:09:00-04:00,218.1999969482422,NVDA
2026-09-10 10:10:00-04:00,218.08999633789062,NVDA
2026-09-10 10:11:00-04:00,218.14759826660156,NVDA
2026-09-10 10:12:00-04:00,218.15499877929688,NVDA
2026-09-10 10:13:00-04:00,218.13800048828125,NVDA
2026-09-10 10:14:00-04:00,217.99000549316406,NVDA
2026-09-10 10:15:00-04:00,218.08009338378906,NVDA
2026-09-10 10:16:00-04:00,218.0850067138672,NVDA
2026-09-10 10:17:00-04:00,217.92999267578125,NVDA
2026-09-10 10:18:00-04:00,218.0,NVDA
2026-09-10 10:19:00-04:00,218.1898956298828,NVDA
2026-09-10 10:20:00-04:00,218.29730224609375,NVDA
2026-09-10 10:21:00-04:00,218.52499389648438,NVDA
2026-09-10 10:22:00-04:00,218.62010192871094,NVDA
2026-09-10 10:23:00-04:00,218.6699981689453,NVDA
2026-09-10 10:24:00-04:00,218.82040405273438,NVDA
2026-09-10 10:25:00-04:00,218.72999572753906,NVDA
2026-09-10 10:26:00-04:00,218.3300018310547,NVDA
2026-09-10 10:27:00-04:00,218.27000427246094,NVDA
2026-09-10 10:28:00-04:00,218.38499450683594,NVDA
2026-09-10 10:29:00-04:00,218.22999572753906,NVDA
2026-09-10 10:30:00-04:00,218.30999755859375,NVDA
2026-09-10 10:31:00-04:00,218.27499389648438,NVDA
2026-09-10 10:32:00-04:00,218.20339965820312,NVDA
2026-09-10 10:33:00-04:00,218.05499267578125,NVDA
2026-09-10 10:34:00-04:00,217.97999572753906,NVDA
2026-09-10 10:35:00-04:00,218.31610107421875,NVDA
2026-09-10 10:36:00-04:00,218.3090057373047,NVDA
2026-09-10 10:37:00-04:00,218.41000366210938,NVDA
2026-09-10 10:38:00-04:00,218.38499450683594,NVDA
2026-09-10 10:39:00-04:00,218.3300018310547,NVDA
2026-09-10 10:40:00-04:00,218.38999938964844,NVDA
2026-09-10 10:41:00-04:00,218.34500122070312,NVDA
2026-09-10 10:42:00-04:00,218.25999450683594,NVDA
2026-09-10 10:43:00-04:00,218.24000549316406,NVDA
2026-09-10 10:44:00-04:00,218.3300018310547,NVDA
2026-09-10 10:45:00-04:00,218.35000610351562,NVDA
2026-09-10 10:46:00-04:00,218.52000427246094,NVDA
2026-09-10 10:47:00-04:00,218.14990234375,NVDA
2026-09-10 10:48:00-04:00,218.1750030517578,NVDA
2026-09-10 10:49:00-04:00,218.02999877929688,NVDA
2026-09-10 10:50:00-04:00,217.93499755859375,NVDA
2026-09-10 10:51:00-04:00,218.0500030517578,NVDA
2026-09-10 10:52:00-04:00,218.0050048828125,NVDA
2026-09-10 10:53:00-04:00,217.97999572753906,NVDA
2026-09-10 10:54:00-04:00,217.98500061035156,NVDA
2026-09-10 10:55:00-04:00,217.8249969482422,NVDA
2026-09-10 10:56:00-04:00,217.9199981689453,NVDA
2026-09-10 10:57:00-04:00,218.04010009765625,NVDA
2026-09-10 10:58:00-04:00,218.0399932861328,NVDA
2026-09-10 10:59:00-04:00,218.14500427246094,NVDA
2026-09-10 11:00:00-04:00,218.25,NVDA
2026-09-10 11:01:00-04:00,218.03990173339844,NVDA
2026-09-10 11:02:00-04:00,218.11500549316406,NVDA
2026-09-10 11:03:00-04:00,218.14990234375,NVDA
2026-09-10 11:04:00-04:00,218.10499572753906,NVDA
2026-09-10 11:05:00-04:00,218.44000244140625,NVDA
2026-09-10 11:06:00-04:00,218.4499969482422,NVDA
2026-09-10 11:07:00-04:00,218.47500610351562,NVDA
2026-09-10 11:08:00-04:00,218.52000427246094,NVDA
2026-09-10 11:09:00-04:00,218.27000427246094,NVDA
2026-09-10 11:10:00-04:00,218.4949951171875,NVDA
2026-09-10 11:11:00-04:00,218.38999938964844,NVDA
2026-09-10 11:12:00-04:00,218.4199981689453,NVDA
2026-09-10 11:13:00-04:00,218.35499572753906,NVDA
2026-09-10 11:14:00-04:00,218.32989501953125,NVDA
2026-09-10 11:15:00-04:00,218.16990661621094,NVDA
2026-09-10 11:16:00-04:00,218.02999877929688,NVDA
2026-09-10 11:17:00-04:00,218.05499267578125,NVDA
2026-09-10 11:18:00-04:00,217.88999938964844,NVDA
2026-09-10 11:19:00-04:00,218.0050048828125,NVDA
2026-09-10 11:20:00-04:00,218.02000427246094,NVDA
2026-09-10 11:21:00-04:00,217.9250030517578,NVDA
2026-09-10 11:22:00-04:00,218.11000061035156,NVDA
2026-09-10 11:23:00-04:00,218.0399932861328,NVDA
2026-09-10 11:24:00-04:00,218.0749969482422,NVDA
2026-09-10 11:25:00-04:00,218.14999389648438,NVDA
2026-09-10 11:26:00-04:00,218.13999938964844,NVDA
2026-09-10 11:27:00-04:00,218.4499969482422,NVDA
2026-09-10 11:28:00-04:00,218.35000610351562,NVDA
2026-09-10 11:29:00-04:00,218.14999389648438,NVDA
2026-09-10 11:30:00-04:00,218.1699981689453,NVDA
2026-09-10 11:31:00-04:00,218.11000061035156,NVDA
2026-09-10 11:32:00-04:00,218.1199951171875,NVDA
2026-09-10 11:33:00-04:00,218.28509521484375,NVDA
2026-09-10 11:34:00-04:00,218.4199981689453,NVDA
2026-09-10 11:35:00-04:00,218.4250030517578,NVDA
2026-09-10 11:36:00-04:00,218.4199981689453,NVDA
2026-09-10 11:37:00-04:00,218.79330444335938,NVDA
2026-09-10 11:38:00-04:00,218.5601043701172,NVDA
2026-09-10 11:39:00-04:00,218.5850067138672,NVDA
2026-09-10 11:40:00-04:00,218.4199981689453,NVDA
2026-09-10 11:41:00-04:00,218.64999389648438,NVDA
2026-09-10 11:42:00-04:00,218.656494140625,NVDA
2026-09-10 11:43:00-04:00,218.6750030517578,NVDA
2026-09-10 11:44:00-04:00,218.73500061035156,NVDA
2026-09-10 11:45:00-04:00,218.58999633789062,NVDA
2026-09-10 11:46:00-04:00,218.60000610351562,NVDA
2026-09-10 11:47:00-04:00,218.63999938964844,NVDA
2026-09-10 11:48:00-04:00,218.72999572753906,NVDA
2026-09-10 11:49:00-04:00,218.86099243164062,NVDA
2026-09-10 11:50:00-04:00,218.77000427246094,NVDA
2026-09-10 11:51:00-04:00,218.77499389648438,NVDA
2026-09-10 11:52:00-04:00,218.97999572753906,NVDA
2026-09-10 11:53:00-04:00,218.94000244140625,NVDA
2026-09-10 11:54:00-04:00,218.7899932861328,NVDA
2026-09-10 11:55:00-04:00,218.72999572753906,NVDA
2026-09-10 11:56:00-04:00,218.72000122070312,NVDA
2026-09-10 11:57:00-04:00,218.69000244140625,NVDA
2026-09-10 11:58:00-04:00,218.83999633789062,NVDA
2026-09-10 11:59:00-04:00,218.77999877929688,NVDA
2026-09-10 12:00:00-04:00,219.10000610351562,NVDA
2026-09-10 12:01:00-04:00,218.91000366210938,NVDA
2026-09-10 12:02:00-04:00,218.8209991455078,NVDA
2026-09-10 12:03:00-04:00,219.0531005859375,NVDA
2026-09-10 12:04:00-04:00,218.94500732421875,NVDA
2026-09-10 12:05:00-04:00,218.9427032470703,NVDA
2026-09-10 12:06:00-04:00,219.0399932861328,NVDA
2026-09-10 12:07:00-04:00,219.04989624023438,NVDA
2026-09-10 12:08:00-04:00,218.94000244140625,NVDA
2026-09-10 12:09:00-04:00,218.9250030517578,NVDA
2026-09-10 12:10:00-04:00,218.77940368652344,NVDA
2026-09-10 12:11:00-04:00,218.64999389648438,NVDA
2026-09-10 12:12:00-04:00,218.639892578125,NVDA
2026-09-10 12:13:00-04:00,218.5294952392578,NVDA
2026-09-10 12:14:00-04:00,218.32000732421875,NVDA
2026-09-10 12:15:00-04:00,218.4272003173828,NVDA
2026-09-10 12:16:00-04:00,218.40989685058594,NVDA
2026-09-10 12:17:00-04:00,218.2386016845703,NVDA
2026-09-10 12:18:00-04:00,218.18499755859375,NVDA
2026-09-10 12:19:00-04:00,218.22000122070312,NVDA
2026-09-10 12:20:00-04:00,218.38999938964844,NVDA
2026-09-10 12:21:00-04:00,218.25999450683594,NVDA
2026-09-10 12:22:00-04:00,218.25,NVDA
2026-09-10 12:23:00-04:00,218.2899932861328,NVDA
2026-09-10 12:24:00-04:00,218.22500610351562,NVDA
2026-09-10 12:25:00-04:00,218.125,NVDA
2026-09-10 12:26:00-04:00,217.99000549316406,NVDA
2026-09-10 12:27:00-04:00,217.9199981689453,NVDA
2026-09-10 12:28:00-04:00,217.61000061035156,NVDA
2026-09-10 12:29:00-04:00,217.75,NVDA
2026-09-10 12:30:00-04:00,218.00689697265625,NVDA
2026-09-10 12:31:00-04:00,218.0294952392578,NVDA
2026-09-10 12:32:00-04:00,218.14990234375,NVDA
2026-09-10 12:33:00-04:00,218.19619750976562,NVDA
2026-09-10 12:34:00-04:00,217.88999938964844,NVDA
2026-09-10 12:35:00-04:00,217.70599365234375,NVDA
2026-09-10 12:36:00-04:00,217.8489990234375,NVDA
2026-09-10 12:37:00-04:00,217.875,NVDA
2026-09-10 12:38:00-04:00,217.9199981689453,NVDA
2026-09-10 12:39:00-04:00,217.96299743652344,NVDA
2026-09-10 12:40:00-04:00,218.1999969482422,NVDA
2026-09-10 12:41:00-04:00,218.25999450683594,NVDA
2026-09-10 12:42:00-04:00,218.27000427246094,NVDA
2026-09-10 12:43:00-04:00,218.25999450683594,NVDA
2026-09-10 12:44:00-04:00,218.42999267578125,NVDA
2026-09-10 12:45:00-04:00,218.6195068359375,NVDA
2026-09-10 12:46:00-04:00,218.8000030517578,NVDA
2026-09-10 12:47:00-04:00,218.69500732421875,NVDA
2026-09-10 12:48:00-04:00,218.64999389648438,NVDA
2026-09-10 12:49:00-04:00,218.5399932861328,NVDA
2026-09-10 12:50:00-04:00,218.5,NVDA
2026-09-10 12:51:00-04:00,218.51499938964844,NVDA
2026-09-10 12:52:00-04:00,218.53759765625,NVDA
2026-09-10 12:53:00-04:00,218.60499572753906,NVDA
2026-09-10 12:54:00-04:00,218.6898956298828,NVDA
2026-09-10 12:55:00-04:00,218.74000549316406,NVDA
2026-09-10 12:56:00-04:00,218.6999969482422,NVDA
2026-09-10 12:57:00-04:00,218.6699981689453,NVDA
2026-09-10 12:58:00-04:00,218.72000122070312,NVDA
2026-09-10 12:59:00-04:00,218.75,NVDA
2026-09-10 13:00:00-04:00,218.76499938964844,NVDA
2026-09-10 13:01:00-04:00,218.75999450683594,NVDA
2026-09-10 13:02:00-04:00,218.83999633789062,NVDA
2026-09-10 13:03:00-04:00,218.6999969482422,NVDA
2026-09-10 13:04:00-04:00,218.7899932861328,NVDA
2026-09-10 13:05:00-04:00,218.91990661621094,NVDA
2026-09-10 13:06:00-04:00,218.80999755859375,NVDA
2026-09-10 13:07:00-04:00,218.9250030517578,NVDA
2026-09-10 13:08:00-04:00,218.90499877929688,NVDA
2026-09-10 13:09:00-04:00,218.9149932861328,NVDA
2026-09-10 13:10:00-04:00,219.0500030517578,NVDA
2026-09-10 13:11:00-04:00,218.9600067138672,NVDA
2026-09-10 13:12:00-04:00,218.97000122070312,NVDA
2026-09-10 13:13:00-04:00,218.87289428710938,NVDA
2026-09-10 13:14:00-04:00,218.74000549316406,NVDA
2026-09-10 13:15:00-04:00,218.80999755859375,NVDA
2026-09-10 13:16:00-04:00,218.7899932861328,NVDA
2026-09-10 13:17:00-04:00,218.71229553222656,NVDA
2026-09-10 13:18:00-04:00,218.7100067138672,NVDA
2026-09-10 13:19:00-04:00,218.7899932861328,NVDA
2026-09-10 13:20:00-04:00,218.77000427246094,NVDA
2026-09-10 13:21:00-04:00,218.73460388183594,NVDA
2026-09-10 13:22:00-04:00,218.72000122070312,NVDA
2026-09-10 13:23:00-04:00,218.5800018310547,NVDA
2026-09-10 13:24:00-04:00,218.61000061035156,NVDA
2026-09-10 13:25:00-04:00,218.47999572753906,NVDA
2026-09-10 13:26:00-04:00,218.63999938964844,NVDA
2026-09-10 13:27:00-04:00,218.69500732421875,NVDA
2026-09-10 13:28:00-04:00,218.69009399414062,NVDA
2026-09-10 13:29:00-04:00,218.69000244140625,NVDA
2026-09-10 13:30:00-04:00,218.5399932861328,NVDA
2026-09-10 13:31:00-04:00,218.53500366210938,NVDA
2026-09-10 13:32:00-04:00,218.60000610351562,NVDA
2026-09-10 13:33:00-04:00,218.50999450683594,NVDA
2026-09-10 13:34:00-04:00,218.49000549316406,NVDA
2026-09-10 13:35:00-04:00,218.47000122070312,NVDA
2026-09-10 13:36:00-04:00,218.36000061035156,NVDA
2026-09-10 13:37:00-04:00,218.36500549316406,NVDA
2026-09-10 13:38:00-04:00,218.2949981689453,NVDA
2026-09-10 13:39:00-04:00,218.1649932861328,NVDA
2026-09-10 13:40:00-04:00,218.2200927734375,NVDA
2026-09-10 13:41:00-04:00,218.2799072265625,NVDA
2026-09-10 13:42:00-04:00,218.28500366210938,NVDA
2026-09-10 13:43:00-04:00,218.35499572753906,NVDA
2026-09-10 13:44:00-04:00,218.36000061035156,NVDA
2026-09-10 13:45:00-04:00,218.3404998779297,NVDA
2026-09-10 13:46:00-04:00,218.35000610351562,NVDA
2026-09-10 13:47:00-04:00,218.33740234375,NVDA
2026-09-10 13:48:00-04:00,218.30499267578125,NVDA
2026-09-10 13:49:00-04:00,218.35989379882812,NVDA
2026-09-10 13:50:00-04:00,218.4199981689453,NVDA
2026-09-10 13:51:00-04:00,218.47500610351562,NVDA
2026-09-10 13:52:00-04:00,218.4499969482422,NVDA
2026-09-10 13:53:00-04:00,218.5596923828125,NVDA
2026-09-10 13:54:00-04:00,218.61000061035156,NVDA
2026-09-10 13:55:00-04:00,218.4199981689453,NVDA
2026-09-10 13:56:00-04:00,218.52200317382812,NVDA
2026-09-10 13:57:00-04:00,218.4499969482422,NVDA
2026-09-10 13:58:00-04:00,218.41000366210938,NVDA
2026-09-10 13:59:00-04:00,218.3708953857422,NVDA
2026-09-10 14:00:00-04:00,218.49000549316406,NVDA
2026-09-10 14:01:00-04:00,218.3199005126953,NVDA
2026-09-10 14:02:00-04:00,218.2698974609375,NVDA
2026-09-10 14:03:00-04:00,218.2449951171875,NVDA
2026-09-10 14:04:00-04:00,218.22000122070312,NVDA
2026-09-10 14:05:00-04:00,218.16000366210938,NVDA
2026-09-10 14:06:00-04:00,218.23989868164062,NVDA
2026-09-10 14:07:00-04:00,218.33999633789062,NVDA
2026-09-10 14:08:00-04:00,218.3000030517578,NVDA
2026-09-10 14:09:00-04:00,218.19000244140625,NVDA
2026-09-10 14:10:00-04:00,218.08999633789062,NVDA
2026-09-10 14:11:00-04:00,218.13499450683594,NVDA
2026-09-10 14:12:00-04:00,218.1999969482422,NVDA
2026-09-10 14:13:00-04:00,218.2100067138672,NVDA
2026-09-10 14:14:00-04:00,218.18069458007812,NVDA
2026-09-10 14:15:00-04:00,218.0449981689453,NVDA
2026-09-10 14:16:00-04:00,218.07000732421875,NVDA
2026-09-10 14:17:00-04:00,218.08999633789062,NVDA
2026-09-10 14:18:00-04:00,218.09500122070312,NVDA
2026-09-10 14:19:00-04:00,218.16990661621094,NVDA
2026-09-10 14:20:00-04:00,218.2100067138672,NVDA
2026-09-10 14:21:00-04:00,218.1999969482422,NVDA
2026-09-10 14:22:00-04:00,218.25990295410156,NVDA
2026-09-10 14:23:00-04:00,218.1699981689453,NVDA
2026-09-10 14:24:00-04:00,218.1699981689453,NVDA
2026-09-10 14:25:00-04:00,218.1199951171875,NVDA
2026-09-10 14:26:00-04:00,218.0850067138672,NVDA
2026-09-10 14:27:00-04:00,218.08999633789062,NVDA
2026-09-10 14:28:00-04:00,218.13999938964844,NVDA
2026-09-10 14:29:00-04:00,218.03500366210938,NVDA
2026-09-10 14:30:00-04:00,217.97999572753906,NVDA
2026-09-10 14:31:00-04:00,218.0,NVDA
2026-09-10 14:32:00-04:00,217.92080688476562,NVDA
2026-09-10 14:33:00-04:00,217.82000732421875,NVDA
2026-09-10 14:34:00-04:00,217.90390014648438,NVDA
2026-09-10 14:35:00-04:00,217.97000122070312,NVDA
2026-09-10 14:36:00-04:00,217.91000366210938,NVDA
2026-09-10 14:37:00-04:00,217.9600067138672,NVDA
2026-09-10 14:38:00-04:00,218.02999877929688,NVDA
2026-09-10 14:39:00-04:00,218.06500244140625,NVDA
2026-09-10 14:40:00-04:00,218.02999877929688,NVDA
2026-09-10 14:41:00-04:00,218.0,NVDA
2026-09-10 14:42:00-04:00,217.96499633789062,NVDA
2026-09-10 14:43:00-04:00,217.92010498046875,NVDA
2026-09-10 14:44:00-04:00,217.9127960205078,NVDA
2026-09-10 14:45:00-04:00,217.9499969482422,NVDA
2026-09-10 14:46:00-04:00,217.9600067138672,NVDA
2026-09-10 14:47:00-04:00,217.9499969482422,NVDA
2026-09-10 14:48:00-04:00,217.86500549316406,NVDA
2026-09-10 14:49:00-04:00,217.9302978515625,NVDA
2026-09-10 14:50:00-04:00,218.10000610351562,NVDA
2026-09-10 14:51:00-04:00,218.25,NVDA
2026-09-10 14:52:00-04:00,218.35000610351562,NVDA
2026-09-10 14:53:00-04:00,218.2899932861328,NVDA
2026-09-10 14:54:00-04:00,218.17999267578125,NVDA
2026-09-10 14:55:00-04:00,218.27349853515625,NVDA
2026-09-10 14:56:00-04:00,218.22000122070312,NVDA
2026-09-10 14:57:00-04:00,218.21009826660156,NVDA
2026-09-10 14:58:00-04:00,218.19500732421875,NVDA
2026-09-10 14:59:00-04:00,218.23080444335938,NVDA
2026-09-10 15:00:00-04:00,218.11639404296875,NVDA
2026-09-10 15:01:00-04:00,218.09500122070312,NVDA
2026-09-10 15:02:00-04:00,218.05999755859375,NVDA
2026-09-10 15:03:00-04:00,218.0449981689453,NVDA
2026-09-10 15:04:00-04:00,217.92999267578125,NVDA
2026-09-10 15:05:00-04:00,217.89999389648438,NVDA
2026-09-10 15:06:00-04:00,217.8699951171875,NVDA
2026-09-10 15:07:00-04:00,217.83999633789062,NVDA
2026-09-10 15:08:00-04:00,217.74000549316406,NVDA
2026-09-10 15:09:00-04:00,217.96009826660156,NVDA
2026-09-10 15:10:00-04:00,217.8300018310547,NVDA
2026-09-10 15:11:00-04:00,217.75,NVDA
2026-09-10 15:12:00-04:00,217.9199981689453,NVDA
2026-09-10 15:13:00-04:00,217.88009643554688,NVDA
2026-09-10 15:14:00-04:00,217.97000122070312,NVDA
2026-09-10 15:15:00-04:00,218.0399932861328,NVDA
2026-09-10 15:16:00-04:00,218.0749969482422,NVDA
2026-09-10 15:17:00-04:00,218.02999877929688,NVDA
2026-09-10 15:18:00-04:00,218.1199951171875,NVDA
2026-09-10 15:19:00-04:00,218.13999938964844,NVDA
2026-09-10 15:20:00-04:00,218.16000366210938,NVDA
2026-09-10 15:21:00-04:00,218.1699981689453,NVDA
2026-09-10 15:22:00-04:00,218.2449951171875,NVDA
2026-09-10 15:23:00-04:00,218.16900634765625,NVDA
2026-09-10 15:24:00-04:00,218.22500610351562,NVDA
2026-09-10 15:25:00-04:00,218.3000030517578,NVDA
2026-09-10 15:26:00-04:00,218.3520050048828,NVDA
2026-09-10 15:27:00-04:00,218.3000030517578,NVDA
2026-09-10 15:28:00-04:00,218.2899932861328,NVDA
2026-09-10 15:29:00-04:00,218.3000030517578,NVDA
2026-09-10 15:30:00-04:00,218.32000732421875,NVDA
2026-09-10 15:31:00-04:00,218.27999877929688,NVDA
2026-09-10 15:32:00-04:00,218.2949981689453,NVDA
2026-09-10 15:33:00-04:00,218.31500244140625,NVDA
2026-09-10 15:34:00-04:00,218.52499389648438,NVDA
2026-09-10 15:35:00-04:00,218.3300018310547,NVDA
2026-09-10 15:36:00-04:00,218.33999633789062,NVDA
2026-09-10 15:37:00-04:00,218.27020263671875,NVDA
2026-09-10 15:38:00-04:00,218.4053955078125,NVDA
2026-09-10 15:39:00-04:00,218.35000610351562,NVDA
2026-09-10 15:40:00-04:00,218.49000549316406,NVDA
2026-09-10 15:41:00-04:00,218.64500427246094,NVDA
2026-09-10 15:42:00-04:00,218.7100067138672,NVDA
2026-09-10 15:43:00-04:00,218.72999572753906,NVDA
2026-09-10 15:44:00-04:00,218.4600067138672,NVDA
2026-09-10 15:45:00-04:00,218.63999938964844,NVDA
2026-09-10 15:46:00-04:00,218.5749969482422,NVDA
2026-09-10 15:47:00-04:00,218.6199951171875,NVDA
2026-09-10 15:48:00-04:00,218.5749969482422,NVDA
2026-09-10 15:49:00-04:00,218.77999877929688,NVDA
2026-09-10 15:50:00-04:00,218.5050048828125,NVDA
2026-09-10 15:51:00-04:00,218.58999633789062,NVDA
2026-09-10 15:52:00-04:00,218.55999755859375,NVDA
2026-09-10 15:53:00-04:00,218.61000061035156,NVDA
2026-09-10 15:54:00-04:00,218.4600067138672,NVDA
2026-09-10 15:55:00-04:00,218.51499938964844,NVDA
2026-09-10 15:56:00-04:00,218.49000549316406,NVDA
2026-09-10 15:57:00-04:00,218.41000366210938,NVDA
2026-09-10 15:58:00-04:00,218.4499969482422,NVDA
2026-09-10 15:59:00-04:00,218.3800048828125,NVDA
2026-09-11 09:30:00-04:00,220.51499938964844,NVDA
2026-09-11 09:31:00-04:00,219.397705078125,NVDA
2026-09-11 09:32:00-04:00,219.61819458007812,NVDA
2026-09-11 09:33:00-04:00,219.9600067138672,NVDA
2026-09-11 09:34:00-04:00,219.79989624023438,NVDA
2026-09-11 09:35:00-04:00,219.69000244140625,NVDA
2026-09-11 09:36:00-04:00,219.2178955078125,NVDA
2026-09-11 09:37:00-04:00,219.5800018310547,NVDA
2026-09-11 09:38:00-04:00,219.53990173339844,NVDA
2026-09-11 09:39:00-04:00,219.60000610351562,NVDA
2026-09-11 09:40:00-04:00,219.97999572753906,NVDA
2026-09-11 09:41:00-04:00,219.87989807128906,NVDA
2026-09-11 09:42:00-04:00,219.94000244140625,NVDA
2026-09-11 09:43:00-04:00,220.01499938964844,NVDA
2026-09-11 09:44:00-04:00,220.05999755859375,NVDA
2026-09-11 09:45:00-04:00,219.88999938964844,NVDA
2026-09-11 09:46:00-04:00,219.75,NVDA
2026-09-11 09:47:00-04:00,219.72000122070312,NVDA
2026-09-11 09:48:00-04:00,219.36500549316406,NVDA
2026-09-11 09:49:00-04:00,219.80999755859375,NVDA
2026-09-11 09:50:00-04:00,220.0,NVDA
2026-09-11 09:51:00-04:00,220.15499877929688,NVDA
2026-09-11 09:52:00-04:00,220.46499633789062,NVDA
2026-09-11 09:53:00-04:00,220.72000122070312,NVDA
2026-09-11 09:54:00-04:00,221.16000366210938,NVDA
2026-09-11 09:55:00-04:00,221.39999389648438,NVDA
2026-09-11 09:56:00-04:00,220.7899932861328,NVDA
2026-09-11 09:57:00-04:00,220.9149932861328,NVDA
2026-09-11 09:58:00-04:00,221.28399658203125,NVDA
2026-09-11 09:59:00-04:00,221.58999633789062,NVDA
2026-09-11 10:00:00-04:00,221.38999938964844,NVDA
2026-09-11 10:01:00-04:00,221.64999389648438,NVDA
2026-09-11 10:02:00-04:00,221.71009826660156,NVDA
2026-09-11 10:03:00-04:00,221.75999450683594,NVDA
2026-09-11 10:04:00-04:00,221.50999450683594,NVDA
2026-09-11 10:05:00-04:00,221.375,NVDA
2026-09-11 10:06:00-04:00,220.8820037841797,NVDA
2026-09-11 10:07:00-04:00,221.22000122070312,NVDA
2026-09-11 10:08:00-04:00,221.23500061035156,NVDA
2026-09-11 10:09:00-04:00,221.3800048828125,NVDA
2026-09-11 10:10:00-04:00,221.4199981689453,NVDA
2026-09-11 10:11:00-04:00,221.60000610351562,NVDA
2026-09-11 10:12:00-04:00,221.4600067138672,NVDA
2026-09-11 10:13:00-04:00,221.26499938964844,NVDA
2026-09-11 10:14:00-04:00,221.1699981689453,NVDA
2026-09-11 10:15:00-04:00,221.22500610351562,NVDA
2026-09-11 10:16:00-04:00,221.02999877929688,NVDA
2026-09-11 10:17:00-04:00,220.9550018310547,NVDA
2026-09-11 10:18:00-04:00,220.9683074951172,NVDA
2026-09-11 10:19:00-04:00,221.2550048828125,NVDA
2026-09-11 10:20:00-04:00,221.32000732421875,NVDA
2026-09-11 10:21:00-04:00,221.52000427246094,NVDA
2026-09-11 10:22:00-04:00,221.61000061035156,NVDA
2026-09-11 10:23:00-04:00,221.49000549316406,NVDA
2026-09-11 10:24:00-04:00,221.4499969482422,NVDA
2026-09-11 10:25:00-04:00,221.6699981689453,NVDA
2026-09-11 10:26:00-04:00,221.80999755859375,NVDA
2026-09-11 10:27:00-04:00,221.91000366210938,NVDA
2026-09-11 10:28:00-04:00,221.79989624023438,NVDA
2026-09-11 10:29:00-04:00,221.60000610351562,NVDA
2026-09-11 10:30:00-04:00,221.2899932861328,NVDA
2026-09-11 10:31:00-04:00,220.67999267578125,NVDA
2026-09-11 10:32:00-04:00,220.5399932861328,NVDA
2026-09-11 10:33:00-04:00,220.30999755859375,NVDA
2026-09-11 10:34:00-04:00,220.15499877929688,NVDA
2026-09-11 10:35:00-04:00,220.06900024414062,NVDA
2026-09-11 10:36:00-04:00,220.0,NVDA
2026-09-11 10:37:00-04:00,220.00999450683594,NVDA
2026-09-11 10:38:00-04:00,219.94000244140625,NVDA
2026-09-11 10:39:00-04:00,220.10000610351562,NVDA
2026-09-11 10:40:00-04:00,220.19000244140625,NVDA
2026-09-11 10:41:00-04:00,220.19000244140625,NVDA
2026-09-11 10:42:00-04:00,220.07000732421875,NVDA
2026-09-11 10:43:00-04:00,219.72999572753906,NVDA
2026-09-11 10:44:00-04:00,219.78810119628906,NVDA
2026-09-11 10:45:00-04:00,219.85780334472656,NVDA
2026-09-11 10:46:00-04:00,219.9199981689453,NVDA
2026-09-11 10:47:00-04:00,219.86000061035156,NVDA
2026-09-11 10:48:00-04:00,219.8699951171875,NVDA
2026-09-11 10:49:00-04:00,219.989501953125,NVDA
2026-09-11 10:50:00-04:00,219.8300018310547,NVDA
2026-09-11 10:51:00-04:00,219.88999938964844,NVDA
2026-09-11 10:52:00-04:00,219.74000549316406,NVDA
2026-09-11 10:53:00-04:00,219.67999267578125,NVDA
2026-09-11 10:54:00-04:00,219.625,NVDA
2026-09-11 10:55:00-04:00,219.39500427246094,NVDA
2026-09-11 10:56:00-04:00,219.61000061035156,NVDA
2026-09-11 10:57:00-04:00,219.62240600585938,NVDA
2026-09-11 10:58:00-04:00,219.5570068359375,NVDA
2026-09-11 10:59:00-04:00,219.47000122070312,NVDA
2026-09-11 11:00:00-04:00,219.56539916992188,NVDA
2026-09-11 11:01:00-04:00,219.82000732421875,NVDA
2026-09-11 11:02:00-04:00,220.0500030517578,NVDA
2026-09-11 11:03:00-04:00,220.12130737304688,NVDA
2026-09-11 11:04:00-04:00,220.0800018310547,NVDA
2026-09-11 11:05:00-04:00,220.2550048828125,NVDA
2026-09-11 11:06:00-04:00,220.08999633789062,NVDA
2026-09-11 11:07:00-04:00,220.1649932861328,NVDA
2026-09-11 11:08:00-04:00,220.1999969482422,NVDA
2026-09-11 11:09:00-04:00,220.13999938964844,NVDA
2026-09-11 11:10:00-04:00,220.1300048828125,NVDA
2026-09-11 11:11:00-04:00,220.0800018310547,NVDA
2026-09-11 11:12:00-04:00,219.91990661621094,NVDA
2026-09-11 11:13:00-04:00,219.77499389648438,NVDA
2026-09-11 11:14:00-04:00,219.7805938720703,NVDA
2026-09-11 11:15:00-04:00,220.3800048828125,NVDA
2026-09-11 11:16:00-04:00,220.4199981689453,NVDA
2026-09-11 11:17:00-04:00,220.44009399414062,NVDA
2026-09-11 11:18:00-04:00,220.38999938964844,NVDA
2026-09-11 11:19:00-04:00,220.16000366210938,NVDA
2026-09-11 11:20:00-04:00,220.25,NVDA
2026-09-11 11:21:00-04:00,220.17999267578125,NVDA
2026-09-11 11:22:00-04:00,220.2100067138672,NVDA
2026-09-11 11:23:00-04:00,219.9199981689453,NVDA
2026-09-11 11:24:00-04:00,220.16690063476562,NVDA
2026-09-11 11:25:00-04:00,220.2017059326172,NVDA
2026-09-11 11:26:00-04:00,220.1999969482422,NVDA
2026-09-11 11:27:00-04:00,220.24000549316406,NVDA
2026-09-11 11:28:00-04:00,220.2100067138672,NVDA
2026-09-11 11:29:00-04:00,220.1800994873047,NVDA
2026-09-11 11:30:00-04:00,220.22999572753906,NVDA
2026-09-11 11:31:00-04:00,220.1699981689453,NVDA
2026-09-11 11:32:00-04:00,220.10000610351562,NVDA
2026-09-11 11:33:00-04:00,219.8249969482422,NVDA
2026-09-11 11:34:00-04:00,219.8300018310547,NVDA
2026-09-11 11:35:00-04:00,219.94000244140625,NVDA
2026-09-11 11:36:00-04:00,219.92999267578125,NVDA
2026-09-11 11:37:00-04:00,219.68499755859375,NVDA
2026-09-11 11:38:00-04:00,219.80999755859375,NVDA
2026-09-11 11:39:00-04:00,219.75,NVDA
2026-09-11 11:40:00-04:00,219.75999450683594,NVDA
2026-09-11 11:41:00-04:00,219.44009399414062,NVDA
2026-09-11 11:42:00-04:00,219.5,NVDA
2026-09-11 11:43:00-04:00,219.7100067138672,NVDA
2026-09-11 11:44:00-04:00,219.57000732421875,NVDA
2026-09-11 11:45:00-04:00,219.55999755859375,NVDA
2026-09-11 11:46:00-04:00,219.6699981689453,NVDA
2026-09-11 11:47:00-04:00,219.55990600585938,NVDA
2026-09-11 11:48:00-04:00,219.61000061035156,NVDA
2026-09-11 11:49:00-04:00,219.72999572753906,NVDA
2026-09-11 11:50:00-04:00,219.8000030517578,NVDA
2026-09-11 11:51:00-04:00,219.75,NVDA
2026-09-11 11:52:00-04:00,219.71200561523438,NVDA
2026-09-11 11:53:00-04:00,219.61000061035156,NVDA
2026-09-11 11:54:00-04:00,219.59779357910156,NVDA
2026-09-11 11:55:00-04:00,219.60000610351562,NVDA
2026-09-11 11:56:00-04:00,219.6300048828125,NVDA
2026-09-11 11:57:00-04:00,219.61000061035156,NVDA
2026-09-11 11:58:00-04:00,219.75,NVDA
2026-09-11 11:59:00-04:00,219.68499755859375,NVDA
2026-09-11 12:00:00-04:00,219.67999267578125,NVDA
2026-09-11 12:01:00-04:00,219.8350067138672,NVDA
2026-09-11 12:02:00-04:00,219.91000366210938,NVDA
2026-09-11 12:03:00-04:00,219.71009826660156,NVDA
2026-09-11 12:04:00-04:00,219.92999267578125,NVDA
2026-09-11 12:05:00-04:00,219.91000366210938,NVDA
2026-09-11 12:06:00-04:00,219.83990478515625,NVDA
2026-09-11 12:07:00-04:00,219.77999877929688,NVDA
2026-09-11 12:08:00-04:00,219.75999450683594,NVDA
2026-09-11 12:09:00-04:00,219.875,NVDA
2026-09-11 12:10:00-04:00,219.75360107421875,NVDA
2026-09-11 12:11:00-04:00,219.8450927734375,NVDA
2026-09-11 12:12:00-04:00,219.7801055908203,NVDA
2026-09-11 12:13:00-04:00,219.63999938964844,NVDA
2026-09-11 12:14:00-04:00,219.5800018310547,NVDA
2026-09-11 12:15:00-04:00,219.42999267578125,NVDA
2026-09-11 12:16:00-04:00,219.39999389648438,NVDA
2026-09-11 12:17:00-04:00,219.4600067138672,NVDA
2026-09-11 12:18:00-04:00,219.3000030517578,NVDA
2026-09-11 12:19:00-04:00,219.25999450683594,NVDA
2026-09-11 12:20:00-04:00,219.26370239257812,NVDA
2026-09-11 12:21:00-04:00,219.25,NVDA
2026-09-11 12:22:00-04:00,219.17359924316406,NVDA
2026-09-11 12:23:00-04:00,219.2698974609375,NVDA
2026-09-11 12:24:00-04:00,219.20620727539062,NVDA
2026-09-11 12:25:00-04:00,219.16009521484375,NVDA
2026-09-11 12:26:00-04:00,219.13999938964844,NVDA
2026-09-11 12:27:00-04:00,219.16990661621094,NVDA
2026-09-11 12:28:00-04:00,219.30799865722656,NVDA
2026-09-11 12:29:00-04:00,219.16000366210938,NVDA
2026-09-11 12:30:00-04:00,219.1999969482422,NVDA
2026-09-11 12:31:00-04:00,219.06649780273438,NVDA
2026-09-11 12:32:00-04:00,218.98500061035156,NVDA
2026-09-11 12:33:00-04:00,219.17999267578125,NVDA
2026-09-11 12:34:00-04:00,219.14500427246094,NVDA
2026-09-11 12:35:00-04:00,219.0800018310547,NVDA
2026-09-11 12:36:00-04:00,219.07000732421875,NVDA
2026-09-11 12:37:00-04:00,219.0175018310547,NVDA
2026-09-11 12:38:00-04:00,218.91990661621094,NVDA
2026-09-11 12:39:00-04:00,218.7550048828125,NVDA
2026-09-11 12:40:00-04:00,218.93499755859375,NVDA
2026-09-11 12:41:00-04:00,218.94000244140625,NVDA
2026-09-11 12:42:00-04:00,218.91000366210938,NVDA
2026-09-11 12:43:00-04:00,218.95010375976562,NVDA
2026-09-11 12:44:00-04:00,219.11990356445312,NVDA
2026-09-11 12:45:00-04:00,219.1501007080078,NVDA
2026-09-11 12:46:00-04:00,219.14999389648438,NVDA
2026-09-11 12:47:00-04:00,219.18499755859375,NVDA
2026-09-11 12:48:00-04:00,219.052001953125,NVDA
2026-09-11 12:49:00-04:00,218.96969604492188,NVDA
2026-09-11 12:50:00-04:00,219.17999267578125,NVDA
2026-09-11 12:51:00-04:00,219.1300048828125,NVDA
2026-09-11 12:52:00-04:00,219.1199951171875,NVDA
2026-09-11 12:53:00-04:00,219.02999877929688,NVDA
2026-09-11 12:54:00-04:00,219.02499389648438,NVDA
2026-09-11 12:55:00-04:00,219.00999450683594,NVDA
2026-09-11 12:56:00-04:00,219.05999755859375,NVDA
2026-09-11 12:57:00-04:00,219.11000061035156,NVDA
2026-09-11 12:58:00-04:00,219.11099243164062,NVDA
2026-09-11 12:59:00-04:00,219.10499572753906,NVDA
2026-09-11 13:00:00-04:00,219.15499877929688,NVDA
2026-09-11 13:01:00-04:00,219.09500122070312,NVDA
2026-09-11 13:02:00-04:00,219.09500122070312,NVDA
2026-09-11 13:03:00-04:00,219.1199951171875,NVDA
2026-09-11 13:04:00-04:00,219.05760192871094,NVDA
2026-09-11 13:05:00-04:00,219.10499572753906,NVDA
2026-09-11 13:06:00-04:00,219.21499633789062,NVDA
2026-09-11 13:07:00-04:00,219.15370178222656,NVDA
2026-09-11 13:08:00-04:00,219.13999938964844,NVDA
2026-09-11 13:09:00-04:00,219.1199951171875,NVDA
2026-09-11 13:10:00-04:00,219.10000610351562,NVDA
2026-09-11 13:11:00-04:00,219.01499938964844,NVDA
2026-09-11 13:12:00-04:00,219.02499389648438,NVDA
2026-09-11 13:13:00-04:00,218.91140747070312,NVDA
2026-09-11 13:14:00-04:00,218.98500061035156,NVDA
2026-09-11 13:15:00-04:00,219.0,NVDA
2026-09-11 13:16:00-04:00,219.0449981689453,NVDA
2026-09-11 13:17:00-04:00,219.25079345703125,NVDA
2026-09-11 13:18:00-04:00,219.27999877929688,NVDA
2026-09-11 13:19:00-04:00,219.3179931640625,NVDA
2026-09-11 13:20:00-04:00,219.2949981689453,NVDA
2026-09-11 13:21:00-04:00,219.22999572753906,NVDA
2026-09-11 13:22:00-04:00,219.30499267578125,NVDA
2026-09-11 13:23:00-04:00,219.40499877929688,NVDA
2026-09-11 13:24:00-04:00,219.32000732421875,NVDA
2026-09-11 13:25:00-04:00,219.36000061035156,NVDA
2026-09-11 13:26:00-04:00,219.27999877929688,NVDA
2026-09-11 13:27:00-04:00,219.21730041503906,NVDA
2026-09-11 13:28:00-04:00,219.13499450683594,NVDA
2026-09-11 13:29:00-04:00,219.25,NVDA
2026-09-11 13:30:00-04:00,219.3000030517578,NVDA
2026-09-11 13:31:00-04:00,219.26499938964844,NVDA
2026-09-11 13:32:00-04:00,219.2100067138672,NVDA
2026-09-11 13:33:00-04:00,219.2449951171875,NVDA
2026-09-11 13:34:00-04:00,219.2100067138672,NVDA
2026-09-11 13:35:00-04:00,219.17999267578125,NVDA
2026-09-11 13:36:00-04:00,219.2700958251953,NVDA
2026-09-11 13:37:00-04:00,219.39500427246094,NVDA
2026-09-11 13:38:00-04:00,219.13999938964844,NVDA
2026-09-11 13:39:00-04:00,219.05999755859375,NVDA
2026-09-11 13:40:00-04:00,219.16009521484375,NVDA
2026-09-11 13:41:00-04:00,219.25,NVDA
2026-09-11 13:42:00-04:00,219.23500061035156,NVDA
2026-09-11 13:43:00-04:00,219.2799072265625,NVDA
2026-09-11 13:44:00-04:00,219.2899932861328,NVDA
2026-09-11 13:45:00-04:00,219.3350067138672,NVDA
2026-09-11 13:46:00-04:00,219.36500549316406,NVDA
2026-09-11 13:47:00-04:00,219.36000061035156,NVDA
2026-09-11 13:48:00-04:00,219.30499267578125,NVDA
2026-09-11 13:49:00-04:00,219.2801055908203,NVDA
2026-09-11 13:50:00-04:00,219.27000427246094,NVDA
2026-09-11 13:51:00-04:00,219.28500366210938,NVDA
2026-09-11 13:52:00-04:00,219.31500244140625,NVDA
2026-09-11 13:53:00-04:00,219.31500244140625,NVDA
2026-09-11 13:54:00-04:00,219.2550048828125,NVDA
2026-09-11 13:55:00-04:00,219.2550048828125,NVDA
2026-09-11 13:56:00-04:00,219.22000122070312,NVDA
2026-09-11 13:57:00-04:00,219.16000366210938,NVDA
2026-09-11 13:58:00-04:00,219.1199951171875,NVDA
2026-09-11 13:59:00-04:00,219.14500427246094,NVDA
2026-09-11 14:00:00-04:00,219.06500244140625,NVDA
2026-09-11 14:01:00-04:00,219.16000366210938,NVDA
2026-09-11 14:02:00-04:00,219.1999969482422,NVDA
2026-09-11 14:03:00-04:00,219.1649932861328,NVDA
2026-09-11 14:04:00-04:00,219.139892578125,NVDA
2026-09-11 14:05:00-04:00,219.08999633789062,NVDA
2026-09-11 14:06:00-04:00,219.12969970703125,NVDA
2026-09-11 14:07:00-04:00,219.1199951171875,NVDA
2026-09-11 14:08:00-04:00,219.13999938964844,NVDA
2026-09-11 14:09:00-04:00,219.19500732421875,NVDA
2026-09-11 14:10:00-04:00,219.21499633789062,NVDA
2026-09-11 14:11:00-04:00,219.1300048828125,NVDA
2026-09-11 14:12:00-04:00,219.1199951171875,NVDA
2026-09-11 14:13:00-04:00,219.17999267578125,NVDA
2026-09-11 14:14:00-04:00,219.1999969482422,NVDA
2026-09-11 14:15:00-04:00,219.22000122070312,NVDA
2026-09-11 14:16:00-04:00,219.2550048828125,NVDA
2026-09-11 14:17:00-04:00,219.31500244140625,NVDA
2026-09-11 14:18:00-04:00,219.34500122070312,NVDA
2026-09-11 14:19:00-04:00,219.25999450683594,NVDA
2026-09-11 14:20:00-04:00,219.2200927734375,NVDA
2026-09-11 14:21:00-04:00,219.2100067138672,NVDA
2026-09-11 14:22:00-04:00,219.22999572753906,NVDA
2026-09-11 14:23:00-04:00,219.30499267578125,NVDA
2026-09-11 14:24:00-04:00,219.36990356445312,NVDA
2026-09-11 14:25:00-04:00,219.35000610351562,NVDA
2026-09-11 14:26:00-04:00,219.35499572753906,NVDA
2026-09-11 14:27:00-04:00,219.4499969482422,NVDA
2026-09-11 14:28:00-04:00,219.50999450683594,NVDA
2026-09-11 14:29:00-04:00,219.50999450683594,NVDA
2026-09-11 14:30:00-04:00,219.55999755859375,NVDA
2026-09-11 14:31:00-04:00,219.52999877929688,NVDA
2026-09-11 14:32:00-04:00,219.6199951171875,NVDA
2026-09-11 14:33:00-04:00,219.8300018310547,NVDA
2026-09-11 14:34:00-04:00,219.9149932861328,NVDA
2026-09-11 14:35:00-04:00,219.97000122070312,NVDA
2026-09-11 14:36:00-04:00,219.98500061035156,NVDA
2026-09-11 14:37:00-04:00,219.7790985107422,NVDA
2026-09-11 14:38:00-04:00,219.5800018310547,NVDA
2026-09-11 14:39:00-04:00,219.71499633789062,NVDA
2026-09-11 14:40:00-04:00,219.797607421875,NVDA
2026-09-11 14:41:00-04:00,219.75,NVDA
2026-09-11 14:42:00-04:00,219.6999969482422,NVDA
2026-09-11 14:43:00-04:00,219.6699981689453,NVDA
2026-09-11 14:44:00-04:00,219.64999389648438,NVDA
2026-09-11 14:45:00-04:00,219.61000061035156,NVDA
2026-09-11 14:46:00-04:00,219.59959411621094,NVDA
2026-09-11 14:47:00-04:00,219.5800018310547,NVDA
2026-09-11 14:48:00-04:00,219.4700927734375,NVDA
2026-09-11 14:49:00-04:00,219.4600067138672,NVDA
2026-09-11 14:50:00-04:00,219.31680297851562,NVDA
2026-09-11 14:51:00-04:00,219.3249969482422,NVDA
2026-09-11 14:52:00-04:00,219.2899932861328,NVDA
2026-09-11 14:53:00-04:00,219.27999877929688,NVDA
2026-09-11 14:54:00-04:00,219.27999877929688,NVDA
2026-09-11 14:55:00-04:00,219.38800048828125,NVDA
2026-09-11 14:56:00-04:00,219.5,NVDA
2026-09-11 14:57:00-04:00,219.3699951171875,NVDA
2026-09-11 14:58:00-04:00,219.42930603027344,NVDA
2026-09-11 14:59:00-04:00,219.35000610351562,NVDA
2026-09-11 15:00:00-04:00,219.4149932861328,NVDA
2026-09-11 15:01:00-04:00,219.41000366210938,NVDA
2026-09-11 15:02:00-04:00,219.39500427246094,NVDA
2026-09-11 15:03:00-04:00,219.3000030517578,NVDA
2026-09-11 15:04:00-04:00,219.22000122070312,NVDA
2026-09-11 15:05:00-04:00,219.16949462890625,NVDA
2026-09-11 15:06:00-04:00,219.1300048828125,NVDA
2026-09-11 15:07:00-04:00,219.01499938964844,NVDA
2026-09-11 15:08:00-04:00,219.04139709472656,NVDA
2026-09-11 15:09:00-04:00,218.85009765625,NVDA
2026-09-11 15:10:00-04:00,218.89999389648438,NVDA
2026-09-11 15:11:00-04:00,218.97999572753906,NVDA
2026-09-11 15:12:00-04:00,218.93499755859375,NVDA
2026-09-11 15:13:00-04:00,219.11000061035156,NVDA
2026-09-11 15:14:00-04:00,219.11000061035156,NVDA
2026-09-11 15:15:00-04:00,219.1699981689453,NVDA
2026-09-11 15:16:00-04:00,219.02499389648438,NVDA
2026-09-11 15:17:00-04:00,219.1199951171875,NVDA
2026-09-11 15:18:00-04:00,219.0500030517578,NVDA
2026-09-11 15:19:00-04:00,218.99020385742188,NVDA
2026-09-11 15:20:00-04:00,219.0,NVDA
2026-09-11 15:21:00-04:00,219.0,NVDA
2026-09-11 15:22:00-04:00,218.94500732421875,NVDA
2026-09-11 15:23:00-04:00,218.92010498046875,NVDA
2026-09-11 15:24:00-04:00,219.0399932861328,NVDA
2026-09-11 15:25:00-04:00,219.02499389648438,NVDA
2026-09-11 15:26:00-04:00,219.03359985351562,NVDA
2026-09-11 15:27:00-04:00,218.8800048828125,NVDA
2026-09-11 15:28:00-04:00,218.66000366210938,NVDA
2026-09-11 15:29:00-04:00,218.41000366210938,NVDA
2026-09-11 15:30:00-04:00,218.28500366210938,NVDA
2026-09-11 15:31:00-04:00,218.40199279785156,NVDA
2026-09-11 15:32:00-04:00,218.36000061035156,NVDA
2026-09-11 15:33:00-04:00,218.2700958251953,NVDA
2026-09-11 15:34:00-04:00,218.47000122070312,NVDA
2026-09-11 15:35:00-04:00,218.45010375976562,NVDA
2026-09-11 15:36:00-04:00,218.52999877929688,NVDA
2026-09-11 15:37:00-04:00,218.47799682617188,NVDA
2026-09-11 15:38:00-04:00,218.47999572753906,NVDA
2026-09-11 15:39:00-04:00,218.4700927734375,NVDA
2026-09-11 15:40:00-04:00,218.72999572753906,NVDA
2026-09-11 15:41:00-04:00,218.73500061035156,NVDA
2026-09-11 15:42:00-04:00,218.7899932861328,NVDA
2026-09-11 15:43:00-04:00,218.7100067138672,NVDA
2026-09-11 15:44:00-04:00,218.7657928466797,NVDA
2026-09-11 15:45:00-04:00,218.80999755859375,NVDA
2026-09-11 15:46:00-04:00,218.72500610351562,NVDA
2026-09-11 15:47:00-04:00,218.74000549316406,NVDA
2026-09-11 15:48:00-04:00,218.64999389648438,NVDA
2026-09-11 15:49:00-04:00,218.75999450683594,NVDA
2026-09-11 15:50:00-04:00,218.60000610351562,NVDA
2026-09-11 15:51:00-04:00,218.61000061035156,NVDA
2026-09-11 15:52:00-04:00,218.58999633789062,NVDA
2026-09-11 15:53:00-04:00,218.5800018310547,NVDA
2026-09-11 15:54:00-04:00,218.72000122070312,NVDA
2026-09-11 15:55:00-04:00,218.75,NVDA
2026-09-11 15:56:00-04:00,218.6649932861328,NVDA
2026-09-11 15:57:00-04:00,218.59500122070312,NVDA
2026-09-11 15:58:00-04:00,218.3800048828125,NVDA
2026-09-11 15:59:00-04:00,218.1999969482422,NVDA
