asset,ts,close_price,log_return
AAPL,2026-09-08 09:30:00,319.4700012207031,
AAPL,2026-09-08 09:31:00,319.82000732421875,0.001094983915933344
AAPL,2026-09-08 09:32:00,318.4551086425781,-0.004276841531137723
AAPL,2026-09-08 09:33:00,317.44500732421875,-0.00317692084829478
AAPL,2026-09-08 09:34:00,317.2698974609375,-0.0005517748721634275
AAPL,2026-09-08 09:35:00,316.7950134277344,-0.0014979038071342994
AAPL,2026-09-08 09:36:00,315.8399963378906,-0.0030191747233389134
AAPL,2026-09-08 09:37:00,315.80499267578125,-0.00011083334073419703
AAPL,2026-09-08 09:38:00,316.7550048828125,0.0030037085018640207
AAPL,2026-09-08 09:39:00,317.3500061035156,0.0018766651738143807
AAPL,2026-09-08 09:40:00,317.7099914550781,0.0011337051349587085
AAPL,2026-09-08 09:41:00,317.42999267578125,-0.0008816916095081292
AAPL,2026-09-08 09:42:00,317.5950012207031,0.000519691508906374
AAPL,2026-09-08 09:43:00,317.85260009765625,0.0008107635957063363
AAPL,2026-09-08 09:44:00,317.518310546875,-0.0010522659316829636
AAPL,2026-09-08 09:45:00,316.94000244140625,-0.0018229984658997115
AAPL,2026-09-08 09:46:00,317.0400085449219,0.0003154866166505932
AAPL,2026-09-08 09:47:00,316.3599853515625,-0.002147216486216971
AAPL,2026-09-08 09:48:00,316.6300048828125,0.0008531558217165423
AAPL,2026-09-08 09:49:00,316.2200012207031,-0.0012957374275712294
AAPL,2026-09-08 09:50:00,316.0299987792969,-0.0006010358153452613
AAPL,2026-09-08 09:51:00,316.07000732421875,0.00012658928836877732
AAPL,2026-09-08 09:52:00,316.1600036621094,0.0002846949272721399
AAPL,2026-09-08 09:53:00,316.5793151855469,0.001325384948679732
AAPL,2026-09-08 09:54:00,316.4599914550781,-0.00037698680202074495
AAPL,2026-09-08 09:55:00,317.2011108398437,0.002339167482471758
AAPL,2026-09-08 09:56:00,317.19500732421875,-1.9241970278079952e-05
AAPL,2026-09-08 09:57:00,317.5799865722656,0.0012129630150825705
AAPL,2026-09-08 09:58:00,317.25,-0.001039606222030053
AAPL,2026-09-08 09:59:00,316.8999938964844,-0.0011038591576904514
AAPL,2026-09-08 10:00:00,317.2300109863281,0.0010408500373640362
AAPL,2026-09-08 10:01:00,316.7290954589844,-0.0015802774232431898
AAPL,2026-09-08 10:02:00,316.6199951171875,-0.0003445188269766313
AAPL,2026-09-08 10:03:00,316.5199890136719,-0.00031590519270263565
AAPL,2026-09-08 10:04:00,316.85791015625,0.0010670444140335172
AAPL,2026-09-08 10:05:00,316.6000061035156,-0.0008142737200515267
AAPL,2026-09-08 10:06:00,316.1400146484375,-0.0014539669406950849
AAPL,2026-09-08 10:07:00,316.2099914550781,0.00022132302127260506
AAPL,2026-09-08 10:08:00,316.20001220703125,-3.155942502463179e-05
AAPL,2026-09-08 10:09:00,315.9549865722656,-0.0007752074966088266
AAPL,2026-09-08 10:10:00,315.8399963378906,-0.000364011233881815
AAPL,2026-09-08 10:11:00,315.7799987792969,-0.0001899799222254615
AAPL,2026-09-08 10:12:00,315.95001220703125,0.0005382471273559104
AAPL,2026-09-08 10:13:00,315.8800048828125,-0.00022160176823406483
AAPL,2026-09-08 10:14:00,315.885009765625,1.5844127789838813e-05
AAPL,2026-09-08 10:15:00,315.6900939941406,-0.0006172370522913699
AAPL,2026-09-08 10:16:00,315.6099853515625,-0.0002537894279726031
AAPL,2026-09-08 10:17:00,315.6400146484375,9.514232680434933e-05
AAPL,2026-09-08 10:18:00,315.8450012207031,0.0006492207235779305
AAPL,2026-09-08 10:19:00,315.9588928222656,0.00036052833440872054
AAPL,2026-09-08 10:20:00,315.8800048828125,-0.0002497090323168068
AAPL,2026-09-08 10:21:00,315.7550048828125,-0.0003957982052901599
AAPL,2026-09-08 10:22:00,315.6650085449219,-0.0002850601393246991
AAPL,2026-09-08 10:23:00,315.6499938964844,-4.756626527890254e-05
AAPL,2026-09-08 10:24:00,315.739990234375,0.00028507369696073413
AAPL,2026-09-08 10:25:00,315.8550109863281,0.00036422312716963
AAPL,2026-09-08 10:26:00,315.6426086425781,-0.0006726940693283296
AAPL,2026-09-08 10:27:00,315.3299865722656,-0.0009909213118424263
AAPL,2026-09-08 10:28:00,315.3699951171875,0.000126870290588396
AAPL,2026-09-08 10:29:00,315.6700134277344,0.0009508694507148268
AAPL,2026-09-08 10:30:00,315.5060119628906,-0.0005196695119496718
AAPL,2026-09-08 10:31:00,315.42498779296875,-0.0002568400360693412
AAPL,2026-09-08 10:32:00,315.3599853515625,-0.0002061001590202997
AAPL,2026-09-08 10:33:00,315.5199890136719,0.0005072396399996805
AAPL,2026-09-08 10:34:00,315.6549987792969,0.0004278045559319421
AAPL,2026-09-08 10:35:00,315.5199890136719,-0.00042780455593204714
AAPL,2026-09-08 10:36:00,315.6050109863281,0.0002694299011148445
AAPL,2026-09-08 10:37:00,315.739990234375,0.0004275926786226512
AAPL,2026-09-08 10:38:00,315.8299865722656,0.0002849924531081009
AAPL,2026-09-08 10:39:00,315.9200134277344,0.00028500785462015166
AAPL,2026-09-08 10:40:00,315.7799987792969,-0.00044329475391707753
AAPL,2026-09-08 10:41:00,316.05499267578125,0.0008704611728284617
AAPL,2026-09-08 10:42:00,316.1400146484375,0.00026897388363967867
AAPL,2026-09-08 10:43:00,316.0199890136719,-0.00037973182584339396
AAPL,2026-09-08 10:44:00,316.0899963378906,0.00022150361844411987
AAPL,2026-09-08 10:45:00,315.95001220703125,-0.0004429597217130274
AAPL,2026-09-08 10:46:00,316.0150146484375,0.000205715312946848
AAPL,2026-09-08 10:47:00,315.9800109863281,-0.0001107719546052077
AAPL,2026-09-08 10:48:00,315.989990234375,3.1581397941168185e-05
AAPL,2026-09-08 10:49:00,316.1650085449219,0.0005537196268530592
AAPL,2026-09-08 10:50:00,316.2699890136719,0.00033198817307533853
AAPL,2026-09-08 10:51:00,316.0299987792969,-0.0007591024846827965
AAPL,2026-09-08 10:52:00,316.0799865722656,0.00015816169410826938
AAPL,2026-09-08 10:53:00,316.2250061035156,0.0004587012137261619
AAPL,2026-09-08 10:54:00,316.2799987792969,0.0001738885083763783
AAPL,2026-09-08 10:55:00,316.3251037597656,0.00014260074844216891
AAPL,2026-09-08 10:56:00,316.114990234375,-0.0006644535509887442
AAPL,2026-09-08 10:57:00,315.7550048828125,-0.0011394286587166672
AAPL,2026-09-08 10:58:00,315.7200012207031,-0.0001108631752861516
AAPL,2026-09-08 10:59:00,315.974609375,0.0008061115729453772
AAPL,2026-09-08 11:00:00,316.010009765625,0.00011202927916238649
AAPL,2026-09-08 11:01:00,316.0299987792969,6.325236823080294e-05
AAPL,2026-09-08 11:02:00,316.0350036621094,1.5836607922545866e-05
AAPL,2026-09-08 11:03:00,316.4049987792969,0.001170056157012323
AAPL,2026-09-08 11:04:00,316.42498779296875,6.317340866466355e-05
AAPL,2026-09-08 11:05:00,316.3699951171875,-0.0001738088240421554
AAPL,2026-09-08 11:06:00,316.0400085449219,-0.0010435843845066537
AAPL,2026-09-08 11:07:00,315.9999084472656,-0.00012689102897448816
AAPL,2026-09-08 11:08:00,315.9700012207031,-9.4647628399094e-05
AAPL,2026-09-08 11:09:00,315.7900085449219,-0.0005698134667249311
AAPL,2026-09-08 11:10:00,316.3999938964844,0.001929753835090959
AAPL,2026-09-08 11:11:00,316.3399963378906,-0.00018964364414942784
AAPL,2026-09-08 11:12:00,316.31500244140625,-7.901272113746959e-05
AAPL,2026-09-08 11:13:00,316.42999267578125,0.00036346470229953594
AAPL,2026-09-08 11:14:00,316.20001220703125,-0.0007270615592239868
AAPL,2026-09-08 11:15:00,316.3900146484375,0.0006007127493437071
AAPL,2026-09-08 11:16:00,316.3178100585937,-0.00022823991529011546
AAPL,2026-09-08 11:17:00,316.1300048828125,-0.000593899375931167
AAPL,2026-09-08 11:18:00,316.0299987792969,-0.00031639491195446486
AAPL,2026-09-08 11:19:00,315.8949890136719,-0.0004272968161956632
AAPL,2026-09-08 11:20:00,315.95001220703125,0.00017416674466730117
AAPL,2026-09-08 11:21:00,315.8299865722656,-0.0003799602280588972
AAPL,2026-09-08 11:22:00,315.7950134277344,-0.00011074021632138149
AAPL,2026-09-08 11:23:00,315.9800109863281,0.0005856438027218533
AAPL,2026-09-08 11:24:00,316.375,0.0012492636515240405
AAPL,2026-09-08 11:25:00,316.5115966796875,0.00043166242585995215
AAPL,2026-09-08 11:26:00,316.5199890136719,2.651474009994477e-05
AAPL,2026-09-08 11:27:00,316.3099975585937,-0.0006636583829506215
AAPL,2026-09-08 11:28:00,316.4200134277344,0.000347749809046917
AAPL,2026-09-08 11:29:00,316.2491149902344,-0.0005402458693819082
AAPL,2026-09-08 11:30:00,316.32000732421875,0.00022414098880389305
AAPL,2026-09-08 11:31:00,316.25,-0.00022134253503643716
AAPL,2026-09-08 11:32:00,316.1499938964844,-0.0003162748428667149
AAPL,2026-09-08 11:33:00,316.2349853515625,0.00026879656658179967
AAPL,2026-09-08 11:34:00,316.260009765625,7.912920819533029e-05
AAPL,2026-09-08 11:35:00,316.2850036621094,7.902645967270281e-05
AAPL,2026-09-08 11:36:00,316.2799987792969,-1.582409015128805e-05
AAPL,2026-09-08 11:37:00,316.3299865722656,0.00015803668683798857
AAPL,2026-09-08 11:38:00,316.260009765625,-0.0002212390563592608
AAPL,2026-09-08 11:39:00,316.2950134277344,0.00011067388878956296
AAPL,2026-09-08 11:40:00,316.30499267578125,3.154994609986737e-05
AAPL,2026-09-08 11:41:00,316.4649963378906,0.0005057245706895001
AAPL,2026-09-08 11:42:00,316.69000244140625,0.0007107457523715185
AAPL,2026-09-08 11:43:00,316.6199951171875,-0.00022108390764015104
AAPL,2026-09-08 11:44:00,316.4150085449219,-0.0006476311048978143
AAPL,2026-09-08 11:45:00,316.5599975585937,0.0004581192458138418
AAPL,2026-09-08 11:46:00,316.2950134277344,-0.0008374245024369878
AAPL,2026-09-08 11:47:00,316.1400146484375,-0.0004901650778949602
AAPL,2026-09-08 11:48:00,316.2650146484375,0.0003953162794004386
AAPL,2026-09-08 11:49:00,316.19500732421875,-0.000221381026697306
AAPL,2026-09-08 11:50:00,316.2749938964844,0.00025293396536647507
AAPL,2026-09-08 11:51:00,316.42999267578125,0.0004899559374022605
AAPL,2026-09-08 11:52:00,316.4049987792969,-7.899024812104795e-05
AAPL,2026-09-08 11:53:00,316.32000732421875,-0.0002686521151193754
AAPL,2026-09-08 11:54:00,316.1600036621094,-0.0005059564341746502
AAPL,2026-09-08 11:55:00,316.0899963378906,-0.00022145456545628805
AAPL,2026-09-08 11:56:00,316.1600036621094,0.0002214545654563318
AAPL,2026-09-08 11:57:00,316.1600036621094,0.0
AAPL,2026-09-08 11:58:00,316.1400146484375,-6.322635805688202e-05
AAPL,2026-09-08 11:59:00,316.07989501953125,-0.00019018581404381366
AAPL,2026-09-08 12:00:00,315.9100036621094,-0.0005376394840127483
AAPL,2026-09-08 12:01:00,315.875,-0.00011080877812006189
AAPL,2026-09-08 12:02:00,315.989990234375,0.0003639709033468256
AAPL,2026-09-08 12:03:00,316.0199890136719,9.493134698635815e-05
AAPL,2026-09-08 12:04:00,316.0299987792969,3.167396825929499e-05
AAPL,2026-09-08 12:05:00,316.2361145019531,0.0006519904376594549
AAPL,2026-09-08 12:06:00,316.1416015625,-0.00029891293686009864
AAPL,2026-09-08 12:07:00,315.875,-0.0008436537193919243
AAPL,2026-09-08 12:08:00,315.7898864746094,-0.0002694894958647301
AAPL,2026-09-08 12:09:00,315.7300109863281,-0.00018962344243272653
AAPL,2026-09-08 12:10:00,315.67999267578125,-0.000158433697158402
AAPL,2026-09-08 12:11:00,315.6400146484375,-0.00012664901138368287
AAPL,2026-09-08 12:12:00,315.625,-4.757003189445421e-05
AAPL,2026-09-08 12:13:00,315.6499938964844,7.918544767045878e-05
AAPL,2026-09-08 12:14:00,315.5950012207031,-0.0001742356021694764
AAPL,2026-09-08 12:15:00,315.739990234375,0.0004593092991304081
AAPL,2026-09-08 12:16:00,315.54998779296875,-0.000601949828942797
AAPL,2026-09-08 12:17:00,315.5199890136719,-9.507275079469348e-05
AAPL,2026-09-08 12:18:00,315.489990234375,-9.508179048202979e-05
AAPL,2026-09-08 12:19:00,315.489990234375,0.0
AAPL,2026-09-08 12:20:00,315.8599853515625,0.001172076261510043
AAPL,2026-09-08 12:21:00,315.8900146484375,9.506702618944921e-05
AAPL,2026-09-08 12:22:00,315.8395080566406,-0.00015989941925851527
AAPL,2026-09-08 12:23:00,315.7799987792969,-0.00018843394441046224
AAPL,2026-09-08 12:24:00,315.7900085449219,3.169803983645002e-05
AAPL,2026-09-08 12:25:00,315.94000244140625,0.0004748671004843822
AAPL,2026-09-08 12:26:00,315.8900146484375,-0.00015823177665186394
AAPL,2026-09-08 12:27:00,315.9100036621094,6.327639474274096e-05
AAPL,2026-09-08 12:28:00,316.0599975585937,0.0004746867699765631
AAPL,2026-09-08 12:29:00,316.0849914550781,7.90764679996322e-05
AAPL,2026-09-08 12:30:00,316.0050048828125,-0.0002530860262177803
AAPL,2026-09-08 12:31:00,316.0249938964844,6.325336998917352e-05
AAPL,2026-09-08 12:32:00,316.0,-7.909148131407508e-05
AAPL,2026-09-08 12:33:00,316.0199890136719,6.325437177929348e-05
AAPL,2026-09-08 12:34:00,315.95001220703125,-0.00022145610326895676
AAPL,2026-09-08 12:35:00,316.0299987792969,0.00025313007152822595
AAPL,2026-09-08 12:36:00,315.92999267578125,-0.0003164950493785778
AAPL,2026-09-08 12:37:00,315.9200134277344,-3.1587395588537596e-05
AAPL,2026-09-08 12:38:00,315.9891052246094,0.0002186763732661439
AAPL,2026-09-08 12:39:00,316.0199890136719,9.773210344169875e-05
AAPL,2026-09-08 12:40:00,316.0,-6.325437177940505e-05
AAPL,2026-09-08 12:41:00,316.1099853515625,0.00034799435294874566
AAPL,2026-09-08 12:42:00,316.0599060058594,-0.00015843635229237293
AAPL,2026-09-08 12:43:00,316.0799865722656,6.353203349063529e-05
AAPL,2026-09-08 12:44:00,316.0899963378906,3.16679560764437e-05
AAPL,2026-09-08 12:45:00,316.1000061035156,3.1666953248850086e-05
AAPL,2026-09-08 12:46:00,316.159912109375,0.00018949803494724662
AAPL,2026-09-08 12:47:00,316.01129150390625,-0.00047019100951569955
AAPL,2026-09-08 12:48:00,316.07000732421875,0.00018578565950381194
AAPL,2026-09-08 12:49:00,316.1050109863281,0.00011074041564850838
AAPL,2026-09-08 12:50:00,316.0299987792969,-0.00023732970401733826
AAPL,2026-09-08 12:51:00,316.1000061035156,0.00022149660343345501
AAPL,2026-09-08 12:52:00,316.0199890136719,-0.00025317057169288405
AAPL,2026-09-08 12:53:00,316.125,0.00033223703143774145
AAPL,2026-09-08 12:54:00,316.0799865722656,-0.00014240136907013614
AAPL,2026-09-08 12:55:00,316.0299987792969,-0.0001581616941081639
AAPL,2026-09-08 12:56:00,315.8999938964844,-0.00041145343994863914
AAPL,2026-09-08 12:57:00,315.8999938964844,0.0
AAPL,2026-09-08 12:58:00,315.8999938964844,0.0
AAPL,2026-09-08 12:59:00,315.989990234375,0.0002848481247030556
AAPL,2026-09-08 13:00:00,316.1499938964844,0.0005062285871580688
AAPL,2026-09-08 13:01:00,316.3500061035156,0.0006324496875831712
AAPL,2026-09-08 13:02:00,316.385009765625,0.00011064240564276425
AAPL,2026-09-08 13:03:00,316.3349914550781,-0.00015810567250785113
AAPL,2026-09-08 13:04:00,316.4200134277344,0.0002687358377629315
AAPL,2026-09-08 13:05:00,316.4649963378906,0.0001421519218748749
AAPL,2026-09-08 13:06:00,316.5400085449219,0.00023700352067920554
AAPL,2026-09-08 13:07:00,316.4599914550781,-0.000252818610647601
AAPL,2026-09-08 13:08:00,316.260009765625,-0.0006321333156105818
AAPL,2026-09-08 13:09:00,316.1849975585937,-0.00023721337512148388
AAPL,2026-09-08 13:10:00,316.2250061035156,0.0001265272362664175
AAPL,2026-09-08 13:11:00,316.1650085449219,-0.00018974859622704977
AAPL,2026-09-08 13:12:00,316.09991455078125,-0.00020590734039741484
AAPL,2026-09-08 13:13:00,316.1400146484375,0.00012685088637413822
AAPL,2026-09-08 13:14:00,316.1849975585937,0.00014227781398384263
AAPL,2026-09-08 13:15:00,316.0899963378906,-0.0003005060213832608
AAPL,2026-09-08 13:16:00,316.0599975585937,-9.491032068046189e-05
AAPL,2026-09-08 13:17:00,316.1300048828125,0.00022147558245015235
AAPL,2026-09-08 13:18:00,316.1600036621094,9.488930368657456e-05
AAPL,2026-09-08 13:19:00,316.07000732421875,-0.00028469492727210756
AAPL,2026-09-08 13:20:00,315.9100036621094,-0.0005063567288413854
AAPL,2026-09-08 13:21:00,315.9200134277344,3.168499550545543e-05
AAPL,2026-09-08 13:22:00,315.9800109863281,0.00018989573178024232
AAPL,2026-09-08 13:23:00,316.11700439453125,0.0004334569125137173
AAPL,2026-09-08 13:24:00,316.1000061035156,-5.3773595893372605e-05
AAPL,2026-09-08 13:25:00,316.0,-0.0003164249434722156
AAPL,2026-09-08 13:26:00,316.04998779296875,0.00015817670766056833
AAPL,2026-09-08 13:27:00,316.0799865722656,9.491332648637455e-05
AAPL,2026-09-08 13:28:00,316.2200012207031,0.000442874121237054
AAPL,2026-09-08 13:29:00,316.2699890136719,0.00015806666933752188
AAPL,2026-09-08 13:30:00,316.2099914550781,-0.0001897216058261655
AAPL,2026-09-08 13:31:00,316.17498779296875,-0.00011070364823258721
AAPL,2026-09-08 13:32:00,316.2300109863281,0.00017401251920665746
AAPL,2026-09-08 13:33:00,316.2699890136719,0.00012641273485222633
AAPL,2026-09-08 13:34:00,316.20001220703125,-0.000221281030850822
AAPL,2026-09-08 13:35:00,316.17999267578125,-6.331487745378527e-05
AAPL,2026-09-08 13:36:00,316.1650085449219,-4.739226477084997e-05
AAPL,2026-09-08 13:37:00,316.17999267578125,4.739226477089842e-05
AAPL,2026-09-08 13:38:00,316.17999267578125,0.0
AAPL,2026-09-08 13:39:00,316.04998779296875,-0.0004112582087564486
AAPL,2026-09-08 13:40:00,316.1099853515625,0.0001898176452883689
AAPL,2026-09-08 13:41:00,316.1400146484375,9.499184467405879e-05
AAPL,2026-09-08 13:42:00,316.19000244140625,0.00015810665861763583
AAPL,2026-09-08 13:43:00,316.2099914550781,6.321636265474311e-05
AAPL,2026-09-08 13:44:00,316.260009765625,0.0001581681678327873
AAPL,2026-09-08 13:45:00,316.2099914550781,-0.00015816816783281894
AAPL,2026-09-08 13:46:00,316.1449890136719,-0.00020558845472209723
AAPL,2026-09-08 13:47:00,316.11358642578125,-9.933463660689507e-05
AAPL,2026-09-08 13:48:00,316.1300048828125,5.1937124426947425e-05
AAPL,2026-09-08 13:49:00,316.1600036621094,9.488930368657456e-05
AAPL,2026-09-08 13:50:00,316.0849914550781,-0.00023728841813710306
AAPL,2026-09-08 13:51:00,316.04998779296875,-0.00011074742988213781
AAPL,2026-09-08 13:52:00,316.07501220703125,7.917552406737934e-05
AAPL,2026-09-08 13:53:00,316.0201110839844,-0.00017371158600016626
AAPL,2026-09-08 13:54:00,316.0150146484375,-1.6127064270655844e-05
AAPL,2026-09-08 13:55:00,316.0450134277344,9.492382997463267e-05
AAPL,2026-09-08 13:56:00,315.9849853515625,-0.0001899532505365252
AAPL,2026-09-08 13:57:00,316.0400085449219,0.0001741171441945347
AAPL,2026-09-08 13:58:00,316.0,-0.0001266013050896124
AAPL,2026-09-08 13:59:00,316.0299987792969,9.492834003869158e-05
AAPL,2026-09-08 14:00:00,316.114990234375,0.00026889861366405707
AAPL,2026-09-08 14:01:00,316.20001220703125,0.00026892284016778327
AAPL,2026-09-08 14:02:00,316.20001220703125,0.0
AAPL,2026-09-08 14:03:00,316.1698913574219,-9.526338765451538e-05
AAPL,2026-09-08 14:04:00,316.1225891113281,-0.0001496214098479202
AAPL,2026-09-08 14:05:00,316.2340087890625,0.00035239508611868643
AAPL,2026-09-08 14:06:00,316.1600036621094,-0.0002340475268071755
AAPL,2026-09-08 14:07:00,316.0899963378906,-0.00022145456545628805
AAPL,2026-09-08 14:08:00,316.1400146484375,0.00015822820739938318
AAPL,2026-09-08 14:09:00,316.07000732421875,-0.00022146856921520538
AAPL,2026-09-08 14:10:00,316.09259033203125,7.144683315916002e-05
AAPL,2026-09-08 14:11:00,316.07000732421875,-7.144683315920568e-05
AAPL,2026-09-08 14:12:00,316.3299865722656,0.0008221988146797471
AAPL,2026-09-08 14:13:00,316.3399963378906,3.1642928845050766e-05
AAPL,2026-09-08 14:14:00,316.32501220703125,-4.736829336156098e-05
AAPL,2026-09-08 14:15:00,316.364990234375,0.00012637477198223455
AAPL,2026-09-08 14:16:00,316.2898864746094,-0.0002374241087308144
AAPL,2026-09-08 14:17:00,316.2900085449219,3.8594433195705714e-07
AAPL,2026-09-08 14:18:00,316.23541259765625,-0.00017262846860003334
AAPL,2026-09-08 14:19:00,316.2799987792969,0.00014098053869511824
AAPL,2026-09-08 14:20:00,316.2900085449219,3.164792990489389e-05
AAPL,2026-09-08 14:21:00,316.1400146484375,-0.000474341488531454
AAPL,2026-09-08 14:22:00,316.1050109863281,-0.00011072815356672143
AAPL,2026-09-08 14:23:00,316.010009765625,-0.00030058207224812516
AAPL,2026-09-08 14:24:00,315.9939880371094,-5.070135181034314e-05
AAPL,2026-09-08 14:25:00,316.19891357421875,0.0006483006808980333
AAPL,2026-09-08 14:26:00,316.2749938964844,0.0002405801147965362
AAPL,2026-09-08 14:27:00,316.6400146484375,0.0011534591137694853
AAPL,2026-09-08 14:28:00,316.5599975585937,-0.00025273875150712895
AAPL,2026-09-08 14:29:00,316.3900146484375,-0.0005371132347403789
AAPL,2026-09-08 14:30:00,316.3800048828125,-3.163792631402692e-05
AAPL,2026-09-08 14:31:00,316.2499084472656,-0.0004112876569366671
AAPL,2026-09-08 14:32:00,316.1449890136719,-0.00033181619579053057
AAPL,2026-09-08 14:33:00,315.9400939941406,-0.0006483147038778069
AAPL,2026-09-08 14:34:00,315.8900146484375,-0.00015852155547185927
AAPL,2026-09-08 14:35:00,315.9100036621094,6.327639474274096e-05
AAPL,2026-09-08 14:36:00,316.0150146484375,0.0003323526818908842
AAPL,2026-09-08 14:37:00,315.889892578125,-0.00039601550966550093
AAPL,2026-09-08 14:38:00,315.7799987792969,-0.0003479469306370375
AAPL,2026-09-08 14:39:00,315.8550109863281,0.00023751757335849964
AAPL,2026-09-08 14:40:00,315.7300109863281,-0.0003958295313643187
AAPL,2026-09-08 14:41:00,315.5400085449219,-0.000601968860440632
AAPL,2026-09-08 14:42:00,315.4700012207031,-0.0002218897431817262
AAPL,2026-09-08 14:43:00,315.489990234375,6.336063759753121e-05
AAPL,2026-09-08 14:44:00,315.4700012207031,-6.336063759747547e-05
AAPL,2026-09-08 14:45:00,315.489990234375,6.336063759753121e-05
AAPL,2026-09-08 14:46:00,315.6000061035156,0.00034865350708606296
AAPL,2026-09-08 14:47:00,315.35888671875,-0.0007642951046288506
AAPL,2026-09-08 14:48:00,315.0249938964844,-0.0010593318254389498
AAPL,2026-09-08 14:49:00,315.17999267578125,0.0004918995746615406
AAPL,2026-09-08 14:50:00,315.4549865722656,0.0008721175417260897
AAPL,2026-09-08 14:51:00,315.5299987792969,0.0002377622578225224
AAPL,2026-09-08 14:52:00,315.5899963378906,0.0001901304323699979
AAPL,2026-09-08 14:53:00,315.739990234375,0.00047516798662121986
AAPL,2026-09-08 14:54:00,315.8599853515625,0.00037997189129063667
AAPL,2026-09-08 14:55:00,315.94000244140625,0.0002532988028414633
AAPL,2026-09-08 14:56:00,315.8500061035156,-0.0002848931995825768
AAPL,2026-09-08 14:57:00,315.7300109863281,-0.00037998389874410407
AAPL,2026-09-08 14:58:00,315.54998779296875,-0.0005703434247480995
AAPL,2026-09-08 14:59:00,315.5299987792969,-6.33485900484407e-05
AAPL,2026-09-08 15:00:00,315.510009765625,-6.335260334646362e-05
AAPL,2026-09-08 15:01:00,315.4800109863281,-9.50847979615825e-05
AAPL,2026-09-08 15:02:00,315.4100036621094,-0.00022193194655369423
AAPL,2026-09-08 15:03:00,315.44000244140625,9.510590165418883e-05
AAPL,2026-09-08 15:04:00,315.5400085449219,0.00031698660056333393
AAPL,2026-09-08 15:05:00,315.625,0.0002693161200040761
AAPL,2026-09-08 15:06:00,315.69500732421875,0.0002217807884860596
AAPL,2026-09-08 15:07:00,316.05499267578125,0.0011396450827847687
AAPL,2026-09-08 15:08:00,316.1199951171875,0.00020564698980672769
AAPL,2026-09-08 15:09:00,316.2699890136719,0.00047437152093196707
AAPL,2026-09-08 15:10:00,316.4501037597656,0.0005693346963882573
AAPL,2026-09-08 15:11:00,316.32000732421875,-0.0004111965312555732
AAPL,2026-09-08 15:12:00,316.2349853515625,-0.00026882081132137187
AAPL,2026-09-08 15:13:00,316.04998779296875,-0.0005851714708723573
AAPL,2026-09-08 15:14:00,316.0899963378906,0.000126581282562829
AAPL,2026-09-08 15:15:00,315.9800109863281,-0.0003480163633714815
AAPL,2026-09-08 15:16:00,315.9700012207031,-3.1678979135967784e-05
AAPL,2026-09-08 15:17:00,315.8349914550781,-0.00042737797024429696
AAPL,2026-09-08 15:18:00,315.7300109863281,-0.0003324454943229474
AAPL,2026-09-08 15:19:00,315.7900085449219,0.00019000999784226326
AAPL,2026-09-08 15:20:00,315.89569091796875,0.00033460429489781576
AAPL,2026-09-08 15:21:00,315.94000244140625,0.00014026280558661678
AAPL,2026-09-08 15:22:00,315.8900146484375,-0.00015823177665186394
AAPL,2026-09-08 15:23:00,315.885009765625,-1.584387675741276e-05
AAPL,2026-09-08 15:24:00,315.9049987792969,6.327739726243025e-05
AAPL,2026-09-08 15:25:00,315.94000244140625,0.00011079825614690991
AAPL,2026-09-08 15:26:00,315.7749938964844,-0.0005224145370341431
AAPL,2026-09-08 15:27:00,315.6700134277344,-0.00033250866979561613
AAPL,2026-09-08 15:28:00,315.67608642578125,1.9238253149902724e-05
AAPL,2026-09-08 15:29:00,315.79998779296875,0.00039241825252305255
AAPL,2026-09-08 15:30:00,315.614990234375,-0.0005859777494201036
AAPL,2026-09-08 15:31:00,315.8349914550781,0.0006968128465734925
AAPL,2026-09-08 15:32:00,316.07000732421875,0.0007438329509358736
AAPL,2026-09-08 15:33:00,316.0899963378906,6.324036181582316e-05
AAPL,2026-09-08 15:34:00,316.04998779296875,-0.0001265812825628757
AAPL,2026-09-08 15:35:00,316.04010009765625,-3.128571544700371e-05
AAPL,2026-09-08 15:36:00,316.0150146484375,-7.937741075632776e-05
AAPL,2026-09-08 15:37:00,316.1400146484375,0.0003954726161656046
AAPL,2026-09-08 15:38:00,316.1499938964844,3.156541432847021e-05
AAPL,2026-09-08 15:39:00,316.29998779296875,0.0004743265195325396
AAPL,2026-09-08 15:40:00,316.2799987792969,-6.319837523427017e-05
AAPL,2026-09-08 15:41:00,316.2200012207031,-0.0001897156008654698
AAPL,2026-09-08 15:42:00,316.1134033203125,-0.00033715726746336844
AAPL,2026-09-08 15:43:00,316.1300048828125,5.2516364072405514e-05
AAPL,2026-09-08 15:44:00,316.17999267578125,0.00015811166442369041
AAPL,2026-09-08 15:45:00,316.1000061035156,-0.00025300997294468137
AAPL,2026-09-08 15:46:00,316.04998779296875,-0.00015824823581171813
AAPL,2026-09-08 15:47:00,316.1199951171875,0.00022148259612921409
AAPL,2026-09-08 15:48:00,316.1700134277344,0.00015821319323488926
AAPL,2026-09-08 15:49:00,316.25,0.000252953957793429
AAPL,2026-09-08 15:50:00,316.0199890136719,-0.0007275720830384586
AAPL,2026-09-08 15:51:00,316.0799865722656,0.00018983566236745948
AAPL,2026-09-08 15:52:00,316.2099914550781,0.0004112191847484445
AAPL,2026-09-08 15:53:00,316.07501220703125,-0.00042695698716742575
AAPL,2026-09-08 15:54:00,316.42999267578125,0.0011224591213668514
AAPL,2026-09-08 15:55:00,316.17999267578125,-0.000790376436677803
AAPL,2026-09-08 15:56:00,315.9599914550781,-0.0006960522514263681
AAPL,2026-09-08 15:57:00,315.8599853515625,-0.0003165651863565117
AAPL,2026-09-08 15:58:00,315.9501037597656,0.0002852705595159142
AAPL,2026-09-08 15:59:00,316.3500061035156,0.0012649132613846365
AAPL,2026-09-09 09:30:00,315.9301147460937,-0.0013281816248913792
AAPL,2026-09-09 09:31:00,315.7200012207031,-0.0006652845549429431
AAPL,2026-09-09 09:32:00,315.8699951171875,0.00047497237186754863
AAPL,2026-09-09 09:33:00,315.3299865722656,-0.001711054158225306
AAPL,2026-09-09 09:34:00,315.5198974609375,0.0006020795096120865
AAPL,2026-09-09 09:35:00,315.8550109863281,0.001061535871558553
AAPL,2026-09-09 09:36:00,315.8500061035156,-1.584563262026668e-05
AAPL,2026-09-09 09:37:00,315.8299865722656,-6.338504144137232e-05
AAPL,2026-09-09 09:38:00,315.82000732421875,-3.159739774921064e-05
AAPL,2026-09-09 09:39:00,315.95001220703125,0.0004115576258081885
AAPL,2026-09-09 09:40:00,315.8099975585937,-0.0004432526546969236
AAPL,2026-09-09 09:41:00,316.1499938964844,0.0010760059981375677
AAPL,2026-09-09 09:42:00,316.1099853515625,-0.0001265572590024061
AAPL,2026-09-09 09:43:00,315.95001220703125,-0.0005061960844383441
AAPL,2026-09-09 09:44:00,315.85009765625,-0.00031628532522984915
AAPL,2026-09-09 09:45:00,315.8800048828125,9.468355699585379e-05
AAPL,2026-09-09 09:46:00,315.739990234375,-0.00044335091293292665
AAPL,2026-09-09 09:47:00,316.0249938964844,0.0009022458939706653
AAPL,2026-09-09 09:48:00,316.1099853515625,0.00026890287163465845
AAPL,2026-09-09 09:49:00,316.0899963378906,-6.323636272529277e-05
AAPL,2026-09-09 09:50:00,316.25439453125,0.0005199641190376229
AAPL,2026-09-09 09:51:00,316.1499938964844,-0.00033017049730983233
AAPL,2026-09-09 09:52:00,316.29998779296875,0.0004743265195325396
AAPL,2026-09-09 09:53:00,316.4400939941406,0.0004428554709730372
AAPL,2026-09-09 09:54:00,316.3099975585937,-0.00041120954107131893
AAPL,2026-09-09 09:55:00,316.60009765625,0.0009167182516620652
AAPL,2026-09-09 09:56:00,316.6499938964844,0.00015758778720508502
AAPL,2026-09-09 09:57:00,317.0101013183594,0.0011365950400266344
AAPL,2026-09-09 09:58:00,317.506103515625,0.001563403092042325
AAPL,2026-09-09 09:59:00,317.8749084472656,0.0011608939081145665
AAPL,2026-09-09 10:00:00,317.4700012207031,-0.0012746062027710306
AAPL,2026-09-09 10:01:00,317.4549865722656,-4.7295818337524135e-05
AAPL,2026-09-09 10:02:00,317.8900146484375,0.0013694233631201924
AAPL,2026-09-09 10:03:00,317.55499267578125,-0.0010544484568648846
AAPL,2026-09-09 10:04:00,317.3699951171875,-0.0005827383309389394
AAPL,2026-09-09 10:05:00,317.7099914550781,0.0010707198386390412
AAPL,2026-09-09 10:06:00,318.0523986816406,0.0010771548143818964
AAPL,2026-09-09 10:07:00,318.0350036621094,-5.4693802994692556e-05
AAPL,2026-09-09 10:08:00,317.9700012207031,-0.00020440858525813958
AAPL,2026-09-09 10:09:00,317.8916931152344,-0.00024630546724918807
AAPL,2026-09-09 10:10:00,317.2004089355469,-0.0021769581150934
AAPL,2026-09-09 10:11:00,316.5068054199219,-0.0021890354942614115
AAPL,2026-09-09 10:12:00,316.1050109863281,-0.0012702718387522511
AAPL,2026-09-09 10:13:00,316.0950012207031,-3.166645185877932e-05
AAPL,2026-09-09 10:14:00,315.5350036621094,-0.0017731827208722966
AAPL,2026-09-09 10:15:00,315.2749938964844,-0.0008243679756381836
AAPL,2026-09-09 10:16:00,315.06500244140625,-0.0006662799887887815
AAPL,2026-09-09 10:17:00,314.8550109863281,-0.0006667242138069052
AAPL,2026-09-09 10:18:00,314.6449890136719,-0.0006672660220773343
AAPL,2026-09-09 10:19:00,314.67010498046875,7.98200044775338e-05
AAPL,2026-09-09 10:20:00,315.1600036621094,0.001555653734925717
AAPL,2026-09-09 10:21:00,315.2300109863281,0.00022210797404710942
AAPL,2026-09-09 10:22:00,315.1600036621094,-0.0002221079740471466
AAPL,2026-09-09 10:23:00,314.67999267578125,-0.0015242318114203773
AAPL,2026-09-09 10:24:00,314.54998779296875,-0.00041321897779100184
AAPL,2026-09-09 10:25:00,314.760009765625,0.0006674674842869055
AAPL,2026-09-09 10:26:00,314.6099853515625,-0.0004767447386051398
AAPL,2026-09-09 10:27:00,314.6300048828125,6.363082946877497e-05
AAPL,2026-09-09 10:28:00,314.6300048828125,0.0
AAPL,2026-09-09 10:29:00,314.75,0.0003813121411881225
AAPL,2026-09-09 10:30:00,314.6000061035156,-0.00047666289940320646
AAPL,2026-09-09 10:31:00,314.20001220703125,-0.0012722453523836175
AAPL,2026-09-09 10:32:00,313.7349853515625,-0.0014811308249720759
AAPL,2026-09-09 10:33:00,313.6400146484375,-0.00030275578035605385
AAPL,2026-09-09 10:34:00,313.89990234375,0.000828274674273798
AAPL,2026-09-09 10:35:00,313.8399963378906,-0.0001908625090329979
AAPL,2026-09-09 10:36:00,313.625,-0.0006852855459961541
AAPL,2026-09-09 10:37:00,313.3500061035156,-0.0008772085376329526
AAPL,2026-09-09 10:38:00,313.3999938964844,0.0001595142978052979
AAPL,2026-09-09 10:39:00,313.0400085449219,-0.0011493052480205728
AAPL,2026-09-09 10:40:00,313.125,0.0002714666403911794
AAPL,2026-09-09 10:41:00,313.20001220703125,0.00023953125271364295
AAPL,2026-09-09 10:42:00,313.25,0.00015959068433490508
AAPL,2026-09-09 10:43:00,313.2099914550781,-0.00012772897079455251
AAPL,2026-09-09 10:44:00,313.239990234375,9.57739011784772e-05
AAPL,2026-09-09 10:45:00,313.5,0.0008297213664137487
AAPL,2026-09-09 10:46:00,313.4800109863281,-6.376284196750851e-05
AAPL,2026-09-09 10:47:00,313.3999938964844,-0.000255286784249138
AAPL,2026-09-09 10:48:00,313.1700134277344,-0.0007340934816207956
AAPL,2026-09-09 10:49:00,313.44000244140625,0.0008617450201632499
AAPL,2026-09-09 10:50:00,313.2699890136719,-0.0005425585493226838
AAPL,2026-09-09 10:51:00,313.4800109863281,0.0006701937950295645
AAPL,2026-09-09 10:52:00,313.3999938964844,-0.000255286784249138
AAPL,2026-09-09 10:53:00,313.6099853515625,0.0006698185671019435
AAPL,2026-09-09 10:54:00,313.54998779296875,-0.00019133095652118585
AAPL,2026-09-09 10:55:00,313.30499267578125,-0.0007816644592298855
AAPL,2026-09-09 10:56:00,313.2900085449219,-4.782716374383591e-05
AAPL,2026-09-09 10:57:00,313.37799072265625,0.000280793588998492
AAPL,2026-09-09 10:58:00,313.2650146484375,-0.0003605755572932755
AAPL,2026-09-09 10:59:00,313.375,0.00035103201238617605
AAPL,2026-09-09 11:00:00,313.0199890136719,-0.001133505313948876
AAPL,2026-09-09 11:01:00,312.7799987792969,-0.000766987059192129
AAPL,2026-09-09 11:02:00,312.5199890136719,-0.0008316321307736309
AAPL,2026-09-09 11:03:00,312.7699890136719,0.0007996290428630748
AAPL,2026-09-09 11:04:00,312.55499267578125,-0.0006876307605088244
AAPL,2026-09-09 11:05:00,312.55499267578125,0.0
AAPL,2026-09-09 11:06:00,312.739990234375,0.0005917129324480113
AAPL,2026-09-09 11:07:00,312.9360046386719,0.0006265684230042921
AAPL,2026-09-09 11:08:00,312.8699951171875,-0.00021095841764036584
AAPL,2026-09-09 11:09:00,312.4744873046875,-0.0012649279760301754
AAPL,2026-09-09 11:10:00,312.5450134277344,0.0002256765533348035
AAPL,2026-09-09 11:11:00,312.32000732421875,-0.0007201750962787072
AAPL,2026-09-09 11:12:00,312.3900146484375,0.00022412742568377568
AAPL,2026-09-09 11:13:00,312.3399963378906,-0.00016012776647239107
AAPL,2026-09-09 11:14:00,312.2200012207031,-0.0003842548966729342
AAPL,2026-09-09 11:15:00,312.385009765625,0.0005283612710695443
AAPL,2026-09-09 11:16:00,312.3699951171875,-4.8065716394538724e-05
AAPL,2026-09-09 11:17:00,312.4100036621094,0.0001280724256690655
AAPL,2026-09-09 11:18:00,312.489990234375,0.0002559979948270554
AAPL,2026-09-09 11:19:00,312.7099914550781,0.0007037787467275774
AAPL,2026-09-09 11:20:00,312.6400146484375,-0.00022380045174613984
AAPL,2026-09-09 11:21:00,312.4898986816406,-0.00048027127315882325
AAPL,2026-09-09 11:22:00,312.17498779296875,-0.001008255537226661
AAPL,2026-09-09 11:23:00,312.2069091796875,0.00010224955880787686
AAPL,2026-09-09 11:24:00,312.2749938964844,0.00021805184980136933
AAPL,2026-09-09 11:25:00,312.2900085449219,4.8080338737092785e-05
AAPL,2026-09-09 11:26:00,312.2799987792969,-3.205330229913076e-05
AAPL,2026-09-09 11:27:00,312.5199890136719,0.0007682146314545788
AAPL,2026-09-09 11:28:00,312.4649963378906,-0.00017598079061770822
AAPL,2026-09-09 11:29:00,312.5025939941406,0.00012031873932983965
AAPL,2026-09-09 11:30:00,312.3699951171875,-0.0004244029303061457
AAPL,2026-09-09 11:31:00,312.3299865722656,-0.00012808883031617662
AAPL,2026-09-09 11:32:00,312.7300109863281,0.0012799554290397741
AAPL,2026-09-09 11:33:00,313.0450134277344,0.0010067594765626833
AAPL,2026-09-09 11:34:00,313.2149963378906,0.0005428509299010723
AAPL,2026-09-09 11:35:00,313.364990234375,0.0004787701572469689
AAPL,2026-09-09 11:36:00,313.4100036621094,0.00014363504686722652
AAPL,2026-09-09 11:37:00,313.2699890136719,-0.000446845766271859
AAPL,2026-09-09 11:38:00,313.2200012207031,-0.00015958050041986046
AAPL,2026-09-09 11:39:00,313.4100036621094,0.0006064262666918161
AAPL,2026-09-09 11:40:00,313.3999938964844,-3.193875549161998e-05
AAPL,2026-09-09 11:41:00,313.0950012207031,-0.0009736476819527642
AAPL,2026-09-09 11:42:00,313.0799865722656,-4.795671731731372e-05
AAPL,2026-09-09 11:43:00,313.3450012207031,0.0008461177935506865
AAPL,2026-09-09 11:44:00,313.2900085449219,-0.00017551740667342116
AAPL,2026-09-09 11:45:00,313.20001220703125,-0.0002873033425230602
AAPL,2026-09-09 11:46:00,313.2850036621094,0.0002713279757589367
AAPL,2026-09-09 11:47:00,313.2225952148437,-0.00019922646615610533
AAPL,2026-09-09 11:48:00,313.32000732421875,0.0003109512737527891
AAPL,2026-09-09 11:49:00,313.4349975585937,0.0003669383882676223
AAPL,2026-09-09 11:50:00,313.42498779296875,-3.1936208594299454e-05
AAPL,2026-09-09 11:51:00,313.30010986328125,-0.00039850943198915323
AAPL,2026-09-09 11:52:00,313.4150085449219,0.0003666695745900947
AAPL,2026-09-09 11:53:00,313.42999267578125,4.7808089186400974e-05
AAPL,2026-09-09 11:54:00,313.4100036621094,-6.377708440889449e-05
AAPL,2026-09-09 11:55:00,313.29998779296875,-0.00035109020686032523
AAPL,2026-09-09 11:56:00,313.1700134277344,-0.0004149420302520539
AAPL,2026-09-09 11:57:00,313.1400146484375,-9.579530256588864e-05
AAPL,2026-09-09 11:58:00,313.1000061035156,-0.000127773836390319
AAPL,2026-09-09 11:59:00,313.17498779296875,0.0002394529257662084
AAPL,2026-09-09 12:00:00,312.94000244140625,-0.0007506140765213687
AAPL,2026-09-09 12:01:00,313.06500244140625,0.00039935783479783804
AAPL,2026-09-09 12:02:00,313.19500732421875,0.00041517862438191335
AAPL,2026-09-09 12:03:00,313.19000244140625,-1.598021259957304e-05
AAPL,2026-09-09 12:04:00,313.20001220703125,3.196016983598635e-05
AAPL,2026-09-09 12:05:00,313.2300109863281,9.577695260153674e-05
AAPL,2026-09-09 12:06:00,313.2900085449219,0.00019152638992132846
AAPL,2026-09-09 12:07:00,313.2120056152344,-0.00024901094753899505
AAPL,2026-09-09 12:08:00,313.2300109863281,5.7484557617705984e-05
AAPL,2026-09-09 12:09:00,313.1700134277344,-0.00019156307930657347
AAPL,2026-09-09 12:10:00,313.3599853515625,0.0006064256460827984
AAPL,2026-09-09 12:11:00,313.42498779296875,0.00020741544365103306
AAPL,2026-09-09 12:12:00,313.36248779296875,-0.00019942963968364705
AAPL,2026-09-09 12:13:00,313.4349975585937,0.00023136584827787614
AAPL,2026-09-09 12:14:00,313.385009765625,-0.00015949648221356708
AAPL,2026-09-09 12:15:00,313.32000732421875,-0.0002074419060539741
AAPL,2026-09-09 12:16:00,313.5,0.0005743041977769812
AAPL,2026-09-09 12:17:00,313.5599975585937,0.00019136146145616717
AAPL,2026-09-09 12:18:00,313.6650085449219,0.00033484311463184306
AAPL,2026-09-09 12:19:00,313.6000061035156,-0.0002072567100697672
AAPL,2026-09-09 12:20:00,313.5400085449219,-0.0001913370455573212
AAPL,2026-09-09 12:21:00,313.6199951171875,0.000255075490248857
AAPL,2026-09-09 12:22:00,313.55810546875,-0.00019735908693424778
AAPL,2026-09-09 12:23:00,313.5199890136719,-0.00012156844724904231
AAPL,2026-09-09 12:24:00,313.42498779296875,-0.00030306079463025685
AAPL,2026-09-09 12:25:00,313.4800109863281,0.0001755391761362209
AAPL,2026-09-09 12:26:00,313.4800109863281,0.0
AAPL,2026-09-09 12:27:00,313.5299987792969,0.00015944815009680746
AAPL,2026-09-09 12:28:00,313.54998779296875,6.375267623480697e-05
AAPL,2026-09-09 12:29:00,313.6650085449219,0.0003667665917239394
AAPL,2026-09-09 12:30:00,313.5799865722656,-0.00027109653752144285
AAPL,2026-09-09 12:31:00,313.7049865722656,0.0003985429493964935
AAPL,2026-09-09 12:32:00,313.7300109863281,7.976735175157108e-05
AAPL,2026-09-09 12:33:00,313.70001220703125,-9.562430298463855e-05
AAPL,2026-09-09 12:34:00,313.5799865722656,-0.0003826859981634594
AAPL,2026-09-09 12:35:00,313.54949951171875,-9.722732305657777e-05
AAPL,2026-09-09 12:36:00,313.5450134277344,-1.4307521089405509e-05
AAPL,2026-09-09 12:37:00,313.5450134277344,0.0
AAPL,2026-09-09 12:38:00,313.6499938964844,0.00033476181571743093
AAPL,2026-09-09 12:39:00,313.6400146484375,-3.181701577191206e-05
AAPL,2026-09-09 12:40:00,313.7499084472656,0.00035032057706570663
AAPL,2026-09-09 12:41:00,313.8900146484375,0.0004464540840806215
AAPL,2026-09-09 12:42:00,313.8800048828125,-3.188991291208316e-05
AAPL,2026-09-09 12:43:00,314.0,0.00038222309267772785
AAPL,2026-09-09 12:44:00,314.3399963378906,0.0010822050897759926
AAPL,2026-09-09 12:45:00,314.0899963378906,-0.0007956336142510182
AAPL,2026-09-09 12:46:00,313.7701110839844,-0.0010189699195823224
AAPL,2026-09-09 12:47:00,313.739990234375,-9.600116259237105e-05
AAPL,2026-09-09 12:48:00,313.7659912109375,8.287084855340316e-05
AAPL,2026-09-09 12:49:00,313.6400146484375,-0.0004015790828154798
AAPL,2026-09-09 12:50:00,313.8599853515625,0.00070110187134794
AAPL,2026-09-09 12:51:00,313.9200134277344,0.0001912392126908989
AAPL,2026-09-09 12:52:00,313.73388671875,-0.0005930870959196268
AAPL,2026-09-09 12:53:00,313.9200134277344,0.0005930870959195795
AAPL,2026-09-09 12:54:00,313.885009765625,-0.00011151125222798615
AAPL,2026-09-09 12:55:00,313.7550048828125,-0.00041426576265871795
AAPL,2026-09-09 12:56:00,313.7900085449219,0.0001115574545146
AAPL,2026-09-09 12:57:00,313.8299865722656,0.00012739564611978995
AAPL,2026-09-09 12:58:00,314.03009033203125,0.0006374151627139019
AAPL,2026-09-09 12:59:00,314.010009765625,-6.3946765214432e-05
AAPL,2026-09-09 13:00:00,314.3949890136719,0.0012252585417286857
AAPL,2026-09-09 13:01:00,314.92999267578125,0.0017002464753813134
AAPL,2026-09-09 13:02:00,314.1099853515625,-0.0026071722540744356
AAPL,2026-09-09 13:03:00,313.4599914550781,-0.0020714634317488298
AAPL,2026-09-09 13:04:00,313.0332946777344,-0.0013621753106290743
AAPL,2026-09-09 13:05:00,312.864990234375,-0.000537801273699194
AAPL,2026-09-09 13:06:00,312.7699890136719,-0.0003036953641802054
AAPL,2026-09-09 13:07:00,312.6000061035156,-0.0005436235050279109
AAPL,2026-09-09 13:08:00,312.7250061035156,0.0003997921056243244
AAPL,2026-09-09 13:09:00,313.6000061035156,0.0027940783209912928
AAPL,2026-09-09 13:10:00,313.17999267578125,-0.0013402262083079491
AAPL,2026-09-09 13:11:00,313.0,-0.0005748911905326124
AAPL,2026-09-09 13:12:00,313.0599975585937,0.0001916671213983963
AAPL,2026-09-09 13:13:00,312.5350036621094,-0.0016783830391895625
AAPL,2026-09-09 13:14:00,312.8599853515625,0.00103928469019903
AAPL,2026-09-09 13:15:00,312.8851928710937,8.056800250992221e-05
AAPL,2026-09-09 13:16:00,312.1199951171875,-0.0024486137105337283
AAPL,2026-09-09 13:17:00,311.6600036621094,-0.0014748518367339559
AAPL,2026-09-09 13:18:00,311.28009033203125,-0.0012197428961242672
AAPL,2026-09-09 13:19:00,311.4599914550781,0.0005777727604595183
AAPL,2026-09-09 13:20:00,311.5199890136719,0.00019261472490371905
AAPL,2026-09-09 13:21:00,311.7049865722656,0.0005936782743772508
AAPL,2026-09-09 13:22:00,312.2726135253906,0.0018193829702023202
AAPL,2026-09-09 13:23:00,311.94000244140625,-0.0010656981514173569
AAPL,2026-09-09 13:24:00,312.8800048828125,0.0030088766030770633
AAPL,2026-09-09 13:25:00,312.768310546875,-0.0003570515075947009
AAPL,2026-09-09 13:26:00,312.510009765625,-0.000826194632220309
AAPL,2026-09-09 13:27:00,312.5350036621094,7.997470889528788e-05
AAPL,2026-09-09 13:28:00,312.2200012207031,-0.0010084031840883925
AAPL,2026-09-09 13:29:00,311.7049865722656,-0.001650886806854268
AAPL,2026-09-09 13:30:00,312.3800048828125,0.002163226429159196
AAPL,2026-09-09 13:31:00,312.08990478515625,-0.0009291083974867088
AAPL,2026-09-09 13:32:00,311.9100952148437,-0.0005763127413119093
AAPL,2026-09-09 13:33:00,312.0809020996094,0.00054746587616475
AAPL,2026-09-09 13:34:00,311.3099975585937,-0.0024732633550118483
AAPL,2026-09-09 13:35:00,311.5299987792969,0.0007064454150224906
AAPL,2026-09-09 13:36:00,311.6849975585937,0.0004974167290694308
AAPL,2026-09-09 13:37:00,311.55499267578125,-0.0004171904458478184
AAPL,2026-09-09 13:38:00,311.46099853515625,-0.00030173909711521776
AAPL,2026-09-09 13:39:00,311.400390625,-0.00019461122940779536
AAPL,2026-09-09 13:40:00,311.7900085449219,0.0012503978598022948
AAPL,2026-09-09 13:41:00,311.7749938964844,-4.815744431328735e-05
AAPL,2026-09-09 13:42:00,312.0299987792969,0.0008175788908748955
AAPL,2026-09-09 13:43:00,312.239990234375,0.0006727584753197662
AAPL,2026-09-09 13:44:00,312.5176086425781,0.0008887236488992324
AAPL,2026-09-09 13:45:00,312.5799865722656,0.00019957821105717494
AAPL,2026-09-09 13:46:00,312.5599975585937,-6.395052047919297e-05
AAPL,2026-09-09 13:47:00,312.5450134277344,-4.794116380081902e-05
AAPL,2026-09-09 13:48:00,312.2900085449219,-0.0008162311266265842
AAPL,2026-09-09 13:49:00,312.5400085449219,0.0008002176800178567
AAPL,2026-09-09 13:50:00,312.3800048828125,-0.0005120772648266779
AAPL,2026-09-09 13:51:00,312.45001220703125,0.0002240843832623406
AAPL,2026-09-09 13:52:00,312.5899963378906,0.00044792055320013304
AAPL,2026-09-09 13:53:00,313.0199890136719,0.0013746351674676072
AAPL,2026-09-09 13:54:00,312.94500732421875,-0.00023957151038934746
AAPL,2026-09-09 13:55:00,314.1549987792969,0.0038590111462193685
AAPL,2026-09-09 13:56:00,314.1199951171875,-0.00011142783808256151
AAPL,2026-09-09 13:57:00,314.0350036621094,-0.00027060663613892263
AAPL,2026-09-09 13:58:00,313.4898986816406,-0.0017373178834469633
AAPL,2026-09-09 13:59:00,313.2550048828125,-0.0007495675145986322
AAPL,2026-09-09 14:00:00,312.7799987792969,-0.0015175068227549866
AAPL,2026-09-09 14:01:00,312.96539306640625,0.0005925550389981686
AAPL,2026-09-09 14:02:00,313.4800109863281,0.001642978086693301
AAPL,2026-09-09 14:03:00,313.67999267578125,0.0006377374037350726
AAPL,2026-09-09 14:04:00,312.8550109863281,-0.0026334751016778195
AAPL,2026-09-09 14:05:00,312.4100036621094,-0.001423420114447499
AAPL,2026-09-09 14:06:00,312.4100036621094,0.0
AAPL,2026-09-09 14:07:00,312.45001220703125,0.0001280560252230782
AAPL,2026-09-09 14:08:00,311.9849853515625,-0.0014894326655464237
AAPL,2026-09-09 14:09:00,311.885009765625,-0.0003205013466773048
AAPL,2026-09-09 14:10:00,311.8500061035156,-0.00011223888752614338
AAPL,2026-09-09 14:11:00,311.9150085449219,0.000208419645587808
AAPL,2026-09-09 14:12:00,311.3500061035156,-0.0018130412678276906
AAPL,2026-09-09 14:13:00,311.2049865722656,-0.00046588505619314235
AAPL,2026-09-09 14:14:00,310.0799865722656,-0.0036215304673546593
AAPL,2026-09-09 14:15:00,311.1400146484375,0.0034127333405623655
AAPL,2026-09-09 14:16:00,310.44000244140625,-0.0022523648885862534
AAPL,2026-09-09 14:17:00,310.6889953613281,0.0008017430650967456
AAPL,2026-09-09 14:18:00,310.3099975585937,-0.001220606970737756
AAPL,2026-09-09 14:19:00,310.989990234375,0.002188935975063752
AAPL,2026-09-09 14:20:00,312.07501220703125,0.0034828567331087307
AAPL,2026-09-09 14:21:00,312.4613037109375,0.0012370507313097853
AAPL,2026-09-09 14:22:00,312.7550048828125,0.0009395186575974849
AAPL,2026-09-09 14:23:00,313.03009033203125,0.0008791691238442923
AAPL,2026-09-09 14:24:00,313.1050109863281,0.00023931146647635055
AAPL,2026-09-09 14:25:00,312.31500244140625,-0.0025263309396443404
AAPL,2026-09-09 14:26:00,312.6650085449219,0.0011200554704276471
AAPL,2026-09-09 14:27:00,312.3200988769531,-0.001103737349539947
AAPL,2026-09-09 14:28:00,312.4100036621094,0.00028781960533522073
AAPL,2026-09-09 14:29:00,312.1300048828125,-0.0008966560803973831
AAPL,2026-09-09 14:30:00,312.1400146484375,3.20687052482198e-05
AAPL,2026-09-09 14:31:00,312.2799072265625,0.0004480721244301356
AAPL,2026-09-09 14:32:00,312.1499938964844,-0.00041610221329536673
AAPL,2026-09-09 14:33:00,312.5799865722656,0.001376571501690387
AAPL,2026-09-09 14:34:00,312.57501220703125,-1.5914022103882835e-05
AAPL,2026-09-09 14:35:00,312.67999267578125,0.0003358004939317442
AAPL,2026-09-09 14:36:00,312.8299865722656,0.00047958914912810867
AAPL,2026-09-09 14:37:00,312.70001220703125,-0.00041556557593884865
AAPL,2026-09-09 14:38:00,312.8500061035156,0.0004795584524608605
AAPL,2026-09-09 14:39:00,312.7349853515625,-0.0003677222274201009
AAPL,2026-09-09 14:40:00,312.880615234375,0.0004655570778811812
AAPL,2026-09-09 14:41:00,313.7850036621094,0.0028863528757202086
AAPL,2026-09-09 14:42:00,313.82000732421875,0.0001115467898852116
AAPL,2026-09-09 14:43:00,313.5950012207031,-0.0007172481056312381
AAPL,2026-09-09 14:44:00,314.1199951171875,0.0016727145980490058
AAPL,2026-09-09 14:45:00,314.389892578125,0.000858848787621589
AAPL,2026-09-09 14:46:00,315.17999267578125,0.002509969205838159
AAPL,2026-09-09 14:47:00,315.50390625,0.0010271820899524324
AAPL,2026-09-09 14:48:00,315.885009765625,0.0012071911693100944
AAPL,2026-09-09 14:49:00,316.6600036621094,0.0024504004231091126
AAPL,2026-09-09 14:50:00,317.260009765625,0.001893003123362965
AAPL,2026-09-09 14:51:00,318.0874938964844,0.0026048252144564702
AAPL,2026-09-09 14:52:00,318.2650146484375,0.0005579321340748271
AAPL,2026-09-09 14:53:00,318.3280029296875,0.00019789183894983748
AAPL,2026-09-09 14:54:00,318.5199890136719,0.0006029259485122468
AAPL,2026-09-09 14:55:00,318.6700134277344,0.0004708938189860421
AAPL,2026-09-09 14:56:00,317.9259948730469,-0.002337491544886058
AAPL,2026-09-09 14:57:00,317.8699951171875,-0.00017615636740659878
AAPL,2026-09-09 14:58:00,316.92999267578125,-0.002961572610392988
AAPL,2026-09-09 14:59:00,316.6600036621094,-0.0008522515556565568
AAPL,2026-09-09 15:00:00,317.1549987792969,0.0015619548793183722
AAPL,2026-09-09 15:01:00,316.1200866699219,-0.003268447012878422
AAPL,2026-09-09 15:02:00,315.6182861328125,-0.0015886343595638496
AAPL,2026-09-09 15:03:00,316.1383056640625,0.001646265841776133
AAPL,2026-09-09 15:04:00,316.1400146484375,5.405797795471132e-06
AAPL,2026-09-09 15:05:00,316.6199951171875,0.0015171014394158076
AAPL,2026-09-09 15:06:00,315.8399963378906,-0.0024665565736585794
AAPL,2026-09-09 15:07:00,315.8700866699219,9.526627123236005e-05
AAPL,2026-09-09 15:08:00,315.6849975585937,-0.0005861376822050112
AAPL,2026-09-09 15:09:00,315.69500732421875,3.170757879075145e-05
AAPL,2026-09-09 15:10:00,315.239990234375,-0.001442358311043525
AAPL,2026-09-09 15:11:00,315.92999267578125,0.0021864243705055275
AAPL,2026-09-09 15:12:00,316.0849914550781,0.0004904908468824024
AAPL,2026-09-09 15:13:00,316.19000244140625,0.0003321687186978911
AAPL,2026-09-09 15:14:00,315.860107421875,-0.001043888907985258
AAPL,2026-09-09 15:15:00,316.3299865722656,0.001486512494832239
AAPL,2026-09-09 15:16:00,315.9045104980469,-0.0013459440774643656
AAPL,2026-09-09 15:17:00,315.8599853515625,-0.00014095488698908016
AAPL,2026-09-09 15:18:00,316.04998779296875,0.000601359229026461
AAPL,2026-09-09 15:19:00,315.8599853515625,-0.0006013592290265399
AAPL,2026-09-09 15:20:00,315.6499938964844,-0.000665045588251403
AAPL,2026-09-09 15:21:00,315.6300048828125,-6.332851893674953e-05
AAPL,2026-09-09 15:22:00,315.42999267578125,-0.0006338928612254182
AAPL,2026-09-09 15:23:00,315.6499938964844,0.0006972213801622035
AAPL,2026-09-09 15:24:00,315.5599975585937,-0.0002851549871478999
AAPL,2026-09-09 15:25:00,315.6650085449219,0.00033272125242676543
AAPL,2026-09-09 15:26:00,315.6995849609375,0.00010952915765586112
AAPL,2026-09-09 15:27:00,315.5400085449219,-0.0005055969906092448
AAPL,2026-09-09 15:28:00,315.5199890136719,-6.344731510212497e-05
AAPL,2026-09-09 15:29:00,315.57000732421875,0.00015851403426415272
AAPL,2026-09-09 15:30:00,315.4700012207031,-0.00031695646234363654
AAPL,2026-09-09 15:31:00,315.5400085449219,0.00022188974318175855
AAPL,2026-09-09 15:32:00,315.1849975585937,-0.0011257236367149225
AAPL,2026-09-09 15:33:00,314.9200134277344,-0.0008410793180827042
AAPL,2026-09-09 15:34:00,315.1524963378906,0.0007379560831599686
AAPL,2026-09-09 15:35:00,315.17999267578125,8.72439177332053e-05
AAPL,2026-09-09 15:36:00,315.1300048828125,-0.00015861335935384214
AAPL,2026-09-09 15:37:00,315.04998779296875,-0.0002539499546280683
AAPL,2026-09-09 15:38:00,315.17498779296875,0.0003966837446356364
AAPL,2026-09-09 15:39:00,315.05499267578125,-0.0003807978749226544
AAPL,2026-09-09 15:40:00,315.2799987792969,0.0007139255034951485
AAPL,2026-09-09 15:41:00,315.4800109863281,0.0006341943390144695
AAPL,2026-09-09 15:42:00,315.5414123535156,0.00019460945416499144
AAPL,2026-09-09 15:43:00,315.6723937988281,0.0004150145193779489
AAPL,2026-09-09 15:44:00,315.7699890136719,0.00030911835593345376
AAPL,2026-09-09 15:45:00,315.6400146484375,-0.00041169562191403455
AAPL,2026-09-09 15:46:00,315.6499938964844,3.161541577615309e-05
AAPL,2026-09-09 15:47:00,315.6400146484375,-3.1615415776101646e-05
AAPL,2026-09-09 15:48:00,315.7699890136719,0.00041169562191405363
AAPL,2026-09-09 15:49:00,315.7149963378906,-0.00017416938548311985
AAPL,2026-09-09 15:50:00,315.3500061035156,-0.0011567438335546008
AAPL,2026-09-09 15:51:00,315.3699951171875,6.338474644822254e-05
AAPL,2026-09-09 15:52:00,315.4700012207031,0.00031705695559545446
AAPL,2026-09-09 15:53:00,315.45001220703125,-6.336465242231117e-05
AAPL,2026-09-09 15:54:00,315.4200134277344,-9.51028836385578e-05
AAPL,2026-09-09 15:55:00,315.4549865722656,0.00011087186706417778
AAPL,2026-09-09 15:56:00,315.5799865722656,0.00039617456069682995
AAPL,2026-09-09 15:57:00,315.2799987792969,-0.0009510440431969185
AAPL,2026-09-09 15:58:00,315.25,-9.515416991290995e-05
AAPL,2026-09-09 15:59:00,315.4100036621094,0.000507416562373706
AAPL,2026-09-10 09:30:00,319.8599853515625,0.014009962858917875
AAPL,2026-09-10 09:31:00,318.9599914550781,-0.002817677983169504
AAPL,2026-09-10 09:32:00,318.385009765625,-0.001804303303046536
AAPL,2026-09-10 09:33:00,319.730712890625,0.004217746318280691
AAPL,2026-09-10 09:34:00,319.3999938964844,-0.0010349026267895715
AAPL,2026-09-10 09:35:00,319.8349914550781,0.0013609944252353703
AAPL,2026-09-10 09:36:00,321.3299865722656,0.004663379559827524
AAPL,2026-09-10 09:37:00,321.8800048828125,0.0017102297909408096
AAPL,2026-09-10 09:38:00,322.6199951171875,0.0022963244671699626
AAPL,2026-09-10 09:39:00,320.70001220703125,-0.0059690001519525195
AAPL,2026-09-10 09:40:00,320.7349853515625,0.00010904657431858981
AAPL,2026-09-10 09:41:00,318.4299011230469,-0.007212831213895095
AAPL,2026-09-10 09:42:00,317.6499938964844,-0.0024522316252917255
AAPL,2026-09-10 09:43:00,319.6700134277344,0.006339127196676079
AAPL,2026-09-10 09:44:00,319.92999267578125,0.0008129432766848334
AAPL,2026-09-10 09:45:00,319.9549865722656,7.811996626779362e-05
AAPL,2026-09-10 09:46:00,320.6199951171875,0.0020762870946676635
AAPL,2026-09-10 09:47:00,320.7300109863281,0.0003430759154056001
AAPL,2026-09-10 09:48:00,320.385009765625,-0.0010762538478676733
AAPL,2026-09-10 09:49:00,320.139892578125,-0.0007653635278457002
AAPL,2026-09-10 09:50:00,320.0899963378906,-0.0001558697624063772
AAPL,2026-09-10 09:51:00,319.3901062011719,-0.0021889357101075335
AAPL,2026-09-10 09:52:00,319.3699951171875,-6.296913019301553e-05
AAPL,2026-09-10 09:53:00,319.489990234375,0.00037565388770614274
AAPL,2026-09-10 09:54:00,319.1000061035156,-0.0012213914454571539
AAPL,2026-09-10 09:55:00,318.42010498046875,-0.0021329566518570042
AAPL,2026-09-10 09:56:00,318.7049865722656,0.000894272143914736
AAPL,2026-09-10 09:57:00,318.4200134277344,-0.0008945596657957956
AAPL,2026-09-10 09:58:00,318.6199951171875,0.0006278465821295743
AAPL,2026-09-10 09:59:00,318.9289855957031,0.0009693074949723804
AAPL,2026-09-10 10:00:00,318.909912109375,-5.980659505852896e-05
AAPL,2026-09-10 10:01:00,318.7250061035156,-0.0005799745458127483
AAPL,2026-09-10 10:02:00,318.95001220703125,0.0007057077865459629
AAPL,2026-09-10 10:03:00,319.33990478515625,0.001221678789648294
AAPL,2026-09-10 10:04:00,319.1199951171875,-0.0006888754538816786
AAPL,2026-09-10 10:05:00,319.5799865722656,0.0014403993981400222
AAPL,2026-09-10 10:06:00,319.7099914550781,0.0004067164794471579
AAPL,2026-09-10 10:07:00,319.5150146484375,-0.0006100412556631916
AAPL,2026-09-10 10:08:00,319.2799072265625,-0.0007360967485488287
AAPL,2026-09-10 10:09:00,318.739990234375,-0.0016924773763888146
AAPL,2026-09-10 10:10:00,318.84490966796875,0.00032911517997647285
AAPL,2026-09-10 10:11:00,318.6000061035156,-0.0007683913399999647
AAPL,2026-09-10 10:12:00,318.9599914550781,0.0011292596499035252
AAPL,2026-09-10 10:13:00,319.2650146484375,0.0009558485288604641
AAPL,2026-09-10 10:14:00,319.3399963378906,0.00023482963179973258
AAPL,2026-09-10 10:15:00,319.2550048828125,-0.0002661826522835356
AAPL,2026-09-10 10:16:00,319.0799865722656,-0.0005483588312574522
AAPL,2026-09-10 10:17:00,318.9939880371094,-0.00026955663167310326
AAPL,2026-09-10 10:18:00,319.2900085449219,0.0009275511547247273
AAPL,2026-09-10 10:19:00,319.8500061035156,0.0017523474952558214
AAPL,2026-09-10 10:20:00,319.70001220703125,-0.0004690607300136638
AAPL,2026-09-10 10:21:00,319.3800048828125,-0.00100146254743273
AAPL,2026-09-10 10:22:00,319.7349853515625,0.001110850193400441
AAPL,2026-09-10 10:23:00,319.5599060058594,-0.0005477264168603445
AAPL,2026-09-10 10:24:00,319.6700134277344,0.00034450021695338535
AAPL,2026-09-10 10:25:00,319.4349975585937,-0.0007354530967333903
AAPL,2026-09-10 10:26:00,319.1400146484375,-0.00092387871588837
AAPL,2026-09-10 10:27:00,318.94500732421875,-0.0006112267913359425
AAPL,2026-09-10 10:28:00,319.010009765625,0.00020378377750735561
AAPL,2026-09-10 10:29:00,318.9549865722656,-0.00017249596392174228
AAPL,2026-09-10 10:30:00,319.739990234375,0.0024581500900990607
AAPL,2026-09-10 10:31:00,319.6559143066406,-0.0002629855074823443
AAPL,2026-09-10 10:32:00,319.4200134277344,-0.0007382562208432076
AAPL,2026-09-10 10:33:00,319.2099914550781,-0.0006577266292589878
AAPL,2026-09-10 10:34:00,319.1000061035156,-0.0003446142252875739
AAPL,2026-09-10 10:35:00,319.17498779296875,0.00023495104935976075
AAPL,2026-09-10 10:36:00,318.95001220703125,-0.0007051145003212424
AAPL,2026-09-10 10:37:00,319.05499267578125,0.00032908979990446414
AAPL,2026-09-10 10:38:00,319.090087890625,0.00010999133566292296
AAPL,2026-09-10 10:39:00,319.8493957519531,0.0023767766375861663
AAPL,2026-09-10 10:40:00,320.0799865722656,0.0007206758641250103
AAPL,2026-09-10 10:41:00,320.5450134277344,0.0014517914135313498
AAPL,2026-09-10 10:42:00,320.5899963378906,0.00014032273872090383
AAPL,2026-09-10 10:43:00,319.9939880371094,-0.001860828516794857
AAPL,2026-09-10 10:44:00,320.06500244140625,0.00022189956127375345
AAPL,2026-09-10 10:45:00,320.3399963378906,0.0008588125136767844
AAPL,2026-09-10 10:46:00,320.4800109863281,0.0004369858901572156
AAPL,2026-09-10 10:47:00,320.4700012207031,-3.1234153787872065e-05
AAPL,2026-09-10 10:48:00,320.635009765625,0.0005147629350507268
AAPL,2026-09-10 10:49:00,320.647705078125,3.959349662102629e-05
AAPL,2026-09-10 10:50:00,320.3901062011719,-0.000803693280759185
AAPL,2026-09-10 10:51:00,321.2550048828125,0.002695880294336573
AAPL,2026-09-10 10:52:00,321.3349914550781,0.0002489505692107007
AAPL,2026-09-10 10:53:00,321.43829345703125,0.0003214259374722198
AAPL,2026-09-10 10:54:00,321.8900146484375,0.0014043257849923054
AAPL,2026-09-10 10:55:00,322.1050109863281,0.0006676956725439418
AAPL,2026-09-10 10:56:00,322.44000244140625,0.0010394665330184297
AAPL,2026-09-10 10:57:00,322.82000732421875,0.0011778350463159956
AAPL,2026-09-10 10:58:00,322.8554077148437,0.00010965382864483522
AAPL,2026-09-10 10:59:00,323.0101013183594,0.00047902730308453195
AAPL,2026-09-10 11:00:00,322.8900146484375,-0.00037184285414103437
AAPL,2026-09-10 11:01:00,322.3800048828125,-0.0015807641960405038
AAPL,2026-09-10 11:02:00,322.6000061035156,0.0006821954959469928
AAPL,2026-09-10 11:03:00,322.6849975585937,0.00026342299941009605
AAPL,2026-09-10 11:04:00,323.03009033203125,0.001068870196049295
AAPL,2026-09-10 11:05:00,322.760009765625,-0.0008364345694107266
AAPL,2026-09-10 11:06:00,323.29998779296875,0.0016716037368690354
AAPL,2026-09-10 11:07:00,323.07000732421875,-0.0007116062942035318
AAPL,2026-09-10 11:08:00,323.0,-0.00021671745692911635
AAPL,2026-09-10 11:09:00,322.5,-0.0015491869868293781
AAPL,2026-09-10 11:10:00,322.75,0.0007748934909247909
AAPL,2026-09-10 11:11:00,322.5299987792969,-0.0006818783462794552
AAPL,2026-09-10 11:12:00,322.2799987792969,-0.0007754222591871131
AAPL,2026-09-10 11:13:00,322.2099914550781,-0.000217248756551268
AAPL,2026-09-10 11:14:00,321.94000244140625,-0.0008382800032306152
AAPL,2026-09-10 11:15:00,321.8099975585937,-0.00040389867053956243
AAPL,2026-09-10 11:16:00,321.7900085449219,-6.211626317174077e-05
AAPL,2026-09-10 11:17:00,322.2200012207031,0.0013353604234635336
AAPL,2026-09-10 11:18:00,322.0899963378906,-0.0004035476248060513
AAPL,2026-09-10 11:19:00,321.7300109863281,-0.0011182795967263467
AAPL,2026-09-10 11:20:00,322.07000732421875,0.0010562173340443657
AAPL,2026-09-10 11:21:00,321.8982849121094,-0.0005333256877706235
AAPL,2026-09-10 11:22:00,322.5577087402344,0.002046451781834693
AAPL,2026-09-10 11:23:00,322.4800109863281,-0.0002409091806753582
AAPL,2026-09-10 11:24:00,322.9599914550781,0.0014872972093857768
AAPL,2026-09-10 11:25:00,322.80499267578125,-0.0004800470328444272
AAPL,2026-09-10 11:26:00,323.3299865722656,0.0016250289146253027
AAPL,2026-09-10 11:27:00,323.3619079589844,9.872208702347684e-05
AAPL,2026-09-10 11:28:00,323.5101013183594,0.00045818449350785886
AAPL,2026-09-10 11:29:00,323.7099914550781,0.0006176883113058314
AAPL,2026-09-10 11:30:00,323.8200988769531,0.00034008434381709344
AAPL,2026-09-10 11:31:00,323.8599853515625,0.00012316721057527218
AAPL,2026-09-10 11:32:00,323.5660095214844,-0.0009081373086960356
AAPL,2026-09-10 11:33:00,323.5150146484375,-0.00015761510922951205
AAPL,2026-09-10 11:34:00,323.8959045410156,0.0011766558926772472
AAPL,2026-09-10 11:35:00,323.9599914550781,0.00019784311501250178
AAPL,2026-09-10 11:36:00,324.0899963378906,0.00040121869301858133
AAPL,2026-09-10 11:37:00,324.2799987792969,0.0005860926578219789
AAPL,2026-09-10 11:38:00,323.6600036621094,-0.0019137429517378539
AAPL,2026-09-10 11:39:00,323.75,0.0002780196103280399
AAPL,2026-09-10 11:40:00,323.7349853515625,-4.63783679309136e-05
AAPL,2026-09-10 11:41:00,323.1199035644531,-0.0019017618418886032
AAPL,2026-09-10 11:42:00,322.90899658203125,-0.0006529336067377944
AAPL,2026-09-10 11:43:00,322.9800109863281,0.00021989661923620652
AAPL,2026-09-10 11:44:00,322.489990234375,-0.0015183380952346235
AAPL,2026-09-10 11:45:00,322.04998779296875,-0.0013653226324418857
AAPL,2026-09-10 11:46:00,321.7699890136719,-0.0008698046256304488
AAPL,2026-09-10 11:47:00,321.0,-0.0023958473331034437
AAPL,2026-09-10 11:48:00,320.32000732421875,-0.0021206041378420497
AAPL,2026-09-10 11:49:00,320.0599975585937,-0.0008120484022941208
AAPL,2026-09-10 11:50:00,320.260009765625,0.0006247257972531786
AAPL,2026-09-10 11:51:00,319.7950134277344,-0.0014529888926677176
AAPL,2026-09-10 11:52:00,319.79840087890625,1.059251423221306e-05
AAPL,2026-09-10 11:53:00,319.5141906738281,-0.0008891119228878597
AAPL,2026-09-10 11:54:00,319.8550109863281,0.0010661143636458367
AAPL,2026-09-10 11:55:00,319.9750061035156,0.0003750843673765404
AAPL,2026-09-10 11:56:00,319.510009765625,-0.001454284020125117
AAPL,2026-09-10 11:57:00,319.260009765625,-0.0007827543720606339
AAPL,2026-09-10 11:58:00,319.760009765625,0.0015648965189050824
AAPL,2026-09-10 11:59:00,319.57000732421875,-0.0005943798724323789
AAPL,2026-09-10 12:00:00,319.44000244140625,-0.0004068946733834905
AAPL,2026-09-10 12:01:00,319.79449462890625,0.0011091148098676142
AAPL,2026-09-10 12:02:00,319.6849975585937,-0.0003424568659993083
AAPL,2026-09-10 12:03:00,319.3550109863281,-0.0010327572520753621
AAPL,2026-09-10 12:04:00,319.6199951171875,0.0008294037905040651
AAPL,2026-09-10 12:05:00,319.57000732421875,-0.00015640980891361102
AAPL,2026-09-10 12:06:00,319.5450134277344,-7.821407942412572e-05
AAPL,2026-09-10 12:07:00,319.7380065917969,0.0006037800594783867
AAPL,2026-09-10 12:08:00,319.92999267578125,0.0006002679201364951
AAPL,2026-09-10 12:09:00,320.1000061035156,0.0005312670720353488
AAPL,2026-09-10 12:10:00,319.79998779296875,-0.0009377038143211912
AAPL,2026-09-10 12:11:00,320.07000732421875,0.0008439825256335329
AAPL,2026-09-10 12:12:00,320.4200134277344,0.0010929323705776604
AAPL,2026-09-10 12:13:00,320.3500061035156,-0.00021850998755686626
AAPL,2026-09-10 12:14:00,320.135009765625,-0.0006713548034347212
AAPL,2026-09-10 12:15:00,320.2528076171875,0.00036789535869863885
AAPL,2026-09-10 12:16:00,320.19000244140625,-0.00019613047409128097
AAPL,2026-09-10 12:17:00,320.28009033203125,0.0002813180263547881
AAPL,2026-09-10 12:18:00,320.3479919433594,0.00021198449915341627
AAPL,2026-09-10 12:19:00,320.360107421875,3.7819027195201133e-05
AAPL,2026-09-10 12:20:00,320.2099914550781,-0.00046869490102060716
AAPL,2026-09-10 12:21:00,320.32000732421875,0.0003435151216402689
AAPL,2026-09-10 12:22:00,320.1700134277344,-0.00046837232233630684
AAPL,2026-09-10 12:23:00,320.3299865722656,0.0004995258324985906
AAPL,2026-09-10 12:24:00,320.4898986816406,0.0004990859877296329
AAPL,2026-09-10 12:25:00,320.6650085449219,0.000546232636330156
AAPL,2026-09-10 12:26:00,321.25,0.0018226450830337068
AAPL,2026-09-10 12:27:00,321.4518127441406,0.000628013634851586
AAPL,2026-09-10 12:28:00,321.4393920898437,-3.863998824404083e-05
AAPL,2026-09-10 12:29:00,321.9049987792969,0.001447457310124299
AAPL,2026-09-10 12:30:00,321.7799987792969,-0.00038838873686796143
AAPL,2026-09-10 12:31:00,321.3099975585937,-0.0014616968295624883
AAPL,2026-09-10 12:32:00,321.614990234375,0.000948766044097078
AAPL,2026-09-10 12:33:00,321.760009765625,0.0004508087311629278
AAPL,2026-09-10 12:34:00,321.6400146484375,-0.00037300315208421236
AAPL,2026-09-10 12:35:00,322.0530090332031,0.0012832030991218502
AAPL,2026-09-10 12:36:00,322.7401123046875,0.0021312371637497982
AAPL,2026-09-10 12:37:00,323.1700134277344,0.001331148620839223
AAPL,2026-09-10 12:38:00,323.1300048828125,-0.0001238079648445055
AAPL,2026-09-10 12:39:00,323.0400085449219,-0.00027855312565539306
AAPL,2026-09-10 12:40:00,323.625,0.0018092570555839102
AAPL,2026-09-10 12:41:00,323.489990234375,-0.00041726669794803716
AAPL,2026-09-10 12:42:00,323.5249938964844,0.00010820046831086066
AAPL,2026-09-10 12:43:00,324.1650085449219,0.0019762999408268435
AAPL,2026-09-10 12:44:00,324.4898986816406,0.0010017350066034204
AAPL,2026-09-10 12:45:00,324.2598876953125,-0.0007090900091089615
AAPL,2026-09-10 12:46:00,324.3699951171875,0.0003395077095590568
AAPL,2026-09-10 12:47:00,324.1199951171875,-0.0007710219622496625
AAPL,2026-09-10 12:48:00,323.9010925292969,-0.0006756033110340626
AAPL,2026-09-10 12:49:00,323.45001220703125,-0.001393618986579878
AAPL,2026-09-10 12:50:00,323.94000244140625,0.0015137407647696326
AAPL,2026-09-10 12:51:00,323.6300048828125,-0.0009574179741726844
AAPL,2026-09-10 12:52:00,323.4200134277344,-0.000649073352934334
AAPL,2026-09-10 12:53:00,323.6099853515625,0.0005872121219892948
AAPL,2026-09-10 12:54:00,323.55499267578125,-0.00016994948052113484
AAPL,2026-09-10 12:55:00,323.5,-0.00016997836825661026
AAPL,2026-09-10 12:56:00,323.7550048828125,0.0007879580507919608
AAPL,2026-09-10 12:57:00,323.6700134277344,-0.0002625522745109376
AAPL,2026-09-10 12:58:00,323.5249938964844,-0.0004481478751719088
AAPL,2026-09-10 12:59:00,323.3500061035156,-0.0005410250735833103
AAPL,2026-09-10 13:00:00,323.19989013671875,-0.0004643600451172409
AAPL,2026-09-10 13:01:00,322.9150085449219,-0.0008818295657290267
AAPL,2026-09-10 13:02:00,323.1401062011719,0.0006968373447428817
AAPL,2026-09-10 13:03:00,323.2349853515625,0.00029357304237738203
AAPL,2026-09-10 13:04:00,323.13238525390625,-0.0003174668251643655
AAPL,2026-09-10 13:05:00,323.57000732421875,0.0013533957571009402
AAPL,2026-09-10 13:06:00,323.42999267578125,-0.00043281190300836303
AAPL,2026-09-10 13:07:00,323.1600036621094,-0.0008351166299890645
AAPL,2026-09-10 13:08:00,323.3599853515625,0.0006186404109058392
AAPL,2026-09-10 13:09:00,323.42999267578125,0.00021647621908330107
AAPL,2026-09-10 13:10:00,323.6000061035156,0.0005255194719498579
AAPL,2026-09-10 13:11:00,323.760009765625,0.0004943266851375723
AAPL,2026-09-10 13:12:00,323.92498779296875,0.0005094390993574974
AAPL,2026-09-10 13:13:00,323.6050109863281,-0.0009882996410614335
AAPL,2026-09-10 13:14:00,323.54998779296875,-0.00017004641421529285
AAPL,2026-09-10 13:15:00,323.5101013183594,-0.0001232852259971352
AAPL,2026-09-10 13:16:00,323.5799865722656,0.00021599853091789484
AAPL,2026-09-10 13:17:00,323.6785888671875,0.00030467667614196813
AAPL,2026-09-10 13:18:00,323.69000244140625,3.526143953597018e-05
AAPL,2026-09-10 13:19:00,323.8349914550781,0.0004478252344283364
AAPL,2026-09-10 13:20:00,323.8599853515625,7.7177984674323e-05
AAPL,2026-09-10 13:21:00,323.67999267578125,-0.0005559276230796679
AAPL,2026-09-10 13:22:00,323.9700012207031,0.000895571889256105
AAPL,2026-09-10 13:23:00,323.8500061035156,-0.00037045820506674467
AAPL,2026-09-10 13:24:00,323.9599914550781,0.00033956052865443184
AAPL,2026-09-10 13:25:00,324.07000732421875,0.0003395394361520364
AAPL,2026-09-10 13:26:00,324.239990234375,0.0005243877610758759
AAPL,2026-09-10 13:27:00,324.0799865722656,-0.0004935947405046217
AAPL,2026-09-10 13:28:00,324.5599975585937,0.0014800539149482646
AAPL,2026-09-10 13:29:00,324.8219909667969,0.0008069007981363577
AAPL,2026-09-10 13:30:00,324.56500244140625,-0.0007914804004852642
AAPL,2026-09-10 13:31:00,324.8399963378906,0.0008469103669915772
AAPL,2026-09-10 13:32:00,325.1549987792969,0.000969245820146371
AAPL,2026-09-10 13:33:00,325.3699951171875,0.0006609933445622245
AAPL,2026-09-10 13:34:00,325.32501220703125,-0.00013826111994588253
AAPL,2026-09-10 13:35:00,325.34991455078125,7.654311773243822e-05
AAPL,2026-09-10 13:36:00,325.2449951171875,-0.0003225338315568354
AAPL,2026-09-10 13:37:00,324.9200134277344,-0.0009996899625387208
AAPL,2026-09-10 13:38:00,325.0899963378906,0.0005230162966025131
AAPL,2026-09-10 13:39:00,325.1000061035156,3.0790278497723074e-05
AAPL,2026-09-10 13:40:00,325.1861877441406,0.00026505757601788635
AAPL,2026-09-10 13:41:00,325.32501220703125,0.0004268165252452807
AAPL,2026-09-10 13:42:00,325.2799987792969,-0.0001383740581338811
AAPL,2026-09-10 13:43:00,325.4200134277344,0.00043035084669368963
AAPL,2026-09-10 13:44:00,325.44000244140625,6.142338810428548e-05
AAPL,2026-09-10 13:45:00,325.2149963378906,-0.0006916295514738333
AAPL,2026-09-10 13:46:00,325.1099853515625,-0.00032294926443698235
AAPL,2026-09-10 13:47:00,325.0799865722656,-9.227696708207002e-05
AAPL,2026-09-10 13:48:00,325.46270751953125,0.0011766206734650873
AAPL,2026-09-10 13:49:00,325.3900146484375,-0.0002233773292178693
AAPL,2026-09-10 13:50:00,325.20001220703125,-0.0005840927126609079
AAPL,2026-09-10 13:51:00,325.2850036621094,0.0002613171817592444
AAPL,2026-09-10 13:52:00,325.260009765625,-7.683986805144788e-05
AAPL,2026-09-10 13:53:00,325.2359924316406,-7.384314096983576e-05
AAPL,2026-09-10 13:54:00,325.0,-0.0007258670536516607
AAPL,2026-09-10 13:55:00,325.2149963378906,0.0006613084808465944
AAPL,2026-09-10 13:56:00,325.2300109863281,4.616731090592842e-05
AAPL,2026-09-10 13:57:00,325.4750061035156,0.0007530144146110118
AAPL,2026-09-10 13:58:00,325.44000244140625,-0.00010755217404297033
AAPL,2026-09-10 13:59:00,325.010009765625,-0.001322139227762408
AAPL,2026-09-10 14:00:00,325.06500244140625,0.00016918870862532703
AAPL,2026-09-10 14:01:00,324.6000061035156,-0.0014314959592397244
AAPL,2026-09-10 14:02:00,324.2850036621094,-0.0009709038162705574
AAPL,2026-09-10 14:03:00,324.1310119628906,-0.00047497809555314925
AAPL,2026-09-10 14:04:00,324.0249938964844,-0.0003271374989765384
AAPL,2026-09-10 14:05:00,323.635009765625,-0.0012042867423873475
AAPL,2026-09-10 14:06:00,323.8699951171875,0.0007258179013492778
AAPL,2026-09-10 14:07:00,323.8299865722656,-0.00012354036159890956
AAPL,2026-09-10 14:08:00,323.6346130371094,-0.0006035033921668674
AAPL,2026-09-10 14:09:00,323.6000061035156,-0.00010693783244381106
AAPL,2026-09-10 14:10:00,323.6000061035156,0.0
AAPL,2026-09-10 14:11:00,323.760009765625,0.0004943266851375723
AAPL,2026-09-10 14:12:00,323.82501220703125,0.00020075338193149112
AAPL,2026-09-10 14:13:00,323.9200134277344,0.0002933290650628821
AAPL,2026-09-10 14:14:00,323.6499938964844,-0.000833947044628896
AAPL,2026-09-10 14:15:00,323.4800109863281,-0.0005253439425867198
AAPL,2026-09-10 14:16:00,323.590087890625,0.00034023177875085284
AAPL,2026-09-10 14:17:00,323.5473937988281,-0.00013194751676991233
AAPL,2026-09-10 14:18:00,323.69989013671875,0.00047121508115132105
AAPL,2026-09-10 14:19:00,323.7950134277344,0.00029381942985598394
AAPL,2026-09-10 14:20:00,323.94000244140625,0.00044768003131290246
AAPL,2026-09-10 14:21:00,324.09991455078125,0.0004935255018333612
AAPL,2026-09-10 14:22:00,324.1499938964844,0.0001545062950264835
AAPL,2026-09-10 14:23:00,324.3800048828125,0.0007093303205872368
AAPL,2026-09-10 14:24:00,324.15008544921875,-0.0007090478812130198
AAPL,2026-09-10 14:25:00,324.2799987792969,0.00040070112407247863
AAPL,2026-09-10 14:26:00,324.4100036621094,0.0004008228400738077
AAPL,2026-09-10 14:27:00,324.32000732421875,-0.0002774539082326184
AAPL,2026-09-10 14:28:00,324.4100036621094,0.00027745390823265704
AAPL,2026-09-10 14:29:00,324.1199951171875,-0.0008943566675361445
AAPL,2026-09-10 14:30:00,324.114990234375,-1.5441569571794002e-05
AAPL,2026-09-10 14:31:00,324.1600036621094,0.00013887139942309274
AAPL,2026-09-10 14:32:00,323.9270935058594,-0.0007187619296694211
AAPL,2026-09-10 14:33:00,323.67999267578125,-0.0007631196364038992
AAPL,2026-09-10 14:34:00,323.8710021972656,0.0005899443550747018
AAPL,2026-09-10 14:35:00,324.1499938964844,0.0008610576451627835
AAPL,2026-09-10 14:36:00,324.2250061035156,0.00023138525503282992
AAPL,2026-09-10 14:37:00,323.989990234375,-0.0007251170700025346
AAPL,2026-09-10 14:38:00,324.1449890136719,0.0004782916744643707
AAPL,2026-09-10 14:39:00,324.25,0.0003239105453481831
AAPL,2026-09-10 14:40:00,324.17999267578125,-0.00021592870558584992
AAPL,2026-09-10 14:41:00,324.33990478515625,0.0004931602353052804
AAPL,2026-09-10 14:42:00,324.3299865722656,-3.0580154940250695e-05
AAPL,2026-09-10 14:43:00,324.3399963378906,3.08624289376195e-05
AAPL,2026-09-10 14:44:00,324.3999938964844,0.00018496642620463151
AAPL,2026-09-10 14:45:00,324.3599853515625,-0.00012333851116695614
AAPL,2026-09-10 14:46:00,324.614990234375,0.0007858697346729074
AAPL,2026-09-10 14:47:00,324.5950012207031,-6.157950105907791e-05
AAPL,2026-09-10 14:48:00,324.590087890625,-1.5136915990929613e-05
AAPL,2026-09-10 14:49:00,324.8399963378906,0.0007696239077005411
AAPL,2026-09-10 14:50:00,325.0199890136719,0.0005539429552242809
AAPL,2026-09-10 14:51:00,325.1099853515625,0.00027685645029152376
AAPL,2026-09-10 14:52:00,325.4100036621094,0.0009223954279204634
AAPL,2026-09-10 14:53:00,325.3999938964844,-3.076094609283613e-05
AAPL,2026-09-10 14:54:00,325.364990234375,-0.00010757696863447085
AAPL,2026-09-10 14:55:00,325.2749938964844,-0.0002766394339714256
AAPL,2026-09-10 14:56:00,325.29998779296875,7.683632847901967e-05
AAPL,2026-09-10 14:57:00,325.2802124023437,-6.0793090921638815e-05
AAPL,2026-09-10 14:58:00,325.2950134277344,4.5501349592174264e-05
AAPL,2026-09-10 14:59:00,325.3800048828125,0.00026124087499824604
AAPL,2026-09-10 15:00:00,325.3800964355469,2.813716887761621e-07
AAPL,2026-09-10 15:01:00,325.1199951171875,-0.0007996965276363329
AAPL,2026-09-10 15:02:00,325.07000732421875,-0.00015376364717866538
AAPL,2026-09-10 15:03:00,325.1199951171875,0.0001537636471785534
AAPL,2026-09-10 15:04:00,325.0400085449219,-0.00024605196326641976
AAPL,2026-09-10 15:05:00,324.989990234375,-0.00015389539171890425
AAPL,2026-09-10 15:06:00,325.260009765625,0.0008305099477752589
AAPL,2026-09-10 15:07:00,325.1700134277344,-0.00027672873408610376
AAPL,2026-09-10 15:08:00,325.2049865722656,0.00010754762887558452
AAPL,2026-09-10 15:09:00,325.45001220703125,0.0007531661074089679
AAPL,2026-09-10 15:10:00,325.3999938964844,-0.0001537014985827801
AAPL,2026-09-10 15:11:00,325.385009765625,-4.6049404266217465e-05
AAPL,2026-09-10 15:12:00,325.5599975585937,0.0005376423360343684
AAPL,2026-09-10 15:13:00,325.614990234375,0.00016890291225239444
AAPL,2026-09-10 15:14:00,325.79998779296875,0.0005679868280814898
AAPL,2026-09-10 15:15:00,325.80010986328125,3.7467861943766117e-07
AAPL,2026-09-10 15:16:00,325.7699890136719,-9.245620596385731e-05
AAPL,2026-09-10 15:17:00,325.7099914550781,-0.00018418849561645134
AAPL,2026-09-10 15:18:00,325.7076110839844,-7.308279925119304e-06
AAPL,2026-09-10 15:19:00,325.7080078125,1.218050363266012e-06
AAPL,2026-09-10 15:20:00,325.5506896972656,-0.0004831202067498221
AAPL,2026-09-10 15:21:00,325.5299987792969,-6.355869047237686e-05
AAPL,2026-09-10 15:22:00,325.3949890136719,-0.00041482435024904764
AAPL,2026-09-10 15:23:00,325.239990234375,-0.00047645388635015544
AAPL,2026-09-10 15:24:00,325.6000061035156,0.0011063115600937873
AAPL,2026-09-10 15:25:00,325.4349975585937,-0.0005069114487765277
AAPL,2026-09-10 15:26:00,325.318603515625,-0.0003577207840809712
AAPL,2026-09-10 15:27:00,325.3800048828125,0.000188724446547927
AAPL,2026-09-10 15:28:00,325.3301086425781,-0.00015335935094616782
AAPL,2026-09-10 15:29:00,325.2850036621094,-0.00013865334415994718
AAPL,2026-09-10 15:30:00,325.25909423828125,-7.965462733560079e-05
AAPL,2026-09-10 15:31:00,325.3999938964844,0.0004330982628996601
AAPL,2026-09-10 15:32:00,325.2632141113281,-0.0004204319085132503
AAPL,2026-09-10 15:33:00,325.44500732421875,0.0005587549430966608
AAPL,2026-09-10 15:34:00,325.5360107421875,0.0002795885472417013
AAPL,2026-09-10 15:35:00,325.28009033203125,-0.0007864600243442947
AAPL,2026-09-10 15:36:00,325.42999267578125,0.0004607346660706252
AAPL,2026-09-10 15:37:00,325.5150146484375,0.0002612262854253074
AAPL,2026-09-10 15:38:00,325.739990234375,0.000690898628647381
AAPL,2026-09-10 15:39:00,325.7349853515625,-1.5364773783007792e-05
AAPL,2026-09-10 15:40:00,325.5849914550781,-0.0004605843655261024
AAPL,2026-09-10 15:41:00,325.3900146484375,-0.0005990301029776872
AAPL,2026-09-10 15:42:00,325.5599975585937,0.0005222610364306131
AAPL,2026-09-10 15:43:00,325.5,-0.00018430731111888847
AAPL,2026-09-10 15:44:00,325.39990234375,-0.0003075669751329322
AAPL,2026-09-10 15:45:00,325.3999938964844,2.813544836547903e-07
AAPL,2026-09-10 15:46:00,325.21600341796875,-0.0005655885627768455
AAPL,2026-09-10 15:47:00,325.3500061035156,0.00041195723564023433
AAPL,2026-09-10 15:48:00,325.5899963378906,0.0007373651775851096
AAPL,2026-09-10 15:49:00,325.8550109863281,0.0008136209812876411
AAPL,2026-09-10 15:50:00,325.7799987792969,-0.00023022767726847313
AAPL,2026-09-10 15:51:00,325.7099914550781,-0.00021491450532654363
AAPL,2026-09-10 15:52:00,325.7099914550781,0.0
AAPL,2026-09-10 15:53:00,325.94000244140625,0.0007059341610818159
AAPL,2026-09-10 15:54:00,325.614990234375,-0.0009976509662023784
AAPL,2026-09-10 15:55:00,326.07000732421875,0.0013964328333154182
AAPL,2026-09-10 15:56:00,326.42999267578125,0.0011034034883862004
AAPL,2026-09-10 15:57:00,326.3399963378906,-0.00027573675253309953
AAPL,2026-09-10 15:58:00,326.4599914550781,0.00036763211024143616
AAPL,2026-09-10 15:59:00,326.5950012207031,0.00041347135865315725
AAPL,2026-09-11 09:30:00,327.6401062011719,0.0031948938771144096
AAPL,2026-09-11 09:31:00,328.5199890136719,0.002681916642933168
AAPL,2026-09-11 09:32:00,328.8702087402344,0.0010654851894403273
AAPL,2026-09-11 09:33:00,330.76568603515625,0.005747056905247781
AAPL,2026-09-11 09:34:00,331.9800109863281,0.0036645317066223526
AAPL,2026-09-11 09:35:00,332.5299987792969,0.0016553186873647426
AAPL,2026-09-11 09:36:00,333.2200012207031,0.002072858245496731
AAPL,2026-09-11 09:37:00,333.17999267578125,-0.00012007366547535664
AAPL,2026-09-11 09:38:00,332.89990234375,-0.0008410112679711198
AAPL,2026-09-11 09:39:00,334.1199951171875,0.003658344042925843
AAPL,2026-09-11 09:40:00,333.19500732421875,-0.0027722691142829372
AAPL,2026-09-11 09:41:00,332.9599914550781,-0.0007055891776586657
AAPL,2026-09-11 09:42:00,333.8900146484375,0.0027893043048030928
AAPL,2026-09-11 09:43:00,333.55010986328125,-0.001018532755398692
AAPL,2026-09-11 09:44:00,333.3500061035156,-0.0006001011575194012
AAPL,2026-09-11 09:45:00,333.0,-0.0010505173932563862
AAPL,2026-09-11 09:46:00,332.44000244140625,-0.0016830899517178068
AAPL,2026-09-11 09:47:00,332.010009765625,-0.001294281670275595
AAPL,2026-09-11 09:48:00,331.2149963378906,-0.0023974180744206937
AAPL,2026-09-11 09:49:00,331.70770263671875,0.0014864670958266038
AAPL,2026-09-11 09:50:00,332.37579345703125,0.0020120694148708525
AAPL,2026-09-11 09:51:00,332.57598876953125,0.0006021348431559743
AAPL,2026-09-11 09:52:00,331.44000244140625,-0.0034215665026788274
AAPL,2026-09-11 09:53:00,331.92999267578125,0.001477276111648853
AAPL,2026-09-11 09:54:00,331.80499267578125,-0.00037665635904847797
AAPL,2026-09-11 09:55:00,331.8349914550781,9.040678691646412e-05
AAPL,2026-09-11 09:56:00,332.2349853515625,0.00120467408203505
AAPL,2026-09-11 09:57:00,332.7449951171875,0.0015339104352129274
AAPL,2026-09-11 09:58:00,332.70001220703125,-0.00013519647673262505
AAPL,2026-09-11 09:59:00,332.4700012207031,-0.0006915855821897711
AAPL,2026-09-11 10:00:00,332.30499267578125,-0.0004964342817515767
AAPL,2026-09-11 10:01:00,332.0166931152344,-0.0008679517312536536
AAPL,2026-09-11 10:02:00,332.2699890136719,0.0007626102329843496
AAPL,2026-09-11 10:03:00,332.6400146484375,0.0011130097935852042
AAPL,2026-09-11 10:04:00,332.7650146484375,0.00037571102100771524
AAPL,2026-09-11 10:05:00,332.3550109863281,-0.0012328713562665787
AAPL,2026-09-11 10:06:00,332.6199035644531,0.0007966995035150621
AAPL,2026-09-11 10:07:00,332.54998779296875,-0.00021021929179373258
AAPL,2026-09-11 10:08:00,332.5299987792969,-6.011010429264229e-05
AAPL,2026-09-11 10:09:00,332.4949951171875,-0.0001052702152940744
AAPL,2026-09-11 10:10:00,332.69000244140625,0.0005863250990958728
AAPL,2026-09-11 10:11:00,332.739990234375,0.0001502420798970972
AAPL,2026-09-11 10:12:00,332.2799987792969,-0.0013833915853274615
AAPL,2026-09-11 10:13:00,332.29998779296875,6.015532842334481e-05
AAPL,2026-09-11 10:14:00,331.70001220703125,-0.00180715587114902
AAPL,2026-09-11 10:15:00,332.0299987792969,0.0009943398490110283
AAPL,2026-09-11 10:16:00,332.1000061035156,0.00021082415781042803
AAPL,2026-09-11 10:17:00,332.102294921875,6.891931436691724e-06
AAPL,2026-09-11 10:18:00,332.1859130859375,0.00025175266848374026
AAPL,2026-09-11 10:19:00,332.17999267578125,-1.782273926177241e-05
AAPL,2026-09-11 10:20:00,332.40399169921875,0.0006741030093600585
AAPL,2026-09-11 10:21:00,332.7699890136719,0.0011004560070020765
AAPL,2026-09-11 10:22:00,333.1820068359375,0.001237380103682445
AAPL,2026-09-11 10:23:00,333.45001220703125,0.0008040579446438245
AAPL,2026-09-11 10:24:00,333.5950012207031,0.00043472033531943957
AAPL,2026-09-11 10:25:00,333.54998779296875,-0.00013494346369661246
AAPL,2026-09-11 10:26:00,334.04998779296875,0.001497903270740051
AAPL,2026-09-11 10:27:00,334.226806640625,0.0005291784878818903
AAPL,2026-09-11 10:28:00,334.3500061035156,0.000368542438016765
AAPL,2026-09-11 10:29:00,334.0851135253906,-0.0007925753276956644
AAPL,2026-09-11 10:30:00,333.4800109863281,-0.0018128649402603203
AAPL,2026-09-11 10:31:00,333.1099853515625,-0.0011102046979549107
AAPL,2026-09-11 10:32:00,334.1000061035156,0.0029676458422937873
AAPL,2026-09-11 10:33:00,334.2101135253906,0.0003295099674157669
AAPL,2026-09-11 10:34:00,333.7229919433594,-0.0014585941747920395
AAPL,2026-09-11 10:35:00,334.1099853515625,0.0011589528060958483
AAPL,2026-09-11 10:36:00,333.92010498046875,-0.0005684785130351606
AAPL,2026-09-11 10:37:00,334.17999267578125,0.0007779903320855865
AAPL,2026-09-11 10:38:00,334.1708068847656,-2.748793305026708e-05
AAPL,2026-09-11 10:39:00,334.1549987792969,-4.730658411731028e-05
AAPL,2026-09-11 10:40:00,334.7200012207031,0.001689411551599031
AAPL,2026-09-11 10:41:00,334.5899963378906,-0.00038847435395156606
AAPL,2026-09-11 10:42:00,334.8099975585937,0.0006573087261130899
AAPL,2026-09-11 10:43:00,334.6400146484375,-0.0005078285479414982
AAPL,2026-09-11 10:44:00,334.70001220703125,0.0001792737811790601
AAPL,2026-09-11 10:45:00,334.7699890136719,0.00020905135933766808
AAPL,2026-09-11 10:46:00,334.3450927734375,-0.001270024570994142
AAPL,2026-09-11 10:47:00,334.44000244140625,0.0002838271046558224
AAPL,2026-09-11 10:48:00,334.52508544921875,0.00025437204365795285
AAPL,2026-09-11 10:49:00,334.69000244140625,0.0004928669377307559
AAPL,2026-09-11 10:50:00,334.85009765625,0.0004782244345679408
AAPL,2026-09-11 10:51:00,335.1549987792969,0.0009101457458051727
AAPL,2026-09-11 10:52:00,335.04998779296875,-0.0003133697578841893
AAPL,2026-09-11 10:53:00,335.1000061035156,0.000149274971559556
AAPL,2026-09-11 10:54:00,335.3599853515625,0.0007755250556049423
AAPL,2026-09-11 10:55:00,334.9800109863281,-0.001133676665591109
AAPL,2026-09-11 10:56:00,334.94000244140625,-0.00011944275187344436
AAPL,2026-09-11 10:57:00,335.1401062011719,0.0005972532631038198
AAPL,2026-09-11 10:58:00,335.1451110839844,1.4933591502679533e-05
AAPL,2026-09-11 10:59:00,334.9599914550781,-0.0005525092494119034
AAPL,2026-09-11 11:00:00,335.44000244140625,0.0014320139401155765
AAPL,2026-09-11 11:01:00,335.3699951171875,-0.00020872474986274395
AAPL,2026-09-11 11:02:00,335.2300109863281,-0.00041748920852534955
AAPL,2026-09-11 11:03:00,335.4150085449219,0.0005517004015489505
AAPL,2026-09-11 11:04:00,335.6000061035156,0.0005513961960385076
AAPL,2026-09-11 11:05:00,335.5799865722656,-5.965473188828379e-05
AAPL,2026-09-11 11:06:00,335.43560791015625,-0.0004303287897468114
AAPL,2026-09-11 11:07:00,335.54998779296875,0.0003409309667834977
AAPL,2026-09-11 11:08:00,335.4150085449219,-0.00040234364118682097
AAPL,2026-09-11 11:09:00,335.625,0.0006258686792406326
AAPL,2026-09-11 11:10:00,335.5398864746094,-0.0002536292573169475
AAPL,2026-09-11 11:11:00,335.614990234375,0.00022380455744397423
AAPL,2026-09-11 11:12:00,336.1099853515625,0.001473803192605144
AAPL,2026-09-11 11:13:00,335.760009765625,-0.0010417956453910642
AAPL,2026-09-11 11:14:00,335.5400085449219,-0.0006554483020365605
AAPL,2026-09-11 11:15:00,335.875,0.0009978671272217485
AAPL,2026-09-11 11:16:00,335.8999938964844,7.441151195853395e-05
AAPL,2026-09-11 11:17:00,335.82000732421875,-0.0002381545063368845
AAPL,2026-09-11 11:18:00,335.7850036621094,-0.00010423883553124319
AAPL,2026-09-11 11:19:00,335.61669921875,-0.0005013524575899688
AAPL,2026-09-11 11:20:00,335.19000244140625,-0.0012721901371507203
AAPL,2026-09-11 11:21:00,335.57000732421875,0.001133057779041091
AAPL,2026-09-11 11:22:00,335.1499938964844,-0.0012524256973749533
AAPL,2026-09-11 11:23:00,335.67999267578125,0.0015801287962108517
AAPL,2026-09-11 11:24:00,335.489990234375,-0.0005661827892184671
AAPL,2026-09-11 11:25:00,335.1299133300781,-0.0010738629646565735
AAPL,2026-09-11 11:26:00,335.3349914550781,0.00061174904139498
AAPL,2026-09-11 11:27:00,335.54998779296875,0.0006409335486733935
AAPL,2026-09-11 11:28:00,335.32000732421875,-0.0006856186129439406
AAPL,2026-09-11 11:29:00,335.57000732421875,0.0007452786779147117
AAPL,2026-09-11 11:30:00,335.3099975585937,-0.0007751305054587335
AAPL,2026-09-11 11:31:00,335.1700134277344,-0.00041756392614102696
AAPL,2026-09-11 11:32:00,335.114990234375,-0.00016417850073433864
AAPL,2026-09-11 11:33:00,335.3099975585937,0.0005817424268754144
AAPL,2026-09-11 11:34:00,335.1400146484375,-0.000507071103597487
AAPL,2026-09-11 11:35:00,334.9150085449219,-0.0006716048807476998
AAPL,2026-09-11 11:36:00,335.0450134277344,0.00038809743919186057
AAPL,2026-09-11 11:37:00,334.82000732421875,-0.0006717953767023344
AAPL,2026-09-11 11:38:00,334.7200012207031,-0.0002987307792903374
AAPL,2026-09-11 11:39:00,334.94000244140625,0.0006570535119760655
AAPL,2026-09-11 11:40:00,334.82000732421875,-0.0003583227326856386
AAPL,2026-09-11 11:41:00,335.04998779296875,0.0006866421229858604
AAPL,2026-09-11 11:42:00,334.8734130859375,-0.0005271489572944043
AAPL,2026-09-11 11:43:00,334.8900146484375,4.9574407368100295e-05
AAPL,2026-09-11 11:44:00,334.7799987792969,-0.0003285674076019712
AAPL,2026-09-11 11:45:00,334.7900085449219,2.9899086029118687e-05
AAPL,2026-09-11 11:46:00,334.5199890136719,-0.0008068594429606624
AAPL,2026-09-11 11:47:00,334.5400085449219,5.9843754907029746e-05
AAPL,2026-09-11 11:48:00,334.6199951171875,0.0002390656112404587
AAPL,2026-09-11 11:49:00,334.510009765625,-0.00032874135594102846
AAPL,2026-09-11 11:50:00,334.57501220703125,0.0001943024861597396
AAPL,2026-09-11 11:51:00,334.60089111328125,7.73456011624686e-05
AAPL,2026-09-11 11:52:00,334.5199890136719,-0.0002418160975285934
AAPL,2026-09-11 11:53:00,334.3550109863281,-0.0004933000356996558
AAPL,2026-09-11 11:54:00,334.2767944335937,-0.00023396001343995918
AAPL,2026-09-11 11:55:00,334.0799865722656,-0.0005889305610702964
AAPL,2026-09-11 11:56:00,333.7900085449219,-0.0008683667410889465
AAPL,2026-09-11 11:57:00,333.8800048828125,0.00026958328703009966
AAPL,2026-09-11 11:58:00,333.82000732421875,-0.00017971411609503705
AAPL,2026-09-11 11:59:00,333.9175109863281,0.0002920418881030735
AAPL,2026-09-11 12:00:00,333.8800048828125,-0.00011232777200814179
AAPL,2026-09-11 12:01:00,333.9100036621094,8.984494806202638e-05
AAPL,2026-09-11 12:02:00,333.8251037597656,-0.0002542921642357818
AAPL,2026-09-11 12:03:00,333.7449951171875,-0.00024000069235404744
AAPL,2026-09-11 12:04:00,333.8565979003906,0.0003343394785451611
AAPL,2026-09-11 12:05:00,333.760009765625,-0.0002893521051766307
AAPL,2026-09-11 12:06:00,333.7099914550781,-0.0001498743330756776
AAPL,2026-09-11 12:07:00,333.7799987792969,0.00020976291929363858
AAPL,2026-09-11 12:08:00,334.04998779296875,0.0008085561709102174
AAPL,2026-09-11 12:09:00,334.4989929199219,0.0013432230320180453
AAPL,2026-09-11 12:10:00,334.4100036621094,-0.0002660728403780421
AAPL,2026-09-11 12:11:00,334.4700012207031,0.0001793970766555255
AAPL,2026-09-11 12:12:00,334.4301147460937,-0.0001192598826180863
AAPL,2026-09-11 12:13:00,334.6700134277344,0.0007170786010014651
AAPL,2026-09-11 12:14:00,334.7099914550781,0.00011944792823100725
AAPL,2026-09-11 12:15:00,334.7799987792969,0.00020913628432113961
AAPL,2026-09-11 12:16:00,334.67498779296875,-0.0003137208305134447
AAPL,2026-09-11 12:17:00,334.4349975585937,-0.0007173416924577106
AAPL,2026-09-11 12:18:00,334.5249938964844,0.0002690634405141644
AAPL,2026-09-11 12:19:00,334.3999938964844,-0.0003737339873260781
AAPL,2026-09-11 12:20:00,334.2300109863281,-0.000508451348509491
AAPL,2026-09-11 12:21:00,334.30499267578125,0.00022431642129976372
AAPL,2026-09-11 12:22:00,334.0899963378906,-0.0006433212362132865
AAPL,2026-09-11 12:23:00,334.17999267578125,0.000269341254026632
AAPL,2026-09-11 12:24:00,334.1700134277344,-2.986234145724219e-05
AAPL,2026-09-11 12:25:00,334.2749938964844,0.00031410353421108903
AAPL,2026-09-11 12:26:00,334.489990234375,0.0006429653178590373
AAPL,2026-09-11 12:27:00,334.2799987792969,-0.0006279930781257416
AAPL,2026-09-11 12:28:00,334.375,0.00028415616877406176
AAPL,2026-09-11 12:29:00,334.1700134277344,-0.0006132319427183007
AAPL,2026-09-11 12:30:00,334.25,0.00023933027449975265
AAPL,2026-09-11 12:31:00,334.1700134277344,-0.00023933027449987062
AAPL,2026-09-11 12:32:00,334.2950134277344,0.0003739911481830667
AAPL,2026-09-11 12:33:00,334.3999938964844,0.0003139861026704381
AAPL,2026-09-11 12:34:00,334.2749938964844,-0.0003738737166426752
AAPL,2026-09-11 12:35:00,334.2200012207031,-0.0001645268141332238
AAPL,2026-09-11 12:36:00,334.2699890136719,0.00014955435022864034
AAPL,2026-09-11 12:37:00,334.0622863769531,-0.0006215550289986295
AAPL,2026-09-11 12:38:00,334.19000244140625,0.00038223906792434284
AAPL,2026-09-11 12:39:00,334.20001220703125,2.995187063358095e-05
AAPL,2026-09-11 12:40:00,334.3099975585937,0.00032904623999078933
AAPL,2026-09-11 12:41:00,334.152587890625,-0.00047096030295376324
AAPL,2026-09-11 12:42:00,334.0199890136719,-0.0003969000922132179
AAPL,2026-09-11 12:43:00,334.1300048828125,0.0003293148877942932
AAPL,2026-09-11 12:44:00,334.1300048828125,0.0
AAPL,2026-09-11 12:45:00,334.07000732421875,-0.0001795796398052014
AAPL,2026-09-11 12:46:00,334.29998779296875,0.0006881831306212044
AAPL,2026-09-11 12:47:00,334.20001220703125,-0.00029910422343409025
AAPL,2026-09-11 12:48:00,334.260009765625,0.000179509789015688
AAPL,2026-09-11 12:49:00,334.4100036621094,0.0004486335441642095
AAPL,2026-09-11 12:50:00,334.44000244140625,8.970256124175743e-05
AAPL,2026-09-11 12:51:00,334.3550109863281,-0.0002541629462816924
AAPL,2026-09-11 12:52:00,334.3900146484375,0.00010468462807064957
AAPL,2026-09-11 12:53:00,334.4800109863281,0.0002690996306742727
AAPL,2026-09-11 12:54:00,334.44000244140625,-0.00011962131246326526
AAPL,2026-09-11 12:55:00,334.364990234375,-0.0002243171273159064
AAPL,2026-09-11 12:56:00,334.44000244140625,0.00022431712731582696
AAPL,2026-09-11 12:57:00,334.42999267578125,-2.9930377199788473e-05
AAPL,2026-09-11 12:58:00,334.7099914550781,0.0008368915392280903
AAPL,2026-09-11 12:59:00,334.7449951171875,0.0001045736094087373
AAPL,2026-09-11 13:00:00,334.6849975585937,-0.00017924968827469928
AAPL,2026-09-11 13:01:00,334.29998779296875,-0.0011510267541496322
AAPL,2026-09-11 13:02:00,334.4800109863281,0.0005383629834506834
AAPL,2026-09-11 13:03:00,334.4750061035156,-1.4963286572986484e-05
AAPL,2026-09-11 13:04:00,334.3099975585937,-0.0004934576803208864
AAPL,2026-09-11 13:05:00,334.3699951171875,0.00017945073701027968
AAPL,2026-09-11 13:06:00,334.3550109863281,-4.481402886128835e-05
AAPL,2026-09-11 13:07:00,334.364013671875,2.6925166521299883e-05
AAPL,2026-09-11 13:08:00,334.364990234375,2.9206524444834586e-06
AAPL,2026-09-11 13:09:00,334.3900146484375,7.48388091048284e-05
AAPL,2026-09-11 13:10:00,334.2200012207031,-0.0005085578359983446
AAPL,2026-09-11 13:11:00,334.215087890625,-1.470099388330696e-05
AAPL,2026-09-11 13:12:00,334.3450012207031,0.00038863621633754086
AAPL,2026-09-11 13:13:00,334.3099975585937,-0.00010469872267559973
AAPL,2026-09-11 13:14:00,334.3399963378906,8.972939382612214e-05
AAPL,2026-09-11 13:15:00,334.3699951171875,8.972134318403736e-05
AAPL,2026-09-11 13:16:00,334.45001220703125,0.00023927839881949338
AAPL,2026-09-11 13:17:00,334.260009765625,-0.0005682655868049128
AAPL,2026-09-11 13:18:00,334.04998779296875,-0.0006285166474757835
AAPL,2026-09-11 13:19:00,333.94000244140625,-0.00032930239723447146
AAPL,2026-09-11 13:20:00,334.0400085449219,0.00029942843383925154
AAPL,2026-09-11 13:21:00,333.9150085449219,-0.00037427670505055287
AAPL,2026-09-11 13:22:00,334.1400146484375,0.0006736155083402687
AAPL,2026-09-11 13:23:00,334.1449890136719,1.4886957532325354e-05
AAPL,2026-09-11 13:24:00,334.19000244140625,0.00013470319039985917
AAPL,2026-09-11 13:25:00,334.25,0.0001795151652676131
AAPL,2026-09-11 13:26:00,334.2300109863281,-5.980437215573409e-05
AAPL,2026-09-11 13:27:00,334.1499938964844,-0.0002394359186136097
AAPL,2026-09-11 13:28:00,333.9400939941406,-0.0006283581003657049
AAPL,2026-09-11 13:29:00,333.95001220703125,2.9700134196517048e-05
AAPL,2026-09-11 13:30:00,333.8882141113281,-0.00018506905847601963
AAPL,2026-09-11 13:31:00,334.0050048828125,0.0003497288768725137
AAPL,2026-09-11 13:32:00,334.2449951171875,0.000718264855047322
AAPL,2026-09-11 13:33:00,334.1499938964844,-0.0002842667072744985
AAPL,2026-09-11 13:34:00,333.82000732421875,-0.0009880282003891998
AAPL,2026-09-11 13:35:00,333.5400085449219,-0.0008391236785793974
AAPL,2026-09-11 13:36:00,333.5799865722656,0.00011985258329597492
AAPL,2026-09-11 13:37:00,333.5,-0.00023981103993228495
AAPL,2026-09-11 13:38:00,333.5299987792969,8.994731682826986e-05
AAPL,2026-09-11 13:39:00,333.4800109863281,-0.00014988618560582748
AAPL,2026-09-11 13:40:00,333.3966064453125,-0.0002501348503467322
AAPL,2026-09-11 13:41:00,333.1600036621094,-0.0007099255773705292
AAPL,2026-09-11 13:42:00,333.3500061035156,0.0005701413145166669
AAPL,2026-09-11 13:43:00,333.20050048828125,-0.00044859501647068314
AAPL,2026-09-11 13:44:00,333.2195129394531,5.7058464013439185e-05
AAPL,2026-09-11 13:45:00,333.2950134277344,0.0002265531676128033
AAPL,2026-09-11 13:46:00,333.1801147460937,-0.00034479511064064027
AAPL,2026-09-11 13:47:00,333.2629089355469,0.00024846592112776376
AAPL,2026-09-11 13:48:00,333.07940673828125,-0.0005507745721322618
AAPL,2026-09-11 13:49:00,333.1000061035156,6.184329579642153e-05
AAPL,2026-09-11 13:50:00,332.893310546875,-0.0006207136261265076
AAPL,2026-09-11 13:51:00,332.8500061035156,-0.00013009351303235893
AAPL,2026-09-11 13:52:00,332.82000732421875,-9.013108210394614e-05
AAPL,2026-09-11 13:53:00,332.9049987792969,0.0002553350250049121
AAPL,2026-09-11 13:54:00,332.9800109863281,0.0002253007839145318
AAPL,2026-09-11 13:55:00,333.0080871582031,8.431433525565166e-05
AAPL,2026-09-11 13:56:00,333.19000244140625,0.0005461297189667151
AAPL,2026-09-11 13:57:00,333.239990234375,0.00015001663674176155
AAPL,2026-09-11 13:58:00,333.4150085449219,0.0005250641332871833
AAPL,2026-09-11 13:59:00,333.3800048828125,-0.0001049907735859464
AAPL,2026-09-11 14:00:00,333.5199890136719,0.0004198054706743582
AAPL,2026-09-11 14:01:00,333.5400085449219,6.002318031149706e-05
AAPL,2026-09-11 14:02:00,333.6499938964844,0.0003296972441323729
AAPL,2026-09-11 14:03:00,333.6499938964844,0.0
AAPL,2026-09-11 14:04:00,333.3450012207031,-0.0009145276929241681
AAPL,2026-09-11 14:05:00,332.9200134277344,-0.0012757321524130068
AAPL,2026-09-11 14:06:00,332.8031005859375,-0.00035123564298056975
AAPL,2026-09-11 14:07:00,332.8099975585937,2.0723668676859703e-05
AAPL,2026-09-11 14:08:00,332.6000061035156,-0.0006311641270601061
AAPL,2026-09-11 14:09:00,332.6600952148437,0.00018064847530280582
AAPL,2026-09-11 14:10:00,332.6499938964844,-3.0365745313043942e-05
AAPL,2026-09-11 14:11:00,332.7101135253906,0.0001807130556799199
AAPL,2026-09-11 14:12:00,332.6648864746094,-0.00013594454510890345
AAPL,2026-09-11 14:13:00,332.8099975585937,0.00043611288649940747
AAPL,2026-09-11 14:14:00,332.7950134277344,-4.5024092711254155e-05
AAPL,2026-09-11 14:15:00,332.7650146484375,-9.01459764761408e-05
AAPL,2026-09-11 14:16:00,332.760009765625,-1.504040457979609e-05
AAPL,2026-09-11 14:17:00,332.7799987792969,6.006855612349128e-05
AAPL,2026-09-11 14:18:00,332.8099975585937,9.014191764350299e-05
AAPL,2026-09-11 14:19:00,332.7799987792969,-9.014191764360427e-05
AAPL,2026-09-11 14:20:00,332.6600036621094,-0.00036064894820834575
AAPL,2026-09-11 14:21:00,332.7449951171875,0.00025545782101507093
AAPL,2026-09-11 14:22:00,332.9150085449219,0.0005108116170292316
AAPL,2026-09-11 14:23:00,332.9898986816406,0.00022492742198400745
AAPL,2026-09-11 14:24:00,332.82501220703125,-0.0004952922359760332
AAPL,2026-09-11 14:25:00,332.7449951171875,-0.0002404468030371095
AAPL,2026-09-11 14:26:00,332.7799987792969,0.00010519112719326474
AAPL,2026-09-11 14:27:00,332.7099914550781,-0.00021039332072402795
AAPL,2026-09-11 14:28:00,332.8434143066406,0.00040093808308937435
AAPL,2026-09-11 14:29:00,332.8550109863281,3.484064029025224e-05
AAPL,2026-09-11 14:30:00,332.9150085449219,0.00018023508718040948
AAPL,2026-09-11 14:31:00,332.9100036621094,-1.5033628117981452e-05
AAPL,2026-09-11 14:32:00,332.92999267578125,6.004149281453405e-05
AAPL,2026-09-11 14:33:00,332.8349914550781,-0.0002853896603527566
AAPL,2026-09-11 14:34:00,332.81500244140625,-6.00586309957849e-05
AAPL,2026-09-11 14:35:00,332.8949890136719,0.00024030455807246025
AAPL,2026-09-11 14:36:00,332.95770263671875,0.00018837086346199715
AAPL,2026-09-11 14:37:00,332.95001220703125,-2.3097583993729242e-05
AAPL,2026-09-11 14:38:00,333.0249938964844,0.00022517869013935387
AAPL,2026-09-11 14:39:00,333.0,-7.505392958272633e-05
AAPL,2026-09-11 14:40:00,333.0199890136719,6.0025266531366255e-05
AAPL,2026-09-11 14:41:00,332.8599853515625,-0.0004805780961993078
AAPL,2026-09-11 14:42:00,332.94000244140625,0.000240363747960565
AAPL,2026-09-11 14:43:00,332.8299865722656,-0.00033049212778424065
AAPL,2026-09-11 14:44:00,332.9049987792969,0.00022535155579699945
AAPL,2026-09-11 14:45:00,332.79998779296875,-0.0003154880594775845
AAPL,2026-09-11 14:46:00,332.5799865722656,-0.0006612799819532795
AAPL,2026-09-11 14:47:00,332.70001220703125,0.0003608274299186239
AAPL,2026-09-11 14:48:00,332.3999938964844,-0.000902175095904066
AAPL,2026-09-11 14:49:00,332.5599975585937,0.00048124298379886935
AAPL,2026-09-11 14:50:00,332.7650146484375,0.0006162915644873882
AAPL,2026-09-11 14:51:00,332.80499267578125,0.00012013169749808038
AAPL,2026-09-11 14:52:00,332.9100036621094,0.0003154833157636293
AAPL,2026-09-11 14:53:00,332.9700927734375,0.00018048027509127385
AAPL,2026-09-11 14:54:00,332.8900146484375,-0.00024052537310307811
AAPL,2026-09-11 14:55:00,332.989990234375,0.00030028108955241573
AAPL,2026-09-11 14:56:00,332.8500061035156,-0.0004204737885729754
AAPL,2026-09-11 14:57:00,332.6606140136719,-0.0005691632536927297
AAPL,2026-09-11 14:58:00,332.7049865722656,0.0001333779763198615
AAPL,2026-09-11 14:59:00,332.5199890136719,-0.0005561954831895105
AAPL,2026-09-11 15:00:00,332.5899963378906,0.00021051352714335502
AAPL,2026-09-11 15:01:00,332.57000732421875,-6.010287319694969e-05
AAPL,2026-09-11 15:02:00,332.6199951171875,0.00015029628490910514
AAPL,2026-09-11 15:03:00,332.67999267578125,0.00018036242253782506
AAPL,2026-09-11 15:04:00,332.8999938964844,0.0006610812619181402
AAPL,2026-09-11 15:05:00,332.90399169921875,1.200894804148996e-05
AAPL,2026-09-11 15:06:00,332.6650085449219,-0.0007181318976087006
AAPL,2026-09-11 15:07:00,332.67498779296875,2.9997439211698553e-05
AAPL,2026-09-11 15:08:00,332.5899963378906,-0.0002555115858128944
AAPL,2026-09-11 15:09:00,332.6300048828125,0.00012028665673531215
AAPL,2026-09-11 15:10:00,332.6199951171875,-3.00932450229225e-05
AAPL,2026-09-11 15:11:00,332.5,-0.00036082246623254786
AAPL,2026-09-11 15:12:00,332.5150146484375,4.515581786673446e-05
AAPL,2026-09-11 15:13:00,332.5299987792969,4.5062005005198706e-05
AAPL,2026-09-11 15:14:00,332.5599975585937,9.020968435055668e-05
AAPL,2026-09-11 15:15:00,332.67999267578125,0.00036075738154788645
AAPL,2026-09-11 15:16:00,332.6449890136719,-0.00010522275009957741
AAPL,2026-09-11 15:17:00,332.70001220703125,0.00016539748065691167
AAPL,2026-09-11 15:18:00,332.79998779296875,0.00030045255203471535
AAPL,2026-09-11 15:19:00,332.82000732421875,6.0153034472864936e-05
AAPL,2026-09-11 15:20:00,332.70001220703125,-0.00036060558650757255
AAPL,2026-09-11 15:21:00,332.625,-0.00022549041738342235
AAPL,2026-09-11 15:22:00,332.7099914550781,0.00025548470058542295
AAPL,2026-09-11 15:23:00,332.5744934082031,-0.00040733867039267294
AAPL,2026-09-11 15:24:00,332.5602111816406,-4.294536570158181e-05
AAPL,2026-09-11 15:25:00,332.5799865722656,5.946232297366776e-05
AAPL,2026-09-11 15:26:00,332.5299987792969,-0.00015031436653730926
AAPL,2026-09-11 15:27:00,332.7300109863281,0.0006013053847269592
AAPL,2026-09-11 15:28:00,332.6300048828125,-0.00030060749634337964
AAPL,2026-09-11 15:29:00,332.6401062011719,3.036757007973842e-05
AAPL,2026-09-11 15:30:00,332.760009765625,0.0003603953857949311
AAPL,2026-09-11 15:31:00,332.635009765625,-0.0003757166729577352
AAPL,2026-09-11 15:32:00,332.7250061035156,0.00027051922656310036
AAPL,2026-09-11 15:33:00,332.79998779296875,0.00022533095062708395
AAPL,2026-09-11 15:34:00,332.94000244140625,0.000420628631464913
AAPL,2026-09-11 15:35:00,332.8138122558594,-0.0003790896402613762
AAPL,2026-09-11 15:36:00,332.6099853515625,-0.0006126228469872796
AAPL,2026-09-11 15:37:00,332.8099975585937,0.0006011608253183177
AAPL,2026-09-11 15:38:00,332.6000061035156,-0.0006311641270601061
AAPL,2026-09-11 15:39:00,332.614990234375,4.5050490275710455e-05
AAPL,2026-09-11 15:40:00,332.6300048828125,4.514020714250516e-05
AAPL,2026-09-11 15:41:00,332.614990234375,-4.5140207142526044e-05
AAPL,2026-09-11 15:42:00,332.6400146484375,7.523254658923237e-05
AAPL,2026-09-11 15:43:00,332.5350952148437,-0.0003154641023338905
AAPL,2026-09-11 15:44:00,332.6099853515625,0.0002251843672106287
AAPL,2026-09-11 15:45:00,332.5299987792969,-0.00024051049270695075
AAPL,2026-09-11 15:46:00,332.510009765625,-6.011371773445506e-05
AAPL,2026-09-11 15:47:00,332.6449890136719,0.0004058580335332377
AAPL,2026-09-11 15:48:00,332.70001220703125,0.00016539748065691167
AAPL,2026-09-11 15:49:00,332.7099914550781,2.999428320187834e-05
AAPL,2026-09-11 15:50:00,332.3399963378906,-0.0011126837445363242
AAPL,2026-09-11 15:51:00,332.3399963378906,0.0
AAPL,2026-09-11 15:52:00,332.3627014160156,6.83164916001909e-05
AAPL,2026-09-11 15:53:00,332.4200134277344,0.00017242329134324825
AAPL,2026-09-11 15:54:00,332.42498779296875,1.4963984764322161e-05
AAPL,2026-09-11 15:55:00,332.7760009765625,0.001055359874982952
AAPL,2026-09-11 15:56:00,332.5299987792969,-0.0007395159778120304
AAPL,2026-09-11 15:57:00,332.5799865722656,0.0001503143665373786
AAPL,2026-09-11 15:58:00,332.5400085449219,-0.00012021297716318237
AAPL,2026-09-11 15:59:00,332.2300109863281,-0.0009326460940062587
AMD,2026-09-08 09:30:00,492.385009765625,
AMD,2026-09-08 09:31:00,490.6549987792969,-0.00351971996520938
AMD,2026-09-08 09:32:00,491.9800109863281,0.002696856914184446
AMD,2026-09-08 09:33:00,489.5285949707031,-0.004995210634083147
AMD,2026-09-08 09:34:00,494.489990234375,0.01008403170617792
AMD,2026-09-08 09:35:00,494.31048583984375,-0.0003630750608369861
AMD,2026-09-08 09:36:00,496.2200012207031,0.003855545631865413
AMD,2026-09-08 09:37:00,496.1099853515625,-0.00022173242989745708
AMD,2026-09-08 09:38:00,496.5899963378906,0.0009670817620485584
AMD,2026-09-08 09:39:00,495.5303955078125,-0.0021360335734824177
AMD,2026-09-08 09:40:00,492.4327087402344,-0.00627087571457096
AMD,2026-09-08 09:41:00,492.43499755859375,4.647971183904437e-06
AMD,2026-09-08 09:42:00,490.6950073242188,-0.0035396988038109436
AMD,2026-09-08 09:43:00,491.3150939941406,0.0012628928185239475
AMD,2026-09-08 09:44:00,491.5,0.00037627832370697764
AMD,2026-09-08 09:45:00,493.7041015625,0.004474413446408219
AMD,2026-09-08 09:46:00,488.7699890136719,-0.010044344332672175
AMD,2026-09-08 09:47:00,491.5400085449219,0.0056513284786228754
AMD,2026-09-08 09:48:00,492.0660095214844,0.0010695360073902263
AMD,2026-09-08 09:49:00,492.3192138671875,0.0005144415931309104
AMD,2026-09-08 09:50:00,493.0199890136719,0.0014224041073127732
AMD,2026-09-08 09:51:00,493.8870849609375,0.0017571992201618903
AMD,2026-09-08 09:52:00,493.5698852539063,-0.0006424578032449985
AMD,2026-09-08 09:53:00,491.9599914550781,-0.0032670652992607845
AMD,2026-09-08 09:54:00,493.3800048828125,0.0028822831024457045
AMD,2026-09-08 09:55:00,493.7550048828125,0.0007597745279611907
AMD,2026-09-08 09:56:00,493.3900146484375,-0.0007394865876564297
AMD,2026-09-08 09:57:00,493.8800048828125,0.000992616538359776
AMD,2026-09-08 09:58:00,493.3500061035156,-0.0010737089114315175
AMD,2026-09-08 09:59:00,493.114990234375,-0.0004764809181460702
AMD,2026-09-08 10:00:00,490.9700012207031,-0.0043593641387757245
AMD,2026-09-08 10:01:00,490.2099914550781,-0.00154917532623306
AMD,2026-09-08 10:02:00,490.4249877929688,0.000438483933135415
AMD,2026-09-08 10:03:00,491.7200012207031,0.0026371140569276725
AMD,2026-09-08 10:04:00,491.80999755859375,0.00018300679847785725
AMD,2026-09-08 10:05:00,491.7398986816406,-0.00014254259461529378
AMD,2026-09-08 10:06:00,492.0150146484375,0.000559318119261715
AMD,2026-09-08 10:07:00,492.2049865722656,0.00038603549196655
AMD,2026-09-08 10:08:00,492.4100036621094,0.0004164411365662735
AMD,2026-09-08 10:09:00,492.5799865722656,0.000345146475657689
AMD,2026-09-08 10:10:00,491.7149963378906,-0.0017575837976695782
AMD,2026-09-08 10:11:00,491.2449951171875,-0.0009562978363455724
AMD,2026-09-08 10:12:00,491.9800109863281,0.0014951125154399117
AMD,2026-09-08 10:13:00,493.375,0.0028314463926144705
AMD,2026-09-08 10:14:00,493.7049865722656,0.0006686116404905448
AMD,2026-09-08 10:15:00,493.8699951171875,0.00033416915073140196
AMD,2026-09-08 10:16:00,494.8299865722656,0.0019419273278866924
AMD,2026-09-08 10:17:00,494.75,-0.00016165761944493667
AMD,2026-09-08 10:18:00,494.010009765625,-0.0014968048165865495
AMD,2026-09-08 10:19:00,493.6498107910156,-0.0007293988944004033
AMD,2026-09-08 10:20:00,494.3258972167969,0.0013686298677902488
AMD,2026-09-08 10:21:00,496.2099914550781,0.0038041963588223357
AMD,2026-09-08 10:22:00,496.875,0.0013392784102955137
AMD,2026-09-08 10:23:00,496.0199890136719,-0.001722259064919376
AMD,2026-09-08 10:24:00,497.1000061035156,0.0021749990351949537
AMD,2026-09-08 10:25:00,497.3349914550781,0.0004726007361228177
AMD,2026-09-08 10:26:00,497.8999938964844,0.0011354152746252762
AMD,2026-09-08 10:27:00,498.760009765625,0.0017257963185731181
AMD,2026-09-08 10:28:00,498.9201049804688,0.00032093496472809297
AMD,2026-09-08 10:29:00,500.0400085449219,0.0022421396379177423
AMD,2026-09-08 10:30:00,498.1700134277344,-0.0037467011221510157
AMD,2026-09-08 10:31:00,497.7445983886719,-0.0008543203601786437
AMD,2026-09-08 10:32:00,498.6998901367188,0.0019174014242026786
AMD,2026-09-08 10:33:00,497.4450073242188,-0.0025194798056152636
AMD,2026-09-08 10:34:00,498.3599853515625,0.0018376655902804973
AMD,2026-09-08 10:35:00,497.3299865722656,-0.002068915376757756
AMD,2026-09-08 10:36:00,497.1700134277344,-0.0003217157283279117
AMD,2026-09-08 10:37:00,496.5499877929688,-0.0012478881666140795
AMD,2026-09-08 10:38:00,497.0700073242188,0.0010467172184214205
AMD,2026-09-08 10:39:00,497.05999755859375,-2.013773968445715e-05
AMD,2026-09-08 10:40:00,497.6749877929688,0.0012364907674641584
AMD,2026-09-08 10:41:00,498.2658996582031,0.0011866405768035044
AMD,2026-09-08 10:42:00,498.0899963378906,-0.00035309335318219927
AMD,2026-09-08 10:43:00,497.9299926757813,-0.00032128604897601666
AMD,2026-09-08 10:44:00,498.2149963378906,0.0005722132280523094
AMD,2026-09-08 10:45:00,497.7200012207031,-0.0009940310545558807
AMD,2026-09-08 10:46:00,497.8999938964844,0.00036156902959932896
AMD,2026-09-08 10:47:00,497.80999755859375,-0.00018076817327943902
AMD,2026-09-08 10:48:00,498.23480224609375,0.0008529831456174529
AMD,2026-09-08 10:49:00,498.8500061035156,0.0012340052327302216
AMD,2026-09-08 10:50:00,499.1199951171875,0.0005410764249998568
AMD,2026-09-08 10:51:00,498.8290100097656,-0.0005831663024334067
AMD,2026-09-08 10:52:00,498.7099914550781,-0.00023862436471648856
AMD,2026-09-08 10:53:00,499.05999755859375,0.0007015767596257115
AMD,2026-09-08 10:54:00,499.4299926757813,0.000741109350601481
AMD,2026-09-08 10:55:00,499.6900024414063,0.0005204775657884973
AMD,2026-09-08 10:56:00,499.993408203125,0.0006070037129835333
AMD,2026-09-08 10:57:00,499.9800109863281,-2.6795145832021487e-05
AMD,2026-09-08 10:58:00,501.1600036621094,0.002357299088912361
AMD,2026-09-08 10:59:00,502.375,0.0024214340847474197
AMD,2026-09-08 11:00:00,501.8900146484375,-0.0009658514081257114
AMD,2026-09-08 11:01:00,502.2900085449219,0.0007966577872511353
AMD,2026-09-08 11:02:00,502.7450866699219,0.0009055965473598255
AMD,2026-09-08 11:03:00,503.0899963378906,0.0006858175605811393
AMD,2026-09-08 11:04:00,503.3999938964844,0.0006159973201999221
AMD,2026-09-08 11:05:00,504.0700073242188,0.0013300912696194613
AMD,2026-09-08 11:06:00,503.7001037597656,-0.0007341030995001455
AMD,2026-09-08 11:07:00,504.7699890136719,0.002121799472212585
AMD,2026-09-08 11:08:00,505.2699890136719,0.000990059902022862
AMD,2026-09-08 11:09:00,505.9100036621094,0.0012658769725250618
AMD,2026-09-08 11:10:00,505.9400024414063,5.9294913524375576e-05
AMD,2026-09-08 11:11:00,505.80999755859375,-0.0002569901329933954
AMD,2026-09-08 11:12:00,506.6000061035156,0.0015606497415304652
AMD,2026-09-08 11:13:00,507.0899963378906,0.0009667457928100545
AMD,2026-09-08 11:14:00,507.3999938964844,0.0006111397277968143
AMD,2026-09-08 11:15:00,506.7099914550781,-0.001360804168879591
AMD,2026-09-08 11:16:00,507.25,0.0010651477386244405
AMD,2026-09-08 11:17:00,508.96038818359375,0.003366211994229435
AMD,2026-09-08 11:18:00,508.9800109863281,3.8553932534463164e-05
AMD,2026-09-08 11:19:00,509.1499938964844,0.00033391199732935007
AMD,2026-09-08 11:20:00,508.30999755859375,-0.0016511637524585581
AMD,2026-09-08 11:21:00,508.0199890136719,-0.0005706976210968235
AMD,2026-09-08 11:22:00,508.2298889160156,0.00041308719417731553
AMD,2026-09-08 11:23:00,507.227294921875,-0.0019746658665337966
AMD,2026-09-08 11:24:00,508.5840148925781,0.0026712062847040006
AMD,2026-09-08 11:25:00,508.3873901367188,-0.00038668689667574024
AMD,2026-09-08 11:26:00,508.4450073242188,0.00011332681316117458
AMD,2026-09-08 11:27:00,508.8399963378906,0.0007765553057389881
AMD,2026-09-08 11:28:00,508.3100891113281,-0.0010419451014834012
AMD,2026-09-08 11:29:00,508.1675109863281,-0.0002805337292653446
AMD,2026-09-08 11:30:00,508.5499877929688,0.0007523758077190784
AMD,2026-09-08 11:31:00,508.0199890136719,-0.001042719811542291
AMD,2026-09-08 11:32:00,508.3988037109375,0.0007453910091322402
AMD,2026-09-08 11:33:00,507.9450988769531,-0.0008928176042918411
AMD,2026-09-08 11:34:00,508.7850036621094,0.001652168995711839
AMD,2026-09-08 11:35:00,508.7799987792969,-9.836979063826423e-06
AMD,2026-09-08 11:36:00,509.2349853515625,0.0008938701485789387
AMD,2026-09-08 11:37:00,509.2999877929688,0.0001276390957766831
AMD,2026-09-08 11:38:00,509.0899963378906,-0.00041239890675783263
AMD,2026-09-08 11:39:00,509.1099853515625,3.9263433576676406e-05
AMD,2026-09-08 11:40:00,508.6700134277344,-0.0008645718166240415
AMD,2026-09-08 11:41:00,509.74029541015625,0.0021018687009798464
AMD,2026-09-08 11:42:00,510.0,0.0005093543848910718
AMD,2026-09-08 11:43:00,509.78759765625,-0.000416561933699804
AMD,2026-09-08 11:44:00,509.989990234375,0.0003969347496662716
AMD,2026-09-08 11:45:00,509.364990234375,-0.001226265805915351
AMD,2026-09-08 11:46:00,509.4100036621094,8.836775153168044e-05
AMD,2026-09-08 11:47:00,509.0499877929688,-0.000706980906773817
AMD,2026-09-08 11:48:00,509.0199890136719,-5.8932647045978365e-05
AMD,2026-09-08 11:49:00,509.2049865722656,0.0003633726633405986
AMD,2026-09-08 11:50:00,509.4599914550781,0.0005006648773437683
AMD,2026-09-08 11:51:00,509.2149963378906,-0.00048100743582989934
AMD,2026-09-08 11:52:00,508.9700012207031,-0.0004812389153310086
AMD,2026-09-08 11:53:00,508.5,-0.0009238626270434147
AMD,2026-09-08 11:54:00,508.8388977050781,0.0006662435072097204
AMD,2026-09-08 11:55:00,508.8299865722656,-1.7512833398785242e-05
AMD,2026-09-08 11:56:00,508.8299865722656,0.0
AMD,2026-09-08 11:57:00,509.4800109863281,0.0012766731229394345
AMD,2026-09-08 11:58:00,509.2699890136719,-0.0004123130809945604
AMD,2026-09-08 11:59:00,509.4949951171875,0.00044172328393506577
AMD,2026-09-08 12:00:00,510.0950012207031,0.0011769557860171885
AMD,2026-09-08 12:01:00,510.2300109863281,0.00026464070722114207
AMD,2026-09-08 12:02:00,509.4849853515625,-0.0014612431316752212
AMD,2026-09-08 12:03:00,508.909912109375,-0.0011293719258527895
AMD,2026-09-08 12:04:00,509.3699951171875,0.0009036474860304912
AMD,2026-09-08 12:05:00,508.989990234375,-0.0007463076042193104
AMD,2026-09-08 12:06:00,509.1000061035156,0.0002161220912975316
AMD,2026-09-08 12:07:00,508.6099853515625,-0.0009629870865680438
AMD,2026-09-08 12:08:00,509.1799011230469,0.001119908614977316
AMD,2026-09-08 12:09:00,508.5,-0.001336178936919267
AMD,2026-09-08 12:10:00,508.2200012207031,-0.0005507883901944576
AMD,2026-09-08 12:11:00,508.114990234375,-0.0002066464061253023
AMD,2026-09-08 12:12:00,508.2300109863281,0.00022634194551273548
AMD,2026-09-08 12:13:00,509.0299987792969,0.001572828874045498
AMD,2026-09-08 12:14:00,508.90380859375,-0.0002479339722864276
AMD,2026-09-08 12:15:00,508.5925903320313,-0.0006117334110519188
AMD,2026-09-08 12:16:00,508.3699951171875,-0.00043776481373755183
AMD,2026-09-08 12:17:00,508.7799987792969,0.0008061813631730117
AMD,2026-09-08 12:18:00,508.6549987792969,-0.00024571594436768884
AMD,2026-09-08 12:19:00,508.6300048828125,-4.913843495075152e-05
AMD,2026-09-08 12:20:00,509.0730895996094,0.0008707544414381948
AMD,2026-09-08 12:21:00,508.6000061035156,-0.0009297357514300913
AMD,2026-09-08 12:22:00,508.6900024414063,0.00017693349461708025
AMD,2026-09-08 12:23:00,508.739990234375,9.826286500050327e-05
AMD,2026-09-08 12:24:00,508.8399963378906,0.00019655674277645711
AMD,2026-09-08 12:25:00,508.8550109863281,2.9507167334982883e-05
AMD,2026-09-08 12:26:00,508.010009765625,-0.0016619736109722398
AMD,2026-09-08 12:27:00,507.7699890136719,-0.0004725841357551669
AMD,2026-09-08 12:28:00,507.3949890136719,-0.0007387962058847682
AMD,2026-09-08 12:29:00,506.989990234375,-0.0007985110369373258
AMD,2026-09-08 12:30:00,507.1838073730469,0.00038221681823890773
AMD,2026-09-08 12:31:00,507.2699890136719,0.00016990747363622368
AMD,2026-09-08 12:32:00,507.4299926757813,0.00031537137345591165
AMD,2026-09-08 12:33:00,507.7799987792969,0.0006895245719189196
AMD,2026-09-08 12:34:00,507.9500122070313,0.0003347610634386026
AMD,2026-09-08 12:35:00,508.1000061035156,0.00029524904260782165
AMD,2026-09-08 12:36:00,508.3450012207031,0.0004820627189205535
AMD,2026-09-08 12:37:00,508.3299865722656,-2.953677157176356e-05
AMD,2026-09-08 12:38:00,508.3399963378906,1.969127798327658e-05
AMD,2026-09-08 12:39:00,508.3599853515625,3.932136133461423e-05
AMD,2026-09-08 12:40:00,508.3200073242188,-7.864426889934906e-05
AMD,2026-09-08 12:41:00,507.8949890136719,-0.0008364732598125814
AMD,2026-09-08 12:42:00,508.2200012207031,0.0006397154283496305
AMD,2026-09-08 12:43:00,508.29541015625,0.0001483675207304577
AMD,2026-09-08 12:44:00,508.010009765625,-0.0005616429717539584
AMD,2026-09-08 12:45:00,508.0899963378906,0.00015743838588799786
AMD,2026-09-08 12:46:00,508.2999877929688,0.0004132104041651139
AMD,2026-09-08 12:47:00,508.9696044921875,0.0013164982046257497
AMD,2026-09-08 12:48:00,509.1449890136719,0.0003445280606681719
AMD,2026-09-08 12:49:00,509.30999755859375,0.00032403699435165704
AMD,2026-09-08 12:50:00,510.260009765625,0.001863555175501972
AMD,2026-09-08 12:51:00,510.1575012207031,-0.0002009149081881186
AMD,2026-09-08 12:52:00,509.760009765625,-0.0007794580854260547
AMD,2026-09-08 12:53:00,509.712890625,-9.243824066440435e-05
AMD,2026-09-08 12:54:00,509.3599853515625,-0.0006926006880647746
AMD,2026-09-08 12:55:00,509.0050048828125,-0.0006971576724094695
AMD,2026-09-08 12:56:00,508.7900085449219,-0.0004224747385318217
AMD,2026-09-08 12:57:00,509.18499755859375,0.0007760289420195674
AMD,2026-09-08 12:58:00,509.3049926757813,0.00023563337665235675
AMD,2026-09-08 12:59:00,509.125,-0.0003534708894078388
AMD,2026-09-08 13:00:00,510.9426879882813,0.003563861366402613
AMD,2026-09-08 13:01:00,510.9100036621094,-6.397071994847512e-05
AMD,2026-09-08 13:02:00,510.6199951171875,-0.0005677925328863667
AMD,2026-09-08 13:03:00,510.1199951171875,-0.0009796814953352514
AMD,2026-09-08 13:04:00,510.9500122070313,0.0016257793622616028
AMD,2026-09-08 13:05:00,510.3049926757813,-0.0012631901218300207
AMD,2026-09-08 13:06:00,509.6000061035156,-0.0013824555922156312
AMD,2026-09-08 13:07:00,509.1900024414063,-0.0008048835987890762
AMD,2026-09-08 13:08:00,509.7200012207031,0.0010403251026927225
AMD,2026-09-08 13:09:00,509.55999755859375,-0.0003139542885473522
AMD,2026-09-08 13:10:00,509.8299865722656,0.000529707029081949
AMD,2026-09-08 13:11:00,509.9988098144531,0.0003310815390343717
AMD,2026-09-08 13:12:00,510.1199951171875,0.00023759056831151239
AMD,2026-09-08 13:13:00,511.0199890136719,0.0017627242954129767
AMD,2026-09-08 13:14:00,511.25,0.0004500004747894202
AMD,2026-09-08 13:15:00,511.4299926757813,0.0003520019535511683
AMD,2026-09-08 13:16:00,511.9500122070313,0.0010162785544491869
AMD,2026-09-08 13:17:00,511.5799865722656,-0.0007230382134911561
AMD,2026-09-08 13:18:00,511.9949951171875,0.0008109001784664697
AMD,2026-09-08 13:19:00,511.80999755859375,-0.0003613921829462938
AMD,2026-09-08 13:20:00,511.625,-0.00036152283447410144
AMD,2026-09-08 13:21:00,511.1950073242188,-0.0008407983771020014
AMD,2026-09-08 13:22:00,511.1050109863281,-0.00017606639247031938
AMD,2026-09-08 13:23:00,511.6799926757813,0.0011243452885337194
AMD,2026-09-08 13:24:00,511.2001037597656,-0.0009383092952864821
AMD,2026-09-08 13:25:00,511.114990234375,-0.0001665113350810829
AMD,2026-09-08 13:26:00,511.0499877929688,-0.00012718581225365245
AMD,2026-09-08 13:27:00,511.135009765625,0.00016635339602000918
AMD,2026-09-08 13:28:00,510.8999938964844,-0.0004598978947703661
AMD,2026-09-08 13:29:00,510.8349914550781,-0.0001272393378437541
AMD,2026-09-08 13:30:00,510.875,7.831683212839862e-05
AMD,2026-09-08 13:31:00,511.0498962402344,0.00034228785811058507
AMD,2026-09-08 13:32:00,511.2950134277344,0.00047951956307285584
AMD,2026-09-08 13:33:00,511.485107421875,0.00037172016243637975
AMD,2026-09-08 13:34:00,511.6549987792969,0.00033209793644790934
AMD,2026-09-08 13:35:00,511.7785034179688,0.00024135352029467998
AMD,2026-09-08 13:36:00,511.5199890136719,-0.0005052570910804409
AMD,2026-09-08 13:37:00,511.55999755859375,7.82119589227818e-05
AMD,2026-09-08 13:38:00,511.3299865722656,-0.0004497277200349475
AMD,2026-09-08 13:39:00,510.8349914550781,-0.0009685230202984351
AMD,2026-09-08 13:40:00,510.2349853515625,-0.0011752498579057913
AMD,2026-09-08 13:41:00,509.8991088867188,-0.0006584947584390971
AMD,2026-09-08 13:42:00,509.7000122070313,-0.00039053914052895997
AMD,2026-09-08 13:43:00,509.9100036621094,0.0004119054438046697
AMD,2026-09-08 13:44:00,509.4200134277344,-0.0009613967290293783
AMD,2026-09-08 13:45:00,509.6474914550781,0.00044644349865344073
AMD,2026-09-08 13:46:00,509.4500122070313,-0.0003875571273778174
AMD,2026-09-08 13:47:00,509.3900146484375,-0.0001177762103601998
AMD,2026-09-08 13:48:00,508.7000122070313,-0.001355484345887681
AMD,2026-09-08 13:49:00,508.7793884277344,0.00015602521449486714
AMD,2026-09-08 13:50:00,508.5499877929688,-0.0004509859717329797
AMD,2026-09-08 13:51:00,508.1549987792969,-0.0007769983205762242
AMD,2026-09-08 13:52:00,507.7000122070313,-0.0008957707502912525
AMD,2026-09-08 13:53:00,508.3499145507813,0.0012792726327068862
AMD,2026-09-08 13:54:00,508.1799926757813,-0.00033431751564742406
AMD,2026-09-08 13:55:00,508.32720947265625,0.00028965224760442643
AMD,2026-09-08 13:56:00,508.3800048828125,0.00010385568127816869
AMD,2026-09-08 13:57:00,508.4100036621094,5.9006833374523704e-05
AMD,2026-09-08 13:58:00,508.3599853515625,-9.838667767081888e-05
AMD,2026-09-08 13:59:00,508.05999755859375,-0.0005902831638951925
AMD,2026-09-08 14:00:00,507.7300109863281,-0.0006497141753665595
AMD,2026-09-08 14:01:00,507.6404113769531,-0.000176486546454674
AMD,2026-09-08 14:02:00,507.75,0.00021585514742793538
AMD,2026-09-08 14:03:00,507.6000061035156,-0.0002954525959991164
AMD,2026-09-08 14:04:00,507.5650024414063,-6.896152217331918e-05
AMD,2026-09-08 14:05:00,507.7799987792969,0.0004234941637480099
AMD,2026-09-08 14:06:00,507.9249877929688,0.00028549434446708996
AMD,2026-09-08 14:07:00,508.1600036621094,0.0004625909747864542
AMD,2026-09-08 14:08:00,508.4150085449219,0.0005016941890152275
AMD,2026-09-08 14:09:00,508.2000122070313,-0.0004229651081424935
AMD,2026-09-08 14:10:00,508.2099914550781,1.963626491514934e-05
AMD,2026-09-08 14:11:00,507.9150085449219,-0.0005806036037747303
AMD,2026-09-08 14:12:00,508.18499755859375,0.0005314221403485623
AMD,2026-09-08 14:13:00,507.9400024414063,-0.0004822145345008495
AMD,2026-09-08 14:14:00,507.9100036621094,-5.9061434513823775e-05
AMD,2026-09-08 14:15:00,508.3900146484375,0.0009446246450324779
AMD,2026-09-08 14:16:00,508.5499877929688,0.0003146166843016187
AMD,2026-09-08 14:17:00,508.2000122070313,-0.0006884201618082979
AMD,2026-09-08 14:18:00,508.2525024414063,0.00010328123284697978
AMD,2026-09-08 14:19:00,508.4198913574219,0.0003292878188667387
AMD,2026-09-08 14:20:00,508.0610046386719,-0.000706135717997649
AMD,2026-09-08 14:21:00,508.05999755859375,-1.9822050247028276e-06
AMD,2026-09-08 14:22:00,508.3049926757813,0.00048210067109108565
AMD,2026-09-08 14:23:00,507.6600036621094,-0.0012697073278090665
AMD,2026-09-08 14:24:00,507.3299865722656,-0.0006502864159224974
AMD,2026-09-08 14:25:00,507.1799926757813,-0.0002956972344193211
AMD,2026-09-08 14:26:00,507.4649963378906,0.0005617800761661267
AMD,2026-09-08 14:27:00,507.2900085449219,-0.0003448867832358972
AMD,2026-09-08 14:28:00,507.4400024414063,0.0002956331161055273
AMD,2026-09-08 14:29:00,507.739013671875,0.000589080811107152
AMD,2026-09-08 14:30:00,507.7149963378906,-4.7303637096498866e-05
AMD,2026-09-08 14:31:00,507.7099914550781,-9.857710559992016e-06
AMD,2026-09-08 14:32:00,508.2200012207031,0.0010040254981063266
AMD,2026-09-08 14:33:00,508.25,5.90254100357234e-05
AMD,2026-09-08 14:34:00,508.201904296875,-9.463448876933654e-05
AMD,2026-09-08 14:35:00,507.6549987792969,-0.001076737419927038
AMD,2026-09-08 14:36:00,507.7950134277344,0.00027576866934196046
AMD,2026-09-08 14:37:00,508.2300109863281,0.000856273368705854
AMD,2026-09-08 14:38:00,508.2099914550781,-3.939146669653207e-05
AMD,2026-09-08 14:39:00,507.8299865722656,-0.0007480117096744718
AMD,2026-09-08 14:40:00,507.9700012207031,0.00027567365821369973
AMD,2026-09-08 14:41:00,507.9500122070313,-3.935155014211357e-05
AMD,2026-09-08 14:42:00,507.9800109863281,5.9056782693049585e-05
AMD,2026-09-08 14:43:00,508.1749877929688,0.0003837540715101644
AMD,2026-09-08 14:44:00,507.9200134277344,-0.0005018711248061126
AMD,2026-09-08 14:45:00,507.9599914550781,7.870619989025702e-05
AMD,2026-09-08 14:46:00,508.1050109863281,0.0002854532571956803
AMD,2026-09-08 14:47:00,507.8150024414063,-0.0005709279253607137
AMD,2026-09-08 14:48:00,506.0,-0.0035805435431649473
AMD,2026-09-08 14:49:00,506.8599853515625,0.0016981331490206121
AMD,2026-09-08 14:50:00,507.6000061035156,0.001458945428008913
AMD,2026-09-08 14:51:00,506.8299865722656,-0.0015181327143321285
AMD,2026-09-08 14:52:00,505.7300109863281,-0.0021726633903954825
AMD,2026-09-08 14:53:00,506.6799926757813,0.0018766744003499676
AMD,2026-09-08 14:54:00,506.614990234375,-0.0001282991480107384
AMD,2026-09-08 14:55:00,506.5101013183594,-0.00020706014936338617
AMD,2026-09-08 14:56:00,506.6799926757813,0.00033535929737422694
AMD,2026-09-08 14:57:00,506.6000061035156,-0.00015787654454486088
AMD,2026-09-08 14:58:00,506.6449890136719,8.878979990539552e-05
AMD,2026-09-08 14:59:00,506.5700073242188,-0.00014800746112314753
AMD,2026-09-08 15:00:00,506.1700134277344,-0.0007899241840694189
AMD,2026-09-08 15:01:00,506.2950134277344,0.00024692211053122117
AMD,2026-09-08 15:02:00,505.8399963378906,-0.0008991233701183668
AMD,2026-09-08 15:03:00,505.7799987792969,-0.0001186167907982753
AMD,2026-09-08 15:04:00,505.9599914550781,0.0003558081709085459
AMD,2026-09-08 15:05:00,506.31201171875,0.0006955053123237528
AMD,2026-09-08 15:06:00,506.760009765625,0.0008844348014301526
AMD,2026-09-08 15:07:00,506.6400146484375,-0.00023681688347631114
AMD,2026-09-08 15:08:00,506.289306640625,-0.0006924629674655917
AMD,2026-09-08 15:09:00,506.1099853515625,-0.0003542501310623086
AMD,2026-09-08 15:10:00,506.7799987792969,0.001322973937853963
AMD,2026-09-08 15:11:00,506.7699890136719,-1.975189333709299e-05
AMD,2026-09-08 15:12:00,506.1199951171875,-0.0012834443935511705
AMD,2026-09-08 15:13:00,506.5950012207031,0.0009380845352683613
AMD,2026-09-08 15:14:00,506.5950012207031,0.0
AMD,2026-09-08 15:15:00,506.5849914550781,-1.975910637331546e-05
AMD,2026-09-08 15:16:00,506.4500122070313,-0.0002664848664807055
AMD,2026-09-08 15:17:00,506.5650024414063,0.00022702572658081456
AMD,2026-09-08 15:18:00,506.0899963378906,-0.0009381401147010643
AMD,2026-09-08 15:19:00,506.1799926757813,0.00017781093799975698
AMD,2026-09-08 15:20:00,506.0799865722656,-0.00019758976130885357
AMD,2026-09-08 15:21:00,506.68499755859375,0.0011947708852065103
AMD,2026-09-08 15:22:00,506.510009765625,-0.0003454177990291767
AMD,2026-09-08 15:23:00,506.25,-0.0005134676899373059
AMD,2026-09-08 15:24:00,505.9299926757813,-0.0006323131008247641
AMD,2026-09-08 15:25:00,505.5,-0.0008502668593980472
AMD,2026-09-08 15:26:00,506.0199890136719,0.0010281340262665282
AMD,2026-09-08 15:27:00,506.1900024414063,0.00033592521466587415
AMD,2026-09-08 15:28:00,505.9100036621094,-0.0005533026079472858
AMD,2026-09-08 15:29:00,505.9949951171875,0.0001679830722855735
AMD,2026-09-08 15:30:00,505.3949890136719,-0.0011864981526801062
AMD,2026-09-08 15:31:00,506.0,0.0011963892743491148
AMD,2026-09-08 15:32:00,505.5700073242188,-0.0008501491712211526
AMD,2026-09-08 15:33:00,505.5199890136719,-9.89393837717379e-05
AMD,2026-09-08 15:34:00,505.7200012207031,0.0003955781250168573
AMD,2026-09-08 15:35:00,505.4500122070313,-0.0005340131066043767
AMD,2026-09-08 15:36:00,505.239990234375,-0.00041560117379603494
AMD,2026-09-08 15:37:00,505.4800109863281,0.0004749500478376409
AMD,2026-09-08 15:38:00,505.0,-0.0009500653495665988
AMD,2026-09-08 15:39:00,504.9700012207031,-5.940528781937281e-05
AMD,2026-09-08 15:40:00,504.9400024414063,-5.940881701712757e-05
AMD,2026-09-08 15:41:00,505.2950134277344,0.00070282854061702
AMD,2026-09-08 15:42:00,504.9779968261719,-0.0006275860262523571
AMD,2026-09-08 15:43:00,504.7300109863281,-0.0004912030862608993
AMD,2026-09-08 15:44:00,504.205810546875,-0.0010391156214953896
AMD,2026-09-08 15:45:00,504.5899963378906,0.0007616720984905272
AMD,2026-09-08 15:46:00,504.4700012207031,-0.00023783544693763947
AMD,2026-09-08 15:47:00,504.3500061035156,-0.00023789202609429254
AMD,2026-09-08 15:48:00,504.6799926757813,0.0006540669443505799
AMD,2026-09-08 15:49:00,504.7349853515625,0.00010895950036930721
AMD,2026-09-08 15:50:00,505.5299987792969,0.0015738714185507183
AMD,2026-09-08 15:51:00,505.4599914550781,-0.0001384926161620955
AMD,2026-09-08 15:52:00,505.0700073242188,-0.0007718408175732035
AMD,2026-09-08 15:53:00,504.6900024414063,-0.000752663795509575
AMD,2026-09-08 15:54:00,503.7000122070313,-0.0019635072502860065
AMD,2026-09-08 15:55:00,503.989990234375,0.0005755302417317852
AMD,2026-09-08 15:56:00,504.8599853515625,0.0017247268749658064
AMD,2026-09-08 15:57:00,504.7149963378906,-0.0002872278281421724
AMD,2026-09-08 15:58:00,504.760009765625,8.918185688996321e-05
AMD,2026-09-08 15:59:00,505.5299987792969,0.00152429333408536
AMD,2026-09-09 09:30:00,509.18499755859375,0.007204022015471029
AMD,2026-09-09 09:31:00,512.0076293945312,0.005528122608348246
AMD,2026-09-09 09:32:00,511.9309997558594,-0.0001496762337768239
AMD,2026-09-09 09:33:00,512.4400024414062,0.000993785896606647
AMD,2026-09-09 09:34:00,514.135009765625,0.0033022601259332027
AMD,2026-09-09 09:35:00,514.8150024414062,0.001321721690474214
AMD,2026-09-09 09:36:00,514.6298828125,-0.0003596494257310457
AMD,2026-09-09 09:37:00,514.4149780273438,-0.00041767817217440494
AMD,2026-09-09 09:38:00,515.3062744140625,0.001731141524360668
AMD,2026-09-09 09:39:00,515.3674926757812,0.00011879270385165336
AMD,2026-09-09 09:40:00,515.2150268554688,-0.00029588280129990785
AMD,2026-09-09 09:41:00,516.8026733398438,0.003076783928303026
AMD,2026-09-09 09:42:00,515.4299926757812,-0.0026596357941616605
AMD,2026-09-09 09:43:00,513.9400024414062,-0.0028949576576922154
AMD,2026-09-09 09:44:00,515.60498046875,0.003234398703256723
AMD,2026-09-09 09:45:00,515.27001953125,-0.0006498575468184706
AMD,2026-09-09 09:46:00,516.760009765625,0.0028874959590842434
AMD,2026-09-09 09:47:00,517.111083984375,0.000679145077885162
AMD,2026-09-09 09:48:00,519.0399780273438,0.003723195085949155
AMD,2026-09-09 09:49:00,519.5900268554688,0.001059181569880579
AMD,2026-09-09 09:50:00,522.3400268554688,0.005278677538482795
AMD,2026-09-09 09:51:00,523.344970703125,0.0019220781772520431
AMD,2026-09-09 09:52:00,522.969970703125,-0.0007168014165072964
AMD,2026-09-09 09:53:00,522.9600219726562,-1.902370242501585e-05
AMD,2026-09-09 09:54:00,523.19677734375,0.0004526192924241762
AMD,2026-09-09 09:55:00,522.6500244140625,-0.0010455699220545157
AMD,2026-09-09 09:56:00,523.0075073242188,0.0006837476195274047
AMD,2026-09-09 09:57:00,523.6600952148438,0.001246982277094448
AMD,2026-09-09 09:58:00,524.280029296875,0.0011831480441449871
AMD,2026-09-09 09:59:00,524.0850219726562,-0.0003720217995280814
AMD,2026-09-09 10:00:00,524.0,-0.0001622425109801251
AMD,2026-09-09 10:01:00,522.8800048828125,-0.002139682751154657
AMD,2026-09-09 10:02:00,523.5451049804688,0.0012711854502518015
AMD,2026-09-09 10:03:00,524.0,0.0008684973009027311
AMD,2026-09-09 10:04:00,524.719970703125,0.0013730468310871743
AMD,2026-09-09 10:05:00,525.6849975585938,0.001837438237891076
AMD,2026-09-09 10:06:00,524.135009765625,-0.002952866031137018
AMD,2026-09-09 10:07:00,523.5900268554688,-0.0010403167630027104
AMD,2026-09-09 10:08:00,523.280029296875,-0.0005922369559292265
AMD,2026-09-09 10:09:00,522.780029296875,-0.0009559681281594475
AMD,2026-09-09 10:10:00,523.219970703125,0.0008411882068676119
AMD,2026-09-09 10:11:00,521.739990234375,-0.0028326089298108337
AMD,2026-09-09 10:12:00,520.9199829101562,-0.0015729144963875549
AMD,2026-09-09 10:13:00,521.4099731445312,0.0009401826506518296
AMD,2026-09-09 10:14:00,521.3599853515625,-9.587501557702296e-05
AMD,2026-09-09 10:15:00,520.8200073242188,-0.0010362472499146176
AMD,2026-09-09 10:16:00,519.677978515625,-0.00219515901564246
AMD,2026-09-09 10:17:00,521.409912109375,0.0033271642232276695
AMD,2026-09-09 10:18:00,520.5195922851562,-0.0017089832606801028
AMD,2026-09-09 10:19:00,519.4949951171875,-0.0019703521697895204
AMD,2026-09-09 10:20:00,519.77001953125,0.0005292671582437087
AMD,2026-09-09 10:21:00,519.2050170898438,-0.0010876151537560935
AMD,2026-09-09 10:22:00,518.8350219726562,-0.0007128725654755514
AMD,2026-09-09 10:23:00,519.4149780273438,0.0011171800915142072
AMD,2026-09-09 10:24:00,520.0,0.0011256755902097123
AMD,2026-09-09 10:25:00,520.7418212890625,0.0014255628043713404
AMD,2026-09-09 10:26:00,520.1950073242188,-0.0010506190195421917
AMD,2026-09-09 10:27:00,520.7750244140625,0.00111437818992577
AMD,2026-09-09 10:28:00,521.3289794921875,0.001063147494349263
AMD,2026-09-09 10:29:00,521.1699829101562,-0.0003050297199292499
AMD,2026-09-09 10:30:00,521.3198852539062,0.00028758523101453094
AMD,2026-09-09 10:31:00,521.3099975585938,-1.896683660381745e-05
AMD,2026-09-09 10:32:00,521.47998046875,0.000326015622020723
AMD,2026-09-09 10:33:00,521.47998046875,0.0
AMD,2026-09-09 10:34:00,521.5900268554688,0.00021100479613898705
AMD,2026-09-09 10:35:00,521.4600219726562,-0.00024927832299469134
AMD,2026-09-09 10:36:00,520.9199829101562,-0.0010361655217627369
AMD,2026-09-09 10:37:00,520.287109375,-0.0012156536730966604
AMD,2026-09-09 10:38:00,520.3900146484375,0.0001977659956145814
AMD,2026-09-09 10:39:00,521.3599853515625,0.0018621953125567232
AMD,2026-09-09 10:40:00,521.3099975585938,-9.588420847698312e-05
AMD,2026-09-09 10:41:00,521.280029296875,-5.748810357868137e-05
AMD,2026-09-09 10:42:00,520.9600219726562,-0.0006140760641176592
AMD,2026-09-09 10:43:00,521.1799926757812,0.00042215192450112865
AMD,2026-09-09 10:44:00,521.6798706054688,0.0009586675747569042
AMD,2026-09-09 10:45:00,520.9749755859375,-0.0013521159557217668
AMD,2026-09-09 10:46:00,521.1649780273438,0.0003646390158110873
AMD,2026-09-09 10:47:00,521.2520141601562,0.00016698909105872304
AMD,2026-09-09 10:48:00,521.3125,0.00011603280006185373
AMD,2026-09-09 10:49:00,521.614990234375,0.0005800791439281958
AMD,2026-09-09 10:50:00,521.60498046875,-1.9190134212212966e-05
AMD,2026-09-09 10:51:00,521.2650146484375,-0.000651981232458466
AMD,2026-09-09 10:52:00,520.8300170898438,-0.0008348520444118094
AMD,2026-09-09 10:53:00,520.030029296875,-0.0015371671787556332
AMD,2026-09-09 10:54:00,520.1500244140625,0.0002307198975632384
AMD,2026-09-09 10:55:00,521.1400146484375,0.0019014693227049843
AMD,2026-09-09 10:56:00,522.02001953125,0.001687190963479102
AMD,2026-09-09 10:57:00,521.9299926757812,-0.00017247349899753318
AMD,2026-09-09 10:58:00,523.090576171875,0.002221169626407545
AMD,2026-09-09 10:59:00,522.5999755859375,-0.0009383284971045574
AMD,2026-09-09 11:00:00,524.0,0.0026753779510687347
AMD,2026-09-09 11:01:00,523.375,-0.0011934599817347892
AMD,2026-09-09 11:02:00,523.4400024414062,0.00012419088633263404
AMD,2026-09-09 11:03:00,523.114990234375,-0.0006211087229133898
AMD,2026-09-09 11:04:00,523.010009765625,-0.00020070348974057285
AMD,2026-09-09 11:05:00,522.5601196289062,-0.0008605643023560718
AMD,2026-09-09 11:06:00,521.7000122070312,-0.0016473052837185928
AMD,2026-09-09 11:07:00,521.135009765625,-0.0010835894168981105
AMD,2026-09-09 11:08:00,520.6799926757812,-0.0008735084783950972
AMD,2026-09-09 11:09:00,520.0,-0.0013068239561452814
AMD,2026-09-09 11:10:00,519.9500122070312,-9.61349919140542e-05
AMD,2026-09-09 11:11:00,518.8150024414062,-0.0021853069776363435
AMD,2026-09-09 11:12:00,518.9299926757812,0.0002216155903168545
AMD,2026-09-09 11:13:00,518.7100219726562,-0.0004239826978813973
AMD,2026-09-09 11:14:00,519.37890625,0.0012886841420365943
AMD,2026-09-09 11:15:00,518.7249755859375,-0.001259856093402216
AMD,2026-09-09 11:16:00,520.2100219726562,0.002858787896466361
AMD,2026-09-09 11:17:00,519.9349975585938,-0.0005288193767358177
AMD,2026-09-09 11:18:00,520.280029296875,0.0006633854386389755
AMD,2026-09-09 11:19:00,520.7000122070312,0.0008068991069926923
AMD,2026-09-09 11:20:00,520.6298828125,-0.00013469198372708475
AMD,2026-09-09 11:21:00,519.9099731445312,-0.0013837236098441753
AMD,2026-09-09 11:22:00,518.9600219726562,-0.0018288167741965953
AMD,2026-09-09 11:23:00,518.4580078125,-0.000967814680153817
AMD,2026-09-09 11:24:00,517.8599853515625,-0.0011541293912939973
AMD,2026-09-09 11:25:00,518.27001953125,0.0007914724970032214
AMD,2026-09-09 11:26:00,518.4600219726562,0.000366541791839886
AMD,2026-09-09 11:27:00,518.3699951171875,-0.00017365788839270103
AMD,2026-09-09 11:28:00,518.6799926757812,0.0005978449862127872
AMD,2026-09-09 11:29:00,519.114990234375,0.000838311210271991
AMD,2026-09-09 11:30:00,520.2100219726562,0.0021071986733846946
AMD,2026-09-09 11:31:00,519.7550048828125,-0.0008750623475382261
AMD,2026-09-09 11:32:00,520.0499877929688,0.0005673812304182746
AMD,2026-09-09 11:33:00,520.3400268554688,0.000557558350099582
AMD,2026-09-09 11:34:00,520.6174926757812,0.000533097310269778
AMD,2026-09-09 11:35:00,520.2999877929688,-0.0006100481519752974
AMD,2026-09-09 11:36:00,520.8300170898438,0.0010181808999433057
AMD,2026-09-09 11:37:00,520.060302734375,-0.0014789540859574271
AMD,2026-09-09 11:38:00,519.5599975585938,-0.000962476808623776
AMD,2026-09-09 11:39:00,522.030029296875,0.004742818776556269
AMD,2026-09-09 11:40:00,521.3800048828125,-0.0012459617539832752
AMD,2026-09-09 11:41:00,520.8200073242188,-0.001074645185046989
AMD,2026-09-09 11:42:00,521.530029296875,0.0013623486497381825
AMD,2026-09-09 11:43:00,521.8699951171875,0.0006516500371636903
AMD,2026-09-09 11:44:00,522.0399780273438,0.00032566584481715785
AMD,2026-09-09 11:45:00,522.4500122070312,0.0007851376357545882
AMD,2026-09-09 11:46:00,522.3400268554688,-0.00021054058300066082
AMD,2026-09-09 11:47:00,522.9199829101562,0.0011096877500001107
AMD,2026-09-09 11:48:00,523.1199951171875,0.0003824179069062847
AMD,2026-09-09 11:49:00,523.5800170898438,0.0008789949305632142
AMD,2026-09-09 11:50:00,524.4099731445312,0.0015839010599977893
AMD,2026-09-09 11:51:00,524.0650024414062,-0.0006580428214425854
AMD,2026-09-09 11:52:00,524.2503051757812,0.0003535248125415148
AMD,2026-09-09 11:53:00,524.64501953125,0.0007526287224345415
AMD,2026-09-09 11:54:00,525.5999755859375,0.0018185400974139996
AMD,2026-09-09 11:55:00,525.1500244140625,-0.0008564381620323246
AMD,2026-09-09 11:56:00,525.3800048828125,0.0004378370270440736
AMD,2026-09-09 11:57:00,525.4299926757812,9.514144921080705e-05
AMD,2026-09-09 11:58:00,525.7349853515625,0.0005802946078213026
AMD,2026-09-09 11:59:00,525.5399780273438,-0.0003709920491754677
AMD,2026-09-09 12:00:00,524.7999877929688,-0.0014090492238475203
AMD,2026-09-09 12:01:00,524.614990234375,-0.0003525727464990187
AMD,2026-09-09 12:02:00,524.2999877929688,-0.0006006253270755014
AMD,2026-09-09 12:03:00,523.9000244140625,-0.0007631432811668764
AMD,2026-09-09 12:04:00,523.6201171875,-0.0005344188089718642
AMD,2026-09-09 12:05:00,524.1400146484375,0.000992397950273286
AMD,2026-09-09 12:06:00,523.60009765625,-0.0010306316110998259
AMD,2026-09-09 12:07:00,523.155029296875,-0.0008503772749432492
AMD,2026-09-09 12:08:00,523.1900024414062,6.684820682174102e-05
AMD,2026-09-09 12:09:00,522.989990234375,-0.0003823667263155045
AMD,2026-09-09 12:10:00,523.1799926757812,0.0003632343626736811
AMD,2026-09-09 12:11:00,522.6799926757812,-0.000956151005097748
AMD,2026-09-09 12:12:00,523.0900268554688,0.0007841766220899554
AMD,2026-09-09 12:13:00,523.3599853515625,0.000515951070635583
AMD,2026-09-09 12:14:00,522.8099975585938,-0.0010514311299714258
AMD,2026-09-09 12:15:00,522.219970703125,-0.0011292057377947134
AMD,2026-09-09 12:16:00,522.0599975585938,-0.00030637980358636196
AMD,2026-09-09 12:17:00,522.3900146484375,0.0006319442710891012
AMD,2026-09-09 12:18:00,522.2050170898438,-0.000354199579563352
AMD,2026-09-09 12:19:00,522.375,0.00032545694705171354
AMD,2026-09-09 12:20:00,521.75,-0.0011971748107693176
AMD,2026-09-09 12:21:00,522.1099853515625,0.0006897196384285375
AMD,2026-09-09 12:22:00,522.3560180664062,0.00047111675935691897
AMD,2026-09-09 12:23:00,522.3099975585938,-8.810568574826228e-05
AMD,2026-09-09 12:24:00,523.1500244140625,0.0016069998251311936
AMD,2026-09-09 12:25:00,522.5827026367188,-0.0010850226225615472
AMD,2026-09-09 12:26:00,521.594970703125,-0.0018918853628510197
AMD,2026-09-09 12:27:00,521.8150024414062,0.00042175510529130535
AMD,2026-09-09 12:28:00,521.3400268554688,-0.0009106520228003122
AMD,2026-09-09 12:29:00,521.2249755859375,-0.00022070809921463012
AMD,2026-09-09 12:30:00,522.3770141601562,0.002207813042711319
AMD,2026-09-09 12:31:00,522.2650146484375,-0.0002144265864463429
AMD,2026-09-09 12:32:00,522.2150268554688,-9.571804346768763e-05
AMD,2026-09-09 12:33:00,522.2750244140625,0.00011488392558035326
AMD,2026-09-09 12:34:00,522.9099731445312,0.0012149979382832178
AMD,2026-09-09 12:35:00,523.0449829101562,0.00025815598576826144
AMD,2026-09-09 12:36:00,523.0,-8.600568984867155e-05
AMD,2026-09-09 12:37:00,523.1199951171875,0.00022940985407766357
AMD,2026-09-09 12:38:00,523.469970703125,0.0006687921925717646
AMD,2026-09-09 12:39:00,523.8599853515625,0.0007447789766940895
AMD,2026-09-09 12:40:00,523.4749755859375,-0.0007352180483373
AMD,2026-09-09 12:41:00,523.7650146484375,0.0005539113720263043
AMD,2026-09-09 12:42:00,523.3900146484375,-0.0007162263572041347
AMD,2026-09-09 12:43:00,523.5700073242188,0.00034383868300044164
AMD,2026-09-09 12:44:00,523.6400756835938,0.00013381910777318111
AMD,2026-09-09 12:45:00,522.9749755859375,-0.001270954753381245
AMD,2026-09-09 12:46:00,523.2050170898438,0.0004397742438667092
AMD,2026-09-09 12:47:00,523.4000244140625,0.00037264740516660045
AMD,2026-09-09 12:48:00,523.7000122070312,0.0005729878534706001
AMD,2026-09-09 12:49:00,523.5499877929688,-0.0002865111770614121
AMD,2026-09-09 12:50:00,524.0449829101562,0.000945012467353054
AMD,2026-09-09 12:51:00,524.0687866210938,4.54219983241382e-05
AMD,2026-09-09 12:52:00,524.0150146484375,-0.00010261006350499797
AMD,2026-09-09 12:53:00,523.64501953125,-0.0007063267099993937
AMD,2026-09-09 12:54:00,523.6799926757812,6.678565705324282e-05
AMD,2026-09-09 12:55:00,523.719970703125,7.633765278014823e-05
AMD,2026-09-09 12:56:00,523.6900024414062,-5.722355619153685e-05
AMD,2026-09-09 12:57:00,523.7899780273438,0.0001908878224026873
AMD,2026-09-09 12:58:00,523.6599731445312,-0.0002482312082493921
AMD,2026-09-09 12:59:00,523.8300170898438,0.0003246693493809422
AMD,2026-09-09 13:00:00,523.1849975585938,-0.0012321114861315518
AMD,2026-09-09 13:01:00,523.0399780273438,-0.00027722437441819747
AMD,2026-09-09 13:02:00,523.8300170898438,0.0015093358605496883
AMD,2026-09-09 13:03:00,523.4099731445312,-0.0008021923756822908
AMD,2026-09-09 13:04:00,522.8699951171875,-0.0010321865880359598
AMD,2026-09-09 13:05:00,523.7100219726562,0.001605280097349805
AMD,2026-09-09 13:06:00,523.719970703125,1.8996459025608426e-05
AMD,2026-09-09 13:07:00,523.9099731445312,0.0003627281648549207
AMD,2026-09-09 13:08:00,523.625,-0.0005440833172486473
AMD,2026-09-09 13:09:00,523.25,-0.0007164179410898239
AMD,2026-09-09 13:10:00,523.1099853515625,-0.00026762233119256694
AMD,2026-09-09 13:11:00,523.5050048828125,0.0007548516955951892
AMD,2026-09-09 13:12:00,523.6849975585938,0.0003437631702636275
AMD,2026-09-09 13:13:00,523.8856201171875,0.0003830244141281091
AMD,2026-09-09 13:14:00,524.3198852539062,0.0008285878281295547
AMD,2026-09-09 13:15:00,524.1950073242188,-0.00023819963104373132
AMD,2026-09-09 13:16:00,524.030029296875,-0.0003147759745135888
AMD,2026-09-09 13:17:00,524.2197265625,0.00036193143215237456
AMD,2026-09-09 13:18:00,524.094970703125,-0.000238012231039676
AMD,2026-09-09 13:19:00,523.7249755859375,-0.0007062189145676084
AMD,2026-09-09 13:20:00,523.7000122070312,-4.766618937282501e-05
AMD,2026-09-09 13:21:00,523.6599731445312,-7.645711709344939e-05
AMD,2026-09-09 13:22:00,523.510009765625,-0.0002864164985223956
AMD,2026-09-09 13:23:00,523.5999755859375,0.00017183642939595914
AMD,2026-09-09 13:24:00,523.6099243164062,1.9000451523583518e-05
AMD,2026-09-09 13:25:00,523.10498046875,-0.0009648164643832984
AMD,2026-09-09 13:26:00,523.0,-0.0002007073306454855
AMD,2026-09-09 13:27:00,522.8150024414062,-0.0003537863964305079
AMD,2026-09-09 13:28:00,522.4849853515625,-0.0006314304116763685
AMD,2026-09-09 13:29:00,522.0401000976562,-0.0008518422142383856
AMD,2026-09-09 13:30:00,522.2550048828125,0.00041157865657901144
AMD,2026-09-09 13:31:00,521.7650146484375,-0.0009386606792690673
AMD,2026-09-09 13:32:00,521.760009765625,-9.592262179514575e-06
AMD,2026-09-09 13:33:00,522.22998046875,0.0009003357106252625
AMD,2026-09-09 13:34:00,522.3939819335938,0.0003139913922978123
AMD,2026-09-09 13:35:00,522.3200073242188,-0.00014161695977900568
AMD,2026-09-09 13:36:00,522.0999755859375,-0.0004213472456231404
AMD,2026-09-09 13:37:00,521.7949829101562,-0.0005843359659460653
AMD,2026-09-09 13:38:00,521.8599853515625,0.00012456691812337225
AMD,2026-09-09 13:39:00,521.625,-0.00045038569568968406
AMD,2026-09-09 13:40:00,521.89501953125,0.0005175167360904994
AMD,2026-09-09 13:41:00,522.1849975585938,0.0005554709027149103
AMD,2026-09-09 13:42:00,522.6099853515625,0.0008135334172918764
AMD,2026-09-09 13:43:00,522.4600219726562,-0.00028699202710733804
AMD,2026-09-09 13:44:00,522.64990234375,0.0003633691897188829
AMD,2026-09-09 13:45:00,522.8209838867188,0.0003272813174409765
AMD,2026-09-09 13:46:00,523.364990234375,0.001039980290587401
AMD,2026-09-09 13:47:00,523.0177001953125,-0.0006637916605286457
AMD,2026-09-09 13:48:00,523.1199951171875,0.00019556684107537427
AMD,2026-09-09 13:49:00,523.4749755859375,0.00067835312092871
AMD,2026-09-09 13:50:00,523.3499755859375,-0.00023881738862675857
AMD,2026-09-09 13:51:00,523.1701049804688,-0.00034374993959518444
AMD,2026-09-09 13:52:00,523.3499755859375,0.0003437499395951718
AMD,2026-09-09 13:53:00,523.4199829101562,0.0001337587571268375
AMD,2026-09-09 13:54:00,524.8201293945312,0.0026714248016639734
AMD,2026-09-09 13:55:00,524.14501953125,-0.0012871923479752924
AMD,2026-09-09 13:56:00,523.5994262695312,-0.0010414625688925333
AMD,2026-09-09 13:57:00,523.5399780273438,-0.00011354408402058337
AMD,2026-09-09 13:58:00,523.6599731445312,0.0002291732683493842
AMD,2026-09-09 13:59:00,523.5499877929688,-0.0002100540599680098
AMD,2026-09-09 14:00:00,523.3099975585938,-0.00045849538990372634
AMD,2026-09-09 14:01:00,523.7050170898438,0.0007545632955897308
AMD,2026-09-09 14:02:00,523.0499877929688,-0.0012515428716756466
AMD,2026-09-09 14:03:00,523.510009765625,0.0008791125274350876
AMD,2026-09-09 14:04:00,523.97998046875,0.0008973273998633392
AMD,2026-09-09 14:05:00,523.9099731445312,-0.00013361579444773016
AMD,2026-09-09 14:06:00,523.780029296875,-0.000248057818667285
AMD,2026-09-09 14:07:00,523.4099731445312,-0.0007067603145272495
AMD,2026-09-09 14:08:00,523.364990234375,-8.594571279909505e-05
AMD,2026-09-09 14:09:00,523.2949829101562,-0.00013377281279390173
AMD,2026-09-09 14:10:00,523.5050048828125,0.00040126476485182177
AMD,2026-09-09 14:11:00,523.2999877929688,-0.00039170063937318887
AMD,2026-09-09 14:12:00,523.6900024414062,0.00074502081226244
AMD,2026-09-09 14:13:00,523.9500122070312,0.0004963723556335476
AMD,2026-09-09 14:14:00,524.1950073242188,0.00046748325295449544
AMD,2026-09-09 14:15:00,523.9849853515625,-0.0004007364707100036
AMD,2026-09-09 14:16:00,523.7100219726562,-0.0005248920407122949
AMD,2026-09-09 14:17:00,523.7000122070312,-1.9113365919081404e-05
AMD,2026-09-09 14:18:00,523.9249877929688,0.0004294964121625938
AMD,2026-09-09 14:19:00,523.72998046875,-0.00037227394968490337
AMD,2026-09-09 14:20:00,523.5150146484375,-0.0004105358809714449
AMD,2026-09-09 14:21:00,523.1400146484375,-0.0007165685073866115
AMD,2026-09-09 14:22:00,523.2750244140625,0.00025804248091681006
AMD,2026-09-09 14:23:00,523.22119140625,-0.00010288237462530903
AMD,2026-09-09 14:24:00,523.3150024414062,0.000179279103692662
AMD,2026-09-09 14:25:00,523.4000244140625,0.0001624548624253991
AMD,2026-09-09 14:26:00,523.3499755859375,-9.562708987461162e-05
AMD,2026-09-09 14:27:00,523.2249755859375,-0.0002388744359960556
AMD,2026-09-09 14:28:00,522.9199829101562,-0.0005830792032123346
AMD,2026-09-09 14:29:00,523.2949829101562,0.000716869913565921
AMD,2026-09-09 14:30:00,523.3800048828125,0.0001624610769051818
AMD,2026-09-09 14:31:00,523.4099731445312,5.7257448687863e-05
AMD,2026-09-09 14:32:00,523.47998046875,0.0001337434256227098
AMD,2026-09-09 14:33:00,523.6204223632812,0.0002682491478248163
AMD,2026-09-09 14:34:00,523.3699951171875,-0.00047837544009635575
AMD,2026-09-09 14:35:00,523.47998046875,0.00021012629227144342
AMD,2026-09-09 14:36:00,523.4749755859375,-9.560836946358736e-06
AMD,2026-09-09 14:37:00,523.135009765625,-0.0006496514213077941
AMD,2026-09-09 14:38:00,523.22998046875,0.00018152500183414588
AMD,2026-09-09 14:39:00,523.1500244140625,-0.00015282412597714576
AMD,2026-09-09 14:40:00,523.0,-0.0002868124295556382
AMD,2026-09-09 14:41:00,522.6898803710938,-0.0005931388336439319
AMD,2026-09-09 14:42:00,522.4393920898438,-0.00047934412066830606
AMD,2026-09-09 14:43:00,522.6749877929688,0.0004508515271641572
AMD,2026-09-09 14:44:00,522.4600219726562,-0.0004113646970683908
AMD,2026-09-09 14:45:00,522.7000122070312,0.0004592411319693306
AMD,2026-09-09 14:46:00,522.6300048828125,-0.00013394300972679714
AMD,2026-09-09 14:47:00,522.5701293945312,-0.00011457229363665494
AMD,2026-09-09 14:48:00,522.3499755859375,-0.0004213792246928305
AMD,2026-09-09 14:49:00,522.2849731445312,-0.00012445006089283482
AMD,2026-09-09 14:50:00,522.1900024414062,-0.00018185347778860091
AMD,2026-09-09 14:51:00,521.6699829101562,-0.0009963397037260143
AMD,2026-09-09 14:52:00,521.7849731445312,0.00022040287254051713
AMD,2026-09-09 14:53:00,521.9400024414062,0.00029706925031300146
AMD,2026-09-09 14:54:00,521.9450073242188,9.588954273220758e-06
AMD,2026-09-09 14:55:00,521.52001953125,-0.0008145703124303533
AMD,2026-09-09 14:56:00,521.405029296875,-0.0002205148586088441
AMD,2026-09-09 14:57:00,521.0499877929688,-0.0006811641976172531
AMD,2026-09-09 14:58:00,521.1749877929688,0.0002398714356832241
AMD,2026-09-09 14:59:00,521.0599975585938,-0.00022066086143288864
AMD,2026-09-09 15:00:00,521.6799926757812,0.0011891654603370866
AMD,2026-09-09 15:01:00,521.3499755859375,-0.0006328046382146527
AMD,2026-09-09 15:02:00,521.2050170898438,-0.00027808316692411764
AMD,2026-09-09 15:03:00,521.2999877929688,0.0001821971174103458
AMD,2026-09-09 15:04:00,521.2349853515625,-0.00012470074033956143
AMD,2026-09-09 15:05:00,521.47998046875,0.0004699177238779082
AMD,2026-09-09 15:06:00,521.3800048828125,-0.0001917334784114193
AMD,2026-09-09 15:07:00,521.4099731445312,5.747708044475315e-05
AMD,2026-09-09 15:08:00,520.9949951171875,-0.000796193536870452
AMD,2026-09-09 15:09:00,521.5549926757812,0.0010742844352938736
AMD,2026-09-09 15:10:00,521.2650146484375,-0.0005561420624482328
AMD,2026-09-09 15:11:00,521.2999877929688,6.709057845305275e-05
AMD,2026-09-09 15:12:00,521.0250244140625,-0.0005275962527315736
AMD,2026-09-09 15:13:00,520.9000244140625,-0.00023994048466398327
AMD,2026-09-09 15:14:00,521.0698852539062,0.0003260379014256995
AMD,2026-09-09 15:15:00,521.530029296875,0.00088268580578811
AMD,2026-09-09 15:16:00,521.344970703125,-0.0003549008187796573
AMD,2026-09-09 15:17:00,521.10498046875,-0.00046043503257888103
AMD,2026-09-09 15:18:00,521.489990234375,0.0007385605991678856
AMD,2026-09-09 15:19:00,521.364990234375,-0.00023972652562383992
AMD,2026-09-09 15:20:00,521.4650268554688,0.00019185604511030453
AMD,2026-09-09 15:21:00,521.3400268554688,-0.0002397380030982027
AMD,2026-09-09 15:22:00,520.8099975585938,-0.0010171843403701253
AMD,2026-09-09 15:23:00,521.3203735351562,0.0009794859290610308
AMD,2026-09-09 15:24:00,521.2000122070312,-0.0002309045085465561
AMD,2026-09-09 15:25:00,520.7050170898438,-0.000950173270135561
AMD,2026-09-09 15:26:00,520.5001220703125,-0.0003935728214737083
AMD,2026-09-09 15:27:00,519.8200073242188,-0.001307510685931532
AMD,2026-09-09 15:28:00,519.6201171875,-0.0003846111660866272
AMD,2026-09-09 15:29:00,518.8099975585938,-0.0015602779267531442
AMD,2026-09-09 15:30:00,519.2999877929688,0.0009440045422484425
AMD,2026-09-09 15:31:00,519.4500122070312,0.00028885567288696167
AMD,2026-09-09 15:32:00,519.5,9.622752282601623e-05
AMD,2026-09-09 15:33:00,519.72998046875,0.0004425978403750706
AMD,2026-09-09 15:34:00,519.39501953125,-0.0006446980856043618
AMD,2026-09-09 15:35:00,519.3049926757812,-0.00017334524816818597
AMD,2026-09-09 15:36:00,519.3699951171875,0.00012516416059886327
AMD,2026-09-09 15:37:00,519.3150024414062,-0.00010588903461949048
AMD,2026-09-09 15:38:00,519.3200073242188,9.637423667620639e-06
AMD,2026-09-09 15:39:00,519.52001953125,0.00038506835380253216
AMD,2026-09-09 15:40:00,519.614990234375,0.00018278799674129278
AMD,2026-09-09 15:41:00,519.489990234375,-0.0002405916687004538
AMD,2026-09-09 15:42:00,519.4550170898438,-6.732434209301563e-05
AMD,2026-09-09 15:43:00,519.6799926757812,0.0004330055042672457
AMD,2026-09-09 15:44:00,519.7000122070312,3.85220634578176e-05
AMD,2026-09-09 15:45:00,519.8699951171875,0.0003270254248843949
AMD,2026-09-09 15:46:00,520.1500244140625,0.0005385075255924599
AMD,2026-09-09 15:47:00,519.9199829101562,-0.0004423577375320535
AMD,2026-09-09 15:48:00,520.4149780273438,0.0009516072671350226
AMD,2026-09-09 15:49:00,520.260009765625,-0.0002978225953000638
AMD,2026-09-09 15:50:00,520.0700073242188,-0.000365273404395889
AMD,2026-09-09 15:51:00,520.239990234375,0.00032679280612105295
AMD,2026-09-09 15:52:00,520.2000732421875,-7.673097876238527e-05
AMD,2026-09-09 15:53:00,520.27001953125,0.0001344513209052338
AMD,2026-09-09 15:54:00,520.5349731445312,0.0005091321061467833
AMD,2026-09-09 15:55:00,519.6599731445312,-0.0016823773457166694
AMD,2026-09-09 15:56:00,519.8099975585938,0.00028865560205209364
AMD,2026-09-09 15:57:00,519.8049926757812,-9.628339066977413e-06
AMD,2026-09-09 15:58:00,520.2999877929688,0.0009518176796630576
AMD,2026-09-09 15:59:00,521.0800170898438,0.0014980687915970715
AMD,2026-09-10 09:30:00,512.2899780273438,-0.01701278557534871
AMD,2026-09-10 09:31:00,514.8193969726562,0.004925325618230832
AMD,2026-09-10 09:32:00,510.260009765625,-0.008895734796614964
AMD,2026-09-10 09:33:00,509.1499938964844,-0.0021777622425799927
AMD,2026-09-10 09:34:00,508.889892578125,-0.0005109845448581762
AMD,2026-09-10 09:35:00,509.5750122070313,0.0013453968399529607
AMD,2026-09-10 09:36:00,509.3599853515625,-0.00042206197485816625
AMD,2026-09-10 09:37:00,509.135009765625,-0.00044178045189248346
AMD,2026-09-10 09:38:00,510.0549926757813,0.0018053221829471453
AMD,2026-09-10 09:39:00,511.1050109863281,0.002056521361685956
AMD,2026-09-10 09:40:00,511.1499938964844,8.800721927578867e-05
AMD,2026-09-10 09:41:00,510.05999755859375,-0.002134716191455991
AMD,2026-09-10 09:42:00,511.1618041992188,0.002157821280836666
AMD,2026-09-10 09:43:00,509.7300109863281,-0.0028049870326440018
AMD,2026-09-10 09:44:00,509.3800048828125,-0.0006868858353404388
AMD,2026-09-10 09:45:00,509.4800109863281,0.00019630980169833004
AMD,2026-09-10 09:46:00,510.364990234375,0.0017355175916318798
AMD,2026-09-10 09:47:00,510.25,-0.00022533518704278034
AMD,2026-09-10 09:48:00,509.0,-0.0024527851394314827
AMD,2026-09-10 09:49:00,510.2550048828125,0.002462593778857286
AMD,2026-09-10 09:50:00,507.80999755859375,-0.004803253267980396
AMD,2026-09-10 09:51:00,506.6799926757813,-0.002227730901282315
AMD,2026-09-10 09:52:00,507.1000061035156,0.0008286086769743496
AMD,2026-09-10 09:53:00,506.55999755859375,-0.0010654629640240193
AMD,2026-09-10 09:54:00,506.3550109863281,-0.0004047458539655774
AMD,2026-09-10 09:55:00,506.352294921875,-5.3639673325270056e-06
AMD,2026-09-10 09:56:00,505.9100036621094,-0.0008738669582585453
AMD,2026-09-10 09:57:00,505.3250122070313,-0.001156984303656979
AMD,2026-09-10 09:58:00,504.2699890136719,-0.002089993663040501
AMD,2026-09-10 09:59:00,504.4299926757813,0.0003172472813638472
AMD,2026-09-10 10:00:00,505.6700134277344,0.0024552447626718086
AMD,2026-09-10 10:01:00,507.5158081054688,0.0036435502362669424
AMD,2026-09-10 10:02:00,508.41009521484375,0.0017605365459002304
AMD,2026-09-10 10:03:00,508.77880859375,0.0007249654290850513
AMD,2026-09-10 10:04:00,507.1799926757813,-0.0031474056542741546
AMD,2026-09-10 10:05:00,506.6749877929688,-0.0009962074148792922
AMD,2026-09-10 10:06:00,506.739990234375,0.00012828395653259733
AMD,2026-09-10 10:07:00,505.8699951171875,-0.0017183226391947815
AMD,2026-09-10 10:08:00,506.4500122070313,0.0011459166056521797
AMD,2026-09-10 10:09:00,507.7999877929688,0.00266201899558655
AMD,2026-09-10 10:10:00,507.4750061035156,-0.0006401845854689381
AMD,2026-09-10 10:11:00,506.8699951171875,-0.0011929098232770308
AMD,2026-09-10 10:12:00,506.4849853515625,-0.0007598714992695546
AMD,2026-09-10 10:13:00,507.010009765625,0.001036067200246532
AMD,2026-09-10 10:14:00,506.30950927734375,-0.0013825858215565571
AMD,2026-09-10 10:15:00,506.3958129882813,0.0001704419029879314
AMD,2026-09-10 10:16:00,504.7999877929688,-0.003156315560099939
AMD,2026-09-10 10:17:00,504.9100036621094,0.00021791577880180582
AMD,2026-09-10 10:18:00,506.1700134277344,0.0024924049463964926
AMD,2026-09-10 10:19:00,505.9700012207031,-0.00039522636540418904
AMD,2026-09-10 10:20:00,506.7012023925781,0.0014441040612961312
AMD,2026-09-10 10:21:00,506.4500122070313,-0.0004958592302391579
AMD,2026-09-10 10:22:00,506.9549865722656,0.0009965895325901174
AMD,2026-09-10 10:23:00,507.739990234375,0.00154727053284744
AMD,2026-09-10 10:24:00,508.8049926757813,0.0020953383253342877
AMD,2026-09-10 10:25:00,508.385009765625,-0.0008257708648605533
AMD,2026-09-10 10:26:00,507.1364135742188,-0.002459026056719389
AMD,2026-09-10 10:27:00,506.8399963378906,-0.0005846629997981889
AMD,2026-09-10 10:28:00,507.5450134277344,0.0013900386866453403
AMD,2026-09-10 10:29:00,507.3500061035156,-0.0003842906366979152
AMD,2026-09-10 10:30:00,508.5249938964844,0.002313253730880917
AMD,2026-09-10 10:31:00,509.489990234375,0.001895839731175764
AMD,2026-09-10 10:32:00,508.5,-0.0019449907287213241
AMD,2026-09-10 10:33:00,508.1099853515625,-0.0007672847467398019
AMD,2026-09-10 10:34:00,508.4800109863281,0.0007279742126909242
AMD,2026-09-10 10:35:00,509.3599853515625,0.0017291019956880687
AMD,2026-09-10 10:36:00,509.7300109863281,0.0007261883687533205
AMD,2026-09-10 10:37:00,509.9299926757813,0.0003922517139028467
AMD,2026-09-10 10:38:00,510.4100036621094,0.0009408844570677915
AMD,2026-09-10 10:39:00,509.7250061035156,-0.0013429549128054366
AMD,2026-09-10 10:40:00,509.6769104003906,-9.43606292709486e-05
AMD,2026-09-10 10:41:00,509.0700073242188,-0.0011914699076076502
AMD,2026-09-10 10:42:00,508.8699951171875,-0.00039297445650147826
AMD,2026-09-10 10:43:00,509.3699951171875,0.0009820868262543265
AMD,2026-09-10 10:44:00,509.0350036621094,-0.0006578747503433005
AMD,2026-09-10 10:45:00,509.30999755859375,0.0005400800373921359
AMD,2026-09-10 10:46:00,510.2200012207031,0.0017851439484094407
AMD,2026-09-10 10:47:00,509.247314453125,-0.0019082260858771655
AMD,2026-09-10 10:48:00,509.5700988769531,0.0006336453036722777
AMD,2026-09-10 10:49:00,509.55999755859375,-1.98234129185617e-05
AMD,2026-09-10 10:50:00,509.0,-0.0010995868998587436
AMD,2026-09-10 10:51:00,509.0799865722656,0.00015713219685121853
AMD,2026-09-10 10:52:00,509.2286071777344,0.00029189698964778265
AMD,2026-09-10 10:53:00,509.0849914550781,-0.0002820658072350963
AMD,2026-09-10 10:54:00,509.6300048828125,0.001070001878233985
AMD,2026-09-10 10:55:00,509.5058898925781,-0.00024356906960939224
AMD,2026-09-10 10:56:00,509.4100036621094,-0.00018821225845693141
AMD,2026-09-10 10:57:00,509.760009765625,0.0006868453990287647
AMD,2026-09-10 10:58:00,509.7149963378906,-8.830707470832059e-05
AMD,2026-09-10 10:59:00,510.0299987792969,0.0006178063200776863
AMD,2026-09-10 11:00:00,509.6499938964844,-0.0007453414858272361
AMD,2026-09-10 11:01:00,508.9901123046875,-0.0012956130042138733
AMD,2026-09-10 11:02:00,508.8699951171875,-0.0002360190505193295
AMD,2026-09-10 11:03:00,509.2999877929688,0.0008446383385136188
AMD,2026-09-10 11:04:00,509.1000061035156,-0.00039273702518100414
AMD,2026-09-10 11:05:00,509.7000122070313,0.0011778683983144189
AMD,2026-09-10 11:06:00,509.2900085449219,-0.0008047256123918599
AMD,2026-09-10 11:07:00,509.4989013671875,0.00041008068140634216
AMD,2026-09-10 11:08:00,509.1900024414063,-0.000606463728217791
AMD,2026-09-10 11:09:00,508.5499877929688,-0.0012577175682318834
AMD,2026-09-10 11:10:00,509.5249938964844,0.0019153921256045512
AMD,2026-09-10 11:11:00,509.6499938964844,0.0002452964449166928
AMD,2026-09-10 11:12:00,509.9435119628906,0.0005757550883323361
AMD,2026-09-10 11:13:00,509.9400024414063,-6.882200633283694e-06
AMD,2026-09-10 11:14:00,509.8349914550781,-0.00020594932671981017
AMD,2026-09-10 11:15:00,509.25,-0.0011480720925892778
AMD,2026-09-10 11:16:00,509.0799865722656,-0.00033390635954117756
AMD,2026-09-10 11:17:00,508.8399963378906,-0.00047153065634003333
AMD,2026-09-10 11:18:00,507.7289123535156,-0.0021859500468823416
AMD,2026-09-10 11:19:00,507.8999938964844,0.0003368977458875248
AMD,2026-09-10 11:20:00,508.0,0.0001968817884426516
AMD,2026-09-10 11:21:00,507.99749755859375,-4.926077893404083e-06
AMD,2026-09-10 11:22:00,507.989990234375,-1.477837927949407e-05
AMD,2026-09-10 11:23:00,507.68499755859375,-0.0006005714202162052
AMD,2026-09-10 11:24:00,508.0899963378906,0.0007974183321919451
AMD,2026-09-10 11:25:00,508.2998962402344,0.000413030288593858
AMD,2026-09-10 11:26:00,507.8550109863281,-0.0008756249252305159
AMD,2026-09-10 11:27:00,508.6335144042969,0.0015317508279473451
AMD,2026-09-10 11:28:00,508.0899963378906,-0.001069156191310824
AMD,2026-09-10 11:29:00,507.7300109863281,-0.0007087581737640554
AMD,2026-09-10 11:30:00,507.2139892578125,-0.0010168477725953095
AMD,2026-09-10 11:31:00,507.43499755859375,0.0004356349972219128
AMD,2026-09-10 11:32:00,507.4800109863281,8.870383704038577e-05
AMD,2026-09-10 11:33:00,507.8703002929688,0.0007687776751086145
AMD,2026-09-10 11:34:00,508.010009765625,0.00027505105110049374
AMD,2026-09-10 11:35:00,507.6000061035156,-0.0008074037829018035
AMD,2026-09-10 11:36:00,507.8399963378906,0.00047268226240123896
AMD,2026-09-10 11:37:00,507.8699951171875,5.9069576075824786e-05
AMD,2026-09-10 11:38:00,507.7179870605469,-0.0002993498553415132
AMD,2026-09-10 11:39:00,507.875,0.00030920446026024153
AMD,2026-09-10 11:40:00,507.3999938964844,-0.0009357191717114351
AMD,2026-09-10 11:41:00,507.9599914550781,0.0011030523626161793
AMD,2026-09-10 11:42:00,507.7749938964844,-0.0003642634413647163
AMD,2026-09-10 11:43:00,508.0783081054688,0.0005971614551041657
AMD,2026-09-10 11:44:00,508.3279113769531,0.000491148660284761
AMD,2026-09-10 11:45:00,508.2799987792969,-9.425973812139982e-05
AMD,2026-09-10 11:46:00,507.5950012207031,-0.0013485865139116798
AMD,2026-09-10 11:47:00,507.260009765625,-0.0006601760125699716
AMD,2026-09-10 11:48:00,507.2900085449219,5.913711254085879e-05
AMD,2026-09-10 11:49:00,507.9800109863281,0.0013592493314436226
AMD,2026-09-10 11:50:00,507.8599853515625,-0.00023630815041121754
AMD,2026-09-10 11:51:00,508.0,0.0002756573766918104
AMD,2026-09-10 11:52:00,508.6400146484375,0.0012590783832346403
AMD,2026-09-10 11:53:00,508.0867919921875,-0.001088242598176527
AMD,2026-09-10 11:54:00,508.3299865722656,0.00047853319592468246
AMD,2026-09-10 11:55:00,508.08990478515625,-0.00047240671619217634
AMD,2026-09-10 11:56:00,507.4150085449219,-0.0013291837995830131
AMD,2026-09-10 11:57:00,507.63128662109375,0.0004261442664730202
AMD,2026-09-10 11:58:00,508.1700134277344,0.001060693379942667
AMD,2026-09-10 11:59:00,508.3900146484375,0.0004328346935972942
AMD,2026-09-10 12:00:00,508.1549987792969,-0.00046238163627462835
AMD,2026-09-10 12:01:00,507.872314453125,-0.0005564502642486659
AMD,2026-09-10 12:02:00,507.2099914550781,-0.0013049643131060017
AMD,2026-09-10 12:03:00,506.3399963378906,-0.0017167290046536884
AMD,2026-09-10 12:04:00,505.4599914550781,-0.0017394843157206902
AMD,2026-09-10 12:05:00,506.7799987792969,0.002608093110713101
AMD,2026-09-10 12:06:00,506.1650085449219,-0.001214261989528893
AMD,2026-09-10 12:07:00,505.5,-0.001314681510356986
AMD,2026-09-10 12:08:00,505.3198852539063,-0.00035637357481282727
AMD,2026-09-10 12:09:00,505.0799865722656,-0.00047485890059552403
AMD,2026-09-10 12:10:00,505.2200012207031,0.00027717440567277997
AMD,2026-09-10 12:11:00,504.6600036621094,-0.0011090379318022682
AMD,2026-09-10 12:12:00,504.30999755859375,-0.0006937889474049275
AMD,2026-09-10 12:13:00,504.5700073242188,0.0005154424116313225
AMD,2026-09-10 12:14:00,504.6799926757813,0.00021795462372637783
AMD,2026-09-10 12:15:00,505.2999877929688,0.0012277375929339864
AMD,2026-09-10 12:16:00,504.9450073242188,-0.0007027611818427116
AMD,2026-09-10 12:17:00,505.0982055664063,0.00030334987930633994
AMD,2026-09-10 12:18:00,504.2752075195313,-0.0016307111294650049
AMD,2026-09-10 12:19:00,504.5999145507813,0.0006437011585646305
AMD,2026-09-10 12:20:00,504.7699890136719,0.0003369913525249496
AMD,2026-09-10 12:21:00,504.260009765625,-0.0010108307822119299
AMD,2026-09-10 12:22:00,504.6000061035156,0.0006740208659564706
AMD,2026-09-10 12:23:00,504.7384948730469,0.00027441491683190386
AMD,2026-09-10 12:24:00,505.1449890136719,0.0008050318062708461
AMD,2026-09-10 12:25:00,504.9299926757813,-0.0004257037250400093
AMD,2026-09-10 12:26:00,504.3999938964844,-0.001050199310552452
AMD,2026-09-10 12:27:00,503.7950134277344,-0.0012001260410296425
AMD,2026-09-10 12:28:00,503.7900085449219,-9.934412885026695e-06
AMD,2026-09-10 12:29:00,504.0799865722656,0.0005754274593945559
AMD,2026-09-10 12:30:00,504.4949951171875,0.000822960267464168
AMD,2026-09-10 12:31:00,504.6600036621094,0.0003270231958262266
AMD,2026-09-10 12:32:00,504.4500122070313,-0.00041619140590606896
AMD,2026-09-10 12:33:00,504.3500061035156,-0.00019826745049182255
AMD,2026-09-10 12:34:00,503.739990234375,-0.0012102410416000534
AMD,2026-09-10 12:35:00,503.8450012207031,0.00020844095058761625
AMD,2026-09-10 12:36:00,504.4400024414063,0.0011802244159308073
AMD,2026-09-10 12:37:00,504.3901062011719,-9.891901490178127e-05
AMD,2026-09-10 12:38:00,504.33990478515625,-9.953390007299178e-05
AMD,2026-09-10 12:39:00,504.3450012207031,1.010510917047073e-05
AMD,2026-09-10 12:40:00,504.7200012207031,0.000743262359424639
AMD,2026-09-10 12:41:00,505.3380126953125,0.0012237149613514053
AMD,2026-09-10 12:42:00,505.2250061035156,-0.00022365075738128878
AMD,2026-09-10 12:43:00,505.0299987792969,-0.0003860556506985467
AMD,2026-09-10 12:44:00,505.0799865722656,9.897495071725073e-05
AMD,2026-09-10 12:45:00,505.5840148925781,0.0009974202333670505
AMD,2026-09-10 12:46:00,505.8800048828125,0.0005852704454068325
AMD,2026-09-10 12:47:00,505.5799865722656,-0.0005932381347365158
AMD,2026-09-10 12:48:00,505.2900085449219,-0.000573719739824887
AMD,2026-09-10 12:49:00,505.2049865722656,-0.0001682778702867649
AMD,2026-09-10 12:50:00,505.2300109863281,4.953196223038876e-05
AMD,2026-09-10 12:51:00,505.2349853515625,9.845695303479289e-06
AMD,2026-09-10 12:52:00,505.7699890136719,0.0010583601972573
AMD,2026-09-10 12:53:00,505.9299926757813,0.0003163065460894499
AMD,2026-09-10 12:54:00,506.2799987792969,0.0006915681932010007
AMD,2026-09-10 12:55:00,506.510009765625,0.00045421259756111664
AMD,2026-09-10 12:56:00,506.2200012207031,-0.0005727262936874636
AMD,2026-09-10 12:57:00,505.8699951171875,-0.0006916501867127607
AMD,2026-09-10 12:58:00,505.7999877929688,-0.00013839952852812756
AMD,2026-09-10 12:59:00,505.75,-9.883405390292505e-05
AMD,2026-09-10 13:00:00,506.14990234375,0.0007903990575412878
AMD,2026-09-10 13:01:00,506.0750122070313,-0.00014797133676274163
AMD,2026-09-10 13:02:00,506.4949951171875,0.000829538562671361
AMD,2026-09-10 13:03:00,505.7550048828125,-0.001462070370353151
AMD,2026-09-10 13:04:00,505.8150024414063,0.00011862265237163007
AMD,2026-09-10 13:05:00,506.0700073242188,0.0005040194997451569
AMD,2026-09-10 13:06:00,506.375,0.0006024874097865115
AMD,2026-09-10 13:07:00,506.9949951171875,0.00122363045587168
AMD,2026-09-10 13:08:00,507.0899963378906,0.00018736342965630068
AMD,2026-09-10 13:09:00,507.06201171875,-5.5188214242846677e-05
AMD,2026-09-10 13:10:00,507.3699951171875,0.0006072036485930904
AMD,2026-09-10 13:11:00,507.25,-0.00023653213680874965
AMD,2026-09-10 13:12:00,507.385009765625,0.00026612479388612336
AMD,2026-09-10 13:13:00,506.8599853515625,-0.0010353010633241974
AMD,2026-09-10 13:14:00,506.4500122070313,-0.0008091762005480303
AMD,2026-09-10 13:15:00,506.5199890136719,0.00013816165664843477
AMD,2026-09-10 13:16:00,506.5350036621094,2.964231665045919e-05
AMD,2026-09-10 13:17:00,506.6099853515625,0.00014801768829355536
AMD,2026-09-10 13:18:00,506.8500061035156,0.00047366597293312253
AMD,2026-09-10 13:19:00,506.6708068847656,-0.00035361724854762364
AMD,2026-09-10 13:20:00,506.831787109375,0.000317671068465164
AMD,2026-09-10 13:21:00,506.4249877929688,-0.0008029540948332373
AMD,2026-09-10 13:22:00,506.5780029296875,0.0003021020456678493
AMD,2026-09-10 13:23:00,506.3500061035156,-0.00045017380897561024
AMD,2026-09-10 13:24:00,506.364990234375,2.959199955498807e-05
AMD,2026-09-10 13:25:00,506.052001953125,-0.0006182991665219685
AMD,2026-09-10 13:26:00,506.4500122070313,0.0007861915706650346
AMD,2026-09-10 13:27:00,506.5,9.869745280007499e-05
AMD,2026-09-10 13:28:00,506.364990234375,-0.00026658985694300757
AMD,2026-09-10 13:29:00,506.5050048828125,0.00027647111673633694
AMD,2026-09-10 13:30:00,506.2250061035156,-0.0005529584062757347
AMD,2026-09-10 13:31:00,506.5,0.0005430771464825519
AMD,2026-09-10 13:32:00,506.3399963378906,-0.00031595052331840414
AMD,2026-09-10 13:33:00,506.0849914550781,-0.0005037506803561168
AMD,2026-09-10 13:34:00,506.0499877929688,-6.916797233762438e-05
AMD,2026-09-10 13:35:00,506.3399963378906,0.0005729186526936094
AMD,2026-09-10 13:36:00,505.9299926757813,-0.0008100678454954741
AMD,2026-09-10 13:37:00,505.7850036621094,-0.000286620273870264
AMD,2026-09-10 13:38:00,505.5499877929688,-0.0004647636546873528
AMD,2026-09-10 13:39:00,505.3900146484375,-0.00031648395647660804
AMD,2026-09-10 13:40:00,505.3800048828125,-1.9806217897058588e-05
AMD,2026-09-10 13:41:00,505.3277893066406,-0.00010332477204289615
AMD,2026-09-10 13:42:00,505.3059997558594,-4.31205665602394e-05
AMD,2026-09-10 13:43:00,505.60589599609375,0.0005933182709437592
AMD,2026-09-10 13:44:00,505.4150085449219,-0.0003776132671099678
AMD,2026-09-10 13:45:00,505.1700134277344,-0.00048485801127125065
AMD,2026-09-10 13:46:00,504.9000854492188,-0.0005344737662096243
AMD,2026-09-10 13:47:00,505.010009765625,0.00021769129224708854
AMD,2026-09-10 13:48:00,505.1650085449219,0.00030687510125216146
AMD,2026-09-10 13:49:00,505.1099853515625,-0.00010892716091399806
AMD,2026-09-10 13:50:00,505.125,2.9725061310082002e-05
AMD,2026-09-10 13:51:00,505.1600036621094,6.929462873649614e-05
AMD,2026-09-10 13:52:00,504.9194030761719,-0.00047639935807606074
AMD,2026-09-10 13:53:00,504.9500122070313,6.061997800021342e-05
AMD,2026-09-10 13:54:00,505.2749938964844,0.0006433847879432383
AMD,2026-09-10 13:55:00,504.9500122070313,-0.000643384787943241
AMD,2026-09-10 13:56:00,505.0492858886719,0.00019658168505163695
AMD,2026-09-10 13:57:00,505.80950927734375,0.0015041141960325285
AMD,2026-09-10 13:58:00,506.2650146484375,0.0009001420173747379
AMD,2026-09-10 13:59:00,506.2950134277344,5.925333505938733e-05
AMD,2026-09-10 14:00:00,506.9177856445313,0.001229302069208258
AMD,2026-09-10 14:01:00,505.54010009765625,-0.0027214690439628683
AMD,2026-09-10 14:02:00,506.3299865722656,0.0015612412017294705
AMD,2026-09-10 14:03:00,505.9849853515625,-0.0006816084788402914
AMD,2026-09-10 14:04:00,506.0899963378906,0.00020751621886689643
AMD,2026-09-10 14:05:00,506.1700134277344,0.00015809592246744712
AMD,2026-09-10 14:06:00,506.7999877929688,0.0012438165902121808
AMD,2026-09-10 14:07:00,507.0799865722656,0.0005523312295232505
AMD,2026-09-10 14:08:00,506.9100036621094,-0.0003352753249748694
AMD,2026-09-10 14:09:00,506.3489990234375,-0.00110732733587189
AMD,2026-09-10 14:10:00,505.9299926757813,-0.0008278476092498623
AMD,2026-09-10 14:11:00,506.3250122070313,0.0007804743852022276
AMD,2026-09-10 14:12:00,506.4150085449219,0.00017772841259036193
AMD,2026-09-10 14:13:00,506.5700073242188,0.00030602383663807766
AMD,2026-09-10 14:14:00,506.8500061035156,0.0005525819161088784
AMD,2026-09-10 14:15:00,506.6600036621094,-0.0003749394516114617
AMD,2026-09-10 14:16:00,505.6600036621094,-0.0019756604987245597
AMD,2026-09-10 14:17:00,506.0400085449219,0.0007512205122035758
AMD,2026-09-10 14:18:00,505.6799926757813,-0.0007116907521883288
AMD,2026-09-10 14:19:00,505.7999877929688,0.00023726642161484246
AMD,2026-09-10 14:20:00,506.0549926757813,0.0005040344577699062
AMD,2026-09-10 14:21:00,505.8500061035156,-0.0004051498417676069
AMD,2026-09-10 14:22:00,506.0400085449219,0.00037553971457129096
AMD,2026-09-10 14:23:00,505.8250122070313,-0.0004249506341590522
AMD,2026-09-10 14:24:00,505.4549865722656,-0.0007317966373814563
AMD,2026-09-10 14:25:00,505.4150085449219,-7.909627856739154e-05
AMD,2026-09-10 14:26:00,505.660400390625,0.0004854076132259446
AMD,2026-09-10 14:27:00,505.4249877929688,-0.0004656631470721719
AMD,2026-09-10 14:28:00,505.7828979492188,0.0007078864321418624
AMD,2026-09-10 14:29:00,505.6900024414063,-0.0001836836321325392
AMD,2026-09-10 14:30:00,505.5549926757813,-0.0002670169287938226
AMD,2026-09-10 14:31:00,505.75,0.00038565482826242493
AMD,2026-09-10 14:32:00,505.489990234375,-0.0005142394957986922
AMD,2026-09-10 14:33:00,505.0849914550781,-0.000801521526491717
AMD,2026-09-10 14:34:00,505.3299865722656,0.0004849396086091417
AMD,2026-09-10 14:35:00,505.2000122070313,-0.0002572399950680759
AMD,2026-09-10 14:36:00,505.1449890136719,-0.00010891961329518755
AMD,2026-09-10 14:37:00,505.2300109863281,0.00016829785546340536
AMD,2026-09-10 14:38:00,505.5799865722656,0.0006924656478813998
AMD,2026-09-10 14:39:00,505.5799865722656,0.0
AMD,2026-09-10 14:40:00,505.3200073242188,-0.0005143520730995098
AMD,2026-09-10 14:41:00,504.8800048828125,-0.0008711195088379796
AMD,2026-09-10 14:42:00,504.75,-0.00025752975427095206
AMD,2026-09-10 14:43:00,504.7999877929688,9.902985214022426e-05
AMD,2026-09-10 14:44:00,504.7000122070313,-0.00019806951216313616
AMD,2026-09-10 14:45:00,504.6400146484375,-0.00011888473075102358
AMD,2026-09-10 14:46:00,504.8049926757813,0.00032686877960793367
AMD,2026-09-10 14:47:00,504.5799865722656,-0.0004458281267672983
AMD,2026-09-10 14:48:00,504.0150146484375,-0.0011203148582650487
AMD,2026-09-10 14:49:00,504.1900024414063,0.0003471274031764833
AMD,2026-09-10 14:50:00,504.5199890136719,0.0006542744432641211
AMD,2026-09-10 14:51:00,505.0499877929688,0.0010499496620578158
AMD,2026-09-10 14:52:00,505.3599853515625,0.0006136074990539248
AMD,2026-09-10 14:53:00,505.4200134277344,0.00011877575004442631
AMD,2026-09-10 14:54:00,504.9200134277344,-0.0009897658758989156
AMD,2026-09-10 14:55:00,505.1585083007813,0.0004722303709039405
AMD,2026-09-10 14:56:00,505.05999755859375,-0.00019502858426850484
AMD,2026-09-10 14:57:00,504.7099914550781,-0.0006932392947718795
AMD,2026-09-10 14:58:00,504.9200134277344,0.00041603750813634096
AMD,2026-09-10 14:59:00,505.2799987792969,0.0007127011729363709
AMD,2026-09-10 15:00:00,505.4400024414063,0.0003166132326514834
AMD,2026-09-10 15:01:00,504.6600036621094,-0.0015443994250462275
AMD,2026-09-10 15:02:00,504.6400146484375,-3.960965681530517e-05
AMD,2026-09-10 15:03:00,504.8900146484375,0.0004952799775248942
AMD,2026-09-10 15:04:00,504.7250061035156,-0.0003268741906557993
AMD,2026-09-10 15:05:00,504.4400024414063,-0.0005648306615335957
AMD,2026-09-10 15:06:00,504.260009765625,-0.00035688049075732834
AMD,2026-09-10 15:07:00,503.8900146484375,-0.0007340080837955202
AMD,2026-09-10 15:08:00,503.80999755859375,-0.00015881133083776094
AMD,2026-09-10 15:09:00,504.2331848144531,0.0008396213339276371
AMD,2026-09-10 15:10:00,503.83990478515625,-0.0007802609816828594
AMD,2026-09-10 15:11:00,503.5899963378906,-0.0004961307027182651
AMD,2026-09-10 15:12:00,503.7099914550781,0.0002382510060741615
AMD,2026-09-10 15:13:00,503.7900085449219,0.00015884285858471197
AMD,2026-09-10 15:14:00,504.0400085449219,0.0004961154180534762
AMD,2026-09-10 15:15:00,504.6000061035156,0.001110401348350764
AMD,2026-09-10 15:16:00,504.5950012207031,-9.918564353205568e-06
AMD,2026-09-10 15:17:00,504.3049926757813,-0.0005749004949228884
AMD,2026-09-10 15:18:00,504.510009765625,0.00040645131598955874
AMD,2026-09-10 15:19:00,504.7200012207031,0.0004161419217078058
AMD,2026-09-10 15:20:00,504.80999755859375,0.0001782935390485138
AMD,2026-09-10 15:21:00,504.8299865722656,3.9596319457795705e-05
AMD,2026-09-10 15:22:00,505.010009765625,0.0003565380573540549
AMD,2026-09-10 15:23:00,504.9299926757813,-0.00015845909621899093
AMD,2026-09-10 15:24:00,505.2449951171875,0.0006236591787022107
AMD,2026-09-10 15:25:00,505.5050048828125,0.0005144887882470295
AMD,2026-09-10 15:26:00,505.6099853515625,0.0002076528785372899
AMD,2026-09-10 15:27:00,505.7999877929688,0.00037571795550073156
AMD,2026-09-10 15:28:00,506.114990234375,0.0006225867951775405
AMD,2026-09-10 15:29:00,505.75,-0.0007214208490805277
AMD,2026-09-10 15:30:00,505.7850036621094,6.92089981990766e-05
AMD,2026-09-10 15:31:00,505.4249877929688,-0.0007120496976767741
AMD,2026-09-10 15:32:00,505.4649963378906,7.915509218760083e-05
AMD,2026-09-10 15:33:00,505.75,0.0005636856072900873
AMD,2026-09-10 15:34:00,505.7999877929688,9.883405390286784e-05
AMD,2026-09-10 15:35:00,505.0000915527344,-0.0015826995338710616
AMD,2026-09-10 15:36:00,505.5299987792969,0.001048770897974442
AMD,2026-09-10 15:37:00,505.2200012207031,-0.0006134010750704578
AMD,2026-09-10 15:38:00,505.239990234375,3.956418629832136e-05
AMD,2026-09-10 15:39:00,505.0000915527344,-0.00047493400920217086
AMD,2026-09-10 15:40:00,505.2000122070313,0.00039580407121892776
AMD,2026-09-10 15:41:00,504.9599914550781,-0.00047521334362869233
AMD,2026-09-10 15:42:00,505.1299133300781,0.00033644901468259656
AMD,2026-09-10 15:43:00,505.0299987792969,-0.0001978192757589287
AMD,2026-09-10 15:44:00,504.74749755859375,-0.0005595316376092863
AMD,2026-09-10 15:45:00,505.260009765625,0.0010148682010847419
AMD,2026-09-10 15:46:00,504.9796142578125,-0.0005551069436297878
AMD,2026-09-10 15:47:00,504.75,-0.0004548034612993002
AMD,2026-09-10 15:48:00,504.7449951171875,-9.915616891122124e-06
AMD,2026-09-10 15:49:00,504.7999877929688,0.00010894546903127112
AMD,2026-09-10 15:50:00,503.6900024414063,-0.0022012827306710824
AMD,2026-09-10 15:51:00,503.4100036621094,-0.0005560496173457254
AMD,2026-09-10 15:52:00,503.1199951171875,-0.0005762541668878574
AMD,2026-09-10 15:53:00,503.4500122070313,0.0006557260782010469
AMD,2026-09-10 15:54:00,503.3250122070313,-0.0002483176431895714
AMD,2026-09-10 15:55:00,504.2179870605469,0.001772579607973224
AMD,2026-09-10 15:56:00,503.7799987792969,-0.0008690261587167061
AMD,2026-09-10 15:57:00,504.2699890136719,0.0009721547123629883
AMD,2026-09-10 15:58:00,504.1400146484375,-0.00025778079448258426
AMD,2026-09-10 15:59:00,503.4800109863281,-0.00131002508824347
AMD,2026-09-11 09:30:00,505.6199951171875,0.004241378111149883
AMD,2026-09-11 09:31:00,505.7300109863281,0.00021756240452995367
AMD,2026-09-11 09:32:00,505.5716857910156,-0.00031311169972425286
AMD,2026-09-11 09:33:00,505.9656066894531,0.0007788559478311443
AMD,2026-09-11 09:34:00,507.5126953125,0.0030530299892770406
AMD,2026-09-11 09:35:00,505.1749877929688,-0.0046168462615571145
AMD,2026-09-11 09:36:00,502.6278991699219,-0.00505474647724973
AMD,2026-09-11 09:37:00,504.489990234375,0.0036978653758978556
AMD,2026-09-11 09:38:00,506.7500915527344,0.004469967364322141
AMD,2026-09-11 09:39:00,508.0899963378906,0.0026406240347202395
AMD,2026-09-11 09:40:00,509.2401123046875,0.0022610486940439095
AMD,2026-09-11 09:41:00,511.5299987792969,0.0044865935844647965
AMD,2026-09-11 09:42:00,511.2049865722656,-0.0006355746554624546
AMD,2026-09-11 09:43:00,509.9800109863281,-0.002399126850524827
AMD,2026-09-11 09:44:00,511.135009765625,0.002262231479120822
AMD,2026-09-11 09:45:00,511.1700134277344,6.847987895778039e-05
AMD,2026-09-11 09:46:00,511.2049865722656,6.841549244621976e-05
AMD,2026-09-11 09:47:00,511.5849914550781,0.0007430751346052375
AMD,2026-09-11 09:48:00,511.3900146484375,-0.0003811956457163455
AMD,2026-09-11 09:49:00,513.3200073242188,0.003766909499369344
AMD,2026-09-11 09:50:00,512.5349731445312,-0.0015304976782760773
AMD,2026-09-11 09:51:00,512.5451049804688,1.9767891609718235e-05
AMD,2026-09-11 09:52:00,511.364990234375,-0.002305115017733016
AMD,2026-09-11 09:53:00,512.5549926757812,0.0023244061978537857
AMD,2026-09-11 09:54:00,514.2379760742188,0.0032781387422720983
AMD,2026-09-11 09:55:00,514.2899780273438,0.00010111918292921875
AMD,2026-09-11 09:56:00,515.760009765625,0.0028542939735559923
AMD,2026-09-11 09:57:00,515.5449829101562,-0.0004169995493316113
AMD,2026-09-11 09:58:00,516.969970703125,0.002760228687660171
AMD,2026-09-11 09:59:00,518.5999755859375,0.003148036952567506
AMD,2026-09-11 10:00:00,519.5059814453125,0.0017454982957581676
AMD,2026-09-11 10:01:00,516.8599853515625,-0.005106307864041219
AMD,2026-09-11 10:02:00,515.8499755859375,-0.001956038240863053
AMD,2026-09-11 10:03:00,514.5180053710938,-0.0025854276946035495
AMD,2026-09-11 10:04:00,512.0250244140625,-0.004857050870107364
AMD,2026-09-11 10:05:00,513.280029296875,0.0024480626620178546
AMD,2026-09-11 10:06:00,511.0700073242188,-0.004314980861404265
AMD,2026-09-11 10:07:00,510.7550048828125,-0.000616548719441621
AMD,2026-09-11 10:08:00,509.30999755859375,-0.002833169037916545
AMD,2026-09-11 10:09:00,510.3200073242188,0.0019811305888125545
AMD,2026-09-11 10:10:00,513.0783081054688,0.0053904866145173275
AMD,2026-09-11 10:11:00,513.4949951171875,0.0008118018134593162
AMD,2026-09-11 10:12:00,512.5499877929688,-0.0018420393007484669
AMD,2026-09-11 10:13:00,512.4600219726562,-0.00017554135020414287
AMD,2026-09-11 10:14:00,513.2449951171875,0.0015306024338414053
AMD,2026-09-11 10:15:00,513.9351196289062,0.0013437265882627863
AMD,2026-09-11 10:16:00,513.7802734375,-0.00030134061165701837
AMD,2026-09-11 10:17:00,514.1099853515625,0.0006415313746800852
AMD,2026-09-11 10:18:00,516.280029296875,0.004212088865023216
AMD,2026-09-11 10:19:00,517.1500244140625,0.0016837043195901472
AMD,2026-09-11 10:20:00,517.85498046875,0.0013622275455195162
AMD,2026-09-11 10:21:00,517.35498046875,-0.0009659876889664558
AMD,2026-09-11 10:22:00,516.9400024414062,-0.0008024365514049457
AMD,2026-09-11 10:23:00,516.6950073242188,-0.00047404571141800977
AMD,2026-09-11 10:24:00,516.7449951171875,9.674058075870346e-05
AMD,2026-09-11 10:25:00,518.4000244140625,0.0031976789259302264
AMD,2026-09-11 10:26:00,519.469970703125,0.0020618125066356728
AMD,2026-09-11 10:27:00,518.739990234375,-0.001406229214723322
AMD,2026-09-11 10:28:00,518.1599731445312,-0.0011187523788694163
AMD,2026-09-11 10:29:00,520.0650024414062,0.0036697854119143634
AMD,2026-09-11 10:30:00,519.6300048828125,-0.0008367792110407134
AMD,2026-09-11 10:31:00,517.6950073242188,-0.0037307493411926768
AMD,2026-09-11 10:32:00,518.7999877929688,0.002132149007114005
AMD,2026-09-11 10:33:00,519.0,0.0003854542529586708
AMD,2026-09-11 10:34:00,519.385009765625,0.0007415549717056299
AMD,2026-09-11 10:35:00,517.6799926757812,-0.003288161536742457
AMD,2026-09-11 10:36:00,517.0750122070312,-0.001169321307610575
AMD,2026-09-11 10:37:00,517.2349853515625,0.0003093330745801804
AMD,2026-09-11 10:38:00,516.1749877929688,-0.0020514567458954054
AMD,2026-09-11 10:39:00,516.3400268554688,0.0003196836105317422
AMD,2026-09-11 10:40:00,516.6099853515625,0.0005226942234372394
AMD,2026-09-11 10:41:00,515.75,-0.0016660575045337434
AMD,2026-09-11 10:42:00,515.4990234375,-0.0004867428947830248
AMD,2026-09-11 10:43:00,513.530029296875,-0.00382690175445411
AMD,2026-09-11 10:44:00,513.8400268554688,0.0006034779116744438
AMD,2026-09-11 10:45:00,513.8322143554688,-1.520426394110843e-05
AMD,2026-09-11 10:46:00,511.7250061035156,-0.004109397652925089
AMD,2026-09-11 10:47:00,511.6394958496094,-0.00016711592778932043
AMD,2026-09-11 10:48:00,512.61669921875,0.0019081235150741264
AMD,2026-09-11 10:49:00,514.2000122070312,0.003083927687422642
AMD,2026-09-11 10:50:00,513.2999877929688,-0.0017518727868576385
AMD,2026-09-11 10:51:00,512.5599975585938,-0.001442673217177717
AMD,2026-09-11 10:52:00,512.75,0.00037062438488571245
AMD,2026-09-11 10:53:00,512.739990234375,-1.9521917757602975e-05
AMD,2026-09-11 10:54:00,512.4050903320312,-0.0006533707679162648
AMD,2026-09-11 10:55:00,511.5950012207031,-0.0015822054841735439
AMD,2026-09-11 10:56:00,511.6099853515625,2.9288619694183583e-05
AMD,2026-09-11 10:57:00,512.411376953125,0.0015651856390248994
AMD,2026-09-11 10:58:00,511.9599914550781,-0.0008812927443751742
AMD,2026-09-11 10:59:00,512.4000244140625,0.0008591373720836492
AMD,2026-09-11 11:00:00,513.530029296875,0.0022028896330538892
AMD,2026-09-11 11:01:00,512.5925903320312,-0.001827148544847122
AMD,2026-09-11 11:02:00,512.97998046875,0.0007554612246320265
AMD,2026-09-11 11:03:00,513.0999755859375,0.00023389038451923297
AMD,2026-09-11 11:04:00,513.4550170898438,0.0006917145610234635
AMD,2026-09-11 11:05:00,513.5349731445312,0.00015570951150322245
AMD,2026-09-11 11:06:00,514.3400268554688,0.0015664431483473791
AMD,2026-09-11 11:07:00,513.5999755859375,-0.001439872746720379
AMD,2026-09-11 11:08:00,513.5,-0.00019467547196890482
AMD,2026-09-11 11:09:00,514.5250244140625,0.0019941630396206477
AMD,2026-09-11 11:10:00,514.6881103515625,0.0003169138312679851
AMD,2026-09-11 11:11:00,514.5399780273438,-0.0002878513070410359
AMD,2026-09-11 11:12:00,513.7100219726562,-0.0016143082614649541
AMD,2026-09-11 11:13:00,513.10498046875,-0.001178482146233036
AMD,2026-09-11 11:14:00,513.1749877929688,0.0001364292912116431
AMD,2026-09-11 11:15:00,514.4400024414062,0.0024620413276668094
AMD,2026-09-11 11:16:00,515.52001953125,0.0020972027314705745
AMD,2026-09-11 11:17:00,514.8049926757812,-0.0013879639177648438
AMD,2026-09-11 11:18:00,514.02001953125,-0.001525960756277652
AMD,2026-09-11 11:19:00,513.739990234375,-0.0005449313091455917
AMD,2026-09-11 11:20:00,514.1500244140625,0.0007978172675937797
AMD,2026-09-11 11:21:00,514.7000122070312,0.0010691312159801806
AMD,2026-09-11 11:22:00,514.3400268554688,-0.000699652788195216
AMD,2026-09-11 11:23:00,513.5499877929688,-0.0015372057453873584
AMD,2026-09-11 11:24:00,515.6500244140625,0.004080916266351313
AMD,2026-09-11 11:25:00,515.47998046875,-0.00032982057751930645
AMD,2026-09-11 11:26:00,515.6699829101562,0.0003685253363807274
AMD,2026-09-11 11:27:00,516.3400268554688,0.0012985223653300816
AMD,2026-09-11 11:28:00,516.2449951171875,-0.00018406569246574503
AMD,2026-09-11 11:29:00,516.2100219726562,-6.774754147295407e-05
AMD,2026-09-11 11:30:00,517.128173828125,0.0017770602128567893
AMD,2026-09-11 11:31:00,518.155029296875,0.0019837196283794757
AMD,2026-09-11 11:32:00,518.530029296875,0.0007234598651682545
AMD,2026-09-11 11:33:00,516.8740234375,-0.0031987652878818803
AMD,2026-09-11 11:34:00,517.739990234375,0.0016739904692040888
AMD,2026-09-11 11:35:00,517.3651123046875,-0.0007243282738303352
AMD,2026-09-11 11:36:00,517.1300048828125,-0.0004545355932892767
AMD,2026-09-11 11:37:00,516.8599853515625,-0.0005222865597119312
AMD,2026-09-11 11:38:00,516.0700073242188,-0.0015295870716641711
AMD,2026-09-11 11:39:00,516.2650146484375,0.00037779852932933437
AMD,2026-09-11 11:40:00,516.0150146484375,-0.00048436470297308007
AMD,2026-09-11 11:41:00,515.0700073242188,-0.001833035237024829
AMD,2026-09-11 11:42:00,514.8300170898438,-0.0004660456996402866
AMD,2026-09-11 11:43:00,515.22998046875,0.0007765827232492428
AMD,2026-09-11 11:44:00,514.6199951171875,-0.0011846102584955939
AMD,2026-09-11 11:45:00,514.8350219726562,0.00041774891573929154
AMD,2026-09-11 11:46:00,516.3699951171875,0.002977049670580794
AMD,2026-09-11 11:47:00,515.905029296875,-0.0009008565367962755
AMD,2026-09-11 11:48:00,516.114990234375,0.00040689315405367506
AMD,2026-09-11 11:49:00,515.8599853515625,-0.0004942075031575953
AMD,2026-09-11 11:50:00,516.280029296875,0.0008139282704677176
AMD,2026-09-11 11:51:00,516.0750122070312,-0.00039718330283021014
AMD,2026-09-11 11:52:00,516.1019897460938,5.2273086917399065e-05
AMD,2026-09-11 11:53:00,515.2899780273438,-0.0015745941637969154
AMD,2026-09-11 11:54:00,515.0451049804688,-0.0004753270184115501
AMD,2026-09-11 11:55:00,515.1199951171875,0.00014539443598618384
AMD,2026-09-11 11:56:00,515.5700073242188,0.0008732251880986707
AMD,2026-09-11 11:57:00,515.64501953125,0.00014548315377503043
AMD,2026-09-11 11:58:00,516.2650146484375,0.0012016458242584
AMD,2026-09-11 11:59:00,515.8699951171875,-0.0007654416269177349
AMD,2026-09-11 12:00:00,515.844970703125,-4.851032484051511e-05
AMD,2026-09-11 12:01:00,516.280029296875,0.0008430347477614321
AMD,2026-09-11 12:02:00,516.10498046875,-0.0003391154039369357
AMD,2026-09-11 12:03:00,515.9600219726562,-0.00028090962624268486
AMD,2026-09-11 12:04:00,515.8505249023438,-0.0002122425886325079
AMD,2026-09-11 12:05:00,515.7249755859375,-0.0002434127545036387
AMD,2026-09-11 12:06:00,515.6900024414062,-6.78158554795031e-05
AMD,2026-09-11 12:07:00,514.9550170898438,-0.001426263092001616
AMD,2026-09-11 12:08:00,514.47998046875,-0.0009229075287674743
AMD,2026-09-11 12:09:00,514.3900146484375,-0.0001748827761889671
AMD,2026-09-11 12:10:00,514.0650024414062,-0.0006320397342616801
AMD,2026-09-11 12:11:00,514.2849731445312,0.0004278129269263571
AMD,2026-09-11 12:12:00,513.780029296875,-0.0009823189916219925
AMD,2026-09-11 12:13:00,513.7999877929688,3.884562907865244e-05
AMD,2026-09-11 12:14:00,514.1121215820312,0.0006073161232550407
AMD,2026-09-11 12:15:00,514.27001953125,0.0003070803043869036
AMD,2026-09-11 12:16:00,514.22998046875,-7.78591395629119e-05
AMD,2026-09-11 12:17:00,514.177490234375,-0.00010208061671249749
AMD,2026-09-11 12:18:00,514.0579833984375,-0.00023245032784828114
AMD,2026-09-11 12:19:00,513.969970703125,-0.0001712262690453172
AMD,2026-09-11 12:20:00,513.875,-0.00018479577388080167
AMD,2026-09-11 12:21:00,513.4249877929688,-0.0008761067675712445
AMD,2026-09-11 12:22:00,512.9400024414062,-0.0009450544246406898
AMD,2026-09-11 12:23:00,513.1649780273438,0.0004385040396933526
AMD,2026-09-11 12:24:00,513.35498046875,0.0003701875292409763
AMD,2026-09-11 12:25:00,513.3099975585938,-8.762918994566495e-05
AMD,2026-09-11 12:26:00,513.030029296875,-0.0005455663061699871
AMD,2026-09-11 12:27:00,513.1671752929688,0.0002672897495663323
AMD,2026-09-11 12:28:00,513.198974609375,6.196485809563818e-05
AMD,2026-09-11 12:29:00,511.8999938964844,-0.002534353166031343
AMD,2026-09-11 12:30:00,512.5999755859375,0.001366484761787851
AMD,2026-09-11 12:31:00,512.6599731445312,0.0001170387251282455
AMD,2026-09-11 12:32:00,512.8250122070312,0.0003218751445070447
AMD,2026-09-11 12:33:00,513.3250122070312,0.0009745164501762666
AMD,2026-09-11 12:34:00,512.4749755859375,-0.0016573149264476
AMD,2026-09-11 12:35:00,512.1599731445312,-0.0006148579095811962
AMD,2026-09-11 12:36:00,511.7300109863281,-0.0008398601219670522
AMD,2026-09-11 12:37:00,512.02001953125,0.0005665612581868643
AMD,2026-09-11 12:38:00,512.02001953125,0.0
AMD,2026-09-11 12:39:00,511.6380004882813,-0.0007463802426831768
AMD,2026-09-11 12:40:00,511.8450012207031,0.0004045025367272781
AMD,2026-09-11 12:41:00,511.9100036621094,0.00012698827587366386
AMD,2026-09-11 12:42:00,512.1900024414062,0.0005468192258665747
AMD,2026-09-11 12:43:00,512.6799926757812,0.0009561998576276658
AMD,2026-09-11 12:44:00,512.9400024414062,0.000507029450348307
AMD,2026-09-11 12:45:00,512.8800048828125,-0.00011697482644862146
AMD,2026-09-11 12:46:00,512.5,-0.0007411981868185427
AMD,2026-09-11 12:47:00,512.6998901367188,0.0003899534933135531
AMD,2026-09-11 12:48:00,512.1553955078125,-0.0010625786640599342
AMD,2026-09-11 12:49:00,511.9949951171875,-0.0003132360118295386
AMD,2026-09-11 12:50:00,512.3062744140625,0.0006077885788424082
AMD,2026-09-11 12:51:00,512.6500244140625,0.0006707603305259286
AMD,2026-09-11 12:52:00,512.5499877929688,-0.0001951553262194728
AMD,2026-09-11 12:53:00,512.719970703125,0.0003315866427277685
AMD,2026-09-11 12:54:00,513.4118041992188,0.0013484303241416697
AMD,2026-09-11 12:55:00,512.8200073242188,-0.0011533396917832739
AMD,2026-09-11 12:56:00,512.7999877929688,-3.903888642548885e-05
AMD,2026-09-11 12:57:00,512.7999877929688,0.0
AMD,2026-09-11 12:58:00,513.0800170898438,0.0005459299381939005
AMD,2026-09-11 12:59:00,513.1199951171875,7.791468892684926e-05
AMD,2026-09-11 13:00:00,513.1500244140625,5.852123965839825e-05
AMD,2026-09-11 13:01:00,513.239990234375,0.0001753053308369586
AMD,2026-09-11 13:02:00,513.0800170898438,-0.0003117412594223888
AMD,2026-09-11 13:03:00,513.330078125,0.0004872536645331051
AMD,2026-09-11 13:04:00,513.3900146484375,0.00011675338571338946
AMD,2026-09-11 13:05:00,513.6500244140625,0.000506328402575706
AMD,2026-09-11 13:06:00,513.25,-0.0007790912937697866
AMD,2026-09-11 13:07:00,513.3699951171875,0.00023376734975875574
AMD,2026-09-11 13:08:00,512.8099975585938,-0.0010914218132877535
AMD,2026-09-11 13:09:00,512.7899780273438,-3.9039648457698586e-05
AMD,2026-09-11 13:10:00,512.7100219726562,-0.00015593574812193908
AMD,2026-09-11 13:11:00,512.4600219726562,-0.0004877239760022638
AMD,2026-09-11 13:12:00,512.260009765625,-0.00039037435275269324
AMD,2026-09-11 13:13:00,512.3400268554688,0.00015619185466817734
AMD,2026-09-11 13:14:00,511.7250061035156,-0.001201136267915245
AMD,2026-09-11 13:15:00,511.6549987792969,-0.0001368158924230244
AMD,2026-09-11 13:16:00,511.7049865722656,9.769346803475825e-05
AMD,2026-09-11 13:17:00,512.0,0.0005763641669637669
AMD,2026-09-11 13:18:00,513.2999877929688,0.0025358207452741595
AMD,2026-09-11 13:19:00,513.5214233398438,0.00043130294695224963
AMD,2026-09-11 13:20:00,513.7299194335938,0.00040593005417750237
AMD,2026-09-11 13:21:00,513.9199829101562,0.0003698992785309151
AMD,2026-09-11 13:22:00,513.739990234375,-0.0003502961725190584
AMD,2026-09-11 13:23:00,515.155029296875,0.0027506012329692876
AMD,2026-09-11 13:24:00,515.1799926757812,4.84568191485668e-05
AMD,2026-09-11 13:25:00,515.469970703125,0.0005627090579709589
AMD,2026-09-11 13:26:00,516.260009765625,0.001531484461771877
AMD,2026-09-11 13:27:00,515.6400146484375,-0.0012016574806161511
AMD,2026-09-11 13:28:00,515.9199829101562,0.0005428055939653988
AMD,2026-09-11 13:29:00,516.0,0.00015508390442923846
AMD,2026-09-11 13:30:00,515.8900146484375,-0.00021317262579862456
AMD,2026-09-11 13:31:00,516.3099975585938,0.0008137626978606256
AMD,2026-09-11 13:32:00,515.5999755859375,-0.0013761318393740558
AMD,2026-09-11 13:33:00,515.6917114257812,0.00017790474070720347
AMD,2026-09-11 13:34:00,516.3200073242188,0.001217614034118934
AMD,2026-09-11 13:35:00,516.0499877929688,-0.000523106131879975
AMD,2026-09-11 13:36:00,515.9199829101562,-0.0002519547800633259
AMD,2026-09-11 13:37:00,516.0050048828125,0.0001647832426860206
AMD,2026-09-11 13:38:00,515.639892578125,-0.000707825572210092
AMD,2026-09-11 13:39:00,515.59521484375,-8.664897864977424e-05
AMD,2026-09-11 13:40:00,516.364990234375,0.0014918705771980825
AMD,2026-09-11 13:41:00,516.0,-0.0007070953645949693
AMD,2026-09-11 13:42:00,516.5944213867188,0.0011513164124608143
AMD,2026-09-11 13:43:00,517.010986328125,0.0008060425397366106
AMD,2026-09-11 13:44:00,516.8200073242188,-0.0003694588520778024
AMD,2026-09-11 13:45:00,516.469970703125,-0.0006775186867714578
AMD,2026-09-11 13:46:00,516.3599853515625,-0.00021297862505533272
AMD,2026-09-11 13:47:00,515.9119873046875,-0.0008679845755162739
AMD,2026-09-11 13:48:00,515.9349975585938,4.460012821206624e-05
AMD,2026-09-11 13:49:00,516.1500244140625,0.0004166843893712646
AMD,2026-09-11 13:50:00,516.5800170898438,0.000832730110190176
AMD,2026-09-11 13:51:00,516.7498168945312,0.000328645899172662
AMD,2026-09-11 13:52:00,518.2899780273438,0.0029760445484619314
AMD,2026-09-11 13:53:00,518.5,0.00040513889983492205
AMD,2026-09-11 13:54:00,517.97998046875,-0.0010034339006680755
AMD,2026-09-11 13:55:00,517.8099975585938,-0.00032821887696957624
AMD,2026-09-11 13:56:00,517.72998046875,-0.00015454176893374592
AMD,2026-09-11 13:57:00,517.5147705078125,-0.00041576634672060625
AMD,2026-09-11 13:58:00,517.1699829101562,-0.0006664592462182264
AMD,2026-09-11 13:59:00,516.97998046875,-0.00036745626895993115
AMD,2026-09-11 14:00:00,516.8150024414062,-0.0003191697221819394
AMD,2026-09-11 14:01:00,516.9000244140625,0.0001644978947564761
AMD,2026-09-11 14:02:00,517.0499877929688,0.00029007858830185475
AMD,2026-09-11 14:03:00,517.0,-9.668351355891636e-05
AMD,2026-09-11 14:04:00,516.8250122070312,-0.00033852497777411654
AMD,2026-09-11 14:05:00,516.8200073242188,-9.683948972728546e-06
AMD,2026-09-11 14:06:00,516.6400146484375,-0.00034833021843963226
AMD,2026-09-11 14:07:00,517.4199829101562,0.0015085554251731423
AMD,2026-09-11 14:08:00,517.364990234375,-0.00010628812219006729
AMD,2026-09-11 14:09:00,517.3699951171875,9.673748125601535e-06
AMD,2026-09-11 14:10:00,517.3099975585938,-0.00011597316868150477
AMD,2026-09-11 14:11:00,516.72998046875,-0.0011218466655060618
AMD,2026-09-11 14:12:00,517.3049926757812,0.0011121717954146924
AMD,2026-09-11 14:13:00,516.5,-0.0015573398158852001
AMD,2026-09-11 14:14:00,516.84228515625,0.0006624816843080619
AMD,2026-09-11 14:15:00,516.3289794921875,-0.0009936507602564787
AMD,2026-09-11 14:16:00,516.46337890625,0.0002602641542189043
AMD,2026-09-11 14:17:00,516.6599731445312,0.0003805823191663848
AMD,2026-09-11 14:18:00,516.8300170898438,0.00032906742871965044
AMD,2026-09-11 14:19:00,517.3499145507812,0.001005429497958263
AMD,2026-09-11 14:20:00,516.9600219726562,-0.0007539183040302588
AMD,2026-09-11 14:21:00,517.25,0.0005607720458745656
AMD,2026-09-11 14:22:00,517.1649780273438,-0.00016438658498520224
AMD,2026-09-11 14:23:00,517.14501953125,-3.859287088654523e-05
AMD,2026-09-11 14:24:00,517.3350219726562,0.00036733902234901457
AMD,2026-09-11 14:25:00,517.6699829101562,0.0006472644047402554
AMD,2026-09-11 14:26:00,517.9249877929688,0.0004924799659723452
AMD,2026-09-11 14:27:00,518.0499877929688,0.00024131857149521833
AMD,2026-09-11 14:28:00,518.2901000976562,0.00046338516050802074
AMD,2026-09-11 14:29:00,518.030029296875,-0.0005019121000628354
AMD,2026-09-11 14:30:00,517.7899780273438,-0.0004634999751528322
AMD,2026-09-11 14:31:00,517.5050048828125,-0.0005505158557368553
AMD,2026-09-11 14:32:00,517.3375244140625,-0.00032368300581156576
AMD,2026-09-11 14:33:00,517.8900146484375,0.0010673794233286974
AMD,2026-09-11 14:34:00,518.239990234375,0.0006755437977816344
AMD,2026-09-11 14:35:00,518.1649780273438,-0.00014475462673256003
AMD,2026-09-11 14:36:00,518.4500122070312,0.0005499325970707018
AMD,2026-09-11 14:37:00,518.0,-0.00086837229004688
AMD,2026-09-11 14:38:00,518.0,0.0
AMD,2026-09-11 14:39:00,518.2100219726562,0.00040536565190211067
AMD,2026-09-11 14:40:00,518.1799926757812,-5.794979970661843e-05
AMD,2026-09-11 14:41:00,518.0999755859375,-0.0001544314132348161
AMD,2026-09-11 14:42:00,518.0800170898438,-3.8523222292043344e-05
AMD,2026-09-11 14:43:00,518.0499877929688,-5.79643418140488e-05
AMD,2026-09-11 14:44:00,517.9349975585938,-0.0002219920876714639
AMD,2026-09-11 14:45:00,518.0449829101562,0.0002123310373739215
AMD,2026-09-11 14:46:00,518.0549926757812,1.932200726034122e-05
AMD,2026-09-11 14:47:00,518.1300048828125,0.00014478535655122965
AMD,2026-09-11 14:48:00,518.0800170898438,-9.648197169984133e-05
AMD,2026-09-11 14:49:00,518.0800170898438,0.0
AMD,2026-09-11 14:50:00,518.0850219726562,9.660396990574253e-06
AMD,2026-09-11 14:51:00,517.5700073242188,-0.0009945680295494243
AMD,2026-09-11 14:52:00,517.635009765625,0.0001255837064514327
AMD,2026-09-11 14:53:00,517.469970703125,-0.0003188837209995391
AMD,2026-09-11 14:54:00,517.0650024414062,-0.0007828991632300364
AMD,2026-09-11 14:55:00,517.4600219726562,0.0007636732628514334
AMD,2026-09-11 14:56:00,518.1400146484375,0.0013132343558529462
AMD,2026-09-11 14:57:00,517.6550903320312,-0.0009363325806485992
AMD,2026-09-11 14:58:00,517.5800170898438,-0.0001450361213233525
AMD,2026-09-11 14:59:00,517.5601196289062,-3.844399465180483e-05
AMD,2026-09-11 15:00:00,517.5250244140625,-6.781126182551749e-05
AMD,2026-09-11 15:01:00,517.2249755859375,-0.0005799445982793051
AMD,2026-09-11 15:02:00,516.7249755859375,-0.0009671648775816502
AMD,2026-09-11 15:03:00,516.3499755859375,-0.0007259880148002484
AMD,2026-09-11 15:04:00,516.2100219726562,-0.0002710808368893351
AMD,2026-09-11 15:05:00,516.4400024414062,0.00044541803537506534
AMD,2026-09-11 15:06:00,516.010009765625,-0.0008329559698940991
AMD,2026-09-11 15:07:00,515.875,-0.0002616759912542596
AMD,2026-09-11 15:08:00,515.7921752929688,-0.00016056478134170908
AMD,2026-09-11 15:09:00,515.8300170898438,7.336367358395934e-05
AMD,2026-09-11 15:10:00,515.5599975585938,-0.0005236031638547356
AMD,2026-09-11 15:11:00,515.9210205078125,0.000700008934023162
AMD,2026-09-11 15:12:00,516.2874755859375,0.0007100408394384299
AMD,2026-09-11 15:13:00,516.2750244140625,-2.4117032868457345e-05
AMD,2026-09-11 15:14:00,516.4749755859375,0.00038722086540479245
AMD,2026-09-11 15:15:00,516.6799926757812,0.0003968757811420524
AMD,2026-09-11 15:16:00,516.9500122070312,0.0005224684579913873
AMD,2026-09-11 15:17:00,517.3099975585938,0.0006961215994052448
AMD,2026-09-11 15:18:00,517.2899780273438,-3.870004199677037e-05
AMD,2026-09-11 15:19:00,516.7000122070312,-0.0011411442855464849
AMD,2026-09-11 15:20:00,516.6099853515625,-0.00017424946223153025
AMD,2026-09-11 15:21:00,516.8400268554688,0.0004451913590177782
AMD,2026-09-11 15:22:00,516.1199951171875,-0.0013941136918822995
AMD,2026-09-11 15:23:00,515.9199829101562,-0.0003876055458969425
AMD,2026-09-11 15:24:00,516.0903930664062,0.00033024892339388365
AMD,2026-09-11 15:25:00,516.1099853515625,3.796217395040352e-05
AMD,2026-09-11 15:26:00,516.6619873046875,0.0010689717000543367
AMD,2026-09-11 15:27:00,516.3408203125,-0.0006218124484609973
AMD,2026-09-11 15:28:00,516.094970703125,-0.0004762516297115485
AMD,2026-09-11 15:29:00,516.260009765625,0.00031973316742470176
AMD,2026-09-11 15:30:00,516.2550048828125,-9.69454727828852e-06
AMD,2026-09-11 15:31:00,516.1649780273438,-0.00017439967685081278
AMD,2026-09-11 15:32:00,516.0,-0.0003196737580924759
AMD,2026-09-11 15:33:00,516.239990234375,0.00046498922919006137
AMD,2026-09-11 15:34:00,516.5549926757812,0.0006099999639547154
AMD,2026-09-11 15:35:00,515.9201049804688,-0.0012298364905379807
AMD,2026-09-11 15:36:00,516.1300048828125,0.0004067630112759894
AMD,2026-09-11 15:37:00,515.885009765625,-0.000474789839900331
AMD,2026-09-11 15:38:00,515.5999755859375,-0.0005526676412947417
AMD,2026-09-11 15:39:00,515.7650146484375,0.0003200400740210535
AMD,2026-09-11 15:40:00,515.5850219726562,-0.00034904284911523834
AMD,2026-09-11 15:41:00,515.3499755859375,-0.000455986830106723
AMD,2026-09-11 15:42:00,515.5999755859375,0.0004849896052008173
AMD,2026-09-11 15:43:00,515.4249877929688,-0.0003394443410477754
AMD,2026-09-11 15:44:00,515.5460205078125,0.0002347936351755651
AMD,2026-09-11 15:45:00,515.8800048828125,0.0006476167528281076
AMD,2026-09-11 15:46:00,515.3900146484375,-0.0009502657150251968
AMD,2026-09-11 15:47:00,515.3599853515625,-5.826688699200026e-05
AMD,2026-09-11 15:48:00,515.3300170898438,-5.815184324324318e-05
AMD,2026-09-11 15:49:00,515.4400024414062,0.0002134042509888099
AMD,2026-09-11 15:50:00,515.5700073242188,0.0002521893721111129
AMD,2026-09-11 15:51:00,515.125,-0.0008635092800645232
AMD,2026-09-11 15:52:00,515.0399780273438,-0.00016506477052265718
AMD,2026-09-11 15:53:00,515.405029296875,0.0007085313281317273
AMD,2026-09-11 15:54:00,515.97998046875,0.0011149109711459228
AMD,2026-09-11 15:55:00,516.0999755859375,0.00023253066203687982
AMD,2026-09-11 15:56:00,515.8900146484375,-0.0004069049940092541
AMD,2026-09-11 15:57:00,516.280029296875,0.0007557178573183753
AMD,2026-09-11 15:58:00,515.875,-0.0007848226403365013
AMD,2026-09-11 15:59:00,516.280029296875,0.0007848226403364851
BTC,2026-09-08 09:30:00,78329.2109375,
BTC,2026-09-08 09:31:00,78212.28125,-0.0014939133083859007
BTC,2026-09-08 09:32:00,78075.3828125,-0.00175187815793196
BTC,2026-09-08 09:33:00,78112.28125,0.000472488508076796
BTC,2026-09-08 09:34:00,78085.1796875,-0.00034701668784242534
BTC,2026-09-08 09:35:00,78127.8984375,0.0005469292530130222
BTC,2026-09-08 09:36:00,78059.953125,-0.0008700461157046845
BTC,2026-09-08 09:37:00,78015.9609375,-0.0005637280925666192
BTC,2026-09-08 09:38:00,77913.6484375,-0.0013122910407183342
BTC,2026-09-08 09:39:00,77828.828125,-0.0010892381161300025
BTC,2026-09-08 09:40:00,77736.859375,-0.0011823784819451743
BTC,2026-09-08 09:41:00,77688.203125,-0.0006261056075106191
BTC,2026-09-08 09:42:00,77670.71875,-0.0002250836303805299
BTC,2026-09-08 09:43:00,77692.8671875,0.0002851174876841382
BTC,2026-09-08 09:44:00,77805.4765625,0.0014483677699712659
BTC,2026-09-08 09:45:00,77762.3984375,-0.0005538177609105428
BTC,2026-09-08 09:46:00,77719.078125,-0.0005572408312389677
BTC,2026-09-08 09:47:00,77846.4375,0.0016373732050118126
BTC,2026-09-08 09:48:00,77803.203125,-0.000555534544613189
BTC,2026-09-08 09:49:00,77825.7578125,0.00028985206252152783
BTC,2026-09-08 09:50:00,77713.9765625,-0.0014373339351968118
BTC,2026-09-08 09:51:00,77669.9921875,-0.0005661378909115096
BTC,2026-09-08 09:52:00,77659.6796875,-0.00013278210004135315
BTC,2026-09-08 09:53:00,77682.9765625,0.00029994176405959074
BTC,2026-09-08 09:54:00,77775.6015625,0.0011916358952687575
BTC,2026-09-08 09:55:00,77940.0,0.002111522505537177
BTC,2026-09-08 09:56:00,77969.1171875,0.0003735148830778067
BTC,2026-09-08 09:57:00,78031.140625,0.0007951710034051055
BTC,2026-09-08 09:58:00,77922.921875,-0.0013878287700229567
BTC,2026-09-08 09:59:00,77933.046875,0.0001299276517344923
BTC,2026-09-08 10:00:00,77956.25,0.0002976872131248863
BTC,2026-09-08 10:01:00,77871.15625,-0.001092153947833782
BTC,2026-09-08 10:02:00,77939.4609375,0.0008767655646134493
BTC,2026-09-08 10:03:00,77905.25,-0.00043903880784568
BTC,2026-09-08 10:04:00,77992.078125,0.0011139143309555784
BTC,2026-09-08 10:05:00,78053.90625,0.0007924347234318689
BTC,2026-09-08 10:06:00,77998.9921875,-0.0007037878221615026
BTC,2026-09-08 10:07:00,78020.0,0.0002692981454683004
BTC,2026-09-08 10:08:00,78070.5234375,0.0006473607513356116
BTC,2026-09-08 10:09:00,78051.1328125,-0.0002484040403550527
BTC,2026-09-08 10:10:00,78074.8984375,0.000304441546272424
BTC,2026-09-08 10:11:00,78096.359375,0.00027483850659462016
BTC,2026-09-08 10:12:00,78108.171875,0.00015124401229581685
BTC,2026-09-08 10:13:00,78118.3203125,0.0001299195465785744
BTC,2026-09-08 10:14:00,78116.4609375,-2.3802318346948283e-05
BTC,2026-09-08 10:15:00,78260.53125,0.0018426029462106342
BTC,2026-09-08 10:16:00,78225.46875,-0.0004481231622861845
BTC,2026-09-08 10:17:00,78210.7578125,-0.0001880758423622978
BTC,2026-09-08 10:18:00,78284.2578125,0.0009393271103334296
BTC,2026-09-08 10:19:00,78273.28125,-0.00014022400433366214
BTC,2026-09-08 10:20:00,78328.6171875,0.0007067084161198514
BTC,2026-09-08 10:21:00,78295.5390625,-0.0004223885546620037
BTC,2026-09-08 10:22:00,78345.40625,0.0006367069489420052
BTC,2026-09-08 10:23:00,78331.0,-0.00018389814248886572
BTC,2026-09-08 10:24:00,78317.8515625,-0.00016787148325347803
BTC,2026-09-08 10:25:00,78315.3125,-3.2420496839507054e-05
BTC,2026-09-08 10:26:00,78234.671875,-0.0010302221677545916
BTC,2026-09-08 10:27:00,78242.421875,9.905603204422045e-05
BTC,2026-09-08 10:28:00,78273.2890625,0.00039442925844690154
BTC,2026-09-08 10:29:00,78317.859375,0.0005692571278560145
BTC,2026-09-08 10:30:00,78286.203125,-0.00040428389820563044
BTC,2026-09-08 10:31:00,78277.2109375,-0.0001148695889615589
BTC,2026-09-08 10:32:00,78262.359375,-0.0001897483494418196
BTC,2026-09-08 10:33:00,78336.5,0.0009468859586256779
BTC,2026-09-08 10:34:00,78356.28125,0.0002524845107386271
BTC,2026-09-08 10:35:00,78313.21875,-0.0005497241145780575
BTC,2026-09-08 10:36:00,78311.8984375,-1.6859524496928852e-05
BTC,2026-09-08 10:37:00,78309.21875,-3.4218725397770656e-05
BTC,2026-09-08 10:38:00,78369.5625,0.0007702862187499108
BTC,2026-09-08 10:39:00,78320.65625,-0.0006242412829375689
BTC,2026-09-08 10:40:00,78287.546875,-0.00042283066700994664
BTC,2026-09-08 10:41:00,78333.4921875,0.0005867067935825262
BTC,2026-09-08 10:42:00,78327.34375,-7.849361285948367e-05
BTC,2026-09-08 10:43:00,78351.671875,0.0003105473326911896
BTC,2026-09-08 10:44:00,78381.359375,0.000378828892905072
BTC,2026-09-08 10:45:00,78373.84375,-9.588995906903002e-05
BTC,2026-09-08 10:46:00,78439.6875,0.00083977133024995
BTC,2026-09-08 10:47:00,78452.3125,0.00016093873527331086
BTC,2026-09-08 10:48:00,78520.65625,0.0008707709978687719
BTC,2026-09-08 10:49:00,78537.78125,0.00021807169790381739
BTC,2026-09-08 10:50:00,78554.96875,0.00021881977454194085
BTC,2026-09-08 10:51:00,78507.953125,-0.0005986852382856915
BTC,2026-09-08 10:52:00,78481.609375,-0.00033561148687542033
BTC,2026-09-08 10:53:00,78497.5625,0.0002032514869885548
BTC,2026-09-08 10:54:00,78501.4765625,4.986097398024766e-05
BTC,2026-09-08 10:55:00,78498.3671875,-3.9609912037376936e-05
BTC,2026-09-08 10:56:00,78510.90625,0.00015972384626874276
BTC,2026-09-08 10:57:00,78539.203125,0.0003603547354258221
BTC,2026-09-08 10:58:00,78531.2421875,-0.00010136773332471838
BTC,2026-09-08 10:59:00,78538.6171875,9.390725928905494e-05
BTC,2026-09-08 11:00:00,78562.9765625,0.00031010984183880465
BTC,2026-09-08 11:01:00,78529.3671875,-0.00042789323413859213
BTC,2026-09-08 11:02:00,78550.78125,0.00027265141834499455
BTC,2026-09-08 11:03:00,78641.0078125,0.0011479807303796236
BTC,2026-09-08 11:04:00,78528.2109375,-0.0014353560482502235
BTC,2026-09-08 11:05:00,78489.25,-0.0004962624929351594
BTC,2026-09-08 11:06:00,78476.7421875,-0.00015936971253664072
BTC,2026-09-08 11:07:00,78511.2890625,0.00044012113895043744
BTC,2026-09-08 11:08:00,78534.9609375,0.0003014637430601787
BTC,2026-09-08 11:09:00,78574.078125,0.0004979622883791898
BTC,2026-09-08 11:10:00,78579.203125,6.522294617143422e-05
BTC,2026-09-08 11:11:00,78567.84375,-0.0001445700093724439
BTC,2026-09-08 11:12:00,78620.7109375,0.0006726595278964345
BTC,2026-09-08 11:13:00,78603.6796875,-0.00021664895629630522
BTC,2026-09-08 11:14:00,78625.9296875,0.00028302557307071383
BTC,2026-09-08 11:15:00,78679.9921875,0.0006873549512202277
BTC,2026-09-08 11:16:00,78681.9609375,2.5021931426397788e-05
BTC,2026-09-08 11:17:00,78646.59375,-0.0004495965550055856
BTC,2026-09-08 11:18:00,78623.3125,-0.0002960674514938643
BTC,2026-09-08 11:19:00,78594.3671875,-0.0003682195651860352
BTC,2026-09-08 11:20:00,78569.140625,-0.000321023156937143
BTC,2026-09-08 11:21:00,78517.4375,-0.0006582755507715408
BTC,2026-09-08 11:22:00,78485.8828125,-0.00040196204592437955
BTC,2026-09-08 11:23:00,78488.25,3.0160223952353816e-05
BTC,2026-09-08 11:24:00,78523.078125,0.00044363837930847227
BTC,2026-09-08 11:25:00,78511.2109375,-0.00015114135382073907
BTC,2026-09-08 11:26:00,78463.03125,-0.0006138547107029821
BTC,2026-09-08 11:27:00,78462.1171875,-1.1649662391422059e-05
BTC,2026-09-08 11:28:00,78450.0,-0.0001544455296540988
BTC,2026-09-08 11:29:00,78442.09375,-0.00010078583079264947
BTC,2026-09-08 11:30:00,78452.7890625,0.0001363373020820021
BTC,2026-09-08 11:31:00,78471.75,0.00024165675687878692
BTC,2026-09-08 11:32:00,78449.40625,-0.00028477677178732815
BTC,2026-09-08 11:33:00,78472.25,0.0002911484712470342
BTC,2026-09-08 11:34:00,78525.796875,0.000682134308574453
BTC,2026-09-08 11:35:00,78537.203125,0.0001452442652953853
BTC,2026-09-08 11:36:00,78553.8515625,0.00021195907807027887
BTC,2026-09-08 11:37:00,78535.9921875,-0.0002273778450676151
BTC,2026-09-08 11:38:00,78612.953125,0.0009794649719051906
BTC,2026-09-08 11:39:00,78609.703125,-4.1342642059093526e-05
BTC,2026-09-08 11:40:00,78581.578125,-0.0003578442783399795
BTC,2026-09-08 11:41:00,78624.6796875,0.0005483441203899351
BTC,2026-09-08 11:42:00,78666.5625,0.0005325511186432677
BTC,2026-09-08 11:43:00,78688.6328125,0.000280515843164807
BTC,2026-09-08 11:44:00,78698.03125,0.00011943118010867068
BTC,2026-09-08 11:45:00,78670.9609375,-0.00034403617117603156
BTC,2026-09-08 11:46:00,78697.3828125,0.00033579657278787905
BTC,2026-09-08 11:47:00,78706.65625,0.00011782972744493904
BTC,2026-09-08 11:48:00,78726.6796875,0.0002543735415213061
BTC,2026-09-08 11:49:00,78766.2890625,0.0005029986563781315
BTC,2026-09-08 11:50:00,78741.953125,-0.0003090116092423869
BTC,2026-09-08 11:51:00,78853.9375,0.0014211588056481383
BTC,2026-09-08 11:52:00,78799.4921875,-0.0006906962287138559
BTC,2026-09-08 11:53:00,78780.9296875,-0.00023559398896118457
BTC,2026-09-08 11:54:00,78817.296875,0.00046151773327339106
BTC,2026-09-08 11:55:00,78851.40625,0.00043267147957793957
BTC,2026-09-08 11:56:00,78860.9921875,0.00012156225644613607
BTC,2026-09-08 11:57:00,78893.4765625,0.00041183461510200186
BTC,2026-09-08 11:58:00,78852.59375,-0.000518337012571576
BTC,2026-09-08 11:59:00,78897.53125,0.000569730150331424
BTC,2026-09-08 12:00:00,78807.8984375,-0.0011367119360306862
BTC,2026-09-08 12:01:00,78757.3203125,-0.0006419960843951917
BTC,2026-09-08 12:02:00,78763.9765625,8.451238195749013e-05
BTC,2026-09-08 12:03:00,78785.0,0.0002668812972763256
BTC,2026-09-08 12:04:00,78821.7734375,0.00046664794114191396
BTC,2026-09-08 12:05:00,78799.546875,-0.0002820248251094162
BTC,2026-09-08 12:06:00,78810.6796875,0.00014127017975075373
BTC,2026-09-08 12:07:00,78790.21875,-0.0002596550884901871
BTC,2026-09-08 12:08:00,78776.7265625,-0.0001712565729596868
BTC,2026-09-08 12:09:00,78729.796875,-0.0005959078756173109
BTC,2026-09-08 12:10:00,78683.8671875,-0.0005835540272432332
BTC,2026-09-08 12:11:00,78642.5703125,-0.0005249832972093647
BTC,2026-09-08 12:12:00,78633.046875,-0.00012110507250829136
BTC,2026-09-08 12:13:00,78623.2734375,-0.00012429945573141666
BTC,2026-09-08 12:14:00,78634.9609375,0.0001486408653635187
BTC,2026-09-08 12:15:00,78589.09375,-0.0005834627391129519
BTC,2026-09-08 12:16:00,78577.1484375,-0.0001520086292926346
BTC,2026-09-08 12:17:00,78601.0078125,0.0003035965779534917
BTC,2026-09-08 12:18:00,78633.2109375,0.0004096198105767046
BTC,2026-09-08 12:19:00,78621.2734375,-0.0001518239695405671
BTC,2026-09-08 12:20:00,78587.6171875,-0.0004281723556521941
BTC,2026-09-08 12:21:00,78640.8515625,0.0006771595177058899
BTC,2026-09-08 12:22:00,78641.0234375,2.1855665186127307e-06
BTC,2026-09-08 12:23:00,78602.8203125,-0.0004859093347070596
BTC,2026-09-08 12:24:00,78622.34375,0.00024835003629047246
BTC,2026-09-08 12:25:00,78674.703125,0.0006657388421977182
BTC,2026-09-08 12:26:00,78671.671875,-3.852964519045657e-05
BTC,2026-09-08 12:27:00,78652.890625,-0.00023875801452456015
BTC,2026-09-08 12:28:00,78663.7265625,0.00013775960494023695
BTC,2026-09-08 12:29:00,78631.4296875,-0.00041065314690977924
BTC,2026-09-08 12:30:00,78611.40625,-0.00025468171556237995
BTC,2026-09-08 12:31:00,78658.90625,0.0006040555358383361
BTC,2026-09-08 12:32:00,78669.53125,0.00013506776250999937
BTC,2026-09-08 12:33:00,78705.0,0.0004507559173497758
BTC,2026-09-08 12:34:00,78643.828125,-0.0007775320453384844
BTC,2026-09-08 12:35:00,78696.2890625,0.0006668475959190476
BTC,2026-09-08 12:36:00,78696.8984375,7.743346579058658e-06
BTC,2026-09-08 12:37:00,78795.8125,0.0012561098849191528
BTC,2026-09-08 12:38:00,78819.4296875,0.0002996815199973877
BTC,2026-09-08 12:39:00,78864.9921875,0.0005778947688837335
BTC,2026-09-08 12:40:00,78939.6796875,0.0009465816783414279
BTC,2026-09-08 12:41:00,78894.359375,-0.000574278071000766
BTC,2026-09-08 12:42:00,78864.2890625,-0.00038121919986002086
BTC,2026-09-08 12:43:00,78815.5390625,-0.0006183416373923886
BTC,2026-09-08 12:44:00,78787.171875,-0.000359983500760784
BTC,2026-09-08 12:45:00,78763.0703125,-0.00030595399097293016
BTC,2026-09-08 12:46:00,78781.2109375,0.0002302923969851156
BTC,2026-09-08 12:47:00,78818.7734375,0.00047668152836716134
BTC,2026-09-08 12:48:00,78800.703125,-0.0002292903513355647
BTC,2026-09-08 12:49:00,78809.25,0.00010845603134725115
BTC,2026-09-08 12:50:00,78848.4375,0.0004971213447113384
BTC,2026-09-08 12:51:00,78847.96875,-5.9449674364192685e-06
BTC,2026-09-08 12:52:00,78793.953125,-0.0006852952117238968
BTC,2026-09-08 12:53:00,78786.890625,-8.963652988086646e-05
BTC,2026-09-08 12:54:00,78777.453125,-0.00011979233101437832
BTC,2026-09-08 12:55:00,78746.09375,-0.0003981547652575072
BTC,2026-09-08 12:56:00,78686.3203125,-0.0007593536658654584
BTC,2026-09-08 12:57:00,78697.28125,0.0001392894483147349
BTC,2026-09-08 12:58:00,78732.90625,0.0004525815686789127
BTC,2026-09-08 12:59:00,78730.8203125,-2.6494197053024337e-05
BTC,2026-09-08 13:00:00,78776.8984375,0.0005850903902384031
BTC,2026-09-08 13:01:00,78820.8125,0.0005572931659391395
BTC,2026-09-08 13:02:00,78833.15625,0.00015659295002974752
BTC,2026-09-08 13:03:00,78818.2734375,-0.00018880656615307545
BTC,2026-09-08 13:04:00,78828.6796875,0.00013201967825987655
BTC,2026-09-08 13:05:00,78791.34375,-0.00047374613179265956
BTC,2026-09-08 13:06:00,78879.2109375,0.001114566975048673
BTC,2026-09-08 13:07:00,78822.6328125,-0.0007175328592497722
BTC,2026-09-08 13:08:00,78734.5625,-0.0011179473142802496
BTC,2026-09-08 13:09:00,78696.5703125,-0.00048265152589331073
BTC,2026-09-08 13:10:00,78671.1875,-0.0003225922904788234
BTC,2026-09-08 13:11:00,78709.5234375,0.0004871745467389949
BTC,2026-09-08 13:12:00,78701.09375,-0.0001071044337246364
BTC,2026-09-08 13:13:00,78700.2734375,-1.0423194088700273e-05
BTC,2026-09-08 13:14:00,78700.2421875,-3.970762087002508e-07
BTC,2026-09-08 13:15:00,78664.6328125,-0.0004525708244332811
BTC,2026-09-08 13:16:00,78694.15625,0.00037523722726028204
BTC,2026-09-08 13:17:00,78673.0234375,-0.0002685796704116143
BTC,2026-09-08 13:18:00,78632.8125,-0.0005112453474620066
BTC,2026-09-08 13:19:00,78627.1015625,-7.263055606455904e-05
BTC,2026-09-08 13:20:00,78596.5625,-0.0003884792161048902
BTC,2026-09-08 13:21:00,78590.6875,-7.475160997775767e-05
BTC,2026-09-08 13:22:00,78597.609375,8.807112414963421e-05
BTC,2026-09-08 13:23:00,78580.3515625,-0.00021959583221990182
BTC,2026-09-08 13:24:00,78583.421875,3.907150398889926e-05
BTC,2026-09-08 13:25:00,78547.6875,-0.00045483514700787745
BTC,2026-09-08 13:26:00,78542.890625,-6.107145391840988e-05
BTC,2026-09-08 13:27:00,78553.6484375,0.00013695798241032136
BTC,2026-09-08 13:28:00,78583.4296875,0.00037904803515426155
BTC,2026-09-08 13:29:00,78582.4609375,-1.2327738495393263e-05
BTC,2026-09-08 13:30:00,78612.9609375,0.00038805201855029466
BTC,2026-09-08 13:31:00,78568.2421875,-0.0005690088931434684
BTC,2026-09-08 13:32:00,78545.78125,-0.0002859189416907805
BTC,2026-09-08 13:33:00,78583.3515625,0.0004782093879536763
BTC,2026-09-08 13:34:00,78615.7734375,0.0004124943502035709
BTC,2026-09-08 13:35:00,78623.4375,9.748284108501792e-05
BTC,2026-09-08 13:36:00,78615.546875,-0.00010036474145376926
BTC,2026-09-08 13:37:00,78629.5078125,0.00017756917779602384
BTC,2026-09-08 13:38:00,78606.7421875,-0.0002895722221698767
BTC,2026-09-08 13:39:00,78580.53125,-0.0003334994897454105
BTC,2026-09-08 13:40:00,78553.28125,-0.0003468381481951536
BTC,2026-09-08 13:41:00,78580.421875,0.0003454462630248827
BTC,2026-09-08 13:42:00,78557.390625,-0.00029313441237984855
BTC,2026-09-08 13:43:00,78560.53125,3.997793457215435e-05
BTC,2026-09-08 13:44:00,78515.28125,-0.0005761549220284851
BTC,2026-09-08 13:45:00,78546.34375,0.00039554538424002366
BTC,2026-09-08 13:46:00,78566.1015625,0.00025151174453241646
BTC,2026-09-08 13:47:00,78548.25,-0.00022724292719646262
BTC,2026-09-08 13:48:00,78513.359375,-0.00044429222026669404
BTC,2026-09-08 13:49:00,78510.28125,-3.920587993179402e-05
BTC,2026-09-08 13:50:00,78519.71875,0.0001201999619354088
BTC,2026-09-08 13:51:00,78568.84375,0.0006254433909075736
BTC,2026-09-08 13:52:00,78612.9375,0.0005610542240455765
BTC,2026-09-08 13:53:00,78612.953125,1.9875861335509295e-07
BTC,2026-09-08 13:54:00,78587.921875,-0.0003184619705399289
BTC,2026-09-08 13:55:00,78580.3515625,-9.633385085016668e-05
BTC,2026-09-08 13:56:00,78556.65625,-0.00030158793284233433
BTC,2026-09-08 13:57:00,78547.1015625,-0.00012163537836166113
BTC,2026-09-08 13:58:00,78501.5,-0.0005807318667966276
BTC,2026-09-08 13:59:00,78493.1796875,-0.0001059948340204733
BTC,2026-09-08 14:00:00,78531.78125,0.0004916614918690181
BTC,2026-09-08 14:01:00,78542.9765625,0.0001425475700216429
BTC,2026-09-08 14:02:00,78547.9921875,6.385631257635058e-05
BTC,2026-09-08 14:03:00,78507.46875,-0.0005160398518762623
BTC,2026-09-08 14:04:00,78522.6328125,0.00019313574144391523
BTC,2026-09-08 14:05:00,78577.8203125,0.0007025759782651768
BTC,2026-09-08 14:06:00,78612.953125,0.0004470085911114881
BTC,2026-09-08 14:07:00,78655.9921875,0.0005473307332088363
BTC,2026-09-08 14:08:00,78655.796875,-2.4831260410961534e-06
BTC,2026-09-08 14:09:00,78658.53125,3.476320349020991e-05
BTC,2026-09-08 14:10:00,78696.5703125,0.0004834805209779217
BTC,2026-09-08 14:11:00,78664.25,-0.0004107796704451649
BTC,2026-09-08 14:12:00,78639.328125,-0.0003168634242854498
BTC,2026-09-08 14:13:00,78660.6875,0.0002715749905860207
BTC,2026-09-08 14:14:00,78658.5,-2.780970376091667e-05
BTC,2026-09-08 14:15:00,78667.1328125,0.00010974451339355561
BTC,2026-09-08 14:16:00,78723.3203125,0.0007139886984417292
BTC,2026-09-08 14:17:00,78733.2109375,0.0001256299111188967
BTC,2026-09-08 14:18:00,78729.8515625,-4.266873699998092e-05
BTC,2026-09-08 14:19:00,78747.0234375,0.00021808757721491435
BTC,2026-09-08 14:20:00,78749.203125,2.7679234578606506e-05
BTC,2026-09-08 14:21:00,78745.21875,-5.059703008418182e-05
BTC,2026-09-08 14:22:00,78744.3125,-1.1508701471310677e-05
BTC,2026-09-08 14:23:00,78782.6015625,0.00048612725618232366
BTC,2026-09-08 14:24:00,78778.546875,-5.146811306096013e-05
BTC,2026-09-08 14:25:00,78737.34375,-0.0005231615143879438
BTC,2026-09-08 14:26:00,78712.3984375,-0.00031686698704162184
BTC,2026-09-08 14:27:00,78712.546875,1.8858192989161357e-06
BTC,2026-09-08 14:28:00,78708.9296875,-4.595545130971418e-05
BTC,2026-09-08 14:29:00,78723.53125,0.00018549621158065073
BTC,2026-09-08 14:30:00,78724.703125,1.4885844921342598e-05
BTC,2026-09-08 14:31:00,78757.203125,0.0004127458351919893
BTC,2026-09-08 14:32:00,78760.4375,4.106682892938585e-05
BTC,2026-09-08 14:33:00,78729.0234375,-0.0003989354300869325
BTC,2026-09-08 14:34:00,78724.78125,-5.388485225163812e-05
BTC,2026-09-08 14:35:00,78646.5078125,-0.0009947614259362776
BTC,2026-09-08 14:36:00,78642.53125,-5.056375860075847e-05
BTC,2026-09-08 14:37:00,78612.7890625,-0.0003782662207616542
BTC,2026-09-08 14:38:00,78602.828125,-0.00012671689608859807
BTC,2026-09-08 14:39:00,78577.921875,-0.0003169122199562915
BTC,2026-09-08 14:40:00,78592.90625,0.0001906762880128947
BTC,2026-09-08 14:41:00,78576.6796875,-0.00020648476562258567
BTC,2026-09-08 14:42:00,78589.0390625,0.00015727825538270563
BTC,2026-09-08 14:43:00,78593.15625,5.238745384308815e-05
BTC,2026-09-08 14:44:00,78593.171875,1.988086393285044e-07
BTC,2026-09-08 14:45:00,78612.9609375,0.000251759422491823
BTC,2026-09-08 14:46:00,78638.03125,0.0003188572913107469
BTC,2026-09-08 14:47:00,78515.3515625,-0.001561273581574092
BTC,2026-09-08 14:48:00,78394.53125,-0.0015399965153550432
BTC,2026-09-08 14:49:00,78310.7890625,-0.0010687856073371108
BTC,2026-09-08 14:50:00,78392.703125,0.0010454657878713465
BTC,2026-09-08 14:51:00,78362.171875,-0.00038954131903163626
BTC,2026-09-08 14:52:00,78280.6484375,-0.0010408832616500077
BTC,2026-09-08 14:53:00,78396.4375,0.0014780602139381018
BTC,2026-09-08 14:54:00,78361.3125,-0.0004481437196930598
BTC,2026-09-08 14:55:00,78383.859375,0.00028768828903361787
BTC,2026-09-08 14:56:00,78375.5078125,-0.0001065526438099644
BTC,2026-09-08 14:57:00,78390.546875,0.00019186631412151166
BTC,2026-09-08 14:58:00,78414.59375,0.00030671029141859864
BTC,2026-09-08 14:59:00,78423.4921875,0.00011347291643303749
BTC,2026-09-08 15:00:00,78423.3828125,-1.3946723516063919e-06
BTC,2026-09-08 15:01:00,78435.46875,0.00015409952837889474
BTC,2026-09-08 15:02:00,78480.6015625,0.0005752478207578939
BTC,2026-09-08 15:03:00,78513.578125,0.00042009917884368265
BTC,2026-09-08 15:04:00,78494.9921875,-0.0002367506124006328
BTC,2026-09-08 15:05:00,78471.8984375,-0.0002942499539193059
BTC,2026-09-08 15:06:00,78457.7421875,-0.00018041524828599058
BTC,2026-09-08 15:07:00,78442.53125,-0.00019389306614192762
BTC,2026-09-08 15:08:00,78446.0,4.421929344256843e-05
BTC,2026-09-08 15:09:00,78448.8671875,3.654915615430916e-05
BTC,2026-09-08 15:10:00,78447.171875,-2.1610647536955816e-05
BTC,2026-09-08 15:11:00,78447.9375,9.759705105687068e-06
BTC,2026-09-08 15:12:00,78476.2578125,0.00036094259079753806
BTC,2026-09-08 15:13:00,78469.921875,-8.07402577885168e-05
BTC,2026-09-08 15:14:00,78462.40625,-9.578173083315725e-05
BTC,2026-09-08 15:15:00,78486.5234375,0.00030732529030743207
BTC,2026-09-08 15:16:00,78506.71875,0.00025727620284790836
BTC,2026-09-08 15:17:00,78430.0,-0.0009777030732179804
BTC,2026-09-08 15:18:00,78462.25,0.0004111101785360783
BTC,2026-09-08 15:19:00,78433.1171875,-0.00037136613218155686
BTC,2026-09-08 15:20:00,78430.9921875,-2.7093514362122413e-05
BTC,2026-09-08 15:21:00,78434.3984375,4.3428955067287156e-05
BTC,2026-09-08 15:22:00,78398.03125,-0.0004637712777172206
BTC,2026-09-08 15:23:00,78427.9921875,0.0003820914055944333
BTC,2026-09-08 15:24:00,78382.4296875,-0.0005811157286280991
BTC,2026-09-08 15:25:00,78376.65625,-7.366000468913433e-05
BTC,2026-09-08 15:26:00,78379.546875,3.688051818937278e-05
BTC,2026-09-08 15:27:00,78401.8125,0.0002840340871957823
BTC,2026-09-08 15:28:00,78444.7421875,0.000547410029599406
BTC,2026-09-08 15:29:00,78445.421875,8.66450110589048e-06
BTC,2026-09-08 15:30:00,78456.75,0.0001443973003598856
BTC,2026-09-08 15:31:00,78463.0625,8.045510509901868e-05
BTC,2026-09-08 15:32:00,78438.75,-0.00030990719364171063
BTC,2026-09-08 15:33:00,78361.25,-0.0009885204886595363
BTC,2026-09-08 15:34:00,78438.53125,0.0009857316845922606
BTC,2026-09-08 15:35:00,78439.78125,1.59359184849268e-05
BTC,2026-09-08 15:36:00,78414.3515625,-0.00032424632066527915
BTC,2026-09-08 15:37:00,78445.796875,0.0004009343766974724
BTC,2026-09-08 15:38:00,78452.78125,8.903044359064815e-05
BTC,2026-09-08 15:39:00,78452.078125,-8.962437528109366e-06
BTC,2026-09-08 15:40:00,78512.7578125,0.00077316285727745
BTC,2026-09-08 15:41:00,78438.1796875,-0.0009503368606877592
BTC,2026-09-08 15:42:00,78438.5,4.083621614639576e-06
BTC,2026-09-08 15:43:00,78392.0078125,-0.000592897255902846
BTC,2026-09-08 15:44:00,78404.3984375,0.00015804730889101961
BTC,2026-09-08 15:45:00,78395.609375,-0.00011210538356236279
BTC,2026-09-08 15:46:00,78375.03125,-0.0002625252411567787
BTC,2026-09-08 15:47:00,78383.6328125,0.00010974273811373576
BTC,2026-09-08 15:48:00,78335.46875,-0.0006146546724192568
BTC,2026-09-08 15:49:00,78401.859375,0.0008471578502044392
BTC,2026-09-08 15:50:00,78318.609375,-0.0010624012101843271
BTC,2026-09-08 15:51:00,78350.1328125,0.00040242153585032454
BTC,2026-09-08 15:52:00,78322.859375,-0.00034815748898006627
BTC,2026-09-08 15:53:00,78349.359375,0.0003382858871105632
BTC,2026-09-08 15:54:00,78333.40625,-0.00020363599010388166
BTC,2026-09-08 15:55:00,78341.0234375,9.723587341216915e-05
BTC,2026-09-08 15:56:00,78349.671875,0.00011038865443193135
BTC,2026-09-08 15:57:00,78339.6484375,-0.00012794027689550712
BTC,2026-09-08 15:58:00,78356.7421875,0.00021817669187701
BTC,2026-09-08 15:59:00,78435.5703125,0.0010055101603479576
BTC,2026-09-09 09:30:00,79568.3203125,0.014338500179158114
BTC,2026-09-09 09:31:00,79514.0,-0.0006829208236899671
BTC,2026-09-09 09:32:00,79590.5234375,0.0009619266850155318
BTC,2026-09-09 09:33:00,79617.90625,0.00034398697134021503
BTC,2026-09-09 09:34:00,79661.7734375,0.0005508196487484053
BTC,2026-09-09 09:35:00,79449.3203125,-0.0026705020530416695
BTC,2026-09-09 09:36:00,79389.203125,-0.0007569598239710742
BTC,2026-09-09 09:37:00,79312.0,-0.0009729369351947468
BTC,2026-09-09 09:38:00,79280.640625,-0.00039547075179685
BTC,2026-09-09 09:39:00,79328.9609375,0.0006092987249053444
BTC,2026-09-09 09:40:00,79402.9609375,0.0009323897107385236
BTC,2026-09-09 09:41:00,79328.5078125,-0.0009381017015267507
BTC,2026-09-09 09:42:00,79180.7734375,-0.0018640475385713758
BTC,2026-09-09 09:43:00,79111.9765625,-0.0008692360115260317
BTC,2026-09-09 09:44:00,79221.703125,0.0013860169268135902
BTC,2026-09-09 09:45:00,79214.453125,-9.151951393743885e-05
BTC,2026-09-09 09:46:00,79320.3125,0.0013354722582884623
BTC,2026-09-09 09:47:00,79300.71875,-0.00024705109965875415
BTC,2026-09-09 09:48:00,79347.96875,0.0005956557490844976
BTC,2026-09-09 09:49:00,79284.9765625,-0.0007941880003155261
BTC,2026-09-09 09:50:00,79319.2578125,0.0004322866998972308
BTC,2026-09-09 09:51:00,79303.84375,-0.00019434826827471346
BTC,2026-09-09 09:52:00,79334.90625,0.00039161302515287
BTC,2026-09-09 09:53:00,79264.203125,-0.0008915955450489984
BTC,2026-09-09 09:54:00,79157.3828125,-0.0013485577493313199
BTC,2026-09-09 09:55:00,79187.03125,0.0003744803758568698
BTC,2026-09-09 09:56:00,79198.5625,0.00014560983416922612
BTC,2026-09-09 09:57:00,79231.9765625,0.0004218134103836931
BTC,2026-09-09 09:58:00,79187.171875,-0.00056564738715665
BTC,2026-09-09 09:59:00,79117.6484375,-0.0008783490209902168
BTC,2026-09-09 10:00:00,79069.5078125,-0.0006086540478684961
BTC,2026-09-09 10:01:00,78908.84375,-0.0020340017008919535
BTC,2026-09-09 10:02:00,78931.7265625,0.00028994842853154743
BTC,2026-09-09 10:03:00,78914.9921875,-0.00021203323319248632
BTC,2026-09-09 10:04:00,79041.28125,0.0015990386030380146
BTC,2026-09-09 10:05:00,79127.9921875,0.0010964322501108297
BTC,2026-09-09 10:06:00,79011.109375,-0.0014782281248481779
BTC,2026-09-09 10:07:00,78992.953125,-0.00022982004123998218
BTC,2026-09-09 10:08:00,79022.71875,0.00037674269898511925
BTC,2026-09-09 10:09:00,78971.421875,-0.0006493516354411345
BTC,2026-09-09 10:10:00,78943.359375,-0.0003554132181075196
BTC,2026-09-09 10:11:00,78888.96875,-0.0006892203618767123
BTC,2026-09-09 10:12:00,78926.2734375,0.0004727640711724547
BTC,2026-09-09 10:13:00,79035.21875,0.0013793909929014547
BTC,2026-09-09 10:14:00,79059.9921875,0.00031339896453364425
BTC,2026-09-09 10:15:00,79052.453125,-9.536330287991558e-05
BTC,2026-09-09 10:16:00,78983.0703125,-0.0008780660885435138
BTC,2026-09-09 10:17:00,79016.6875,0.0004255346776819598
BTC,2026-09-09 10:18:00,78979.7265625,-0.00046787059558978995
BTC,2026-09-09 10:19:00,78943.3515625,-0.0004606673207634231
BTC,2026-09-09 10:20:00,78889.34375,-0.0006843678934961608
BTC,2026-09-09 10:21:00,78974.546875,0.0010794505689171955
BTC,2026-09-09 10:22:00,78940.03125,-0.0004371429916029712
BTC,2026-09-09 10:23:00,78898.609375,-0.0005248635668287041
BTC,2026-09-09 10:24:00,78933.3828125,0.0004406386510198593
BTC,2026-09-09 10:25:00,78999.96875,0.0008432157082279421
BTC,2026-09-09 10:26:00,79099.1875,0.0012551460156916053
BTC,2026-09-09 10:27:00,79124.796875,0.00032371040743015266
BTC,2026-09-09 10:28:00,79220.3125,0.0012064235764769984
BTC,2026-09-09 10:29:00,79223.0625,3.471271677064397e-05
BTC,2026-09-09 10:30:00,79221.1171875,-2.455517777850627e-05
BTC,2026-09-09 10:31:00,79238.078125,0.0002140732512408294
BTC,2026-09-09 10:32:00,79240.96875,3.6479585879827814e-05
BTC,2026-09-09 10:33:00,79306.703125,0.0008292064839440175
BTC,2026-09-09 10:34:00,79280.2734375,-0.00033331473135528593
BTC,2026-09-09 10:35:00,79359.9921875,0.0010050255071888062
BTC,2026-09-09 10:36:00,79280.640625,-0.00100039400639089
BTC,2026-09-09 10:37:00,79223.609375,-0.000719617959280465
BTC,2026-09-09 10:38:00,79230.0078125,8.076101533105878e-05
BTC,2026-09-09 10:39:00,79276.7578125,0.0005898802006494154
BTC,2026-09-09 10:40:00,79244.7265625,-0.00040412503784231947
BTC,2026-09-09 10:41:00,79136.7734375,-0.0013632039312377075
BTC,2026-09-09 10:42:00,79125.0,-0.00014878434970102687
BTC,2026-09-09 10:43:00,79079.5390625,-0.0005747109282790233
BTC,2026-09-09 10:44:00,78972.34375,-0.0013564574749618573
BTC,2026-09-09 10:45:00,79017.21875,0.0005680755170999823
BTC,2026-09-09 10:46:00,79079.359375,0.0007861097177061746
BTC,2026-09-09 10:47:00,79012.796875,-0.0008420721876669402
BTC,2026-09-09 10:48:00,79000.8984375,-0.00015060007930267746
BTC,2026-09-09 10:49:00,79116.34375,0.0014602497667780953
BTC,2026-09-09 10:50:00,79065.65625,-0.0006408757220779759
BTC,2026-09-09 10:51:00,79031.71875,-0.0004293240228849601
BTC,2026-09-09 10:52:00,78935.453125,-0.0012188056008618155
BTC,2026-09-09 10:53:00,78946.6796875,0.00014221447758447977
BTC,2026-09-09 10:54:00,78893.390625,-0.0006752285958715231
BTC,2026-09-09 10:55:00,78908.828125,0.00019565631169863736
BTC,2026-09-09 10:56:00,78882.5234375,-0.00033341102009956804
BTC,2026-09-09 10:57:00,78899.78125,0.00021875472795257708
BTC,2026-09-09 10:58:00,78914.0,0.00018019655730765712
BTC,2026-09-09 10:59:00,78941.828125,0.0003525764695394722
BTC,2026-09-09 11:00:00,79404.4609375,0.005843321388817978
BTC,2026-09-09 11:01:00,78749.84375,-0.008278256190028891
BTC,2026-09-09 11:02:00,78726.2734375,-0.000299350950442222
BTC,2026-09-09 11:03:00,78813.859375,0.001111919165743642
BTC,2026-09-09 11:04:00,78793.46875,-0.00025875224656551535
BTC,2026-09-09 11:05:00,78705.5234375,-0.0011167731351019558
BTC,2026-09-09 11:06:00,78658.0625,-0.0006032010348049871
BTC,2026-09-09 11:07:00,78560.796875,-0.0012373278599778713
BTC,2026-09-09 11:08:00,78630.75,0.0008900367864372691
BTC,2026-09-09 11:09:00,78595.5625,-0.00044760320366194075
BTC,2026-09-09 11:10:00,78506.8828125,-0.0011289410135174654
BTC,2026-09-09 11:11:00,78295.03125,-0.0027021569560825276
BTC,2026-09-09 11:12:00,78339.1796875,0.0005637138707421042
BTC,2026-09-09 11:13:00,78440.4609375,0.0012920206180529717
BTC,2026-09-09 11:14:00,78470.2578125,0.0003797940076438013
BTC,2026-09-09 11:15:00,78594.1171875,0.001577180066135166
BTC,2026-09-09 11:16:00,78583.9609375,-0.00012923239850350636
BTC,2026-09-09 11:17:00,78592.203125,0.00010487833898622897
BTC,2026-09-09 11:18:00,78520.953125,-0.0009069896701838278
BTC,2026-09-09 11:19:00,78509.953125,-0.00014009980940288733
BTC,2026-09-09 11:20:00,78477.1328125,-0.0004181275521125619
BTC,2026-09-09 11:21:00,78286.3203125,-0.002434401519368827
BTC,2026-09-09 11:22:00,78114.0625,-0.0022027808251540207
BTC,2026-09-09 11:23:00,78106.6796875,-9.451769850943854e-05
BTC,2026-09-09 11:24:00,78047.578125,-0.0007569638657311921
BTC,2026-09-09 11:25:00,78130.640625,0.001063688758860934
BTC,2026-09-09 11:26:00,78222.0078125,0.0011687323344147544
BTC,2026-09-09 11:27:00,78230.5625,0.00010935822264146609
BTC,2026-09-09 11:28:00,78351.3984375,0.0015434212314617848
BTC,2026-09-09 11:29:00,78351.046875,-4.487007197560864e-06
BTC,2026-09-09 11:30:00,78417.59375,0.0008489820251267768
BTC,2026-09-09 11:31:00,78380.09375,-0.00047832339000503034
BTC,2026-09-09 11:32:00,78427.5234375,0.0006049411348391478
BTC,2026-09-09 11:33:00,78454.96875,0.0003498836918932493
BTC,2026-09-09 11:34:00,78568.71875,0.0014488262466476924
BTC,2026-09-09 11:35:00,78573.859375,6.542625255564054e-05
BTC,2026-09-09 11:36:00,78662.9765625,0.0011335409608185035
BTC,2026-09-09 11:37:00,78633.96875,-0.00036882868603980415
BTC,2026-09-09 11:38:00,78577.2421875,-0.000721660556185823
BTC,2026-09-09 11:39:00,78675.421875,0.001248687274613741
BTC,2026-09-09 11:40:00,78628.0,-0.0006029350903032503
BTC,2026-09-09 11:41:00,78640.578125,0.00015995725499363936
BTC,2026-09-09 11:42:00,78603.7421875,-0.00046851852074039456
BTC,2026-09-09 11:43:00,78660.2109375,0.0007181398064179908
BTC,2026-09-09 11:44:00,78627.78125,-0.00041236063234723015
BTC,2026-09-09 11:45:00,78576.328125,-0.000654602822303981
BTC,2026-09-09 11:46:00,78635.8515625,0.0007572370087683785
BTC,2026-09-09 11:47:00,78575.03125,-0.0007737417975935056
BTC,2026-09-09 11:48:00,78537.546875,-0.00047716581522082156
BTC,2026-09-09 11:49:00,78587.8515625,0.0006403126384275613
BTC,2026-09-09 11:50:00,78578.03125,-0.00012496748450797597
BTC,2026-09-09 11:51:00,78558.078125,-0.0002539597701203009
BTC,2026-09-09 11:52:00,78576.140625,0.00022989900256282852
BTC,2026-09-09 11:53:00,78587.75,0.0001477359077196831
BTC,2026-09-09 11:54:00,78655.6796875,0.000864006742422684
BTC,2026-09-09 11:55:00,78586.2421875,-0.0008831932818630454
BTC,2026-09-09 11:56:00,78591.4296875,6.600810331400292e-05
BTC,2026-09-09 11:57:00,78623.609375,0.00040937162425812296
BTC,2026-09-09 11:58:00,78600.390625,-0.00029535885321314647
BTC,2026-09-09 11:59:00,78576.40625,-0.0003051897692664751
BTC,2026-09-09 12:00:00,78579.578125,4.036594613995955e-05
BTC,2026-09-09 12:01:00,78609.203125,0.000376935301809473
BTC,2026-09-09 12:02:00,78667.65625,0.0007433150423228546
BTC,2026-09-09 12:03:00,78716.6328125,0.0006223818701689678
BTC,2026-09-09 12:04:00,78729.2109375,0.00015977716181226614
BTC,2026-09-09 12:05:00,78754.8671875,0.00032582659189984845
BTC,2026-09-09 12:06:00,78694.671875,-0.0007646299352951763
BTC,2026-09-09 12:07:00,78660.8515625,-0.00042985860657390577
BTC,2026-09-09 12:08:00,78541.421875,-0.0015194399911109932
BTC,2026-09-09 12:09:00,78483.640625,-0.0007359494298302614
BTC,2026-09-09 12:10:00,78518.7421875,0.0004471468834554565
BTC,2026-09-09 12:11:00,78512.3828125,-8.099508939362402e-05
BTC,2026-09-09 12:12:00,78585.0,0.0009244863456277524
BTC,2026-09-09 12:13:00,78587.2265625,2.833277289306721e-05
BTC,2026-09-09 12:14:00,78645.7265625,0.0007441188572326486
BTC,2026-09-09 12:15:00,78536.9375,-0.0013842376386718957
BTC,2026-09-09 12:16:00,78519.171875,-0.00022623284310898824
BTC,2026-09-09 12:17:00,78490.90625,-0.0003600485477479413
BTC,2026-09-09 12:18:00,78504.578125,0.0001741690226184754
BTC,2026-09-09 12:19:00,78535.9921875,0.0004000757620340762
BTC,2026-09-09 12:20:00,78578.90625,0.0005462761837860533
BTC,2026-09-09 12:21:00,78606.078125,0.0003457311826406502
BTC,2026-09-09 12:22:00,78471.109375,-0.001718502672024049
BTC,2026-09-09 12:23:00,78457.9296875,-0.0001679700278511564
BTC,2026-09-09 12:24:00,78485.3984375,0.00035004674118565307
BTC,2026-09-09 12:25:00,78537.84375,0.0006679942882282805
BTC,2026-09-09 12:26:00,78554.921875,0.00021742726343040002
BTC,2026-09-09 12:27:00,78603.1015625,0.0006131368663916019
BTC,2026-09-09 12:28:00,78578.6484375,-0.00031114458513506905
BTC,2026-09-09 12:29:00,78607.59375,0.0003682932096899914
BTC,2026-09-09 12:30:00,78691.453125,0.0010662414631338285
BTC,2026-09-09 12:31:00,78744.0,0.0006675354998920511
BTC,2026-09-09 12:32:00,78744.953125,1.2104023566186969e-05
BTC,2026-09-09 12:33:00,78766.5234375,0.0002738887744003719
BTC,2026-09-09 12:34:00,78855.59375,0.0011301754293124562
BTC,2026-09-09 12:35:00,78833.1484375,-0.00028467869475288967
BTC,2026-09-09 12:36:00,78837.2109375,5.153156264758678e-05
BTC,2026-09-09 12:37:00,78778.1796875,-0.0007490544232519402
BTC,2026-09-09 12:38:00,78774.046875,-5.246276223592043e-05
BTC,2026-09-09 12:39:00,78795.3203125,0.0002700199665578612
BTC,2026-09-09 12:40:00,78758.546875,-0.0004668046405233322
BTC,2026-09-09 12:41:00,78770.3828125,0.00015027001765016267
BTC,2026-09-09 12:42:00,78739.5703125,-0.0003912451217428363
BTC,2026-09-09 12:43:00,78752.1015625,0.00015913539906267066
BTC,2026-09-09 12:44:00,78791.7734375,0.0005036295551133808
BTC,2026-09-09 12:45:00,78767.3671875,-0.0003098043071115399
BTC,2026-09-09 12:46:00,78770.953125,4.552463798659062e-05
BTC,2026-09-09 12:47:00,78774.6015625,4.631596883693799e-05
BTC,2026-09-09 12:48:00,78763.0,-0.00014728626570298986
BTC,2026-09-09 12:49:00,78729.578125,-0.0004244247684507397
BTC,2026-09-09 12:50:00,78746.6328125,0.00021660017681586025
BTC,2026-09-09 12:51:00,78743.4765625,-4.008188213145734e-05
BTC,2026-09-09 12:52:00,78744.9609375,1.885059022249144e-05
BTC,2026-09-09 12:53:00,78733.5,-0.00014555562014012972
BTC,2026-09-09 12:54:00,78717.0,-0.00020958968133351385
BTC,2026-09-09 12:55:00,78719.6171875,3.324750679974108e-05
BTC,2026-09-09 12:56:00,78740.7421875,0.0002683215027653969
BTC,2026-09-09 12:57:00,78752.15625,0.0001449470120014169
BTC,2026-09-09 12:58:00,78784.640625,0.0004124036555876347
BTC,2026-09-09 12:59:00,78783.1796875,-1.8543602331284335e-05
BTC,2026-09-09 13:00:00,78767.609375,-0.0001976545169128448
BTC,2026-09-09 13:01:00,78712.09375,-0.0007050512059405445
BTC,2026-09-09 13:02:00,78794.7265625,0.0010492602151100485
BTC,2026-09-09 13:03:00,78728.671875,-0.0008386651383462837
BTC,2026-09-09 13:04:00,78708.0,-0.0002626055908398379
BTC,2026-09-09 13:05:00,78767.2890625,0.000752995160756696
BTC,2026-09-09 13:06:00,78787.640625,0.0002583424416304131
BTC,2026-09-09 13:07:00,78727.578125,-0.0007626247595331454
BTC,2026-09-09 13:08:00,78766.46875,0.0004938678834170347
BTC,2026-09-09 13:09:00,78775.1796875,0.00011058583676473972
BTC,2026-09-09 13:10:00,78783.203125,0.00010184716755409454
BTC,2026-09-09 13:11:00,78839.7578125,0.000717594563513998
BTC,2026-09-09 13:12:00,78855.0078125,0.0001934116200635346
BTC,2026-09-09 13:13:00,78862.7109375,9.768242994107871e-05
BTC,2026-09-09 13:14:00,78846.578125,-0.0002045892496525859
BTC,2026-09-09 13:15:00,78863.9921875,0.00022083570601856713
BTC,2026-09-09 13:16:00,78832.953125,-0.00039365458651491515
BTC,2026-09-09 13:17:00,78805.0,-0.00035464968605402345
BTC,2026-09-09 13:18:00,78837.8125,0.00041628920409994807
BTC,2026-09-09 13:19:00,78805.90625,-0.00040478936539502003
BTC,2026-09-09 13:20:00,78797.546875,-0.00010608111487514762
BTC,2026-09-09 13:21:00,78785.0234375,-0.00015894445053825986
BTC,2026-09-09 13:22:00,78775.0390625,-0.0001267373832548648
BTC,2026-09-09 13:23:00,78788.7734375,0.00017433412935201838
BTC,2026-09-09 13:24:00,78834.2265625,0.0005767321553311492
BTC,2026-09-09 13:25:00,78882.34375,0.0006101729057071565
BTC,2026-09-09 13:26:00,78873.8828125,-0.00010726597222156234
BTC,2026-09-09 13:27:00,78833.0078125,-0.000518366708687056
BTC,2026-09-09 13:28:00,78864.9921875,0.0004056408507219139
BTC,2026-09-09 13:29:00,78839.6171875,-0.00032180416691109917
BTC,2026-09-09 13:30:00,78824.0078125,-0.0001980085774508397
BTC,2026-09-09 13:31:00,78762.53125,-0.0007802261028689066
BTC,2026-09-09 13:32:00,78755.640625,-8.748990573439435e-05
BTC,2026-09-09 13:33:00,78781.5390625,0.0003287914355795821
BTC,2026-09-09 13:34:00,78790.78125,0.00011730724650447095
BTC,2026-09-09 13:35:00,78794.546875,4.7791568485708523e-05
BTC,2026-09-09 13:36:00,78807.8515625,0.00016883864285718804
BTC,2026-09-09 13:37:00,78786.5625,-0.00027017534544158554
BTC,2026-09-09 13:38:00,78739.0703125,-0.0006029772817414132
BTC,2026-09-09 13:39:00,78715.296875,-0.0003019724140435304
BTC,2026-09-09 13:40:00,78715.296875,0.0
BTC,2026-09-09 13:41:00,78679.15625,-0.0004592363316191436
BTC,2026-09-09 13:42:00,78695.3515625,0.00020581875403189587
BTC,2026-09-09 13:43:00,78692.1484375,-4.0703677235367544e-05
BTC,2026-09-09 13:44:00,78685.8828125,-7.962515420408885e-05
BTC,2026-09-09 13:45:00,78696.9609375,0.00014077932199388606
BTC,2026-09-09 13:46:00,78696.1875,-9.828096174213992e-06
BTC,2026-09-09 13:47:00,78724.28125,0.0003569262691356446
BTC,2026-09-09 13:48:00,78716.1875,-0.00010281664011021081
BTC,2026-09-09 13:49:00,78749.7421875,0.00042618346806154586
BTC,2026-09-09 13:50:00,78728.296875,-0.00027235940655902593
BTC,2026-09-09 13:51:00,78708.0625,-0.0002570483107173096
BTC,2026-09-09 13:52:00,78726.9296875,0.00023968226285880917
BTC,2026-09-09 13:53:00,78748.4375,0.0002731578026183758
BTC,2026-09-09 13:54:00,78786.2734375,0.00048035049548559146
BTC,2026-09-09 13:55:00,78776.0390625,-0.00012990892113733934
BTC,2026-09-09 13:56:00,78773.703125,-2.9653333198025952e-05
BTC,2026-09-09 13:57:00,78796.390625,0.0002879670833068269
BTC,2026-09-09 13:58:00,78799.390625,3.807208513529394e-05
BTC,2026-09-09 13:59:00,78754.8828125,-0.0005649838968232287
BTC,2026-09-09 14:00:00,78743.8671875,-0.000139882062784128
BTC,2026-09-09 14:01:00,78768.1484375,0.00030830981491776553
BTC,2026-09-09 14:02:00,78750.2421875,-0.000227354406124728
BTC,2026-09-09 14:03:00,78731.1796875,-0.0002420920495400958
BTC,2026-09-09 14:04:00,78720.078125,-0.0001410158632281663
BTC,2026-09-09 14:05:00,78744.5078125,0.0003102880250890225
BTC,2026-09-09 14:06:00,78694.9921875,-0.0006290114822848223
BTC,2026-09-09 14:07:00,78660.2109375,-0.0004420730916512187
BTC,2026-09-09 14:08:00,78642.7265625,-0.00022230195252398351
BTC,2026-09-09 14:09:00,78665.7890625,0.00029321362640292976
BTC,2026-09-09 14:10:00,78662.0625,-4.7373207778414756e-05
BTC,2026-09-09 14:11:00,78624.6484375,-0.00047574347486400417
BTC,2026-09-09 14:12:00,78614.8125,-0.00012510774908776323
BTC,2026-09-09 14:13:00,78592.390625,-0.0002852525165047321
BTC,2026-09-09 14:14:00,78587.7109375,-5.9545546221949975e-05
BTC,2026-09-09 14:15:00,78587.8671875,1.9882223670921693e-06
BTC,2026-09-09 14:16:00,78600.1171875,0.00015586433115116335
BTC,2026-09-09 14:17:00,78615.9921875,0.00020195131551161127
BTC,2026-09-09 14:18:00,78606.4296875,-0.00012164295521912634
BTC,2026-09-09 14:19:00,78555.4765625,-0.0006484157389155662
BTC,2026-09-09 14:20:00,78576.3515625,0.00026570046784163854
BTC,2026-09-09 14:21:00,78627.8515625,0.0006551987900908264
BTC,2026-09-09 14:22:00,78589.8125,-0.0004839031729558075
BTC,2026-09-09 14:23:00,78550.0,-0.000506714373887341
BTC,2026-09-09 14:24:00,78590.59375,0.000516655180361098
BTC,2026-09-09 14:25:00,78585.9765625,-5.875160009093301e-05
BTC,2026-09-09 14:26:00,78577.0703125,-0.00011333771120656357
BTC,2026-09-09 14:27:00,78599.9921875,0.00029166946878786615
BTC,2026-09-09 14:28:00,78600.671875,8.647387134795813e-06
BTC,2026-09-09 14:29:00,78608.2890625,9.690525858751728e-05
BTC,2026-09-09 14:30:00,78593.953125,-0.00018238846138903355
BTC,2026-09-09 14:31:00,78595.546875,2.0278072009371486e-05
BTC,2026-09-09 14:32:00,78584.3828125,-0.0001420545554507721
BTC,2026-09-09 14:33:00,78619.4609375,0.0004462756729786722
BTC,2026-09-09 14:34:00,78566.3984375,-0.0006751561778729144
BTC,2026-09-09 14:35:00,78534.28125,-0.00040887395282223564
BTC,2026-09-09 14:36:00,78541.6015625,9.320733869814057e-05
BTC,2026-09-09 14:37:00,78528.8984375,-0.00016175061552232522
BTC,2026-09-09 14:38:00,78556.46875,0.0003510233101493953
BTC,2026-09-09 14:39:00,78533.9921875,-0.0002861607575564046
BTC,2026-09-09 14:40:00,78537.3515625,4.277514816268456e-05
BTC,2026-09-09 14:41:00,78515.28125,-0.0002810562580205979
BTC,2026-09-09 14:42:00,78488.4296875,-0.0003420500394730786
BTC,2026-09-09 14:43:00,78522.2890625,0.00043130017866849197
BTC,2026-09-09 14:44:00,78521.921875,-4.6762309518690486e-06
BTC,2026-09-09 14:45:00,78485.0078125,-0.0004702220883326012
BTC,2026-09-09 14:46:00,78516.7890625,0.0004048520598702799
BTC,2026-09-09 14:47:00,78514.9921875,-2.2885494716707238e-05
BTC,2026-09-09 14:48:00,78510.71875,-5.442978064604634e-05
BTC,2026-09-09 14:49:00,78520.9609375,0.00013044740443329594
BTC,2026-09-09 14:50:00,78523.8515625,3.681274095340004e-05
BTC,2026-09-09 14:51:00,78487.0390625,-0.0004689165258282742
BTC,2026-09-09 14:52:00,78471.8828125,-0.00019312377870657778
BTC,2026-09-09 14:53:00,78463.0703125,-0.0001123076769551443
BTC,2026-09-09 14:54:00,78411.4765625,-0.0006577708479545122
BTC,2026-09-09 14:55:00,78475.03125,0.0008101995750012567
BTC,2026-09-09 14:56:00,78442.2578125,-0.0004177160868932194
BTC,2026-09-09 14:57:00,78445.0,3.495742788185525e-05
BTC,2026-09-09 14:58:00,78454.5234375,0.00012139536568428916
BTC,2026-09-09 14:59:00,78399.3515625,-0.0007034812149246154
BTC,2026-09-09 15:00:00,78436.421875,0.00047272777604038217
BTC,2026-09-09 15:01:00,78459.25,0.00029099751303872894
BTC,2026-09-09 15:02:00,78437.4921875,-0.0002773520002534102
BTC,2026-09-09 15:03:00,78359.046875,-0.0010006001345947014
BTC,2026-09-09 15:04:00,78369.0078125,0.0001271110974135787
BTC,2026-09-09 15:05:00,78377.34375,0.00010636212485672519
BTC,2026-09-09 15:06:00,78405.1171875,0.00035429266289657805
BTC,2026-09-09 15:07:00,78385.8984375,-0.0002451511653221262
BTC,2026-09-09 15:08:00,78370.328125,-0.00019865638377048478
BTC,2026-09-09 15:09:00,78374.0,4.6851775047861884e-05
BTC,2026-09-09 15:10:00,78392.5234375,0.0002363187902625262
BTC,2026-09-09 15:11:00,78406.6484375,0.00018016676834833732
BTC,2026-09-09 15:12:00,78438.671875,0.00040834419389967235
BTC,2026-09-09 15:13:00,78448.5078125,0.00012538867143239098
BTC,2026-09-09 15:14:00,78470.3828125,0.0002788064592424215
BTC,2026-09-09 15:15:00,78506.328125,0.00045797001241233443
BTC,2026-09-09 15:16:00,78493.4296875,-0.00016431155956844946
BTC,2026-09-09 15:17:00,78481.2421875,-0.00015527982799919032
BTC,2026-09-09 15:18:00,78484.78125,4.509335744249859e-05
BTC,2026-09-09 15:19:00,78504.796875,0.00025499304281861954
BTC,2026-09-09 15:20:00,78485.1796875,-0.00024991643456032087
BTC,2026-09-09 15:21:00,78491.09375,7.534976303480636e-05
BTC,2026-09-09 15:22:00,78504.8828125,0.0001756613492571624
BTC,2026-09-09 15:23:00,78536.640625,0.00040445115709232375
BTC,2026-09-09 15:24:00,78554.15625,0.0002230000155454623
BTC,2026-09-09 15:25:00,78562.578125,0.00010720532146453007
BTC,2026-09-09 15:26:00,78551.421875,-0.00014201471566821253
BTC,2026-09-09 15:27:00,78516.9609375,-0.0004388017172632629
BTC,2026-09-09 15:28:00,78515.140625,-2.318395387910301e-05
BTC,2026-09-09 15:29:00,78512.4921875,-3.373212030033026e-05
BTC,2026-09-09 15:30:00,78514.09375,2.0398615820212627e-05
BTC,2026-09-09 15:31:00,78512.2578125,-2.33838140136224e-05
BTC,2026-09-09 15:32:00,78531.2265625,0.00024157321989827082
BTC,2026-09-09 15:33:00,78502.59375,-0.0003646706519694538
BTC,2026-09-09 15:34:00,78519.65625,0.00021732588938383265
BTC,2026-09-09 15:35:00,78485.7421875,-0.00043201142591234965
BTC,2026-09-09 15:36:00,78423.0078125,-0.0007996288077335817
BTC,2026-09-09 15:37:00,78390.0234375,-0.0004206841130934309
BTC,2026-09-09 15:38:00,78353.65625,-0.0004640338701384979
BTC,2026-09-09 15:39:00,78328.3203125,-0.00032340589870874325
BTC,2026-09-09 15:40:00,78345.6328125,0.00022100036062356083
BTC,2026-09-09 15:41:00,78340.296875,-6.810997659715852e-05
BTC,2026-09-09 15:42:00,78348.640625,0.00010650081800311644
BTC,2026-09-09 15:43:00,78365.4765625,0.00021486178612256052
BTC,2026-09-09 15:44:00,78282.171875,-0.0010635933087281967
BTC,2026-09-09 15:45:00,78275.0,-9.161988453322078e-05
BTC,2026-09-09 15:46:00,78279.3984375,5.619053242906553e-05
BTC,2026-09-09 15:47:00,78300.0078125,0.0002632450283545895
BTC,2026-09-09 15:48:00,78295.5,-5.7572692399921195e-05
BTC,2026-09-09 15:49:00,78320.71875,0.0003220451932659089
BTC,2026-09-09 15:50:00,78227.3984375,-0.0011922254349699915
BTC,2026-09-09 15:51:00,78286.140625,0.0007506339785050747
BTC,2026-09-09 15:52:00,78203.203125,-0.0010599764275050162
BTC,2026-09-09 15:53:00,78150.5625,-0.0006733528518297803
BTC,2026-09-09 15:54:00,78215.90625,0.0008357770604662863
BTC,2026-09-09 15:55:00,78214.5625,-1.7180156919195243e-05
BTC,2026-09-09 15:56:00,78201.1328125,-0.00017171790217308428
BTC,2026-09-09 15:57:00,78195.1171875,-7.692799543424475e-05
BTC,2026-09-09 15:58:00,78212.2421875,0.00021897946665513918
BTC,2026-09-09 15:59:00,78216.75,5.76339774130657e-05
BTC,2026-09-10 09:30:00,76776.4375,-0.018586029293904682
BTC,2026-09-10 09:31:00,76738.2890625,-0.0004970003743545342
BTC,2026-09-10 09:32:00,76854.59375,0.0015144544148105736
BTC,2026-09-10 09:33:00,76857.046875,3.19185325226763e-05
BTC,2026-09-10 09:34:00,76904.09375,0.0006119475476956208
BTC,2026-09-10 09:35:00,76910.0,7.679725386557761e-05
BTC,2026-09-10 09:36:00,77055.15625,0.0018855732886929309
BTC,2026-09-10 09:37:00,76974.3125,-0.0010497180582339325
BTC,2026-09-10 09:38:00,76969.296875,-6.516184753808605e-05
BTC,2026-09-10 09:39:00,77026.359375,0.0007410923658653374
BTC,2026-09-10 09:40:00,76960.6875,-0.0008529532881402288
BTC,2026-09-10 09:41:00,76974.9609375,0.00018544681086906688
BTC,2026-09-10 09:42:00,76918.640625,-0.0007319383579637391
BTC,2026-09-10 09:43:00,76960.3125,0.0005416189176288459
BTC,2026-09-10 09:44:00,76905.640625,-0.0007106429484945363
BTC,2026-09-10 09:45:00,76956.203125,0.0006572454948906288
BTC,2026-09-10 09:46:00,77000.7578125,0.0005787940794949499
BTC,2026-09-10 09:47:00,77035.1484375,0.0004465273897321585
BTC,2026-09-10 09:48:00,76987.1484375,-0.0006232864010968537
BTC,2026-09-10 09:49:00,77060.1328125,0.0009475581765367976
BTC,2026-09-10 09:50:00,76943.0234375,-0.001520870096755335
BTC,2026-09-10 09:51:00,76930.7109375,-0.00016003381053033015
BTC,2026-09-10 09:52:00,77095.96875,0.002145834426185575
BTC,2026-09-10 09:53:00,77165.34375,0.0008994478726099488
BTC,2026-09-10 09:54:00,77122.2578125,-0.0005585145946100307
BTC,2026-09-10 09:55:00,77131.3828125,0.00011831163236963028
BTC,2026-09-10 09:56:00,77151.7734375,0.00026432730071556813
BTC,2026-09-10 09:57:00,77165.5390625,0.00017840674922984896
BTC,2026-09-10 09:58:00,77188.3828125,0.00029599183343438374
BTC,2026-09-10 09:59:00,77145.0234375,-0.0005618922979067188
BTC,2026-09-10 10:00:00,77244.9921875,0.0012950159188272448
BTC,2026-09-10 10:01:00,77277.9375,0.00042641325874204623
BTC,2026-09-10 10:02:00,77271.21875,-8.694644690734145e-05
BTC,2026-09-10 10:03:00,77243.3125,-0.00036121198540568127
BTC,2026-09-10 10:04:00,77213.2890625,-0.000388762119254375
BTC,2026-09-10 10:05:00,77106.4375,-0.0013848077877772291
BTC,2026-09-10 10:06:00,77108.2890625,2.401278452917326e-05
BTC,2026-09-10 10:07:00,77002.7265625,-0.0013699541993366122
BTC,2026-09-10 10:08:00,76968.2578125,-0.0004477304696820303
BTC,2026-09-10 10:09:00,77018.390625,0.0006511319621530584
BTC,2026-09-10 10:10:00,76974.3203125,-0.0005723688275223245
BTC,2026-09-10 10:11:00,77055.90625,0.0010593498036138174
BTC,2026-09-10 10:12:00,77093.71875,0.0004905947809916244
BTC,2026-09-10 10:13:00,77089.578125,-5.371042239879764e-05
BTC,2026-09-10 10:14:00,77052.8125,-0.0004770345853354766
BTC,2026-09-10 10:15:00,77010.7578125,-0.0005459394256439478
BTC,2026-09-10 10:16:00,76999.9375,-0.0001405137804987427
BTC,2026-09-10 10:17:00,76953.7265625,-0.0006003226901967034
BTC,2026-09-10 10:18:00,76920.96875,-0.00042577257980387114
BTC,2026-09-10 10:19:00,77033.9921875,0.0014682665256964007
BTC,2026-09-10 10:20:00,77035.6328125,2.129718950200661e-05
BTC,2026-09-10 10:21:00,77016.703125,-0.00024575657980228796
BTC,2026-09-10 10:22:00,77128.28125,0.0014477038606213481
BTC,2026-09-10 10:23:00,77119.1015625,-0.00011902552047829299
BTC,2026-09-10 10:24:00,77225.328125,0.0013764873729168355
BTC,2026-09-10 10:25:00,77333.9921875,0.0014061148843582162
BTC,2026-09-10 10:26:00,77258.8125,-0.0009726156864611788
BTC,2026-09-10 10:27:00,77263.2265625,5.713181793319978e-05
BTC,2026-09-10 10:28:00,77339.4921875,0.0009866014233505067
BTC,2026-09-10 10:29:00,77245.90625,-0.001210799336538798
BTC,2026-09-10 10:30:00,77243.1171875,-3.6106934178807664e-05
BTC,2026-09-10 10:31:00,77236.6328125,-8.395113280294808e-05
BTC,2026-09-10 10:32:00,77245.8125,0.00011884440969636565
BTC,2026-09-10 10:33:00,77266.71875,0.00027060912093610005
BTC,2026-09-10 10:34:00,77264.828125,-2.446911376131798e-05
BTC,2026-09-10 10:35:00,77300.34375,0.00045955534735572177
BTC,2026-09-10 10:36:00,77304.328125,5.154275032642399e-05
BTC,2026-09-10 10:37:00,77302.6875,-2.1223163689249004e-05
BTC,2026-09-10 10:38:00,77232.140625,-0.000913022400926327
BTC,2026-09-10 10:39:00,77217.2109375,-0.00019332794078395687
BTC,2026-09-10 10:40:00,77250.546875,0.0004316232525107951
BTC,2026-09-10 10:41:00,77281.59375,0.0004018177097936795
BTC,2026-09-10 10:42:00,77242.0625,-0.0005116530610490209
BTC,2026-09-10 10:43:00,77243.203125,1.4766780448662594e-05
BTC,2026-09-10 10:44:00,77251.5078125,0.00010750772576756273
BTC,2026-09-10 10:45:00,77293.359375,0.0005416105275408391
BTC,2026-09-10 10:46:00,77374.7578125,0.0010525562280721192
BTC,2026-09-10 10:47:00,77307.6875,-0.0008672001088135652
BTC,2026-09-10 10:48:00,77321.6328125,0.00018037087028039428
BTC,2026-09-10 10:49:00,77290.0078125,-0.0004090895137417539
BTC,2026-09-10 10:50:00,77258.8203125,-0.00040359413658072797
BTC,2026-09-10 10:51:00,77251.2734375,-9.76877927239319e-05
BTC,2026-09-10 10:52:00,77312.578125,0.0007932603916762685
BTC,2026-09-10 10:53:00,77353.4609375,0.000528659215687904
BTC,2026-09-10 10:54:00,77367.3203125,0.00017915337455120189
BTC,2026-09-10 10:55:00,77363.40625,-5.059192298506928e-05
BTC,2026-09-10 10:56:00,77403.671875,0.0005203383871599019
BTC,2026-09-10 10:57:00,77371.6796875,-0.0004134015866564736
BTC,2026-09-10 10:58:00,77361.21875,-0.00013521284253802273
BTC,2026-09-10 10:59:00,77390.796875,0.0003822648156242288
BTC,2026-09-10 11:00:00,77301.09375,-0.0011597651912096177
BTC,2026-09-10 11:01:00,77247.1328125,-0.0006983055178692775
BTC,2026-09-10 11:02:00,77240.2109375,-8.961090062931119e-05
BTC,2026-09-10 11:03:00,77297.7890625,0.0007451646541857615
BTC,2026-09-10 11:04:00,77257.2578125,-0.0005244895168246671
BTC,2026-09-10 11:05:00,77335.640625,0.001014054591239723
BTC,2026-09-10 11:06:00,77296.6171875,-0.0005047257135150923
BTC,2026-09-10 11:07:00,77319.9921875,0.0003023607912833459
BTC,2026-09-10 11:08:00,77331.046875,0.00014296299056046151
BTC,2026-09-10 11:09:00,77315.75,-0.0001978298336466773
BTC,2026-09-10 11:10:00,77379.359375,0.0008223838341366234
BTC,2026-09-10 11:11:00,77319.6328125,-0.0007721648941994346
BTC,2026-09-10 11:12:00,77304.34375,-0.0001977579789334446
BTC,2026-09-10 11:13:00,77315.0,0.0001378385104791168
BTC,2026-09-10 11:14:00,77309.40625,-7.235274350413276e-05
BTC,2026-09-10 11:15:00,77303.671875,-7.417710160319486e-05
BTC,2026-09-10 11:16:00,77300.0,-4.7500488910217876e-05
BTC,2026-09-10 11:17:00,77228.359375,-0.0009272166018249469
BTC,2026-09-10 11:18:00,77210.7265625,-0.00022834650269499448
BTC,2026-09-10 11:19:00,77227.078125,0.00021175595695873447
BTC,2026-09-10 11:20:00,77175.9609375,-0.000662126725975133
BTC,2026-09-10 11:21:00,77176.6171875,8.503259329819314e-06
BTC,2026-09-10 11:22:00,77185.4375,0.00011428083835060794
BTC,2026-09-10 11:23:00,77152.8671875,-0.0004220638946300271
BTC,2026-09-10 11:24:00,77142.75,-0.00013114030973679851
BTC,2026-09-10 11:25:00,77106.3984375,-0.0004713356740210962
BTC,2026-09-10 11:26:00,77078.7109375,-0.0003591462289690435
BTC,2026-09-10 11:27:00,77099.4921875,0.00026957442368164946
BTC,2026-09-10 11:28:00,77101.7734375,2.958795430020899e-05
BTC,2026-09-10 11:29:00,77075.8515625,-0.0003362598852363087
BTC,2026-09-10 11:30:00,77107.578125,0.00041154309528701423
BTC,2026-09-10 11:31:00,77105.9296875,-2.1378639568587992e-05
BTC,2026-09-10 11:32:00,77109.34375,4.4276580710348536e-05
BTC,2026-09-10 11:33:00,77164.5390625,0.0007155496944630695
BTC,2026-09-10 11:34:00,77130.4296875,-0.00044213205177040006
BTC,2026-09-10 11:35:00,77147.703125,0.00022392593502762253
BTC,2026-09-10 11:36:00,77247.0,0.001286273255244409
BTC,2026-09-10 11:37:00,77291.2421875,0.000572572692460343
BTC,2026-09-10 11:38:00,77278.2265625,-0.00016841133162998463
BTC,2026-09-10 11:39:00,77244.3828125,-0.0004380427003925278
BTC,2026-09-10 11:40:00,77184.0078125,-0.0007819158489150579
BTC,2026-09-10 11:41:00,77192.296875,0.0001073877564920365
BTC,2026-09-10 11:42:00,77193.5234375,1.5889574541854427e-05
BTC,2026-09-10 11:43:00,77198.21875,6.082336315301462e-05
BTC,2026-09-10 11:44:00,77185.59375,-0.0001635534169508918
BTC,2026-09-10 11:45:00,77212.09375,0.0003432693933348731
BTC,2026-09-10 11:46:00,77100.0078125,-0.001452717655674873
BTC,2026-09-10 11:47:00,77084.9375,-0.0001954835800272048
BTC,2026-09-10 11:48:00,77107.1015625,0.0002874864719010087
BTC,2026-09-10 11:49:00,77152.3828125,0.0005870789920505933
BTC,2026-09-10 11:50:00,77158.7421875,8.242276768571235e-05
BTC,2026-09-10 11:51:00,77125.921875,-0.0004254513978364926
BTC,2026-09-10 11:52:00,77172.109375,0.0005986790758813622
BTC,2026-09-10 11:53:00,77130.09375,-0.0005445888028490083
BTC,2026-09-10 11:54:00,77111.0078125,-0.00024748186318778473
BTC,2026-09-10 11:55:00,77117.2109375,8.044085646087544e-05
BTC,2026-09-10 11:56:00,77166.9765625,0.0006451163600409945
BTC,2026-09-10 11:57:00,77175.28125,0.0001076139176103818
BTC,2026-09-10 11:58:00,77191.96875,0.00021620518685164263
BTC,2026-09-10 11:59:00,77218.7421875,0.00034678213196165055
BTC,2026-09-10 12:00:00,77258.8125,0.0005187849261306031
BTC,2026-09-10 12:01:00,77213.7734375,-0.0005831334214149713
BTC,2026-09-10 12:02:00,77129.703125,-0.0010893926026131347
BTC,2026-09-10 12:03:00,77069.59375,-0.0007796323234002716
BTC,2026-09-10 12:04:00,77059.6015625,-0.00012965989336070723
BTC,2026-09-10 12:05:00,77073.96875,0.00018642515725140462
BTC,2026-09-10 12:06:00,77055.28125,-0.00024249128691113085
BTC,2026-09-10 12:07:00,76992.0078125,-0.0008214807471563457
BTC,2026-09-10 12:08:00,76921.84375,-0.0009117316816914996
BTC,2026-09-10 12:09:00,76880.9921875,-0.0005312198986665141
BTC,2026-09-10 12:10:00,76906.328125,0.0003294931945979678
BTC,2026-09-10 12:11:00,76876.609375,-0.0003865025711316317
BTC,2026-09-10 12:12:00,76947.7265625,0.0009246546345686301
BTC,2026-09-10 12:13:00,76953.4765625,7.472326253355598e-05
BTC,2026-09-10 12:14:00,76943.34375,-0.0001316831951961802
BTC,2026-09-10 12:15:00,76951.078125,0.00010051533918229977
BTC,2026-09-10 12:16:00,76901.28125,-0.000647333286810817
BTC,2026-09-10 12:17:00,76879.8203125,-0.000279110208227976
BTC,2026-09-10 12:18:00,76860.7734375,-0.00024777938777076
BTC,2026-09-10 12:19:00,76874.890625,0.00018365533626530078
BTC,2026-09-10 12:20:00,77008.453125,0.0017358933109215885
BTC,2026-09-10 12:21:00,77012.4609375,5.204244534324582e-05
BTC,2026-09-10 12:22:00,76954.65625,-0.0007508705920043074
BTC,2026-09-10 12:23:00,76964.453125,0.00012729900858986018
BTC,2026-09-10 12:24:00,76937.46875,-0.00035066976354513154
BTC,2026-09-10 12:25:00,76954.6484375,0.00022326923412769722
BTC,2026-09-10 12:26:00,76890.0078125,-0.0008403363546000237
BTC,2026-09-10 12:27:00,76893.3671875,4.368970313641284e-05
BTC,2026-09-10 12:28:00,76895.1015625,2.2555332193301634e-05
BTC,2026-09-10 12:29:00,76890.2421875,-6.319685456528073e-05
BTC,2026-09-10 12:30:00,76914.28125,0.0003125924018160507
BTC,2026-09-10 12:31:00,76924.2578125,0.00012970173241092254
BTC,2026-09-10 12:32:00,76895.203125,-0.00037777648768837137
BTC,2026-09-10 12:33:00,76874.5,-0.0002692744370881207
BTC,2026-09-10 12:34:00,76809.5390625,-0.0008453830568885652
BTC,2026-09-10 12:35:00,76770.71875,-0.0005055378064824918
BTC,2026-09-10 12:36:00,76839.609375,0.0008969530950109202
BTC,2026-09-10 12:37:00,76933.953125,0.001227047878758151
BTC,2026-09-10 12:38:00,76917.4296875,-0.00021479738773186397
BTC,2026-09-10 12:39:00,76977.828125,0.0007849291974235688
BTC,2026-09-10 12:40:00,77008.4609375,0.00039786416168066516
BTC,2026-09-10 12:41:00,77019.40625,0.00014212119817383437
BTC,2026-09-10 12:42:00,76993.3125,-0.0003388518878370424
BTC,2026-09-10 12:43:00,76950.609375,-0.0005547880757509991
BTC,2026-09-10 12:44:00,77003.0625,0.0006814144331964649
BTC,2026-09-10 12:45:00,77062.203125,0.0007677347345614948
BTC,2026-09-10 12:46:00,77144.8125,0.0010714088793895907
BTC,2026-09-10 12:47:00,77179.171875,0.000445288860404815
BTC,2026-09-10 12:48:00,77126.4296875,-0.0006836069335121762
BTC,2026-09-10 12:49:00,77088.671875,-0.0004896772478429658
BTC,2026-09-10 12:50:00,77064.828125,-0.0003093507470171433
BTC,2026-09-10 12:51:00,77076.34375,0.00014941660143550183
BTC,2026-09-10 12:52:00,77034.34375,-0.0005450627950748515
BTC,2026-09-10 12:53:00,77051.7265625,0.0002256247114159971
BTC,2026-09-10 12:54:00,77059.6171875,0.00010240161191115321
BTC,2026-09-10 12:55:00,77097.921875,0.000496955108666947
BTC,2026-09-10 12:56:00,77112.328125,0.00018683907252479181
BTC,2026-09-10 12:57:00,77119.15625,8.854385383289033e-05
BTC,2026-09-10 12:58:00,77164.9765625,0.0005939731197480747
BTC,2026-09-10 12:59:00,77160.21875,-6.165956883280028e-05
BTC,2026-09-10 13:00:00,77144.609375,-0.00020231868623833268
BTC,2026-09-10 13:01:00,77106.7421875,-0.000490980310734584
BTC,2026-09-10 13:02:00,77137.46875,0.0003984144716963606
BTC,2026-09-10 13:03:00,77084.609375,-0.0006854968849151134
BTC,2026-09-10 13:04:00,77095.171875,0.00013701537167704552
BTC,2026-09-10 13:05:00,77115.6875,0.0002660723791332024
BTC,2026-09-10 13:06:00,77100.28125,-0.00019980096971963625
BTC,2026-09-10 13:07:00,77106.0703125,7.508202410686778e-05
BTC,2026-09-10 13:08:00,77099.953125,-7.93378542141194e-05
BTC,2026-09-10 13:09:00,77090.34375,-0.00012464305740627566
BTC,2026-09-10 13:10:00,77135.796875,0.0005894347888340016
BTC,2026-09-10 13:11:00,77156.078125,0.000262894596579559
BTC,2026-09-10 13:12:00,77150.1484375,-7.685610146806965e-05
BTC,2026-09-10 13:13:00,77120.5390625,-0.00038386262281454164
BTC,2026-09-10 13:14:00,77123.9921875,4.477468306448766e-05
BTC,2026-09-10 13:15:00,77112.0390625,-0.00015499782932767764
BTC,2026-09-10 13:16:00,77104.9375,-9.209832358682514e-05
BTC,2026-09-10 13:17:00,77110.0234375,6.595906740737213e-05
BTC,2026-09-10 13:18:00,77105.0078125,-6.504716124119175e-05
BTC,2026-09-10 13:19:00,77121.4375,0.0002130592782431672
BTC,2026-09-10 13:20:00,77173.1171875,0.0006698835164629369
BTC,2026-09-10 13:21:00,77190.9921875,0.0002315952866539013
BTC,2026-09-10 13:22:00,77181.3203125,-0.0001253058253260597
BTC,2026-09-10 13:23:00,77213.65625,0.0004188729282872807
BTC,2026-09-10 13:24:00,77247.46875,0.00043781243390655895
BTC,2026-09-10 13:25:00,77205.1328125,-0.000548206221610795
BTC,2026-09-10 13:26:00,77214.5078125,0.00012142237831380463
BTC,2026-09-10 13:27:00,77247.3984375,0.000425873618882675
BTC,2026-09-10 13:28:00,77293.5078125,0.0005967271382974366
BTC,2026-09-10 13:29:00,77287.2109375,-8.147038070990103e-05
BTC,2026-09-10 13:30:00,77323.6015625,0.00047073843133695384
BTC,2026-09-10 13:31:00,77341.328125,0.00022922536626030927
BTC,2026-09-10 13:32:00,77382.8828125,0.0005371452631407138
BTC,2026-09-10 13:33:00,77375.0625,-0.00010106508574875353
BTC,2026-09-10 13:34:00,77470.578125,0.0012336884232443052
BTC,2026-09-10 13:35:00,77508.796875,0.0004932108001436473
BTC,2026-09-10 13:36:00,77454.8984375,-0.0006956266700371198
BTC,2026-09-10 13:37:00,77408.0390625,-0.0006051722534337444
BTC,2026-09-10 13:38:00,77354.4296875,-0.0006927955799260804
BTC,2026-09-10 13:39:00,77328.3984375,-0.00033657582501278415
BTC,2026-09-10 13:40:00,77320.96875,-9.608429236844716e-05
BTC,2026-09-10 13:41:00,77335.6328125,0.00018963383904457037
BTC,2026-09-10 13:42:00,77297.78125,-0.0004895651238833392
BTC,2026-09-10 13:43:00,77311.390625,0.00017604874109469466
BTC,2026-09-10 13:44:00,77328.1328125,0.00021653180497791072
BTC,2026-09-10 13:45:00,77328.1171875,-2.0206102245578075e-07
BTC,2026-09-10 13:46:00,77291.078125,-0.00047910045235497226
BTC,2026-09-10 13:47:00,77299.1875,0.00010491443267338785
BTC,2026-09-10 13:48:00,77349.828125,0.0006549104319268509
BTC,2026-09-10 13:49:00,77355.9921875,7.968753199859967e-05
BTC,2026-09-10 13:50:00,77332.7421875,-0.00030060366411321953
BTC,2026-09-10 13:51:00,77381.2578125,0.0006271653061810831
BTC,2026-09-10 13:52:00,77385.46875,5.441657382779035e-05
BTC,2026-09-10 13:53:00,77365.5234375,-0.0002577729852132866
BTC,2026-09-10 13:54:00,77366.6171875,1.4137334306921288e-05
BTC,2026-09-10 13:55:00,77332.453125,-0.0004416841418166694
BTC,2026-09-10 13:56:00,77334.390625,2.505385062650873e-05
BTC,2026-09-10 13:57:00,77307.65625,-0.00034575816612088375
BTC,2026-09-10 13:58:00,77309.6328125,2.556716020688995e-05
BTC,2026-09-10 13:59:00,77294.2578125,-0.00019889538340243202
BTC,2026-09-10 14:00:00,77295.6875,1.849651343293633e-05
BTC,2026-09-10 14:01:00,77236.1171875,-0.0007709780594515205
BTC,2026-09-10 14:02:00,77208.75,-0.00035439426747941883
BTC,2026-09-10 14:03:00,77159.1171875,-0.0006430459280753264
BTC,2026-09-10 14:04:00,77136.0,-0.0002996489855849949
BTC,2026-09-10 14:05:00,77159.0,0.0002981302073346812
BTC,2026-09-10 14:06:00,77139.9921875,-0.0002463763674236851
BTC,2026-09-10 14:07:00,77121.1484375,-0.0002443097466722085
BTC,2026-09-10 14:08:00,77080.796875,-0.000523359978880568
BTC,2026-09-10 14:09:00,76956.3125,-0.001616291069149587
BTC,2026-09-10 14:10:00,76993.1171875,0.00047813997461235337
BTC,2026-09-10 14:11:00,77005.546875,0.00016142591369432946
BTC,2026-09-10 14:12:00,77002.71875,-3.672692486784661e-05
BTC,2026-09-10 14:13:00,76983.109375,-0.000254690647117038
BTC,2026-09-10 14:14:00,76978.3671875,-6.160226060929234e-05
BTC,2026-09-10 14:15:00,77000.0,0.0002809850894962471
BTC,2026-09-10 14:16:00,77015.2109375,0.0001975251334833511
BTC,2026-09-10 14:17:00,76969.7109375,-0.0005909669696250946
BTC,2026-09-10 14:18:00,76991.859375,0.00028771384453715683
BTC,2026-09-10 14:19:00,77016.1171875,0.00031502021183634746
BTC,2026-09-10 14:20:00,77038.46875,0.0002901771800016458
BTC,2026-09-10 14:21:00,77060.4375,0.0002851253222159299
BTC,2026-09-10 14:22:00,77102.421875,0.0005446756269074084
BTC,2026-09-10 14:23:00,77070.0078125,-0.0004204910442587345
BTC,2026-09-10 14:24:00,77069.890625,-1.5205342833088308e-06
BTC,2026-09-10 14:25:00,77072.1328125,2.9092488215197845e-05
BTC,2026-09-10 14:26:00,77043.453125,-0.0003721841325340068
BTC,2026-09-10 14:27:00,77058.34375,0.00019325699438053169
BTC,2026-09-10 14:28:00,77076.5390625,0.00023609597324769952
BTC,2026-09-10 14:29:00,77033.1875,-0.0005626064572362752
BTC,2026-09-10 14:30:00,77030.4609375,-3.539527367995352e-05
BTC,2026-09-10 14:31:00,77038.0,9.78663960183403e-05
BTC,2026-09-10 14:32:00,77057.2109375,0.0002493385418358648
BTC,2026-09-10 14:33:00,77008.5,-0.0006323397831574329
BTC,2026-09-10 14:34:00,77047.6796875,0.0005086415673059222
BTC,2026-09-10 14:35:00,77046.6484375,-1.338465876800941e-05
BTC,2026-09-10 14:36:00,77099.9921875,0.0006921169597098131
BTC,2026-09-10 14:37:00,77092.3515625,-9.910511534396458e-05
BTC,2026-09-10 14:38:00,77119.078125,0.000346622333010607
BTC,2026-09-10 14:39:00,77124.5703125,7.121443972506468e-05
BTC,2026-09-10 14:40:00,77096.71875,-0.00036118959933603267
BTC,2026-09-10 14:41:00,77115.7109375,0.0002463120208210387
BTC,2026-09-10 14:42:00,77111.7890625,-5.0858309975179456e-05
BTC,2026-09-10 14:43:00,77099.59375,-0.00015816358433476234
BTC,2026-09-10 14:44:00,77119.9921875,0.00026453757471800834
BTC,2026-09-10 14:45:00,77106.3515625,-0.0001768909863761733
BTC,2026-09-10 14:46:00,77103.0703125,-4.255576553752408e-05
BTC,2026-09-10 14:47:00,77089.1875,-0.00018007146058392372
BTC,2026-09-10 14:48:00,77062.2421875,-0.00034959536644008863
BTC,2026-09-10 14:49:00,77091.40625,0.0003783765501958494
BTC,2026-09-10 14:50:00,77094.96875,4.621030879840779e-05
BTC,2026-09-10 14:51:00,77180.9921875,0.0011151892477931687
BTC,2026-09-10 14:52:00,77194.9921875,0.00018137536217247956
BTC,2026-09-10 14:53:00,77234.546875,0.000512268424876726
BTC,2026-09-10 14:54:00,77250.1328125,0.00020177971801999738
BTC,2026-09-10 14:55:00,77230.96875,-0.0002481088289049934
BTC,2026-09-10 14:56:00,77204.3828125,-0.0003442986012418304
BTC,2026-09-10 14:57:00,77174.4296875,-0.00038804710168192246
BTC,2026-09-10 14:58:00,77182.78125,0.0001082108501108403
BTC,2026-09-10 14:59:00,77222.53125,0.000514878668804151
BTC,2026-09-10 15:00:00,77167.7890625,-0.0007091401803332577
BTC,2026-09-10 15:01:00,77147.0625,-0.0002686269327258277
BTC,2026-09-10 15:02:00,77148.21875,1.4987496579980973e-05
BTC,2026-09-10 15:03:00,77184.7421875,0.00047330703642264524
BTC,2026-09-10 15:04:00,77179.59375,-6.670501279509709e-05
BTC,2026-09-10 15:05:00,77135.15625,-0.0005759332951428943
BTC,2026-09-10 15:06:00,77128.328125,-8.852548653525487e-05
BTC,2026-09-10 15:07:00,77133.640625,6.88763412673197e-05
BTC,2026-09-10 15:08:00,77126.109375,-9.764374706926921e-05
BTC,2026-09-10 15:09:00,77174.7578125,0.00063056598447783
BTC,2026-09-10 15:10:00,77120.6015625,-0.000701981607785069
BTC,2026-09-10 15:11:00,77093.890625,-0.0003464128096940961
BTC,2026-09-10 15:12:00,77092.34375,-2.0065020801970388e-05
BTC,2026-09-10 15:13:00,77114.53125,0.000287762788178043
BTC,2026-09-10 15:14:00,77138.7265625,0.00031370893609048496
BTC,2026-09-10 15:15:00,77134.2265625,-5.83381585705991e-05
BTC,2026-09-10 15:16:00,77131.5703125,-3.443731603601826e-05
BTC,2026-09-10 15:17:00,77113.640625,-0.00023248290785535925
BTC,2026-09-10 15:18:00,77112.8515625,-1.0232515682771588e-05
BTC,2026-09-10 15:19:00,77121.8828125,0.0001171104556560646
BTC,2026-09-10 15:20:00,77090.3984375,-0.0004083251370415576
BTC,2026-09-10 15:21:00,77099.0234375,0.00011187537905151008
BTC,2026-09-10 15:22:00,77116.7421875,0.00022979168188354566
BTC,2026-09-10 15:23:00,77080.0,-0.0004765624444997383
BTC,2026-09-10 15:24:00,77160.28125,0.0010409895080476922
BTC,2026-09-10 15:25:00,77186.09375,0.0003344749786400428
BTC,2026-09-10 15:26:00,77182.15625,-5.1014376348166555e-05
BTC,2026-09-10 15:27:00,77181.953125,-2.631764609321756e-06
BTC,2026-09-10 15:28:00,77190.5390625,0.0001112366249606088
BTC,2026-09-10 15:29:00,77159.1875,-0.0004062406021622692
BTC,2026-09-10 15:30:00,77102.9296875,-0.0007293795264807937
BTC,2026-09-10 15:31:00,77088.1015625,-0.00019233446881444514
BTC,2026-09-10 15:32:00,77093.4765625,6.972298594341663e-05
BTC,2026-09-10 15:33:00,77105.59375,0.00015716291285532857
BTC,2026-09-10 15:34:00,77123.96875,0.00023828116723008166
BTC,2026-09-10 15:35:00,77157.359375,0.0004328537474644826
BTC,2026-09-10 15:36:00,77151.421875,-7.695608707211211e-05
BTC,2026-09-10 15:37:00,77109.171875,-0.0005477743865672394
BTC,2026-09-10 15:38:00,77128.796875,0.00025447690040215925
BTC,2026-09-10 15:39:00,77137.328125,0.00011060432105481836
BTC,2026-09-10 15:40:00,77203.6875,0.000859905953324758
BTC,2026-09-10 15:41:00,77201.6015625,-2.7018990253420704e-05
BTC,2026-09-10 15:42:00,77207.703125,7.903102103232282e-05
BTC,2026-09-10 15:43:00,77252.90625,0.0005853029645989872
BTC,2026-09-10 15:44:00,77224.6796875,-0.00036544541582310094
BTC,2026-09-10 15:45:00,77195.703125,-0.000375294534469407
BTC,2026-09-10 15:46:00,77144.9921875,-0.0006571298544710063
BTC,2026-09-10 15:47:00,77148.0703125,3.9899720059200733e-05
BTC,2026-09-10 15:48:00,77136.09375,-0.00015525329636818113
BTC,2026-09-10 15:49:00,77120.8984375,-0.00019701295006031418
BTC,2026-09-10 15:50:00,77056.34375,-0.0008374088206082577
BTC,2026-09-10 15:51:00,77110.8125,0.0007066194070296045
BTC,2026-09-10 15:52:00,77048.7265625,-0.0008054764724169576
BTC,2026-09-10 15:53:00,77062.03125,0.00017266396871845895
BTC,2026-09-10 15:54:00,77065.0,3.85234176807847e-05
BTC,2026-09-10 15:55:00,77113.796875,0.0006329907564252198
BTC,2026-09-10 15:56:00,77101.21875,-0.0001631245177639066
BTC,2026-09-10 15:57:00,77112.8828125,0.0001512710239083655
BTC,2026-09-10 15:58:00,77153.3671875,0.0005248636811926426
BTC,2026-09-10 15:59:00,77119.53125,-0.00043865044846169005
BTC,2026-09-11 09:30:00,77656.9609375,0.0069446185246899855
BTC,2026-09-11 09:31:00,77458.1796875,-0.002563016840472628
BTC,2026-09-11 09:32:00,77411.921875,-0.0005973756510639568
BTC,2026-09-11 09:33:00,77424.2734375,0.0001595436067292948
BTC,2026-09-11 09:34:00,77486.3125,0.0008009661243134212
BTC,2026-09-11 09:35:00,77432.8203125,-0.0006905820947322633
BTC,2026-09-11 09:36:00,77244.2890625,-0.002437740711929319
BTC,2026-09-11 09:37:00,77389.0703125,0.0018725751402144729
BTC,2026-09-11 09:38:00,77472.609375,0.0010788862780235213
BTC,2026-09-11 09:39:00,77600.0,0.00164298071941659
BTC,2026-09-11 09:40:00,77598.96875,-1.3289392427282485e-05
BTC,2026-09-11 09:41:00,77794.796875,0.0025204129377851474
BTC,2026-09-11 09:42:00,77867.4375,0.0009333109031176503
BTC,2026-09-11 09:43:00,77785.1484375,-0.0010573427954413625
BTC,2026-09-11 09:44:00,77765.2734375,-0.00025554414920365753
BTC,2026-09-11 09:45:00,77804.453125,0.0005036929638441952
BTC,2026-09-11 09:46:00,77860.1171875,0.000715179629646567
BTC,2026-09-11 09:47:00,77978.84375,0.0015237086381513262
BTC,2026-09-11 09:48:00,78161.7265625,0.0023425416695324994
BTC,2026-09-11 09:49:00,78558.609375,0.005064864856969041
BTC,2026-09-11 09:50:00,78419.9609375,-0.001766463706187878
BTC,2026-09-11 09:51:00,78513.6796875,0.0011943743963092439
BTC,2026-09-11 09:52:00,78729.8671875,0.0027497171173195218
BTC,2026-09-11 09:53:00,78730.0390625,2.1830954189121135e-06
BTC,2026-09-11 09:54:00,78639.6796875,-0.0011483706731878172
BTC,2026-09-11 09:55:00,78774.8828125,0.0017177973384355915
BTC,2026-09-11 09:56:00,78749.8515625,-0.00031780723592387275
BTC,2026-09-11 09:57:00,78736.5390625,-0.00016906222790269898
BTC,2026-09-11 09:58:00,78955.2265625,0.0027736088733414438
BTC,2026-09-11 09:59:00,79206.5625,0.0031782158074077534
BTC,2026-09-11 10:00:00,79327.546875,0.0015262885566219686
BTC,2026-09-11 10:01:00,79394.21875,0.0008401100965427926
BTC,2026-09-11 10:02:00,79577.46875,0.0023054429885888757
BTC,2026-09-11 10:03:00,79418.859375,-0.001995133214499146
BTC,2026-09-11 10:04:00,79502.4765625,0.0010523092412090859
BTC,2026-09-11 10:05:00,79366.9921875,-0.0017056066078741743
BTC,2026-09-11 10:06:00,79252.546875,-0.0014430168317914732
BTC,2026-09-11 10:07:00,79050.6796875,-0.0025503876491150407
BTC,2026-09-11 10:08:00,78902.1015625,-0.0018812985456270297
BTC,2026-09-11 10:09:00,79011.59375,0.0013867347582456103
BTC,2026-09-11 10:10:00,78884.1171875,-0.0016146935143443086
BTC,2026-09-11 10:11:00,78814.421875,-0.000883905677909421
BTC,2026-09-11 10:12:00,78975.5234375,0.002041975718531835
BTC,2026-09-11 10:13:00,79112.7109375,0.0017355818411055929
BTC,2026-09-11 10:14:00,79033.421875,-0.0010027316853529634
BTC,2026-09-11 10:15:00,79020.1171875,-0.00016835671773433435
BTC,2026-09-11 10:16:00,78965.4375,-0.0006922112568012723
BTC,2026-09-11 10:17:00,79074.2890625,0.0013775217419110144
BTC,2026-09-11 10:18:00,79159.96875,0.0010829474863162452
BTC,2026-09-11 10:19:00,79144.0703125,-0.00020085953141313063
BTC,2026-09-11 10:20:00,79144.390625,4.0471996265142906e-06
BTC,2026-09-11 10:21:00,79118.109375,-0.0003321222682768236
BTC,2026-09-11 10:22:00,79034.75,-0.001054162195345767
BTC,2026-09-11 10:23:00,79049.3671875,0.00018492923643078873
BTC,2026-09-11 10:24:00,79013.3203125,-0.0004561086008982154
BTC,2026-09-11 10:25:00,79043.8828125,0.0003867270807865831
BTC,2026-09-11 10:26:00,78958.59375,-0.00107959156893455
BTC,2026-09-11 10:27:00,79018.84375,0.0007627671884624491
BTC,2026-09-11 10:28:00,79011.4375,-9.373203599767246e-05
BTC,2026-09-11 10:29:00,79025.1796875,0.0001739114362126547
BTC,2026-09-11 10:30:00,78980.71875,-0.0005627756825931848
BTC,2026-09-11 10:31:00,78926.7421875,-0.0006836480592089998
BTC,2026-09-11 10:32:00,78979.296875,0.0006656450855525918
BTC,2026-09-11 10:33:00,78853.0390625,-0.0015998982550897076
BTC,2026-09-11 10:34:00,78730.3125,-0.0015576085429813956
BTC,2026-09-11 10:35:00,78667.9609375,-0.0007922776330362033
BTC,2026-09-11 10:36:00,78563.0234375,-0.0013348198002844408
BTC,2026-09-11 10:37:00,78744.046875,0.002301530592970639
BTC,2026-09-11 10:38:00,78671.7734375,-0.000918248781282812
BTC,2026-09-11 10:39:00,78721.0625,0.0006263190292956879
BTC,2026-09-11 10:40:00,78687.8515625,-0.00042197023199854193
BTC,2026-09-11 10:41:00,78651.25,-0.00046525705049487093
BTC,2026-09-11 10:42:00,78598.140625,-0.0006754795908369115
BTC,2026-09-11 10:43:00,78535.2109375,-0.0008009717891032979
BTC,2026-09-11 10:44:00,78616.7890625,0.0010382067339590876
BTC,2026-09-11 10:45:00,78699.921875,0.0010568847993693115
BTC,2026-09-11 10:46:00,78680.8828125,-0.00024194898012731914
BTC,2026-09-11 10:47:00,78645.0,-0.00045615905635784735
BTC,2026-09-11 10:48:00,78590.6875,-0.0006908419204782647
BTC,2026-09-11 10:49:00,78654.78125,0.0008152063656781979
BTC,2026-09-11 10:50:00,78555.0,-0.0012694027382449602
BTC,2026-09-11 10:51:00,78688.140625,0.0016934367539135746
BTC,2026-09-11 10:52:00,78814.0,0.0015981929044259523
BTC,2026-09-11 10:53:00,78849.140625,0.00044576843316192037
BTC,2026-09-11 10:54:00,78812.0390625,-0.00047064931593692204
BTC,2026-09-11 10:55:00,78779.0390625,-0.0004188054409548018
BTC,2026-09-11 10:56:00,78782.25,4.0757949107267215e-05
BTC,2026-09-11 10:57:00,78828.28125,0.0005841139033503842
BTC,2026-09-11 10:58:00,78795.8515625,-0.0004114812545379761
BTC,2026-09-11 10:59:00,78789.5078125,-8.051192101325541e-05
BTC,2026-09-11 11:00:00,78740.6796875,-0.0006199208842270436
BTC,2026-09-11 11:01:00,78553.7265625,-0.0023771120345745067
BTC,2026-09-11 11:02:00,78709.9609375,0.0019869103781337866
BTC,2026-09-11 11:03:00,78647.453125,-0.000794469280779959
BTC,2026-09-11 11:04:00,78645.46875,-2.5231586729389235e-05
BTC,2026-09-11 11:05:00,78674.5703125,0.00036996638197349846
BTC,2026-09-11 11:06:00,78751.90625,0.0009825023771067992
BTC,2026-09-11 11:07:00,78632.0703125,-0.0015228483010323573
BTC,2026-09-11 11:08:00,78648.2265625,0.0002054453148655788
BTC,2026-09-11 11:09:00,78635.9609375,-0.00015596768142847595
BTC,2026-09-11 11:10:00,78566.7109375,-0.0008810283394476984
BTC,2026-09-11 11:11:00,78548.5234375,-0.00023151797027937755
BTC,2026-09-11 11:12:00,78592.078125,0.000554340357390241
BTC,2026-09-11 11:13:00,78592.078125,0.0
BTC,2026-09-11 11:14:00,78491.3515625,-0.001282459601319146
BTC,2026-09-11 11:15:00,78603.25,0.0014245996401112985
BTC,2026-09-11 11:16:00,78581.2265625,-0.00028022407970243576
BTC,2026-09-11 11:17:00,78582.421875,1.5211055634055408e-05
BTC,2026-09-11 11:18:00,78613.4765625,0.0003951081193933269
BTC,2026-09-11 11:19:00,78651.1171875,0.0004786916726928199
BTC,2026-09-11 11:20:00,78665.0,0.00017649574352877252
BTC,2026-09-11 11:21:00,78635.9765625,-0.0003690178975820695
BTC,2026-09-11 11:22:00,78582.1328125,-0.0006849561073998799
BTC,2026-09-11 11:23:00,78711.6875,0.0016472956984458751
BTC,2026-09-11 11:24:00,78677.7734375,-0.00043095722957404655
BTC,2026-09-11 11:25:00,78665.2421875,-0.00015928574874099556
BTC,2026-09-11 11:26:00,78704.3984375,0.000497634113575397
BTC,2026-09-11 11:27:00,78748.8671875,0.0005648501605327112
BTC,2026-09-11 11:28:00,78751.8984375,3.8491876383453514e-05
BTC,2026-09-11 11:29:00,78697.5703125,-0.0006901023876095078
BTC,2026-09-11 11:30:00,78682.6171875,-0.00019002550807098816
BTC,2026-09-11 11:31:00,78708.53125,0.00032929504602303115
BTC,2026-09-11 11:32:00,78770.1328125,0.000782348085167594
BTC,2026-09-11 11:33:00,78794.3203125,0.0003070172200680122
BTC,2026-09-11 11:34:00,78822.3671875,0.00035588713023842664
BTC,2026-09-11 11:35:00,78769.84375,-0.0006665740537849736
BTC,2026-09-11 11:36:00,78663.0078125,-0.001357225672272728
BTC,2026-09-11 11:37:00,78694.9765625,0.00040631875868000626
BTC,2026-09-11 11:38:00,78739.78125,0.0005691842047099954
BTC,2026-09-11 11:39:00,78761.0,0.00026944310955124976
BTC,2026-09-11 11:40:00,78723.8125,-0.00047226777110559036
BTC,2026-09-11 11:41:00,78748.8125,0.00031751550734660585
BTC,2026-09-11 11:42:00,78701.8984375,-0.0005959206358486684
BTC,2026-09-11 11:43:00,78668.34375,-0.00042644260493066797
BTC,2026-09-11 11:44:00,78636.6328125,-0.00040317780940589605
BTC,2026-09-11 11:45:00,78573.0078125,-0.0008094287757524977
BTC,2026-09-11 11:46:00,78641.25,0.0008681425302710172
BTC,2026-09-11 11:47:00,78583.7265625,-0.0007317341216941674
BTC,2026-09-11 11:48:00,78532.296875,-0.0006546714741330267
BTC,2026-09-11 11:49:00,78518.96875,-0.0001697296099964959
BTC,2026-09-11 11:50:00,78454.3125,-0.0008237867379922585
BTC,2026-09-11 11:51:00,78204.328125,-0.0031914561007939223
BTC,2026-09-11 11:52:00,78144.890625,-0.0007603172352060499
BTC,2026-09-11 11:53:00,77822.8125,-0.0041300676533176095
BTC,2026-09-11 11:54:00,77628.21875,-0.0025036032257684674
BTC,2026-09-11 11:55:00,77363.21875,-0.0034195470730702276
BTC,2026-09-11 11:56:00,77561.2578125,0.002556589827016369
BTC,2026-09-11 11:57:00,77703.34375,0.0018302430268494565
BTC,2026-09-11 11:58:00,77610.59375,-0.001194355284766873
BTC,2026-09-11 11:59:00,77703.3515625,0.0011944558274106104
BTC,2026-09-11 12:00:00,77912.953125,0.0026938268412459426
BTC,2026-09-11 12:01:00,77952.4375,0.0005066471227034357
BTC,2026-09-11 12:02:00,77972.9375,0.00026294629874211445
BTC,2026-09-11 12:03:00,77825.9921875,-0.001886346156134911
BTC,2026-09-11 12:04:00,77812.59375,-0.000172173724817572
BTC,2026-09-11 12:05:00,77974.3671875,0.0020768554014399883
BTC,2026-09-11 12:06:00,78031.453125,0.0007318437213888277
BTC,2026-09-11 12:07:00,77949.2734375,-0.0010537160188295808
BTC,2026-09-11 12:08:00,77914.4765625,-0.00044650376470615317
BTC,2026-09-11 12:09:00,77940.3671875,0.00033224023861191325
BTC,2026-09-11 12:10:00,77823.96875,-0.00149454569899728
BTC,2026-09-11 12:11:00,77836.140625,0.0001563904210742957
BTC,2026-09-11 12:12:00,77833.09375,-3.914549991364514e-05
BTC,2026-09-11 12:13:00,77832.7890625,-3.9146342730388025e-06
BTC,2026-09-11 12:14:00,77775.359375,-0.0007381321696088109
BTC,2026-09-11 12:15:00,77742.9609375,-0.00041665107883870827
BTC,2026-09-11 12:16:00,77814.7109375,0.0009224875150591003
BTC,2026-09-11 12:17:00,77699.3671875,-0.001483386874567525
BTC,2026-09-11 12:18:00,77599.0,-0.0012925725272154125
BTC,2026-09-11 12:19:00,77495.2578125,-0.0013377955371844967
BTC,2026-09-11 12:20:00,77417.296875,-0.0010065155046851825
BTC,2026-09-11 12:21:00,77426.203125,0.00011503550371585379
BTC,2026-09-11 12:22:00,77506.3828125,0.0010350268689152346
BTC,2026-09-11 12:23:00,77467.2890625,-0.0005045211919709687
BTC,2026-09-11 12:24:00,77468.5,1.563147555961826e-05
BTC,2026-09-11 12:25:00,77631.9921875,0.0021082105639802684
BTC,2026-09-11 12:26:00,77619.140625,-0.00016555837366895925
BTC,2026-09-11 12:27:00,77675.078125,0.0007204067591117178
BTC,2026-09-11 12:28:00,77715.609375,0.0005216689825016504
BTC,2026-09-11 12:29:00,77639.4609375,-0.0009803148805527851
BTC,2026-09-11 12:30:00,77649.9375,0.0001349295266941526
BTC,2026-09-11 12:31:00,77585.8125,-0.0008261628348798833
BTC,2026-09-11 12:32:00,77529.359375,-0.0007278865994873947
BTC,2026-09-11 12:33:00,77665.171875,0.0017502232014934703
BTC,2026-09-11 12:34:00,77730.796875,0.0008446165551032391
BTC,2026-09-11 12:35:00,77688.0234375,-0.0005504280433208909
BTC,2026-09-11 12:36:00,77659.7421875,-0.0003641024407226592
BTC,2026-09-11 12:37:00,77632.0703125,-0.00035638550220266744
BTC,2026-09-11 12:38:00,77632.71875,8.352666485613886e-06
BTC,2026-09-11 12:39:00,77620.6796875,-0.00015508919798588975
BTC,2026-09-11 12:40:00,77717.890625,0.0012516009384476458
BTC,2026-09-11 12:41:00,77716.3125,-2.0306019760513645e-05
BTC,2026-09-11 12:42:00,77745.828125,0.00037971463966689217
BTC,2026-09-11 12:43:00,77761.9765625,0.00020768652210726595
BTC,2026-09-11 12:44:00,77780.9765625,0.00024430550806419206
BTC,2026-09-11 12:45:00,77841.5234375,0.0007781249890598792
BTC,2026-09-11 12:46:00,77869.0390625,0.0003534201513967357
BTC,2026-09-11 12:47:00,77910.6328125,0.0005340074284119397
BTC,2026-09-11 12:48:00,77943.2734375,0.0004188618208242488
BTC,2026-09-11 12:49:00,77883.390625,-0.0007685823964479989
BTC,2026-09-11 12:50:00,77859.9921875,-0.00030047424492141665
BTC,2026-09-11 12:51:00,77908.890625,0.0006278332131978465
BTC,2026-09-11 12:52:00,77873.359375,-0.00045616558518234585
BTC,2026-09-11 12:53:00,77873.7578125,5.116467093503019e-06
BTC,2026-09-11 12:54:00,77879.90625,7.895079117653505e-05
BTC,2026-09-11 12:55:00,77889.828125,0.00012739156362087333
BTC,2026-09-11 12:56:00,77877.8828125,-0.00015337341033672786
BTC,2026-09-11 12:57:00,77878.71875,1.0733894956999356e-05
BTC,2026-09-11 12:58:00,77940.3515625,0.0007910818052064187
BTC,2026-09-11 12:59:00,77904.1171875,-0.00046500688723250265
BTC,2026-09-11 13:00:00,77873.75,-0.00038987808002414413
BTC,2026-09-11 13:01:00,77896.4296875,0.00029119421580884957
BTC,2026-09-11 13:02:00,77877.1328125,-0.0002477554572035649
BTC,2026-09-11 13:03:00,77838.703125,-0.0004935874125947962
BTC,2026-09-11 13:04:00,77844.1171875,6.955247202365817e-05
BTC,2026-09-11 13:05:00,77785.1484375,-0.0007578105902539134
BTC,2026-09-11 13:06:00,77808.03125,0.00029413644879469365
BTC,2026-09-11 13:07:00,77837.8515625,0.0003831815185345225
BTC,2026-09-11 13:08:00,77832.09375,-7.397461971314446e-05
BTC,2026-09-11 13:09:00,77785.34375,-0.0006008324280033218
BTC,2026-09-11 13:10:00,77780.359375,-6.408064118988177e-05
BTC,2026-09-11 13:11:00,77806.2578125,0.0003329134369955152
BTC,2026-09-11 13:12:00,77829.78125,0.00030228779684738857
BTC,2026-09-11 13:13:00,77803.09375,-0.0003429545365858924
BTC,2026-09-11 13:14:00,77734.6328125,-0.0008803130074508754
BTC,2026-09-11 13:15:00,77761.84375,0.0003499878374005837
BTC,2026-09-11 13:16:00,77829.7734375,0.0008731793273178825
BTC,2026-09-11 13:17:00,77801.4765625,-0.0003636400184643897
BTC,2026-09-11 13:18:00,77817.0,0.00019950635547126685
BTC,2026-09-11 13:19:00,77814.9921875,-2.580205357377678e-05
BTC,2026-09-11 13:20:00,77790.9765625,-0.0003086722878768528
BTC,2026-09-11 13:21:00,77719.859375,-0.0009146268429332091
BTC,2026-09-11 13:22:00,77742.40625,0.0002900623513679192
BTC,2026-09-11 13:23:00,77833.890625,0.0011760710003036134
BTC,2026-09-11 13:24:00,77824.4609375,-0.00012115877390294038
BTC,2026-09-11 13:25:00,77849.21875,0.0003180731997653921
BTC,2026-09-11 13:26:00,77877.3125,0.00036080878549423927
BTC,2026-09-11 13:27:00,77845.96875,-0.0004025570251497248
BTC,2026-09-11 13:28:00,77825.2890625,-0.00026568408211297134
BTC,2026-09-11 13:29:00,77822.9609375,-2.9915209456842682e-05
BTC,2026-09-11 13:30:00,77840.0,0.0002189225036633732
BTC,2026-09-11 13:31:00,77810.3828125,-0.0003805604242312614
BTC,2026-09-11 13:32:00,77784.9921875,-0.0003263673515407935
BTC,2026-09-11 13:33:00,77796.109375,0.00014291179850594603
BTC,2026-09-11 13:34:00,77794.296875,-2.329835166273676e-05
BTC,2026-09-11 13:35:00,77748.3125,-0.0005912769050806343
BTC,2026-09-11 13:36:00,77680.1875,-0.0008766089148710205
BTC,2026-09-11 13:37:00,77659.40625,-0.00026755896062688505
BTC,2026-09-11 13:38:00,77616.6015625,-0.0005513367993846197
BTC,2026-09-11 13:39:00,77564.703125,-0.0006688748949421305
BTC,2026-09-11 13:40:00,77617.90625,0.0006856841407524158
BTC,2026-09-11 13:41:00,77577.828125,-0.0005164848899015217
BTC,2026-09-11 13:42:00,77580.859375,3.9072900773189547e-05
BTC,2026-09-11 13:43:00,77623.9375,0.0005551133337832217
BTC,2026-09-11 13:44:00,77585.3671875,-0.0004970103225657176
BTC,2026-09-11 13:45:00,77569.8828125,-0.00019959846735967277
BTC,2026-09-11 13:46:00,77574.9921875,6.586585605031311e-05
BTC,2026-09-11 13:47:00,77549.828125,-0.0003244363174124812
BTC,2026-09-11 13:48:00,77602.359375,0.0006771577359463911
BTC,2026-09-11 13:49:00,77566.4375,-0.0004630038559963509
BTC,2026-09-11 13:50:00,77529.2109375,-0.0004800465208395093
BTC,2026-09-11 13:51:00,77512.7421875,-0.00021244249998144654
BTC,2026-09-11 13:52:00,77522.328125,0.00012366153661742037
BTC,2026-09-11 13:53:00,77502.7109375,-0.00025308411755084215
BTC,2026-09-11 13:54:00,77484.8203125,-0.0002308653468465277
BTC,2026-09-11 13:55:00,77483.9296875,-1.1494252873680153e-05
BTC,2026-09-11 13:56:00,77546.5,0.0008072004447585249
BTC,2026-09-11 13:57:00,77540.34375,-7.939100254248438e-05
BTC,2026-09-11 13:58:00,77518.2734375,-0.00028467057232116973
BTC,2026-09-11 13:59:00,77505.1796875,-0.0001689260530222191
BTC,2026-09-11 14:00:00,77477.8515625,-0.00035265957908835785
BTC,2026-09-11 14:01:00,77396.0,-0.001057009550612521
BTC,2026-09-11 14:02:00,77316.5390625,-0.0010272075549722646
BTC,2026-09-11 14:03:00,77129.078125,-0.002427534467749331
BTC,2026-09-11 14:04:00,77120.7109375,-0.00010848880324644053
BTC,2026-09-11 14:05:00,76974.4296875,-0.0018985841259808733
BTC,2026-09-11 14:06:00,77066.9921875,0.00120178728570459
BTC,2026-09-11 14:07:00,77124.5,0.0007459272149277715
BTC,2026-09-11 14:08:00,77118.4375,-7.860975810480469e-05
BTC,2026-09-11 14:09:00,77041.34375,-0.0010001798887061379
BTC,2026-09-11 14:10:00,77086.359375,0.0005841341351007885
BTC,2026-09-11 14:11:00,77060.0,-0.00034200451264378585
BTC,2026-09-11 14:12:00,77015.84375,-0.0005731755236146354
BTC,2026-09-11 14:13:00,77060.0078125,0.0005732769056495897
BTC,2026-09-11 14:14:00,77041.3828125,-0.00024172397166759198
BTC,2026-09-11 14:15:00,77100.7578125,0.0007703928685025776
BTC,2026-09-11 14:16:00,77142.96875,0.0005473277843380918
BTC,2026-09-11 14:17:00,77196.9921875,0.0007000577086863053
BTC,2026-09-11 14:18:00,77209.5625,0.00016282097030413632
BTC,2026-09-11 14:19:00,77225.40625,0.000205183452735081
BTC,2026-09-11 14:20:00,77172.078125,-0.000690790103692608
BTC,2026-09-11 14:21:00,77165.2578125,-8.838188715659632e-05
BTC,2026-09-11 14:22:00,77142.1015625,-0.00030013150724131344
BTC,2026-09-11 14:23:00,77126.8984375,-0.00019709889931504882
BTC,2026-09-11 14:24:00,77143.3203125,0.00021289754036886367
BTC,2026-09-11 14:25:00,77133.7890625,-0.00012356013216400017
BTC,2026-09-11 14:26:00,77145.6171875,0.00015333381571363023
BTC,2026-09-11 14:27:00,77096.8828125,-0.0006319189149776548
BTC,2026-09-11 14:28:00,77159.2109375,0.0008081123653104451
BTC,2026-09-11 14:29:00,77189.1015625,0.000387313925102607
BTC,2026-09-11 14:30:00,77157.6875,-0.0004070581982893517
BTC,2026-09-11 14:31:00,77166.0,0.00010772811540087098
BTC,2026-09-11 14:32:00,77159.109375,-8.930011496484602e-05
BTC,2026-09-11 14:33:00,77193.96875,0.00045168358177385536
BTC,2026-09-11 14:34:00,77233.9765625,0.0005181421447280495
BTC,2026-09-11 14:35:00,77194.78125,-0.0005076167664215364
BTC,2026-09-11 14:36:00,77236.1015625,0.000535130185537148
BTC,2026-09-11 14:37:00,77198.9765625,-0.00048078456223635247
BTC,2026-09-11 14:38:00,77164.703125,-0.00044406091034601117
BTC,2026-09-11 14:39:00,77202.140625,0.0004850458793421933
BTC,2026-09-11 14:40:00,77185.15625,-0.00022002296059717543
BTC,2026-09-11 14:41:00,77089.0703125,-0.0012456513581723943
BTC,2026-09-11 14:42:00,77122.59375,0.00043477175649286073
BTC,2026-09-11 14:43:00,77081.5625,-0.0005321678995710345
BTC,2026-09-11 14:44:00,77088.640625,9.182221806162987e-05
BTC,2026-09-11 14:45:00,77096.40625,0.00010073123385127298
BTC,2026-09-11 14:46:00,77059.6328125,-0.000477093708701481
BTC,2026-09-11 14:47:00,77060.53125,1.1658922185600326e-05
BTC,2026-09-11 14:48:00,77027.53125,-0.0004283265032880369
BTC,2026-09-11 14:49:00,77052.078125,0.00031862587538008944
BTC,2026-09-11 14:50:00,77001.0078125,-0.0006630222830016593
BTC,2026-09-11 14:51:00,76976.21875,-0.0003219834941513664
BTC,2026-09-11 14:52:00,76963.921875,-0.00015976177462527258
BTC,2026-09-11 14:53:00,76962.2109375,-2.2230630612314885e-05
BTC,2026-09-11 14:54:00,76946.046875,-0.0002100480219731818
BTC,2026-09-11 14:55:00,76980.203125,0.0004438002038069051
BTC,2026-09-11 14:56:00,77014.2265625,0.00044187881500203286
BTC,2026-09-11 14:57:00,77025.6328125,0.00014809478620835947
BTC,2026-09-11 14:58:00,77027.5078125,2.4342249596285926e-05
BTC,2026-09-11 14:59:00,77017.671875,-0.00012770198370789282
BTC,2026-09-11 15:00:00,77054.4375,0.0004772521885626694
BTC,2026-09-11 15:01:00,77003.65625,-0.0006592480875631932
BTC,2026-09-11 15:02:00,77059.703125,0.0007275821804724494
BTC,2026-09-11 15:03:00,77103.5234375,0.0005684924304876912
BTC,2026-09-11 15:04:00,77135.75,0.00041787752562268317
BTC,2026-09-11 15:05:00,77187.796875,0.0006745163395638874
BTC,2026-09-11 15:06:00,77185.2890625,-3.249028138541958e-05
BTC,2026-09-11 15:07:00,77149.203125,-0.0004676328362654066
BTC,2026-09-11 15:08:00,77207.90625,0.0007606145005934189
BTC,2026-09-11 15:09:00,77153.421875,-0.0007059329940272364
BTC,2026-09-11 15:10:00,77121.953125,-0.0004079555850884895
BTC,2026-09-11 15:11:00,77134.171875,0.00015842158650824286
BTC,2026-09-11 15:12:00,77193.9921875,0.000775235237966423
BTC,2026-09-11 15:13:00,77187.5,-8.410577475103345e-05
BTC,2026-09-11 15:14:00,77190.9609375,4.4837051484591375e-05
BTC,2026-09-11 15:15:00,77117.796875,-0.0009482814717691717
BTC,2026-09-11 15:16:00,77090.8828125,-0.0003490602841268628
BTC,2026-09-11 15:17:00,77136.3125,0.00058912682321547
BTC,2026-09-11 15:18:00,77167.0703125,0.00039866673493148995
BTC,2026-09-11 15:19:00,77130.4296875,-0.0004749347940015564
BTC,2026-09-11 15:20:00,77122.8671875,-9.805300968304564e-05
BTC,2026-09-11 15:21:00,77155.9921875,0.0004294172337443258
BTC,2026-09-11 15:22:00,77184.5390625,0.0003699206565421029
BTC,2026-09-11 15:23:00,77194.9921875,0.00013542112650985735
BTC,2026-09-11 15:24:00,77249.2265625,0.0007023167026671006
BTC,2026-09-11 15:25:00,77227.0625,-0.00028695747142301777
BTC,2026-09-11 15:26:00,77258.9375,0.00041265875810530866
BTC,2026-09-11 15:27:00,77244.0,-0.000193362020013854
BTC,2026-09-11 15:28:00,77226.6875,-0.00022415256062722203
BTC,2026-09-11 15:29:00,77207.75,-0.00024524970468349863
BTC,2026-09-11 15:30:00,77206.5390625,-1.5684267400040167e-05
BTC,2026-09-11 15:31:00,77183.078125,-0.00030391859385329133
BTC,2026-09-11 15:32:00,77201.75,0.0002418874356737961
BTC,2026-09-11 15:33:00,77181.3984375,-0.0002636500527921963
BTC,2026-09-11 15:34:00,77201.34375,0.0002583878525326218
BTC,2026-09-11 15:35:00,77221.6875,0.0002634807768376276
BTC,2026-09-11 15:36:00,77227.546875,7.587444543209321e-05
BTC,2026-09-11 15:37:00,77244.6875,0.00022192499693814442
BTC,2026-09-11 15:38:00,77182.0703125,-0.0008109629680597924
BTC,2026-09-11 15:39:00,77240.7265625,0.0007596838550781239
BTC,2026-09-11 15:40:00,77263.6796875,0.00029711936022994644
BTC,2026-09-11 15:41:00,77271.5390625,0.00010171629574595247
BTC,2026-09-11 15:42:00,77268.296875,-4.19592460521047e-05
BTC,2026-09-11 15:43:00,77263.578125,-6.107154270237197e-05
BTC,2026-09-11 15:44:00,77284.7578125,0.0002740849651226558
BTC,2026-09-11 15:45:00,77276.8515625,-0.00010230548243990159
BTC,2026-09-11 15:46:00,77235.4765625,-0.0005355559843154876
BTC,2026-09-11 15:47:00,77255.03125,0.0002531506677181991
BTC,2026-09-11 15:48:00,77269.3203125,0.00018494253360372125
BTC,2026-09-11 15:49:00,77303.03125,0.00043618328496282605
BTC,2026-09-11 15:50:00,77328.421875,0.00032840181884180884
BTC,2026-09-11 15:51:00,77355.140625,0.00034546334250256527
BTC,2026-09-11 15:52:00,77316.109375,-0.0005046994942952159
BTC,2026-09-11 15:53:00,77283.359375,-0.0004236754596207283
BTC,2026-09-11 15:54:00,77330.640625,0.0006116037548195394
BTC,2026-09-11 15:55:00,77304.546875,-0.00033748787283837355
BTC,2026-09-11 15:56:00,77323.0,0.00023867836566691196
BTC,2026-09-11 15:57:00,77319.1015625,-5.041883757965614e-05
BTC,2026-09-11 15:58:00,77302.65625,-0.00021271666801189501
BTC,2026-09-11 15:59:00,77282.859375,-0.0002561284610421956
ETH,2026-09-08 09:30:00,2468.0400390625,
ETH,2026-09-08 09:31:00,2462.159912109375,-0.00238535142569171
ETH,2026-09-08 09:32:00,2456.260009765625,-0.002399105919099377
ETH,2026-09-08 09:33:00,2456.31005859375,2.037582260618535e-05
ETH,2026-09-08 09:34:00,2455.81005859375,-0.0002035780843295642
ETH,2026-09-08 09:35:00,2456.47998046875,0.0002727533894887085
ETH,2026-09-08 09:36:00,2453.320068359375,-0.0012871858382176294
ETH,2026-09-08 09:37:00,2454.449951171875,0.0004604465278387526
ETH,2026-09-08 09:38:00,2452.47998046875,-0.00080293415084638
ETH,2026-09-08 09:39:00,2445.97998046875,-0.0026538968846874867
ETH,2026-09-08 09:40:00,2444.0,-0.0008098113222808187
ETH,2026-09-08 09:41:00,2443.199951171875,-0.00032740581243457585
ETH,2026-09-08 09:42:00,2442.780029296875,-0.00017188849635586015
ETH,2026-09-08 09:43:00,2443.469970703125,0.00028240119143931367
ETH,2026-09-08 09:44:00,2447.77001953125,0.001758265774940416
ETH,2026-09-08 09:45:00,2447.050048828125,-0.0002941765777954758
ETH,2026-09-08 09:46:00,2446.280029296875,-0.00031472209121893
ETH,2026-09-08 09:47:00,2451.0400390625,0.0019439249214374017
ETH,2026-09-08 09:48:00,2450.330078125,-0.0002896989721203111
ETH,2026-09-08 09:49:00,2452.1201171875,0.0007302630606064895
ETH,2026-09-08 09:50:00,2449.159912109375,-0.0012079315690458922
ETH,2026-09-08 09:51:00,2448.489990234375,-0.0002735687084768866
ETH,2026-09-08 09:52:00,2446.27001953125,-0.0009070805722490555
ETH,2026-09-08 09:53:00,2446.699951171875,0.0001757344289074868
ETH,2026-09-08 09:54:00,2452.179931640625,0.0022372390773218753
ETH,2026-09-08 09:55:00,2458.199951171875,0.0024519579710726067
ETH,2026-09-08 09:56:00,2460.02001953125,0.0007401329966136301
ETH,2026-09-08 09:57:00,2461.760009765625,0.0007070573233696124
ETH,2026-09-08 09:58:00,2457.239990234375,-0.0018377803632540165
ETH,2026-09-08 09:59:00,2458.360107421875,0.00045573976101979783
ETH,2026-09-08 10:00:00,2459.530029296875,0.0004757820384534944
ETH,2026-09-08 10:01:00,2456.820068359375,-0.0011024280851170789
ETH,2026-09-08 10:02:00,2459.389892578125,0.0010454494308541355
ETH,2026-09-08 10:03:00,2457.860107421875,-0.0006222116856390225
ETH,2026-09-08 10:04:00,2460.0,0.0008702535925932359
ETH,2026-09-08 10:05:00,2462.4599609375,0.0009994844698815472
ETH,2026-09-08 10:06:00,2460.5,-0.0007962530902571782
ETH,2026-09-08 10:07:00,2460.679931640625,7.312540618497852e-05
ETH,2026-09-08 10:08:00,2462.860107421875,0.0008856131590065291
ETH,2026-09-08 10:09:00,2461.090087890625,-0.0007189429369840626
ETH,2026-09-08 10:10:00,2463.2900390625,0.0008934937033764711
ETH,2026-09-08 10:11:00,2470.169921875,0.002789071899564505
ETH,2026-09-08 10:12:00,2471.139892578125,0.0003925965996895309
ETH,2026-09-08 10:13:00,2472.090087890625,0.00038444309811899046
ETH,2026-09-08 10:14:00,2471.679931640625,-0.00016592853199914314
ETH,2026-09-08 10:15:00,2479.0400390625,0.0029733504976543587
ETH,2026-09-08 10:16:00,2478.22998046875,-0.00032681641216582774
ETH,2026-09-08 10:17:00,2478.389892578125,6.452466137265999e-05
ETH,2026-09-08 10:18:00,2479.409912109375,0.00041148073170588554
ETH,2026-09-08 10:19:00,2478.860107421875,-0.00022177279074663204
ETH,2026-09-08 10:20:00,2482.56005859375,0.0014914890228846845
ETH,2026-09-08 10:21:00,2479.02001953125,-0.0014269807631706367
ETH,2026-09-08 10:22:00,2480.889892578125,0.0007539947977265381
ETH,2026-09-08 10:23:00,2479.679931640625,-0.00048783144048815933
ETH,2026-09-08 10:24:00,2478.090087890625,-0.0006413543985434058
ETH,2026-09-08 10:25:00,2476.659912109375,-0.0005772948467509133
ETH,2026-09-08 10:26:00,2474.02001953125,-0.0010664768737986107
ETH,2026-09-08 10:27:00,2474.909912109375,0.00035963030392765913
ETH,2026-09-08 10:28:00,2476.5,0.0006422768356940101
ETH,2026-09-08 10:29:00,2478.39990234375,0.0007668782313696853
ETH,2026-09-08 10:30:00,2476.449951171875,-0.0007870879361395809
ETH,2026-09-08 10:31:00,2477.070068359375,0.00025037435532478315
ETH,2026-09-08 10:32:00,2476.25,-0.00033111866608666373
ETH,2026-09-08 10:33:00,2478.469970703125,0.0008961034588452661
ETH,2026-09-08 10:34:00,2480.3701171875,0.0007663673535327044
ETH,2026-09-08 10:35:00,2478.510009765625,-0.000750212734123822
ETH,2026-09-08 10:36:00,2477.7900390625,-0.0002905274907073
ETH,2026-09-08 10:37:00,2478.2900390625,0.00020177236598870274
ETH,2026-09-08 10:38:00,2481.570068359375,0.0013226299548758523
ETH,2026-09-08 10:39:00,2479.43994140625,-0.0008587473437209557
ETH,2026-09-08 10:40:00,2478.719970703125,-0.00029041851047481424
ETH,2026-09-08 10:41:00,2479.830078125,0.00044775485958203416
ETH,2026-09-08 10:42:00,2480.6201171875,0.000318535228889689
ETH,2026-09-08 10:43:00,2481.56005859375,0.0003788421154391288
ETH,2026-09-08 10:44:00,2480.199951171875,-0.0005482358893878572
ETH,2026-09-08 10:45:00,2480.110107421875,-3.622505405850331e-05
ETH,2026-09-08 10:46:00,2483.06005859375,0.001188736803527167
ETH,2026-09-08 10:47:00,2483.199951171875,5.633719454357492e-05
ETH,2026-09-08 10:48:00,2484.889892578125,0.0006803184018727125
ETH,2026-09-08 10:49:00,2485.199951171875,0.00012476981459086094
ETH,2026-09-08 10:50:00,2484.89990234375,-0.00012074156951887008
ETH,2026-09-08 10:51:00,2482.969970703125,-0.0007769654950841538
ETH,2026-09-08 10:52:00,2482.9599609375,-4.031376101873152e-06
ETH,2026-09-08 10:53:00,2483.139892578125,7.246396408096258e-05
ETH,2026-09-08 10:54:00,2483.389892578125,0.00010067391560124122
ETH,2026-09-08 10:55:00,2483.85009765625,0.0001852960921343543
ETH,2026-09-08 10:56:00,2485.409912109375,0.0006277854253101955
ETH,2026-09-08 10:57:00,2485.1201171875,-0.00011660523947962405
ETH,2026-09-08 10:58:00,2484.159912109375,-0.00038645642202270587
ETH,2026-09-08 10:59:00,2485.070068359375,0.0003663168192074326
ETH,2026-09-08 11:00:00,2486.14990234375,0.0004344342063807628
ETH,2026-09-08 11:01:00,2485.919921875,-9.250894578899961e-05
ETH,2026-09-08 11:02:00,2487.199951171875,0.0005147791960854606
ETH,2026-09-08 11:03:00,2489.409912109375,0.000888139172440425
ETH,2026-09-08 11:04:00,2485.760009765625,-0.0014672475737961246
ETH,2026-09-08 11:05:00,2484.47998046875,-0.0005150774721904501
ETH,2026-09-08 11:06:00,2484.409912109375,-2.820282231828014e-05
ETH,2026-09-08 11:07:00,2485.800048828125,0.0005593875373172361
ETH,2026-09-08 11:08:00,2486.35009765625,0.0002212518987415971
ETH,2026-09-08 11:09:00,2487.800048828125,0.000582994549920263
ETH,2026-09-08 11:10:00,2486.199951171875,-0.0006433846849399995
ETH,2026-09-08 11:11:00,2486.510009765625,0.00012470407346795593
ETH,2026-09-08 11:12:00,2487.60009765625,0.00043830469552728056
ETH,2026-09-08 11:13:00,2487.260009765625,-0.0001367225947308638
ETH,2026-09-08 11:14:00,2488.35009765625,0.00043817255955811026
ETH,2026-09-08 11:15:00,2490.889892578125,0.001020153737165774
ETH,2026-09-08 11:16:00,2490.39990234375,-0.00019673227462291336
ETH,2026-09-08 11:17:00,2488.9599609375,-0.0005783640812978697
ETH,2026-09-08 11:18:00,2488.9599609375,0.0
ETH,2026-09-08 11:19:00,2487.919921875,-0.0004179482334831279
ETH,2026-09-08 11:20:00,2486.93994140625,-0.0003939731000902184
ETH,2026-09-08 11:21:00,2485.340087890625,-0.0006435090386733549
ETH,2026-09-08 11:22:00,2483.25,-0.0008413203653095303
ETH,2026-09-08 11:23:00,2482.75,-0.0002013693119974642
ETH,2026-09-08 11:24:00,2484.6201171875,0.0007529607143162622
ETH,2026-09-08 11:25:00,2484.429931640625,-7.654805047199105e-05
ETH,2026-09-08 11:26:00,2482.530029296875,-0.0007650162076406808
ETH,2026-09-08 11:27:00,2481.8798828125,-0.00026192296752365
ETH,2026-09-08 11:28:00,2482.280029296875,0.0001612141801738878
ETH,2026-09-08 11:29:00,2481.610107421875,-0.00026991809271191666
ETH,2026-09-08 11:30:00,2482.719970703125,0.000447135175250296
ETH,2026-09-08 11:31:00,2484.260009765625,0.0006201108592770323
ETH,2026-09-08 11:32:00,2483.3798828125,-0.0003543441076109812
ETH,2026-09-08 11:33:00,2484.14990234375,0.000310021105346385
ETH,2026-09-08 11:34:00,2487.0400390625,0.0011627546235154186
ETH,2026-09-08 11:35:00,2488.8798828125,0.0007394989721423787
ETH,2026-09-08 11:36:00,2488.739990234375,-5.620862248619748e-05
ETH,2026-09-08 11:37:00,2487.580078125,-0.0004661726393989744
ETH,2026-09-08 11:38:00,2492.570068359375,0.0020039523940088037
ETH,2026-09-08 11:39:00,2494.0,0.0005735131203278744
ETH,2026-09-08 11:40:00,2491.030029296875,-0.0011915559332918426
ETH,2026-09-08 11:41:00,2492.280029296875,0.0005016745944037143
ETH,2026-09-08 11:42:00,2495.1298828125,0.0011428191690734215
ETH,2026-09-08 11:43:00,2495.02001953125,-4.403205651847107e-05
ETH,2026-09-08 11:44:00,2495.550048828125,0.00021241232629041156
ETH,2026-09-08 11:45:00,2494.22998046875,-0.0005291088514608222
ETH,2026-09-08 11:46:00,2494.22998046875,0.0
ETH,2026-09-08 11:47:00,2494.360107421875,5.2169831901221393e-05
ETH,2026-09-08 11:48:00,2494.840087890625,0.00019240778138406072
ETH,2026-09-08 11:49:00,2496.1201171875,0.0005129391028355331
ETH,2026-09-08 11:50:00,2495.429931640625,-0.0002765415730672984
ETH,2026-09-08 11:51:00,2499.010009765625,0.0014336257038520405
ETH,2026-09-08 11:52:00,2497.219970703125,-0.0007165559416157228
ETH,2026-09-08 11:53:00,2496.139892578125,-0.0004326057690281112
ETH,2026-09-08 11:54:00,2497.030029296875,0.0003565417328499972
ETH,2026-09-08 11:55:00,2498.889892578125,0.0007445529136788373
ETH,2026-09-08 11:56:00,2499.1298828125,9.60341276522554e-05
ETH,2026-09-08 11:57:00,2500.010009765625,0.00035211135560548956
ETH,2026-09-08 11:58:00,2497.27001953125,-0.0010965927436065908
ETH,2026-09-08 11:59:00,2498.389892578125,0.0004483383918584347
ETH,2026-09-08 12:00:00,2496.7099609375,-0.0006726318805341758
ETH,2026-09-08 12:01:00,2495.85009765625,-0.000344457865167552
ETH,2026-09-08 12:02:00,2496.06005859375,8.412047935632955e-05
ETH,2026-09-08 12:03:00,2496.5400390625,0.00019227675393187522
ETH,2026-09-08 12:04:00,2497.39990234375,0.0003443626875117392
ETH,2026-09-08 12:05:00,2496.340087890625,-0.00042445720886922453
ETH,2026-09-08 12:06:00,2496.969970703125,0.0002522906883208623
ETH,2026-09-08 12:07:00,2495.780029296875,-0.0004766677397349666
ETH,2026-09-08 12:08:00,2495.469970703125,-0.00012424085916308677
ETH,2026-09-08 12:09:00,2493.760009765625,-0.000685460887209798
ETH,2026-09-08 12:10:00,2490.93994140625,-0.0011314898340401038
ETH,2026-09-08 12:11:00,2490.159912109375,-0.00031319560988152755
ETH,2026-09-08 12:12:00,2489.06005859375,-0.00044177744304707436
ETH,2026-09-08 12:13:00,2489.47998046875,0.00016869277848572596
ETH,2026-09-08 12:14:00,2489.530029296875,2.0103927499114862e-05
ETH,2026-09-08 12:15:00,2488.0400390625,-0.0005986817898757057
ETH,2026-09-08 12:16:00,2487.510009765625,-0.00021305354932759342
ETH,2026-09-08 12:17:00,2488.030029296875,0.0002090303882838806
ETH,2026-09-08 12:18:00,2489.699951171875,0.000670957221143043
ETH,2026-09-08 12:19:00,2488.840087890625,-0.00034542788972397644
ETH,2026-09-08 12:20:00,2488.7900390625,-2.0109500645962367e-05
ETH,2026-09-08 12:21:00,2491.06005859375,0.0009116819357869494
ETH,2026-09-08 12:22:00,2491.080078125,8.036518725094934e-06
ETH,2026-09-08 12:23:00,2489.6298828125,-0.0005823247548457229
ETH,2026-09-08 12:24:00,2489.969970703125,0.00013659245769063346
ETH,2026-09-08 12:25:00,2492.239990234375,0.0009112501103441793
ETH,2026-09-08 12:26:00,2491.85009765625,-0.00015645486820861266
ETH,2026-09-08 12:27:00,2490.570068359375,-0.0005138182980903465
ETH,2026-09-08 12:28:00,2490.820068359375,0.00010037358783321763
ETH,2026-09-08 12:29:00,2490.070068359375,-0.0003011509931283821
ETH,2026-09-08 12:30:00,2490.219970703125,6.0198238504055104e-05
ETH,2026-09-08 12:31:00,2491.860107421875,0.000658414458331397
ETH,2026-09-08 12:32:00,2492.2900390625,0.00017251953855950696
ETH,2026-09-08 12:33:00,2493.989990234375,0.0006818514915925858
ETH,2026-09-08 12:34:00,2492.18994140625,-0.0007220152224753962
ETH,2026-09-08 12:35:00,2494.179931640625,0.0007981719730740034
ETH,2026-09-08 12:36:00,2494.22998046875,2.006604469504638e-05
ETH,2026-09-08 12:37:00,2498.010009765625,0.0015143623009560407
ETH,2026-09-08 12:38:00,2499.919921875,0.0007642813038464844
ETH,2026-09-08 12:39:00,2502.199951171875,0.0009116252759411772
ETH,2026-09-08 12:40:00,2502.300048828125,4.000305975161018e-05
ETH,2026-09-08 12:41:00,2501.449951171875,-0.00033978422760083774
ETH,2026-09-08 12:42:00,2498.9599609375,-0.0009959145285877993
ETH,2026-09-08 12:43:00,2497.4599609375,-0.0006004299352412086
ETH,2026-09-08 12:44:00,2496.570068359375,-0.0003563825536984404
ETH,2026-09-08 12:45:00,2494.090087890625,-0.0009938487475547747
ETH,2026-09-08 12:46:00,2495.89990234375,0.0007253780212076653
ETH,2026-09-08 12:47:00,2497.830078125,0.0007730397458094745
ETH,2026-09-08 12:48:00,2497.10009765625,-0.00029228855990281766
ETH,2026-09-08 12:49:00,2498.780029296875,0.0006725268266065691
ETH,2026-09-08 12:50:00,2498.89990234375,4.797147818095814e-05
ETH,2026-09-08 12:51:00,2500.110107421875,0.0004841779069868626
ETH,2026-09-08 12:52:00,2496.0400390625,-0.0016292822034551352
ETH,2026-09-08 12:53:00,2496.610107421875,0.00022836303170721065
ETH,2026-09-08 12:54:00,2498.570068359375,0.0007847408778503877
ETH,2026-09-08 12:55:00,2498.22998046875,-0.00013612227338567642
ETH,2026-09-08 12:56:00,2496.409912109375,-0.0007288086745321757
ETH,2026-09-08 12:57:00,2496.64990234375,9.612952517217612e-05
ETH,2026-09-08 12:58:00,2496.75,4.0091984708197584e-05
ETH,2026-09-08 12:59:00,2496.590087890625,-6.405015745567046e-05
ETH,2026-09-08 13:00:00,2498.830078125,0.0008968176089555364
ETH,2026-09-08 13:01:00,2499.030029296875,8.001471337085231e-05
ETH,2026-09-08 13:02:00,2500.820068359375,0.000716037122720803
ETH,2026-09-08 13:03:00,2500.239990234375,-0.00023198206812355754
ETH,2026-09-08 13:04:00,2499.699951171875,-0.00021601822059016653
ETH,2026-09-08 13:05:00,2498.530029296875,-0.0004681344799807866
ETH,2026-09-08 13:06:00,2502.3701171875,0.0015357589765433934
ETH,2026-09-08 13:07:00,2498.280029296875,-0.0016358228161838092
ETH,2026-09-08 13:08:00,2495.239990234375,-0.0012175937720043466
ETH,2026-09-08 13:09:00,2494.85009765625,-0.00015626674951803597
ETH,2026-09-08 13:10:00,2493.93994140625,-0.0003648805634117532
ETH,2026-09-08 13:11:00,2494.719970703125,0.00031272097796780196
ETH,2026-09-08 13:12:00,2495.0400390625,0.00012829008176245415
ETH,2026-09-08 13:13:00,2496.110107421875,0.00042878628947838827
ETH,2026-09-08 13:14:00,2495.919921875,-7.61956742451106e-05
ETH,2026-09-08 13:15:00,2495.360107421875,-0.0002243169897046498
ETH,2026-09-08 13:16:00,2496.47998046875,0.0004486814665313056
ETH,2026-09-08 13:17:00,2495.919921875,-0.00022436447682661723
ETH,2026-09-08 13:18:00,2494.139892578125,-0.0007134300744129891
ETH,2026-09-08 13:19:00,2493.639892578125,-0.00020049000686149187
ETH,2026-09-08 13:20:00,2492.610107421875,-0.0004130499557346125
ETH,2026-09-08 13:21:00,2491.739990234375,-0.000349139678911435
ETH,2026-09-08 13:22:00,2491.93994140625,8.024238102158188e-05
ETH,2026-09-08 13:23:00,2491.679931640625,-0.00010434574565656811
ETH,2026-09-08 13:24:00,2492.1201171875,0.00017664655231232232
ETH,2026-09-08 13:25:00,2490.10009765625,-0.0008108913515782905
ETH,2026-09-08 13:26:00,2489.0,-0.00044188614511625186
ETH,2026-09-08 13:27:00,2489.60009765625,0.00024107084215840917
ETH,2026-09-08 13:28:00,2490.60009765625,0.00040159028722601143
ETH,2026-09-08 13:29:00,2491.31005859375,0.0002850155542911543
ETH,2026-09-08 13:30:00,2492.010009765625,0.0002809176078903789
ETH,2026-09-08 13:31:00,2490.659912109375,-0.0005419173697874341
ETH,2026-09-08 13:32:00,2489.97998046875,-0.00027302983532781017
ETH,2026-09-08 13:33:00,2490.64990234375,0.0002690109061715215
ETH,2026-09-08 13:34:00,2492.10009765625,0.000582086339249176
ETH,2026-09-08 13:35:00,2493.050048828125,0.0003811123659107007
ETH,2026-09-08 13:36:00,2492.840087890625,-8.422204736438906e-05
ETH,2026-09-08 13:37:00,2494.030029296875,0.0004772297657133106
ETH,2026-09-08 13:38:00,2493.489990234375,-0.00021655614914650633
ETH,2026-09-08 13:39:00,2491.6201171875,-0.0007501832835283669
ETH,2026-09-08 13:40:00,2489.60009765625,-0.00081105414129762
ETH,2026-09-08 13:41:00,2491.199951171875,0.0006424082697404107
ETH,2026-09-08 13:42:00,2489.5,-0.00068261539725337
ETH,2026-09-08 13:43:00,2490.39990234375,0.000361413832082091
ETH,2026-09-08 13:44:00,2487.639892578125,-0.0011088742405193405
ETH,2026-09-08 13:45:00,2489.889892578125,0.0009040629590842291
ETH,2026-09-08 13:46:00,2490.800048828125,0.000365473968802873
ETH,2026-09-08 13:47:00,2489.929931640625,-0.0003493934422317986
ETH,2026-09-08 13:48:00,2488.4599609375,-0.0005905406276177614
ETH,2026-09-08 13:49:00,2488.739990234375,0.00011252483320653737
ETH,2026-09-08 13:50:00,2489.360107421875,0.0002491380962788423
ETH,2026-09-08 13:51:00,2489.97998046875,0.00024897799272015537
ETH,2026-09-08 13:52:00,2491.800048828125,0.0007306900062429544
ETH,2026-09-08 13:53:00,2493.320068359375,0.0006098226492537774
ETH,2026-09-08 13:54:00,2491.5400390625,-0.000714174253308557
ETH,2026-09-08 13:55:00,2491.25,-0.00011641632922677853
ETH,2026-09-08 13:56:00,2490.389892578125,-0.00034531096143780956
ETH,2026-09-08 13:57:00,2489.7900390625,-0.00024089632373113813
ETH,2026-09-08 13:58:00,2488.2900390625,-0.0006026419912320964
ETH,2026-09-08 13:59:00,2487.8798828125,-0.00016484816932228036
ETH,2026-09-08 14:00:00,2489.570068359375,0.0006791371599590325
ETH,2026-09-08 14:01:00,2489.52001953125,-2.0103604169892396e-05
ETH,2026-09-08 14:02:00,2490.52001953125,0.00040160320222193917
ETH,2026-09-08 14:03:00,2488.75,-0.0007109554608859806
ETH,2026-09-08 14:04:00,2490.10009765625,0.0005423331343021414
ETH,2026-09-08 14:05:00,2492.110107421875,0.0008068747772332602
ETH,2026-09-08 14:06:00,2493.860107421875,0.0007019697256318465
ETH,2026-09-08 14:07:00,2495.22998046875,0.0005491474626305142
ETH,2026-09-08 14:08:00,2495.699951171875,0.00018832991484597227
ETH,2026-09-08 14:09:00,2496.070068359375,0.0001482909616148484
ETH,2026-09-08 14:10:00,2497.5,0.00057270916804387
ETH,2026-09-08 14:11:00,2496.0,-0.0006007810333903306
ETH,2026-09-08 14:12:00,2496.0400390625,1.6041162405560128e-05
ETH,2026-09-08 14:13:00,2496.830078125,0.00031646690202243277
ETH,2026-09-08 14:14:00,2497.110107421875,0.00011214763764253843
ETH,2026-09-08 14:15:00,2497.469970703125,0.00014410151654140922
ETH,2026-09-08 14:16:00,2499.080078125,0.00064448768124886
ETH,2026-09-08 14:17:00,2500.010009765625,0.0003720403653473427
ETH,2026-09-08 14:18:00,2499.39990234375,-0.0002440717747212395
ETH,2026-09-08 14:19:00,2501.139892578125,0.0006959209909162041
ETH,2026-09-08 14:20:00,2501.760009765625,0.00024790309731566654
ETH,2026-09-08 14:21:00,2500.10009765625,-0.0006637179507870283
ETH,2026-09-08 14:22:00,2501.300048828125,0.0004798461069916801
ETH,2026-09-08 14:23:00,2502.090087890625,0.00031580150557039706
ETH,2026-09-08 14:24:00,2504.090087890625,0.000799012435101262
ETH,2026-09-08 14:25:00,2502.39990234375,-0.0006751978389585465
ETH,2026-09-08 14:26:00,2499.47998046875,-0.00116752991878861
ETH,2026-09-08 14:27:00,2499.169921875,-0.00012405693545460665
ETH,2026-09-08 14:28:00,2499.830078125,0.0002641153245999455
ETH,2026-09-08 14:29:00,2500.31005859375,0.00019198680720958607
ETH,2026-09-08 14:30:00,2501.22998046875,0.00036785545179629254
ETH,2026-09-08 14:31:00,2502.760009765625,0.0006115237430698298
ETH,2026-09-08 14:32:00,2502.580078125,-7.189587022775067e-05
ETH,2026-09-08 14:33:00,2500.89990234375,-0.0006716029047631848
ETH,2026-09-08 14:34:00,2500.860107421875,-1.5912367565915255e-05
ETH,2026-09-08 14:35:00,2497.219970703125,-0.0014566142620626651
ETH,2026-09-08 14:36:00,2496.8798828125,-0.00013619587157883353
ETH,2026-09-08 14:37:00,2496.179931640625,-0.0002803696340404663
ETH,2026-09-08 14:38:00,2495.639892578125,-0.00021636961413823557
ETH,2026-09-08 14:39:00,2494.639892578125,-0.0004007791372178489
ETH,2026-09-08 14:40:00,2494.800048828125,6.419808713437624e-05
ETH,2026-09-08 14:41:00,2494.10009765625,-0.000280603401918507
ETH,2026-09-08 14:42:00,2494.35009765625,0.00010023153100502668
ETH,2026-09-08 14:43:00,2495.2900390625,0.0003767571975588357
ETH,2026-09-08 14:44:00,2495.6298828125,0.00013618481396010306
ETH,2026-09-08 14:45:00,2496.3701171875,0.00029656826138838184
ETH,2026-09-08 14:46:00,2496.909912109375,0.00021620855261894465
ETH,2026-09-08 14:47:00,2492.06005859375,-0.0019442310023201081
ETH,2026-09-08 14:48:00,2484.179931640625,-0.003167103497989912
ETH,2026-09-08 14:49:00,2480.9599609375,-0.0012970313925489802
ETH,2026-09-08 14:50:00,2485.27001953125,0.0017357471131296848
ETH,2026-09-08 14:51:00,2483.830078125,-0.0005795582372083612
ETH,2026-09-08 14:52:00,2479.340087890625,-0.001809324004245708
ETH,2026-09-08 14:53:00,2484.110107421875,0.0019220585729856463
ETH,2026-09-08 14:54:00,2483.820068359375,-0.00011676454884310564
ETH,2026-09-08 14:55:00,2483.72998046875,-3.627055178079698e-05
ETH,2026-09-08 14:56:00,2483.2099609375,-0.00020939231771853364
ETH,2026-09-08 14:57:00,2484.280029296875,0.0004308285987611357
ETH,2026-09-08 14:58:00,2486.39990234375,0.0008529509864043416
ETH,2026-09-08 14:59:00,2486.719970703125,0.00012871934237959948
ETH,2026-09-08 15:00:00,2486.27001953125,-0.00018095800473618676
ETH,2026-09-08 15:01:00,2487.320068359375,0.00042224985379593486
ETH,2026-09-08 15:02:00,2488.679931640625,0.0005465688565527569
ETH,2026-09-08 15:03:00,2491.43994140625,0.0011084110899160105
ETH,2026-09-08 15:04:00,2489.659912109375,-0.0007147133865991228
ETH,2026-09-08 15:05:00,2487.9599609375,-0.0006830377896759291
ETH,2026-09-08 15:06:00,2487.6298828125,-0.00013267899318461068
ETH,2026-09-08 15:07:00,2488.31005859375,0.0002733858501090513
ETH,2026-09-08 15:08:00,2488.5,7.633058288582692e-05
ETH,2026-09-08 15:09:00,2487.31005859375,-0.0004782905355799843
ETH,2026-09-08 15:10:00,2488.489990234375,0.00047426811815715227
ETH,2026-09-08 15:11:00,2485.0400390625,-0.0013873251814658855
ETH,2026-09-08 15:12:00,2487.0,0.0007883931036844861
ETH,2026-09-08 15:13:00,2487.8798828125,0.00035373027787641276
ETH,2026-09-08 15:14:00,2485.800048828125,-0.0008363361270489703
ETH,2026-09-08 15:15:00,2487.2099609375,0.0005670256622778428
ETH,2026-09-08 15:16:00,2489.090087890625,0.0007556325077412913
ETH,2026-09-08 15:17:00,2484.909912109375,-0.0016808109229500474
ETH,2026-09-08 15:18:00,2487.0400390625,0.0008568578140863867
ETH,2026-09-08 15:19:00,2485.93994140625,-0.00044242996292583145
ETH,2026-09-08 15:20:00,2486.550048828125,0.0002453931234188889
ETH,2026-09-08 15:21:00,2486.169921875,-0.00015288492257954569
ETH,2026-09-08 15:22:00,2484.47998046875,-0.0006799680140683729
ETH,2026-09-08 15:23:00,2486.429931640625,0.00078454500538938
ETH,2026-09-08 15:24:00,2483.889892578125,-0.001022082833078388
ETH,2026-09-08 15:25:00,2483.659912109375,-9.259312053494816e-05
ETH,2026-09-08 15:26:00,2483.909912109375,0.00010065283792985331
ETH,2026-09-08 15:27:00,2485.679931640625,0.0007123403185165419
ETH,2026-09-08 15:28:00,2485.419921875,-0.00010460854681009365
ETH,2026-09-08 15:29:00,2486.179931640625,0.0003057405237503229
ETH,2026-09-08 15:30:00,2486.02001953125,-6.432247737436309e-05
ETH,2026-09-08 15:31:00,2484.75,-0.0005109950989062024
ETH,2026-09-08 15:32:00,2484.179931640625,-0.0002294531698852168
ETH,2026-09-08 15:33:00,2480.800048828125,-0.0013614892095798106
ETH,2026-09-08 15:34:00,2484.360107421875,0.0014340158592243458
ETH,2026-09-08 15:35:00,2483.889892578125,-0.00018928791633034313
ETH,2026-09-08 15:36:00,2482.89990234375,-0.0003986439081830377
ETH,2026-09-08 15:37:00,2484.800048828125,0.0007650005417878553
ETH,2026-09-08 15:38:00,2485.5400390625,0.00029776241736275376
ETH,2026-09-08 15:39:00,2485.340087890625,-8.044900173662528e-05
ETH,2026-09-08 15:40:00,2484.610107421875,-0.0002937576616715029
ETH,2026-09-08 15:41:00,2483.840087890625,-0.00030996367363871926
ETH,2026-09-08 15:42:00,2483.570068359375,-0.00010871642285311832
ETH,2026-09-08 15:43:00,2481.929931640625,-0.0006606129406495034
ETH,2026-09-08 15:44:00,2481.72998046875,-8.056602407244735e-05
ETH,2026-09-08 15:45:00,2480.5400390625,-0.0004795955981334376
ETH,2026-09-08 15:46:00,2479.6201171875,-0.00037092426718849476
ETH,2026-09-08 15:47:00,2479.5,-4.844294337903347e-05
ETH,2026-09-08 15:48:00,2477.409912109375,-0.0008433028041863666
ETH,2026-09-08 15:49:00,2480.5400390625,0.0012626700147538932
ETH,2026-09-08 15:50:00,2477.909912109375,-0.0010608666924927718
ETH,2026-09-08 15:51:00,2477.1201171875,-0.00031878512295334
ETH,2026-09-08 15:52:00,2477.31005859375,7.66753792481178e-05
ETH,2026-09-08 15:53:00,2478.780029296875,0.0005931977507113158
ETH,2026-09-08 15:54:00,2478.06005859375,-0.0002904958382445539
ETH,2026-09-08 15:55:00,2477.60009765625,-0.00018563054136820482
ETH,2026-09-08 15:56:00,2478.780029296875,0.0004761263796127625
ETH,2026-09-08 15:57:00,2478.080078125,-0.00028241715979806267
ETH,2026-09-08 15:58:00,2478.610107421875,0.00021386420335122214
ETH,2026-09-08 15:59:00,2481.8798828125,0.0013183277743253601
ETH,2026-09-09 09:30:00,2513.97998046875,0.01285085662786196
ETH,2026-09-09 09:31:00,2512.219970703125,-0.0007003341907042385
ETH,2026-09-09 09:32:00,2515.22998046875,0.0011974301701716964
ETH,2026-09-09 09:33:00,2517.699951171875,0.000981524056550924
ETH,2026-09-09 09:34:00,2520.39990234375,0.0010718133855416002
ETH,2026-09-09 09:35:00,2513.280029296875,-0.002828895715150797
ETH,2026-09-09 09:36:00,2507.840087890625,-0.0021668246955751087
ETH,2026-09-09 09:37:00,2507.22998046875,-0.00024330963139840276
ETH,2026-09-09 09:38:00,2506.89990234375,-0.00013165918442129722
ETH,2026-09-09 09:39:00,2507.030029296875,5.190617137795081e-05
ETH,2026-09-09 09:40:00,2512.010009765625,0.0019844360930573227
ETH,2026-09-09 09:41:00,2506.909912109375,-0.0020323493863663553
ETH,2026-09-09 09:42:00,2503.139892578125,-0.0015049831398106126
ETH,2026-09-09 09:43:00,2500.699951171875,-0.0009752276954574741
ETH,2026-09-09 09:44:00,2504.340087890625,0.0014545887074490648
ETH,2026-09-09 09:45:00,2505.18994140625,0.0003392947118025385
ETH,2026-09-09 09:46:00,2510.260009765625,0.0020217807517840863
ETH,2026-09-09 09:47:00,2510.679931640625,0.0001672682329920089
ETH,2026-09-09 09:48:00,2511.60009765625,0.0003664335801881484
ETH,2026-09-09 09:49:00,2509.949951171875,-0.0006572259671723734
ETH,2026-09-09 09:50:00,2510.02001953125,2.791584801837876e-05
ETH,2026-09-09 09:51:00,2509.06005859375,-0.000382524659604171
ETH,2026-09-09 09:52:00,2511.909912109375,0.0011351805879297372
ETH,2026-09-09 09:53:00,2510.27001953125,-0.0006530600889371822
ETH,2026-09-09 09:54:00,2506.820068359375,-0.0013752799551956
ETH,2026-09-09 09:55:00,2506.389892578125,-0.00017161690240689748
ETH,2026-09-09 09:56:00,2506.06005859375,-0.000131605896543286
ETH,2026-09-09 09:57:00,2506.580078125,0.00020748328981613317
ETH,2026-09-09 09:58:00,2505.090087890625,-0.0005946082758512667
ETH,2026-09-09 09:59:00,2502.1201171875,-0.0011862777593818839
ETH,2026-09-09 10:00:00,2501.35009765625,-0.00030779419253647896
ETH,2026-09-09 10:01:00,2496.679931640625,-0.001868803247453041
ETH,2026-09-09 10:02:00,2497.639892578125,0.0003844210956082641
ETH,2026-09-09 10:03:00,2497.72998046875,3.606855665307393e-05
ETH,2026-09-09 10:04:00,2503.679931640625,0.0023793106677449266
ETH,2026-09-09 10:05:00,2506.6298828125,0.0011775525354697283
ETH,2026-09-09 10:06:00,2502.780029296875,-0.0015370490102097553
ETH,2026-09-09 10:07:00,2502.06005859375,-0.0002877097751168947
ETH,2026-09-09 10:08:00,2502.1201171875,2.4003369840134772e-05
ETH,2026-09-09 10:09:00,2500.320068359375,-0.0007196683374710186
ETH,2026-09-09 10:10:00,2498.5400390625,-0.0007121741092401979
ETH,2026-09-09 10:11:00,2495.72998046875,-0.0011253131606016157
ETH,2026-09-09 10:12:00,2496.8701171875,0.00045673064786628224
ETH,2026-09-09 10:13:00,2500.580078125,0.0014847418079393518
ETH,2026-09-09 10:14:00,2501.830078125,0.0004997591108976778
ETH,2026-09-09 10:15:00,2500.860107421875,-0.0003877796462719405
ETH,2026-09-09 10:16:00,2498.860107421875,-0.0008000448108039419
ETH,2026-09-09 10:17:00,2501.139892578125,0.0009119141256946403
ETH,2026-09-09 10:18:00,2499.1201171875,-0.0008078681894666134
ETH,2026-09-09 10:19:00,2497.2099609375,-0.0007646237591177202
ETH,2026-09-09 10:20:00,2495.60009765625,-0.0006448726541355113
ETH,2026-09-09 10:21:00,2498.780029296875,0.0012734041020096248
ETH,2026-09-09 10:22:00,2498.47998046875,-0.00012008533792491133
ETH,2026-09-09 10:23:00,2497.10009765625,-0.0005524414886816995
ETH,2026-09-09 10:24:00,2498.280029296875,0.0004724091590957066
ETH,2026-09-09 10:25:00,2501.3798828125,0.001240025908693644
ETH,2026-09-09 10:26:00,2505.010009765625,0.001450197714208602
ETH,2026-09-09 10:27:00,2505.800048828125,0.0003153338720918219
ETH,2026-09-09 10:28:00,2511.2900390625,0.0021885165820983887
ETH,2026-09-09 10:29:00,2511.60009765625,0.00012345824244768463
ETH,2026-09-09 10:30:00,2510.0,-0.0006372859962111576
ETH,2026-09-09 10:31:00,2511.3701171875,0.00054571449207154
ETH,2026-09-09 10:32:00,2510.889892578125,-0.00019123845038085638
ETH,2026-09-09 10:33:00,2513.139892578125,0.0008956953866290784
ETH,2026-09-09 10:34:00,2509.9599609375,-0.0012661233732804507
ETH,2026-09-09 10:35:00,2513.06005859375,0.001234356239001136
ETH,2026-09-09 10:36:00,2509.949951171875,-0.001238344265001787
ETH,2026-09-09 10:37:00,2508.489990234375,-0.0005818385776191026
ETH,2026-09-09 10:38:00,2508.550048828125,2.394184351135813e-05
ETH,2026-09-09 10:39:00,2510.830078125,0.0009084904494286221
ETH,2026-09-09 10:40:00,2509.389892578125,-0.0005737539768328901
ETH,2026-09-09 10:41:00,2506.489990234375,-0.0011562887208623998
ETH,2026-09-09 10:42:00,2506.260009765625,-9.175820414394189e-05
ETH,2026-09-09 10:43:00,2503.989990234375,-0.0009061502665846079
ETH,2026-09-09 10:44:00,2500.47998046875,-0.001402750086114753
ETH,2026-09-09 10:45:00,2503.31005859375,0.0011311739320302352
ETH,2026-09-09 10:46:00,2504.610107421875,0.0005191971174584982
ETH,2026-09-09 10:47:00,2503.010009765625,-0.0006390651340405633
ETH,2026-09-09 10:48:00,2502.5,-0.00020377934172332958
ETH,2026-09-09 10:49:00,2506.739990234375,0.0016928680818734372
ETH,2026-09-09 10:50:00,2505.510009765625,-0.0004907897624577241
ETH,2026-09-09 10:51:00,2504.43994140625,-0.0004271772716599346
ETH,2026-09-09 10:52:00,2500.280029296875,-0.0016623959349335831
ETH,2026-09-09 10:53:00,2499.800048828125,-0.00019198911326410848
ETH,2026-09-09 10:54:00,2497.43994140625,-0.0009445644403557009
ETH,2026-09-09 10:55:00,2497.300048828125,-5.6015960164144046e-05
ETH,2026-09-09 10:56:00,2497.409912109375,4.399185623477351e-05
ETH,2026-09-09 10:57:00,2497.2900390625,-4.800009933319727e-05
ETH,2026-09-09 10:58:00,2497.530029296875,9.609564760091668e-05
ETH,2026-09-09 10:59:00,2498.81005859375,0.0005123867880740681
ETH,2026-09-09 11:00:00,2510.5,0.0046672944937696265
ETH,2026-09-09 11:01:00,2496.300048828125,-0.005672281340067434
ETH,2026-09-09 11:02:00,2493.169921875,-0.001254693337023423
ETH,2026-09-09 11:03:00,2498.3701171875,0.0020836043197697
ETH,2026-09-09 11:04:00,2495.419921875,-0.0011815457328567607
ETH,2026-09-09 11:05:00,2491.85009765625,-0.0014315747149996412
ETH,2026-09-09 11:06:00,2489.820068359375,-0.0008149995248941854
ETH,2026-09-09 11:07:00,2490.110107421875,0.00011648318453873031
ETH,2026-09-09 11:08:00,2490.840087890625,0.0002931089231379821
ETH,2026-09-09 11:09:00,2490.489990234375,-0.0001405639262348722
ETH,2026-09-09 11:10:00,2488.64990234375,-0.0007391188093097506
ETH,2026-09-09 11:11:00,2481.10009765625,-0.0030383059491431515
ETH,2026-09-09 11:12:00,2483.679931640625,0.0010392541870323409
ETH,2026-09-09 11:13:00,2484.820068359375,0.0004589460556555259
ETH,2026-09-09 11:14:00,2484.330078125,-0.00019721289215211672
ETH,2026-09-09 11:15:00,2488.179931640625,0.0015484551171546593
ETH,2026-09-09 11:16:00,2489.10009765625,0.0003697465365387664
ETH,2026-09-09 11:17:00,2488.510009765625,-0.00023709687205494595
ETH,2026-09-09 11:18:00,2487.429931640625,-0.0004341202485082379
ETH,2026-09-09 11:19:00,2487.110107421875,-0.00012858443863317115
ETH,2026-09-09 11:20:00,2486.1201171875,-0.00039812765656931017
ETH,2026-09-09 11:21:00,2478.919921875,-0.0029003594344614927
ETH,2026-09-09 11:22:00,2473.260009765625,-0.0022858275151256048
ETH,2026-09-09 11:23:00,2473.159912109375,-4.0472769334008786e-05
ETH,2026-09-09 11:24:00,2471.75,-0.0005702478599777848
ETH,2026-09-09 11:25:00,2473.72998046875,0.0008007233200254323
ETH,2026-09-09 11:26:00,2476.97998046875,0.0013129431909812105
ETH,2026-09-09 11:27:00,2476.56005859375,-0.00016954415335078423
ETH,2026-09-09 11:28:00,2478.68994140625,0.0008596470182792852
ETH,2026-09-09 11:29:00,2478.800048828125,4.442063306639658e-05
ETH,2026-09-09 11:30:00,2480.719970703125,0.0007742370081563812
ETH,2026-09-09 11:31:00,2480.860107421875,5.648874615783159e-05
ETH,2026-09-09 11:32:00,2482.64990234375,0.0007211811786121127
ETH,2026-09-09 11:33:00,2483.8701171875,0.0004913762004393166
ETH,2026-09-09 11:34:00,2487.340087890625,0.0013960267715614268
ETH,2026-09-09 11:35:00,2488.159912109375,0.00032954445831347173
ETH,2026-09-09 11:36:00,2491.360107421875,0.0012853430613941595
ETH,2026-09-09 11:37:00,2491.10009765625,-0.00010437003213633173
ETH,2026-09-09 11:38:00,2488.68994140625,-0.0009679751231608084
ETH,2026-09-09 11:39:00,2492.949951171875,0.0017102845231246756
ETH,2026-09-09 11:40:00,2491.659912109375,-0.0005176088507167832
ETH,2026-09-09 11:41:00,2493.31005859375,0.0006620487402514178
ETH,2026-09-09 11:42:00,2490.9599609375,-0.0009430058248028177
ETH,2026-09-09 11:43:00,2493.530029296875,0.0010312263008520968
ETH,2026-09-09 11:44:00,2492.530029296875,-0.00040111831853470204
ETH,2026-09-09 11:45:00,2491.419921875,-0.00044547294860853236
ETH,2026-09-09 11:46:00,2493.35009765625,0.000774429259586393
ETH,2026-09-09 11:47:00,2491.219970703125,-0.0008546883898038047
ETH,2026-09-09 11:48:00,2490.1201171875,-0.0004415894173422623
ETH,2026-09-09 11:49:00,2492.0400390625,0.0007707186882094299
ETH,2026-09-09 11:50:00,2492.320068359375,0.0001123631885073407
ETH,2026-09-09 11:51:00,2491.199951171875,-0.0004495285268133277
ETH,2026-09-09 11:52:00,2491.050048828125,-6.0174557196099695e-05
ETH,2026-09-09 11:53:00,2490.280029296875,-0.000309162221859082
ETH,2026-09-09 11:54:00,2492.93994140625,0.0010675476409345713
ETH,2026-09-09 11:55:00,2490.860107421875,-0.0008346378605625768
ETH,2026-09-09 11:56:00,2491.280029296875,0.00016857088097517388
ETH,2026-09-09 11:57:00,2491.510009765625,9.230991758050381e-05
ETH,2026-09-09 11:58:00,2490.5400390625,-0.0003893861787312819
ETH,2026-09-09 11:59:00,2489.85009765625,-0.0002770631985542269
ETH,2026-09-09 12:00:00,2490.719970703125,0.0003493066230494621
ETH,2026-09-09 12:01:00,2491.669921875,0.00038132350292406094
ETH,2026-09-09 12:02:00,2494.260009765625,0.0010389588939765516
ETH,2026-09-09 12:03:00,2495.97998046875,0.00068933388959215
ETH,2026-09-09 12:04:00,2495.3798828125,-0.0002404545757383692
ETH,2026-09-09 12:05:00,2495.889892578125,0.0002043607299747382
ETH,2026-09-09 12:06:00,2494.330078125,-0.0006251485958862846
ETH,2026-09-09 12:07:00,2492.39990234375,-0.0007741248815159899
ETH,2026-09-09 12:08:00,2488.949951171875,-0.0013851473295092701
ETH,2026-09-09 12:09:00,2486.77001953125,-0.0008762276787822586
ETH,2026-09-09 12:10:00,2487.639892578125,0.00034973919363742565
ETH,2026-09-09 12:11:00,2487.280029296875,-0.00014467098467062245
ETH,2026-09-09 12:12:00,2490.5,0.0012937378242085372
ETH,2026-09-09 12:13:00,2489.510009765625,-0.00039758564560096385
ETH,2026-09-09 12:14:00,2491.56005859375,0.000823135959037598
ETH,2026-09-09 12:15:00,2487.7900390625,-0.0015142619730269629
ETH,2026-09-09 12:16:00,2487.280029296875,-0.00020502616461830992
ETH,2026-09-09 12:17:00,2484.8701171875,-0.0009693642497053807
ETH,2026-09-09 12:18:00,2485.159912109375,0.00011661697031817093
ETH,2026-09-09 12:19:00,2486.77001953125,0.0006476790704204127
ETH,2026-09-09 12:20:00,2488.8798828125,0.0008480755073676493
ETH,2026-09-09 12:21:00,2490.800048828125,0.0007712006141569822
ETH,2026-09-09 12:22:00,2485.760009765625,-0.0020255118902637393
ETH,2026-09-09 12:23:00,2485.3798828125,-0.0001529335170926613
ETH,2026-09-09 12:24:00,2486.159912109375,0.00031379787166640235
ETH,2026-09-09 12:25:00,2488.659912109375,0.001005061609780211
ETH,2026-09-09 12:26:00,2488.43994140625,-8.839312440670983e-05
ETH,2026-09-09 12:27:00,2489.639892578125,0.0004820939941235178
ETH,2026-09-09 12:28:00,2488.800048828125,-0.0003373923429232048
ETH,2026-09-09 12:29:00,2489.889892578125,0.0004378034303136601
ETH,2026-09-09 12:30:00,2493.02001953125,0.0012563451557632975
ETH,2026-09-09 12:31:00,2494.6201171875,0.0006416251643195115
ETH,2026-09-09 12:32:00,2495.22998046875,0.0002444415252367356
ETH,2026-09-09 12:33:00,2496.280029296875,0.0004207339428592194
ETH,2026-09-09 12:34:00,2497.139892578125,0.00034439854977240283
ETH,2026-09-09 12:35:00,2496.6201171875,-0.0002081699526952028
ETH,2026-09-09 12:36:00,2497.27001953125,0.0002602789927798585
ETH,2026-09-09 12:37:00,2495.169921875,-0.0008413111844185268
ETH,2026-09-09 12:38:00,2496.6298828125,0.0005849437222050778
ETH,2026-09-09 12:39:00,2498.139892578125,0.0006046364014886686
ETH,2026-09-09 12:40:00,2497.389892578125,-0.00030026845515512785
ETH,2026-09-09 12:41:00,2497.989990234375,0.0002402610705149441
ETH,2026-09-09 12:42:00,2496.969970703125,-0.00040841950822662423
ETH,2026-09-09 12:43:00,2497.89990234375,0.00037235470593029017
ETH,2026-09-09 12:44:00,2498.3798828125,0.00019213514489431328
ETH,2026-09-09 12:45:00,2498.139892578125,-9.606295795788267e-05
ETH,2026-09-09 12:46:00,2497.949951171875,-7.60360250843523e-05
ETH,2026-09-09 12:47:00,2497.929931640625,-8.014416567099506e-06
ETH,2026-09-09 12:48:00,2497.35009765625,-0.00023215274562323797
ETH,2026-09-09 12:49:00,2495.659912109375,-0.0006770207182153236
ETH,2026-09-09 12:50:00,2496.840087890625,0.00047277949052885364
ETH,2026-09-09 12:51:00,2495.929931640625,-0.00036458969931375617
ETH,2026-09-09 12:52:00,2496.320068359375,0.0001562969480872452
ETH,2026-09-09 12:53:00,2495.4599609375,-0.00034460950816695064
ETH,2026-09-09 12:54:00,2494.679931640625,-0.0003126282308792063
ETH,2026-09-09 12:55:00,2494.5400390625,-5.6077935622459105e-05
ETH,2026-09-09 12:56:00,2494.360107421875,-7.213278895940485e-05
ETH,2026-09-09 12:57:00,2494.889892578125,0.00021237066021602673
ETH,2026-09-09 12:58:00,2496.030029296875,0.0004568844046507553
ETH,2026-09-09 12:59:00,2495.550048828125,-0.0001923160453071485
ETH,2026-09-09 13:00:00,2495.0,-0.00022043615431986831
ETH,2026-09-09 13:01:00,2493.610107421875,-0.0005572263953924518
ETH,2026-09-09 13:02:00,2496.679931640625,0.0012303191124962449
ETH,2026-09-09 13:03:00,2493.909912109375,-0.0011100971638374434
ETH,2026-09-09 13:04:00,2493.010009765625,-0.00036090507472180466
ETH,2026-09-09 13:05:00,2496.639892578125,0.0014549651874949244
ETH,2026-09-09 13:06:00,2496.929931640625,0.00011616501742678102
ETH,2026-09-09 13:07:00,2494.6201171875,-0.0009254899161178956
ETH,2026-09-09 13:08:00,2496.080078125,0.0005850726038474585
ETH,2026-09-09 13:09:00,2494.81005859375,-0.0005089350892815706
ETH,2026-09-09 13:10:00,2494.669921875,-5.617287546409729e-05
ETH,2026-09-09 13:11:00,2496.4599609375,0.0007172881416741476
ETH,2026-09-09 13:12:00,2496.909912109375,0.00018021944479671456
ETH,2026-09-09 13:13:00,2497.35009765625,0.00017627658438047465
ETH,2026-09-09 13:14:00,2496.280029296875,-0.0004285733418572917
ETH,2026-09-09 13:15:00,2497.10009765625,0.0003284622223417706
ETH,2026-09-09 13:16:00,2496.469970703125,-0.00025237533381667005
ETH,2026-09-09 13:17:00,2495.68994140625,-0.00031250172949426905
ETH,2026-09-09 13:18:00,2497.14990234375,0.0005848218748447263
ETH,2026-09-09 13:19:00,2496.489990234375,-0.0002643010418902363
ETH,2026-09-09 13:20:00,2495.969970703125,-0.0002083219644020498
ETH,2026-09-09 13:21:00,2495.949951171875,-8.020774196424857e-06
ETH,2026-09-09 13:22:00,2494.81005859375,-0.0004568012069168557
ETH,2026-09-09 13:23:00,2495.260009765625,0.00018033861927011023
ETH,2026-09-09 13:24:00,2496.320068359375,0.0004247386972040712
ETH,2026-09-09 13:25:00,2498.669921875,0.000940884243440818
ETH,2026-09-09 13:26:00,2497.8701171875,-0.00032014341447417287
ETH,2026-09-09 13:27:00,2496.47998046875,-0.000556683743617513
ETH,2026-09-09 13:28:00,2497.639892578125,0.00046451112897433785
ETH,2026-09-09 13:29:00,2496.2900390625,-0.0005405977124135032
ETH,2026-09-09 13:30:00,2496.010009765625,-0.00011218448187400272
ETH,2026-09-09 13:31:00,2493.679931640625,-0.0009339571483336652
ETH,2026-09-09 13:32:00,2493.639892578125,-1.605634445441592e-05
ETH,2026-09-09 13:33:00,2494.25,0.0002446354823611454
ETH,2026-09-09 13:34:00,2493.760009765625,-0.00019646722239598872
ETH,2026-09-09 13:35:00,2494.5400390625,0.00031274353811818183
ETH,2026-09-09 13:36:00,2494.929931640625,0.00015628617115971672
ETH,2026-09-09 13:37:00,2493.89990234375,-0.00041293423339258114
ETH,2026-09-09 13:38:00,2492.14990234375,-0.0007019585204358028
ETH,2026-09-09 13:39:00,2491.5,-0.0002608138052107069
ETH,2026-09-09 13:40:00,2491.56005859375,2.410510531546703e-05
ETH,2026-09-09 13:41:00,2490.179931640625,-0.0005540742757102464
ETH,2026-09-09 13:42:00,2490.449951171875,0.00010842786469485196
ETH,2026-09-09 13:43:00,2489.93994140625,-0.00020480716506464164
ETH,2026-09-09 13:44:00,2490.830078125,0.000357429363225456
ETH,2026-09-09 13:45:00,2491.320068359375,0.00019669830155579957
ETH,2026-09-09 13:46:00,2489.14990234375,-0.0008714704297935799
ETH,2026-09-09 13:47:00,2490.739990234375,0.000638603655487836
ETH,2026-09-09 13:48:00,2492.070068359375,0.0005338666900605793
ETH,2026-09-09 13:49:00,2492.47998046875,0.00016447306428198864
ETH,2026-09-09 13:50:00,2491.669921875,-0.0003250538674615394
ETH,2026-09-09 13:51:00,2491.409912109375,-0.00010435705408036434
ETH,2026-09-09 13:52:00,2492.320068359375,0.000365251032333374
ETH,2026-09-09 13:53:00,2493.60009765625,0.0005134576095790636
ETH,2026-09-09 13:54:00,2494.219970703125,0.00024855469586749417
ETH,2026-09-09 13:55:00,2494.419921875,8.016259994207777e-05
ETH,2026-09-09 13:56:00,2493.969970703125,-0.0001803993604287523
ETH,2026-09-09 13:57:00,2494.679931640625,0.00028463049369722976
ETH,2026-09-09 13:58:00,2495.2900390625,0.0002445335056112593
ETH,2026-09-09 13:59:00,2493.25,-0.0008178902685949264
ETH,2026-09-09 14:00:00,2493.449951171875,8.019378504411295e-05
ETH,2026-09-09 14:01:00,2494.280029296875,0.00033284806351349395
ETH,2026-09-09 14:02:00,2494.080078125,-8.01670960700988e-05
ETH,2026-09-09 14:03:00,2493.85009765625,-9.221479082832028e-05
ETH,2026-09-09 14:04:00,2494.010009765625,6.412052703393229e-05
ETH,2026-09-09 14:05:00,2494.760009765625,0.00030067531784951014
ETH,2026-09-09 14:06:00,2492.8701171875,-0.000757831924368526
ETH,2026-09-09 14:07:00,2490.760009765625,-0.0008468154715410358
ETH,2026-09-09 14:08:00,2490.530029296875,-9.23377145718853e-05
ETH,2026-09-09 14:09:00,2491.360107421875,0.0003332382328399631
ETH,2026-09-09 14:10:00,2490.820068359375,-0.0002167882515530489
ETH,2026-09-09 14:11:00,2489.64990234375,-0.00046990185425880654
ETH,2026-09-09 14:12:00,2489.89990234375,0.00010041068370273859
ETH,2026-09-09 14:13:00,2489.320068359375,-0.000232901534942312
ETH,2026-09-09 14:14:00,2489.68994140625,0.00014857292788312667
ETH,2026-09-09 14:15:00,2489.64990234375,-1.6082076643618755e-05
ETH,2026-09-09 14:16:00,2489.64990234375,0.0
ETH,2026-09-09 14:17:00,2490.699951171875,0.0004216767394132901
ETH,2026-09-09 14:18:00,2490.06005859375,-0.0002569457594386618
ETH,2026-09-09 14:19:00,2487.909912109375,-0.0008638648407859925
ETH,2026-09-09 14:20:00,2489.179931640625,0.0005103462459734265
ETH,2026-09-09 14:21:00,2491.530029296875,0.0009436798565201496
ETH,2026-09-09 14:22:00,2490.0400390625,-0.0005982010724975055
ETH,2026-09-09 14:23:00,2488.47998046875,-0.0006267158266681726
ETH,2026-09-09 14:24:00,2490.030029296875,0.0006226958970335876
ETH,2026-09-09 14:25:00,2490.25,8.833668065819307e-05
ETH,2026-09-09 14:26:00,2490.1201171875,-5.215789568779408e-05
ETH,2026-09-09 14:27:00,2490.830078125,0.0002850704843328198
ETH,2026-09-09 14:28:00,2490.89990234375,2.8032116966806167e-05
ETH,2026-09-09 14:29:00,2490.64990234375,-0.00010037037067249713
ETH,2026-09-09 14:30:00,2490.510009765625,-5.616867582260576e-05
ETH,2026-09-09 14:31:00,2490.409912109375,-4.0192437474841906e-05
ETH,2026-09-09 14:32:00,2490.159912109375,-0.00010039011961819944
ETH,2026-09-09 14:33:00,2491.27001953125,0.00044569830570154114
ETH,2026-09-09 14:34:00,2489.070068359375,-0.0008834542525764749
ETH,2026-09-09 14:35:00,2487.669921875,-0.0005626761792110474
ETH,2026-09-09 14:36:00,2488.389892578125,0.00028937381582835696
ETH,2026-09-09 14:37:00,2488.06005859375,-0.0001325579431499239
ETH,2026-09-09 14:38:00,2488.75,0.0002772625045147857
ETH,2026-09-09 14:39:00,2487.77001953125,-0.0003938416715178543
ETH,2026-09-09 14:40:00,2488.919921875,0.00046211533278227524
ETH,2026-09-09 14:41:00,2487.89990234375,-0.00040990816688546325
ETH,2026-09-09 14:42:00,2487.4599609375,-0.00017684807510842782
ETH,2026-09-09 14:43:00,2488.219970703125,0.0003054898152521344
ETH,2026-09-09 14:44:00,2488.469970703125,0.00010046838487173125
ETH,2026-09-09 14:45:00,2486.9599609375,-0.0006069866655678581
ETH,2026-09-09 14:46:00,2487.760009765625,0.00032164577694176956
ETH,2026-09-09 14:47:00,2487.389892578125,-0.00014878634632029114
ETH,2026-09-09 14:48:00,2487.0,-0.0001567599594495759
ETH,2026-09-09 14:49:00,2488.050048828125,0.00042212594181429905
ETH,2026-09-09 14:50:00,2487.389892578125,-0.00026536598236475214
ETH,2026-09-09 14:51:00,2486.0400390625,-0.000542826004316624
ETH,2026-09-09 14:52:00,2485.010009765625,-0.0004144111612229365
ETH,2026-09-09 14:53:00,2485.320068359375,0.00012476378400567317
ETH,2026-09-09 14:54:00,2481.52001953125,-0.0015301678742775592
ETH,2026-09-09 14:55:00,2484.35009765625,0.001139811700511849
ETH,2026-09-09 14:56:00,2482.360107421875,-0.0008013313677236915
ETH,2026-09-09 14:57:00,2482.5,5.63530794967023e-05
ETH,2026-09-09 14:58:00,2482.070068359375,-0.00017319994915162868
ETH,2026-09-09 14:59:00,2480.860107421875,-0.00048759942961812413
ETH,2026-09-09 15:00:00,2481.8701171875,0.0004070379544556499
ETH,2026-09-09 15:01:00,2481.820068359375,-2.016597581868122e-05
ETH,2026-09-09 15:02:00,2480.449951171875,-0.0005522138928047867
ETH,2026-09-09 15:03:00,2478.1201171875,-0.0009397201708182323
ETH,2026-09-09 15:04:00,2478.860107421875,0.00029856493523944884
ETH,2026-09-09 15:05:00,2478.530029296875,-0.000133166087955377
ETH,2026-09-09 15:06:00,2479.0,0.0001895987323346806
ETH,2026-09-09 15:07:00,2479.27001953125,0.00010891683206170995
ETH,2026-09-09 15:08:00,2478.56005859375,-0.00028639986896092015
ETH,2026-09-09 15:09:00,2479.010009765625,0.00018152085271870292
ETH,2026-09-09 15:10:00,2479.699951171875,0.00027827455775284436
ETH,2026-09-09 15:11:00,2480.280029296875,0.0002339034149045534
ETH,2026-09-09 15:12:00,2480.9599609375,0.00027409746201368003
ETH,2026-09-09 15:13:00,2481.580078125,0.00024991926950577764
ETH,2026-09-09 15:14:00,2481.800048828125,8.863745981268586e-05
ETH,2026-09-09 15:15:00,2483.320068359375,0.0006122790759781828
ETH,2026-09-09 15:16:00,2482.280029296875,-0.00041889763865577795
ETH,2026-09-09 15:17:00,2482.699951171875,0.00016915350219051726
ETH,2026-09-09 15:18:00,2482.909912109375,8.456602246498097e-05
ETH,2026-09-09 15:19:00,2483.510009765625,0.00024166206990568009
ETH,2026-09-09 15:20:00,2482.929931640625,-0.00023359917143124366
ETH,2026-09-09 15:21:00,2482.889892578125,-1.6125861959667368e-05
ETH,2026-09-09 15:22:00,2483.280029296875,0.0001571177489655598
ETH,2026-09-09 15:23:00,2484.18994140625,0.00036634831208574945
ETH,2026-09-09 15:24:00,2484.25,2.4176036929662528e-05
ETH,2026-09-09 15:25:00,2484.409912109375,6.43683054420991e-05
ETH,2026-09-09 15:26:00,2484.0400390625,-0.00014888870822625457
ETH,2026-09-09 15:27:00,2482.570068359375,-0.0005919412694992088
ETH,2026-09-09 15:28:00,2482.35009765625,-8.86099658861227e-05
ETH,2026-09-09 15:29:00,2482.239990234375,-4.4357104995049414e-05
ETH,2026-09-09 15:30:00,2481.719970703125,-0.00020951802079161106
ETH,2026-09-09 15:31:00,2480.760009765625,-0.0003868875857443678
ETH,2026-09-09 15:32:00,2481.429931640625,0.00027001057475860106
ETH,2026-09-09 15:33:00,2479.570068359375,-0.0007497937385136423
ETH,2026-09-09 15:34:00,2480.590087890625,0.0004112849236705156
ETH,2026-09-09 15:35:00,2478.550048828125,-0.0008227390722315997
ETH,2026-09-09 15:36:00,2476.27001953125,-0.0009203278530204158
ETH,2026-09-09 15:37:00,2474.530029296875,-0.0007029127772707821
ETH,2026-09-09 15:38:00,2473.2099609375,-0.0005336045925221854
ETH,2026-09-09 15:39:00,2472.449951171875,-0.0003073441300509873
ETH,2026-09-09 15:40:00,2474.14990234375,0.000687321105057611
ETH,2026-09-09 15:41:00,2473.510009765625,-0.00025866473971935877
ETH,2026-09-09 15:42:00,2473.429931640625,-3.237481188588609e-05
ETH,2026-09-09 15:43:00,2473.830078125,0.00016176488984113703
ETH,2026-09-09 15:44:00,2471.320068359375,-0.0010151400490674854
ETH,2026-09-09 15:45:00,2471.4599609375,5.660481645281395e-05
ETH,2026-09-09 15:46:00,2470.85009765625,-0.00024679280624453415
ETH,2026-09-09 15:47:00,2471.050048828125,8.092076572053675e-05
ETH,2026-09-09 15:48:00,2470.93994140625,-4.4559953423904054e-05
ETH,2026-09-09 15:49:00,2471.6298828125,0.00027918327318343216
ETH,2026-09-09 15:50:00,2465.389892578125,-0.002527838186209377
ETH,2026-09-09 15:51:00,2468.419921875,0.0012282717785095988
ETH,2026-09-09 15:52:00,2465.0,-0.0013864307020156476
ETH,2026-09-09 15:53:00,2462.77001953125,-0.0009050668404308054
ETH,2026-09-09 15:54:00,2464.449951171875,0.0006818983993851525
ETH,2026-09-09 15:55:00,2465.030029296875,0.00023535063737986387
ETH,2026-09-09 15:56:00,2464.22998046875,-0.00032461214606870976
ETH,2026-09-09 15:57:00,2463.64990234375,-0.0002354270564517466
ETH,2026-09-09 15:58:00,2463.89990234375,0.00010147030882433838
ETH,2026-09-09 15:59:00,2464.820068359375,0.00037338945275257644
ETH,2026-09-10 09:30:00,2418.56005859375,-0.018946464284402713
ETH,2026-09-10 09:31:00,2418.39990234375,-6.622186305113913e-05
ETH,2026-09-10 09:32:00,2420.669921875,0.0009382049774939779
ETH,2026-09-10 09:33:00,2420.56005859375,-4.53865161176242e-05
ETH,2026-09-10 09:34:00,2421.449951171875,0.00036757156071539287
ETH,2026-09-10 09:35:00,2420.110107421875,-0.0005534760564728189
ETH,2026-09-10 09:36:00,2426.830078125,0.0027728730917233936
ETH,2026-09-10 09:37:00,2425.590087890625,-0.0005110811590679368
ETH,2026-09-10 09:38:00,2426.2099609375,0.0002555229168594388
ETH,2026-09-10 09:39:00,2427.820068359375,0.0006634105974663436
ETH,2026-09-10 09:40:00,2426.77001953125,-0.00043260041547897175
ETH,2026-09-10 09:41:00,2426.409912109375,-0.0001484006064511172
ETH,2026-09-10 09:42:00,2426.27001953125,-5.7655802622206134e-05
ETH,2026-09-10 09:43:00,2427.60009765625,0.0005480485164124048
ETH,2026-09-10 09:44:00,2424.60009765625,-0.001236552599442945
ETH,2026-09-10 09:45:00,2425.56005859375,0.00039584711395477217
ETH,2026-09-10 09:46:00,2428.169921875,0.0010754053246787908
ETH,2026-09-10 09:47:00,2429.419921875,0.0005146585314110515
ETH,2026-09-10 09:48:00,2428.840087890625,-0.00023870026962848092
ETH,2026-09-10 09:49:00,2429.27001953125,0.00017699542918570956
ETH,2026-09-10 09:50:00,2426.1201171875,-0.0012974869977292929
ETH,2026-09-10 09:51:00,2427.18994140625,0.00044086374996102644
ETH,2026-09-10 09:52:00,2433.489990234375,0.0025922514728935328
ETH,2026-09-10 09:53:00,2433.050048828125,-0.00018080254304587515
ETH,2026-09-10 09:54:00,2431.820068359375,-0.0005056581019963633
ETH,2026-09-10 09:55:00,2432.919921875,0.00045217361526935776
ETH,2026-09-10 09:56:00,2433.659912109375,0.00030411100416374045
ETH,2026-09-10 09:57:00,2435.35009765625,0.0006942625344266947
ETH,2026-09-10 09:58:00,2436.0,0.0002668263764981236
ETH,2026-09-10 09:59:00,2434.52001953125,-0.0006077299788794565
ETH,2026-09-10 10:00:00,2436.8701171875,0.0009648571650438213
ETH,2026-09-10 10:01:00,2439.02001953125,0.000881850256175444
ETH,2026-09-10 10:02:00,2437.47998046875,-0.0006316165748788899
ETH,2026-09-10 10:03:00,2437.070068359375,-0.0001681845939564375
ETH,2026-09-10 10:04:00,2437.52001953125,0.0001846108760080641
ETH,2026-09-10 10:05:00,2432.550048828125,-0.0020410270729927693
ETH,2026-09-10 10:06:00,2433.780029296875,0.0005055063981257328
ETH,2026-09-10 10:07:00,2431.550048828125,-0.0009166821527409303
ETH,2026-09-10 10:08:00,2431.2099609375,-0.00013987442954058668
ETH,2026-09-10 10:09:00,2432.52001953125,0.0005387053272665293
ETH,2026-09-10 10:10:00,2430.280029296875,-0.000921275960481765
ETH,2026-09-10 10:11:00,2432.35009765625,0.0008514192650403521
ETH,2026-09-10 10:12:00,2433.14990234375,0.0003287656745263642
ETH,2026-09-10 10:13:00,2433.0,-6.161024498038877e-05
ETH,2026-09-10 10:14:00,2431.389892578125,-0.0006619977083387103
ETH,2026-09-10 10:15:00,2429.97998046875,-0.0005800472647526734
ETH,2026-09-10 10:16:00,2429.93994140625,-1.647725194840194e-05
ETH,2026-09-10 10:17:00,2429.280029296875,-0.00027161236470492925
ETH,2026-09-10 10:18:00,2428.47998046875,-0.00032939002081213163
ETH,2026-09-10 10:19:00,2430.840087890625,0.0009713735972318434
ETH,2026-09-10 10:20:00,2432.889892578125,0.0008428941643931773
ETH,2026-09-10 10:21:00,2433.510009765625,0.0002548566510359878
ETH,2026-09-10 10:22:00,2435.97998046875,0.0010144680120130044
ETH,2026-09-10 10:23:00,2437.39990234375,0.0005827257260153543
ETH,2026-09-10 10:24:00,2439.530029296875,0.0008735524678188208
ETH,2026-09-10 10:25:00,2441.719970703125,0.0008972871920844754
ETH,2026-09-10 10:26:00,2439.719970703125,-0.0008194303877207802
ETH,2026-09-10 10:27:00,2439.89990234375,7.374822030728016e-05
ETH,2026-09-10 10:28:00,2442.169921875,0.0009299415111106924
ETH,2026-09-10 10:29:00,2438.81005859375,-0.001376716899217242
ETH,2026-09-10 10:30:00,2439.320068359375,0.0002091005177025854
ETH,2026-09-10 10:31:00,2439.0400390625,-0.00011480468477780917
ETH,2026-09-10 10:32:00,2439.77001953125,0.00029924529359830204
ETH,2026-09-10 10:33:00,2440.590087890625,0.00033606879371302767
ETH,2026-09-10 10:34:00,2439.820068359375,-0.0003155552558030415
ETH,2026-09-10 10:35:00,2441.429931640625,0.000659611099459747
ETH,2026-09-10 10:36:00,2441.3798828125,-2.0500011275725034e-05
ETH,2026-09-10 10:37:00,2441.280029296875,-4.0901278170652305e-05
ETH,2026-09-10 10:38:00,2439.330078125,-0.0007990604587172586
ETH,2026-09-10 10:39:00,2439.3798828125,2.0417154493944918e-05
ETH,2026-09-10 10:40:00,2440.419921875,0.00042626301072804825
ETH,2026-09-10 10:41:00,2440.93994140625,0.0002130633871634589
ETH,2026-09-10 10:42:00,2439.60009765625,-0.0005490555442371455
ETH,2026-09-10 10:43:00,2439.4599609375,-5.744414584186869e-05
ETH,2026-09-10 10:44:00,2439.389892578125,-2.872331040457072e-05
ETH,2026-09-10 10:45:00,2441.52001953125,0.0008728401575601276
ETH,2026-09-10 10:46:00,2442.860107421875,0.0005487238459820463
ETH,2026-09-10 10:47:00,2440.1298828125,-0.001118259467804954
ETH,2026-09-10 10:48:00,2438.919921875,-0.0004959822140538333
ETH,2026-09-10 10:49:00,2438.2099609375,-0.00029113882942375974
ETH,2026-09-10 10:50:00,2437.3701171875,-0.0003445102920469489
ETH,2026-09-10 10:51:00,2437.199951171875,-6.981785606021925e-05
ETH,2026-09-10 10:52:00,2439.679931640625,0.0010170357860387685
ETH,2026-09-10 10:53:00,2441.0400390625,0.0005573388619901331
ETH,2026-09-10 10:54:00,2442.030029296875,0.00040547861655877324
ETH,2026-09-10 10:55:00,2442.18994140625,6.548112508911275e-05
ETH,2026-09-10 10:56:00,2443.3798828125,0.00048712493018982
ETH,2026-09-10 10:57:00,2442.7099609375,-0.0002742159479752159
ETH,2026-09-10 10:58:00,2442.56005859375,-6.136911294473648e-05
ETH,2026-09-10 10:59:00,2443.22998046875,0.00027423277457364303
ETH,2026-09-10 11:00:00,2439.760009765625,-0.001421248576860189
ETH,2026-09-10 11:01:00,2438.550048828125,-0.0004960574247140947
ETH,2026-09-10 11:02:00,2438.39990234375,-6.157392875695912e-05
ETH,2026-09-10 11:03:00,2440.760009765625,0.0009674237567363857
ETH,2026-09-10 11:04:00,2439.780029296875,-0.00040158690393960654
ETH,2026-09-10 11:05:00,2441.550048828125,0.0007252202086310929
ETH,2026-09-10 11:06:00,2440.25,-0.00053261044936472
ETH,2026-09-10 11:07:00,2441.260009765625,0.0004138103898250453
ETH,2026-09-10 11:08:00,2441.64990234375,0.00015969681438796697
ETH,2026-09-10 11:09:00,2441.39990234375,-0.0001023950236913019
ETH,2026-09-10 11:10:00,2443.68994140625,0.0009375627894254183
ETH,2026-09-10 11:11:00,2441.860107421875,-0.0007490800633091995
ETH,2026-09-10 11:12:00,2441.2099609375,-0.00026628595498942966
ETH,2026-09-10 11:13:00,2442.239990234375,0.00042184493440034035
ETH,2026-09-10 11:14:00,2441.159912109375,-0.00044234679289455967
ETH,2026-09-10 11:15:00,2441.9599609375,0.0003276793755154223
ETH,2026-09-10 11:16:00,2440.280029296875,-0.0006881807163455627
ETH,2026-09-10 11:17:00,2438.81005859375,-0.0006025593793603027
ETH,2026-09-10 11:18:00,2437.969970703125,-0.0003445256476150216
ETH,2026-09-10 11:19:00,2438.389892578125,0.00017222759919760207
ETH,2026-09-10 11:20:00,2437.139892578125,-0.0005127647999173628
ETH,2026-09-10 11:21:00,2437.199951171875,2.464276011851915e-05
ETH,2026-09-10 11:22:00,2436.929931640625,-0.00011079701937299038
ETH,2026-09-10 11:23:00,2434.77001953125,-0.0008867180953449209
ETH,2026-09-10 11:24:00,2435.610107421875,0.0003449783700895558
ETH,2026-09-10 11:25:00,2433.919921875,-0.0006941883937796637
ETH,2026-09-10 11:26:00,2433.010009765625,-0.0003739162604585912
ETH,2026-09-10 11:27:00,2434.409912109375,0.0005752133182746075
ETH,2026-09-10 11:28:00,2434.97998046875,0.0002341436502541077
ETH,2026-09-10 11:29:00,2434.3701171875,-0.00025049062901938375
ETH,2026-09-10 11:30:00,2435.679931640625,0.0005379059646510852
ETH,2026-09-10 11:31:00,2435.8798828125,8.208917866274271e-05
ETH,2026-09-10 11:32:00,2435.510009765625,-0.00015185524285347157
ETH,2026-09-10 11:33:00,2438.429931640625,0.0011981773511491596
ETH,2026-09-10 11:34:00,2437.10009765625,-0.0005455136197961653
ETH,2026-09-10 11:35:00,2437.2099609375,4.507849519125394e-05
ETH,2026-09-10 11:36:00,2441.72998046875,0.0018528700409037942
ETH,2026-09-10 11:37:00,2442.489990234375,0.0003112102961446585
ETH,2026-09-10 11:38:00,2442.5400390625,2.0490694152025918e-05
ETH,2026-09-10 11:39:00,2440.6298828125,-0.0007823427724153309
ETH,2026-09-10 11:40:00,2438.1298828125,-0.001024850715721216
ETH,2026-09-10 11:41:00,2437.929931640625,-8.201342050582855e-05
ETH,2026-09-10 11:42:00,2438.469970703125,0.00022149088488337596
ETH,2026-09-10 11:43:00,2438.179931640625,-0.000118950127095442
ETH,2026-09-10 11:44:00,2437.39990234375,-0.000319973964160316
ETH,2026-09-10 11:45:00,2438.409912109375,0.00041429416589526015
ETH,2026-09-10 11:46:00,2435.590087890625,-0.0011570884420849011
ETH,2026-09-10 11:47:00,2435.10009765625,-0.00020119950863720229
ETH,2026-09-10 11:48:00,2435.39990234375,0.0001231104354290468
ETH,2026-09-10 11:49:00,2437.260009765625,0.0007634875184329314
ETH,2026-09-10 11:50:00,2436.64990234375,-0.0002503564637278044
ETH,2026-09-10 11:51:00,2436.030029296875,-0.0002544279775872996
ETH,2026-09-10 11:52:00,2437.5,0.0006032468206274262
ETH,2026-09-10 11:53:00,2436.669921875,-0.00034060287036754986
ETH,2026-09-10 11:54:00,2436.139892578125,-0.00021754565400573128
ETH,2026-09-10 11:55:00,2436.56005859375,0.00017245716784400434
ETH,2026-09-10 11:56:00,2438.260009765625,0.0006974416355659523
ETH,2026-09-10 11:57:00,2438.5400390625,0.00011484141009640438
ETH,2026-09-10 11:58:00,2439.669921875,0.00046323665514715745
ETH,2026-09-10 11:59:00,2440.43994140625,0.00031557467319904935
ETH,2026-09-10 12:00:00,2441.43994140625,0.0004096782542753433
ETH,2026-09-10 12:01:00,2442.610107421875,0.00047917856136480216
ETH,2026-09-10 12:02:00,2439.469970703125,-0.0012863931363381867
ETH,2026-09-10 12:03:00,2438.860107421875,-0.00025002952840842506
ETH,2026-09-10 12:04:00,2438.800048828125,-2.4625985341001248e-05
ETH,2026-09-10 12:05:00,2439.360107421875,0.00022961878178325685
ETH,2026-09-10 12:06:00,2439.080078125,-0.00011480280029351186
ETH,2026-09-10 12:07:00,2437.419921875,-0.0006808802682813374
ETH,2026-09-10 12:08:00,2435.580078125,-0.000755117519976852
ETH,2026-09-10 12:09:00,2434.219970703125,-0.0005585886252424386
ETH,2026-09-10 12:10:00,2435.699951171875,0.0006078048666320407
ETH,2026-09-10 12:11:00,2434.47998046875,-0.0005009961626742537
ETH,2026-09-10 12:12:00,2439.570068359375,0.0020886489429005977
ETH,2026-09-10 12:13:00,2438.10009765625,-0.0006027347883703685
ETH,2026-09-10 12:14:00,2436.679931640625,-0.0005826585188533123
ETH,2026-09-10 12:15:00,2436.719970703125,1.6431675341004903e-05
ETH,2026-09-10 12:16:00,2436.0,-0.0002955108082111378
ETH,2026-09-10 12:17:00,2435.530029296875,-0.0001929458308813751
ETH,2026-09-10 12:18:00,2432.320068359375,-0.0013188415166333742
ETH,2026-09-10 12:19:00,2434.1298828125,0.0007437925201000835
ETH,2026-09-10 12:20:00,2440.050048828125,0.00242919588931554
ETH,2026-09-10 12:21:00,2440.340087890625,0.00011885896607293304
ETH,2026-09-10 12:22:00,2438.0,-0.0009593788165446226
ETH,2026-09-10 12:23:00,2438.550048828125,0.00022558933055143895
ETH,2026-09-10 12:24:00,2438.989990234375,0.00018039479078372773
ETH,2026-09-10 12:25:00,2438.860107421875,-5.325412217690529e-05
ETH,2026-09-10 12:26:00,2438.2900390625,-0.00023377109371222022
ETH,2026-09-10 12:27:00,2438.639892578125,0.00014347284916082421
ETH,2026-09-10 12:28:00,2438.719970703125,3.283666871089021e-05
ETH,2026-09-10 12:29:00,2437.800048828125,-0.0003772862132126055
ETH,2026-09-10 12:30:00,2437.60009765625,-8.202451736454851e-05
ETH,2026-09-10 12:31:00,2437.840087890625,9.844864276273845e-05
ETH,2026-09-10 12:32:00,2436.27001953125,-0.0006442482336579519
ETH,2026-09-10 12:33:00,2435.5400390625,-0.0002996752605021743
ETH,2026-09-10 12:34:00,2433.360107421875,-0.0008954514246347668
ETH,2026-09-10 12:35:00,2431.8701171875,-0.0006125055597249464
ETH,2026-09-10 12:36:00,2435.56005859375,0.001516176700993865
ETH,2026-09-10 12:37:00,2438.5400390625,0.0012227819619409237
ETH,2026-09-10 12:38:00,2437.2099609375,-0.0005455891536659802
ETH,2026-09-10 12:39:00,2438.89990234375,0.000693151516801643
ETH,2026-09-10 12:40:00,2439.77001953125,0.00035670263029052103
ETH,2026-09-10 12:41:00,2440.489990234375,0.00029505424174421655
ETH,2026-09-10 12:42:00,2439.6201171875,-0.000356497307208181
ETH,2026-09-10 12:43:00,2437.550048828125,-0.0008488809753273828
ETH,2026-09-10 12:44:00,2439.300048828125,0.0007176763854004708
ETH,2026-09-10 12:45:00,2442.60009765625,0.0013519528182678242
ETH,2026-09-10 12:46:00,2447.06005859375,0.0018242421893648626
ETH,2026-09-10 12:47:00,2448.06005859375,0.0004085701637430277
ETH,2026-09-10 12:48:00,2445.030029296875,-0.0012384933159838593
ETH,2026-09-10 12:49:00,2444.659912109375,-0.00015138677202111838
ETH,2026-09-10 12:50:00,2444.6201171875,-1.627843839473292e-05
ETH,2026-09-10 12:51:00,2444.4599609375,-6.551590380933012e-05
ETH,2026-09-10 12:52:00,2443.360107421875,-0.00045003847064988716
ETH,2026-09-10 12:53:00,2443.860107421875,0.00020461529448829308
ETH,2026-09-10 12:54:00,2443.89990234375,1.628350074326207e-05
ETH,2026-09-10 12:55:00,2445.52001953125,0.0006627032542428786
ETH,2026-09-10 12:56:00,2446.14990234375,0.0002575328368598442
ETH,2026-09-10 12:57:00,2445.1201171875,-0.0004210706697250743
ETH,2026-09-10 12:58:00,2447.2099609375,0.0008543347827068102
ETH,2026-09-10 12:59:00,2447.669921875,0.00018793553666918906
ETH,2026-09-10 13:00:00,2447.6298828125,-1.6358165627591715e-05
ETH,2026-09-10 13:01:00,2446.840087890625,-0.0003227295022576828
ETH,2026-09-10 13:02:00,2448.18994140625,0.000551520028176231
ETH,2026-09-10 13:03:00,2446.5,-0.0006905203367852119
ETH,2026-09-10 13:04:00,2447.159912109375,0.00026970084772011833
ETH,2026-09-10 13:05:00,2448.239990234375,0.00044126247663979593
ETH,2026-09-10 13:06:00,2447.56005859375,-0.0002777611986662513
ETH,2026-09-10 13:07:00,2449.02001953125,0.0005963186376897351
ETH,2026-09-10 13:08:00,2448.659912109375,-0.00014705224822773413
ETH,2026-09-10 13:09:00,2449.0400390625,0.00015522672179929352
ETH,2026-09-10 13:10:00,2451.5,0.0010039551251548693
ETH,2026-09-10 13:11:00,2451.699951171875,8.155946075101752e-05
ETH,2026-09-10 13:12:00,2450.860107421875,-0.00034261436807622497
ETH,2026-09-10 13:13:00,2450.85009765625,-4.084193151431651e-06
ETH,2026-09-10 13:14:00,2451.93994140625,0.00044458104845098123
ETH,2026-09-10 13:15:00,2452.52001953125,0.00023655127468674684
ETH,2026-09-10 13:16:00,2452.3701171875,-6.112362952816325e-05
ETH,2026-09-10 13:17:00,2452.580078125,8.561185303332089e-05
ETH,2026-09-10 13:18:00,2452.7900390625,8.560452427121007e-05
ETH,2026-09-10 13:19:00,2452.68994140625,-4.0810545211638976e-05
ETH,2026-09-10 13:20:00,2454.110107421875,0.0005788562978510688
ETH,2026-09-10 13:21:00,2455.360107421875,0.0005092199248838187
ETH,2026-09-10 13:22:00,2455.840087890625,0.00019546361426525118
ETH,2026-09-10 13:23:00,2457.679931640625,0.0007488903387690286
ETH,2026-09-10 13:24:00,2458.340087890625,0.00026857346037870345
ETH,2026-09-10 13:25:00,2455.5400390625,-0.0011396489368249157
ETH,2026-09-10 13:26:00,2456.47998046875,0.0003827107438427341
ETH,2026-09-10 13:27:00,2456.7900390625,0.0001262127230658227
ETH,2026-09-10 13:28:00,2459.25,0.0010007897101220505
ETH,2026-09-10 13:29:00,2458.81005859375,-0.00017890851359353947
ETH,2026-09-10 13:30:00,2461.050048828125,0.000910591090089972
ETH,2026-09-10 13:31:00,2463.97998046875,0.00118981284127971
ETH,2026-09-10 13:32:00,2466.389892578125,0.0009775787064052355
ETH,2026-09-10 13:33:00,2464.8798828125,-0.000612422309708604
ETH,2026-09-10 13:34:00,2471.699951171875,0.00276307602743862
ETH,2026-09-10 13:35:00,2472.31005859375,0.00024680671105713084
ETH,2026-09-10 13:36:00,2470.35009765625,-0.0007930794261677682
ETH,2026-09-10 13:37:00,2467.800048828125,-0.0010327952691399922
ETH,2026-09-10 13:38:00,2465.02001953125,-0.0011271562930252057
ETH,2026-09-10 13:39:00,2464.139892578125,-0.00035711033043019807
ETH,2026-09-10 13:40:00,2464.72998046875,0.00023944145763363594
ETH,2026-09-10 13:41:00,2465.7099609375,0.0003975225307685012
ETH,2026-09-10 13:42:00,2464.080078125,-0.0006612382511109866
ETH,2026-09-10 13:43:00,2464.719970703125,0.00025965451038015546
ETH,2026-09-10 13:44:00,2465.530029296875,0.00032860751525343125
ETH,2026-09-10 13:45:00,2465.830078125,0.00012169009034382776
ETH,2026-09-10 13:46:00,2463.489990234375,-0.0009494567339777678
ETH,2026-09-10 13:47:00,2464.949951171875,0.0005924637400729774
ETH,2026-09-10 13:48:00,2467.60009765625,0.0010745544244432667
ETH,2026-09-10 13:49:00,2468.340087890625,0.00029983760422607766
ETH,2026-09-10 13:50:00,2467.489990234375,-0.0003444598583014157
ETH,2026-09-10 13:51:00,2469.52001953125,0.0008223720054316147
ETH,2026-09-10 13:52:00,2469.89990234375,0.0001538167717090202
ETH,2026-09-10 13:53:00,2469.800048828125,-4.0428980150926296e-05
ETH,2026-09-10 13:54:00,2470.18994140625,0.00015785156638185703
ETH,2026-09-10 13:55:00,2467.1298828125,-0.0012395627970295644
ETH,2026-09-10 13:56:00,2467.969970703125,0.00034045426584065154
ETH,2026-09-10 13:57:00,2466.14990234375,-0.0007377479626582845
ETH,2026-09-10 13:58:00,2467.090087890625,0.00038116351935812216
ETH,2026-09-10 13:59:00,2465.590087890625,-0.0006081886490843396
ETH,2026-09-10 14:00:00,2465.739990234375,6.079590756305271e-05
ETH,2026-09-10 14:01:00,2462.699951171875,-0.0012336721089056873
ETH,2026-09-10 14:02:00,2462.52001953125,-7.306542317925813e-05
ETH,2026-09-10 14:03:00,2460.800048828125,-0.0006987036183777901
ETH,2026-09-10 14:04:00,2460.18994140625,-0.00024796125422397764
ETH,2026-09-10 14:05:00,2461.25,0.00043079205385616653
ETH,2026-09-10 14:06:00,2461.139892578125,-4.47373833833558e-05
ETH,2026-09-10 14:07:00,2459.820068359375,-0.0005364092619624365
ETH,2026-09-10 14:08:00,2458.0,-0.0007401931820093796
ETH,2026-09-10 14:09:00,2455.199951171875,-0.0011398067080903708
ETH,2026-09-10 14:10:00,2455.679931640625,0.00019547636339402793
ETH,2026-09-10 14:11:00,2456.27001953125,0.00024026624836545398
ETH,2026-09-10 14:12:00,2456.389892578125,4.8801687494600565e-05
ETH,2026-09-10 14:13:00,2455.699951171875,-0.00028091563173058827
ETH,2026-09-10 14:14:00,2455.449951171875,-0.00010180915068243276
ETH,2026-09-10 14:15:00,2455.760009765625,0.00012626566431817542
ETH,2026-09-10 14:16:00,2457.199951171875,0.000586180819274068
ETH,2026-09-10 14:17:00,2454.719970703125,-0.0010097805823066775
ETH,2026-09-10 14:18:00,2454.60009765625,-4.883488761362928e-05
ETH,2026-09-10 14:19:00,2455.14990234375,0.00022396443395215928
ETH,2026-09-10 14:20:00,2456.81005859375,0.0006759649208939057
ETH,2026-09-10 14:21:00,2458.75,0.000789306400020242
ETH,2026-09-10 14:22:00,2460.929931640625,0.0008862087833297423
ETH,2026-09-10 14:23:00,2459.60009765625,-0.0005405247031661036
ETH,2026-09-10 14:24:00,2459.9599609375,0.00014629896885316623
ETH,2026-09-10 14:25:00,2460.60009765625,0.00026018856176472085
ETH,2026-09-10 14:26:00,2459.780029296875,-0.00033333537076778733
ETH,2026-09-10 14:27:00,2459.8798828125,4.05936659942058e-05
ETH,2026-09-10 14:28:00,2461.2099609375,0.0005405624362161526
ETH,2026-09-10 14:29:00,2458.739990234375,-0.001004063429565504
ETH,2026-09-10 14:30:00,2457.820068359375,-0.0003742136269146878
ETH,2026-09-10 14:31:00,2457.7099609375,-4.47998165963982e-05
ETH,2026-09-10 14:32:00,2457.860107421875,6.109016139873708e-05
ETH,2026-09-10 14:33:00,2455.7099609375,-0.0008751871212596931
ETH,2026-09-10 14:34:00,2457.3798828125,0.0006797848166490808
ETH,2026-09-10 14:35:00,2456.85009765625,-0.0002156126841470394
ETH,2026-09-10 14:36:00,2460.0,0.001281268581351014
ETH,2026-09-10 14:37:00,2460.4599609375,0.00018695851302172204
ETH,2026-09-10 14:38:00,2462.800048828125,0.0009506254238895151
ETH,2026-09-10 14:39:00,2462.090087890625,-0.0002883154436785589
ETH,2026-09-10 14:40:00,2461.919921875,-6.91168439362654e-05
ETH,2026-09-10 14:41:00,2462.739990234375,0.00033304568501826284
ETH,2026-09-10 14:42:00,2461.5400390625,-0.0004873610714609667
ETH,2026-09-10 14:43:00,2461.18994140625,-0.0001422371969331421
ETH,2026-09-10 14:44:00,2461.889892578125,0.0002843549973573858
ETH,2026-09-10 14:45:00,2460.639892578125,-0.0005078689541450996
ETH,2026-09-10 14:46:00,2460.739990234375,4.0678695263288144e-05
ETH,2026-09-10 14:47:00,2460.719970703125,-8.135606673218094e-06
ETH,2026-09-10 14:48:00,2459.219970703125,-0.0006097635598567005
ETH,2026-09-10 14:49:00,2461.1298828125,0.0007763318715778094
ETH,2026-09-10 14:50:00,2461.199951171875,2.8469591328901367e-05
ETH,2026-09-10 14:51:00,2464.97998046875,0.0015346699029377012
ETH,2026-09-10 14:52:00,2464.659912109375,-0.00012985466151658242
ETH,2026-09-10 14:53:00,2465.639892578125,0.00039753382977806786
ETH,2026-09-10 14:54:00,2467.330078125,0.000685260856260258
ETH,2026-09-10 14:55:00,2466.1201171875,-0.000490513094835618
ETH,2026-09-10 14:56:00,2466.1201171875,0.0
ETH,2026-09-10 14:57:00,2464.8798828125,-0.0005030356524651304
ETH,2026-09-10 14:58:00,2465.840087890625,0.00038947865462579385
ETH,2026-09-10 14:59:00,2467.52001953125,0.0006810496979659224
ETH,2026-09-10 15:00:00,2465.889892578125,-0.0006608520441207759
ETH,2026-09-10 15:01:00,2465.510009765625,-0.00015406692654180756
ETH,2026-09-10 15:02:00,2464.820068359375,-0.0002798763570880223
ETH,2026-09-10 15:03:00,2466.030029296875,0.0004907717484092752
ETH,2026-09-10 15:04:00,2465.409912109375,-0.0002514953839594856
ETH,2026-09-10 15:05:00,2463.760009765625,-0.0006694443208563877
ETH,2026-09-10 15:06:00,2463.429931640625,-0.0001339823020500872
ETH,2026-09-10 15:07:00,2463.1298828125,-0.00012180866153932276
ETH,2026-09-10 15:08:00,2462.449951171875,-0.0002760818696927887
ETH,2026-09-10 15:09:00,2464.18994140625,0.00070635984957736
ETH,2026-09-10 15:10:00,2462.72998046875,-0.0005926465229319692
ETH,2026-09-10 15:11:00,2462.030029296875,-0.0002842579842267273
ETH,2026-09-10 15:12:00,2462.159912109375,5.275296610239314e-05
ETH,2026-09-10 15:13:00,2463.320068359375,0.00047108353949481494
ETH,2026-09-10 15:14:00,2463.9599609375,0.000259734611354656
ETH,2026-09-10 15:15:00,2464.77001953125,0.0003287088577599856
ETH,2026-09-10 15:16:00,2464.300048828125,-0.00019069345658764012
ETH,2026-09-10 15:17:00,2464.030029296875,-0.00010957850924750793
ETH,2026-09-10 15:18:00,2464.0,-1.2187140377282181e-05
ETH,2026-09-10 15:19:00,2463.8798828125,-4.875004682754235e-05
ETH,2026-09-10 15:20:00,2462.8798828125,-0.00040594632630954874
ETH,2026-09-10 15:21:00,2463.159912109375,0.00011369347745233011
ETH,2026-09-10 15:22:00,2463.3798828125,8.930028475481135e-05
ETH,2026-09-10 15:23:00,2461.81005859375,-0.0006374675050448384
ETH,2026-09-10 15:24:00,2465.419921875,0.0014652711326363294
ETH,2026-09-10 15:25:00,2465.110107421875,-0.0001256718655771081
ETH,2026-09-10 15:26:00,2465.360107421875,0.00010141020605360505
ETH,2026-09-10 15:27:00,2465.679931640625,0.00012971876791300794
ETH,2026-09-10 15:28:00,2466.39990234375,0.0002919541988263323
ETH,2026-09-10 15:29:00,2465.72998046875,-0.000271656219538858
ETH,2026-09-10 15:30:00,2463.360107421875,-0.0009615864945562707
ETH,2026-09-10 15:31:00,2463.27001953125,-3.657181006631856e-05
ETH,2026-09-10 15:32:00,2464.080078125,0.00032880091123749775
ETH,2026-09-10 15:33:00,2463.7099609375,-0.00015021629787878265
ETH,2026-09-10 15:34:00,2462.110107421875,-0.0006495785674985164
ETH,2026-09-10 15:35:00,2464.0,0.0007672961544240094
ETH,2026-09-10 15:36:00,2464.39990234375,0.00016228486021908916
ETH,2026-09-10 15:37:00,2463.1201171875,-0.0005194439312081976
ETH,2026-09-10 15:38:00,2463.760009765625,0.0002597556933533193
ETH,2026-09-10 15:39:00,2464.550048828125,0.0003206125669346009
ETH,2026-09-10 15:40:00,2467.010009765625,0.0009976401432012388
ETH,2026-09-10 15:41:00,2467.360107421875,0.00014190166060637412
ETH,2026-09-10 15:42:00,2468.31005859375,0.000384933008751469
ETH,2026-09-10 15:43:00,2470.550048828125,0.0009070880078579909
ETH,2026-09-10 15:44:00,2468.77001953125,-0.00072075886935821
ETH,2026-09-10 15:45:00,2466.5400390625,-0.0009036841025319379
ETH,2026-09-10 15:46:00,2465.030029296875,-0.0006123850181113453
ETH,2026-09-10 15:47:00,2466.330078125,0.0005272577260324203
ETH,2026-09-10 15:48:00,2466.6298828125,0.00012155164049290653
ETH,2026-09-10 15:49:00,2464.659912109375,-0.0007989677710475469
ETH,2026-09-10 15:50:00,2460.860107421875,-0.001542905287659655
ETH,2026-09-10 15:51:00,2463.919921875,0.0012426199053137167
ETH,2026-09-10 15:52:00,2459.6201171875,-0.0017466317919675796
ETH,2026-09-10 15:53:00,2459.81005859375,7.722089736300085e-05
ETH,2026-09-10 15:54:00,2459.919921875,4.4662321592684855e-05
ETH,2026-09-10 15:55:00,2462.1201171875,0.000894017700621737
ETH,2026-09-10 15:56:00,2460.89990234375,-0.0004957180201976405
ETH,2026-09-10 15:57:00,2461.5,0.00024382320458644016
ETH,2026-09-10 15:58:00,2462.639892578125,0.0004629814031905834
ETH,2026-09-10 15:59:00,2461.7900390625,-0.00034515813438697093
ETH,2026-09-11 09:30:00,2506.489990234375,0.017994620705434925
ETH,2026-09-11 09:31:00,2498.8798828125,-0.003040779594194246
ETH,2026-09-11 09:32:00,2496.989990234375,-0.000756582023271527
ETH,2026-09-11 09:33:00,2496.889892578125,-4.008813131765322e-05
ETH,2026-09-11 09:34:00,2499.830078125,0.0011768463726013858
ETH,2026-09-11 09:35:00,2499.89990234375,2.7931195895543453e-05
ETH,2026-09-11 09:36:00,2491.14990234375,-0.00350627996384837
ETH,2026-09-11 09:37:00,2498.699951171875,0.0030261650396336275
ETH,2026-09-11 09:38:00,2499.909912109375,0.0004841189827676049
ETH,2026-09-11 09:39:00,2504.969970703125,0.0020220506530877797
ETH,2026-09-11 09:40:00,2507.14990234375,0.0008698641825403935
ETH,2026-09-11 09:41:00,2513.590087890625,0.00256543421549392
ETH,2026-09-11 09:42:00,2519.590087890625,0.0023841796369725833
ETH,2026-09-11 09:43:00,2519.590087890625,0.0
ETH,2026-09-11 09:44:00,2521.18994140625,0.0006347642864974667
ETH,2026-09-11 09:45:00,2523.39990234375,0.0008761707680221366
ETH,2026-09-11 09:46:00,2526.75,0.0013267321613973878
ETH,2026-09-11 09:47:00,2530.97998046875,0.0016726798272445862
ETH,2026-09-11 09:48:00,2539.5,0.003360639459283127
ETH,2026-09-11 09:49:00,2582.719970703125,0.01687588455128873
ETH,2026-09-11 09:50:00,2577.159912109375,-0.0021551124723849925
ETH,2026-09-11 09:51:00,2583.090087890625,0.0022984073995833774
ETH,2026-09-11 09:52:00,2597.47998046875,0.005555345993384739
ETH,2026-09-11 09:53:00,2596.2900390625,-0.0004582187592426017
ETH,2026-09-11 09:54:00,2590.2900390625,-0.0023136643360918293
ETH,2026-09-11 09:55:00,2600.60009765625,0.003972371550812193
ETH,2026-09-11 09:56:00,2597.840087890625,-0.0010618608376550057
ETH,2026-09-11 09:57:00,2597.43994140625,-0.0001540423164525804
ETH,2026-09-11 09:58:00,2620.889892578125,0.008987591727128775
ETH,2026-09-11 09:59:00,2626.739990234375,0.0022296161163747625
ETH,2026-09-11 10:00:00,2627.389892578125,0.0002473872407267458
ETH,2026-09-11 10:01:00,2634.39990234375,0.0026644978937454106
ETH,2026-09-11 10:02:00,2648.64990234375,0.00539462434971972
ETH,2026-09-11 10:03:00,2634.550048828125,-0.00533763140584788
ETH,2026-09-11 10:04:00,2640.0,0.0020665092039725106
ETH,2026-09-11 10:05:00,2634.580078125,-0.002055111004971142
ETH,2026-09-11 10:06:00,2628.449951171875,-0.0023295058896283813
ETH,2026-09-11 10:07:00,2620.360107421875,-0.003082546354529844
ETH,2026-09-11 10:08:00,2613.75,-0.0025257821483890865
ETH,2026-09-11 10:09:00,2616.989990234375,0.001238826879099135
ETH,2026-09-11 10:10:00,2609.1201171875,-0.003011753994407569
ETH,2026-09-11 10:11:00,2605.27001953125,-0.0014767204811923936
ETH,2026-09-11 10:12:00,2607.06005859375,0.0006868479570719935
ETH,2026-09-11 10:13:00,2613.89990234375,0.0026201494415737563
ETH,2026-09-11 10:14:00,2611.510009765625,-0.0009147197195857874
ETH,2026-09-11 10:15:00,2609.2099609375,-0.0008811232894470892
ETH,2026-09-11 10:16:00,2606.989990234375,-0.000851183182369902
ETH,2026-09-11 10:17:00,2611.280029296875,0.0016442384211471945
ETH,2026-09-11 10:18:00,2614.530029296875,0.0012438264623348954
ETH,2026-09-11 10:19:00,2615.679931640625,0.0004397155643333782
ETH,2026-09-11 10:20:00,2618.989990234375,0.0012646677190051546
ETH,2026-09-11 10:21:00,2614.840087890625,-0.00158579974950366
ETH,2026-09-11 10:22:00,2612.18994140625,-0.001014016256497825
ETH,2026-09-11 10:23:00,2615.3798828125,0.0012204301078522122
ETH,2026-09-11 10:24:00,2615.110107421875,-0.00010315492099892763
ETH,2026-09-11 10:25:00,2619.9599609375,0.0018528328521887844
ETH,2026-09-11 10:26:00,2617.030029296875,-0.0011189373864694168
ETH,2026-09-11 10:27:00,2620.31005859375,0.0012525555609016398
ETH,2026-09-11 10:28:00,2619.0,-0.0005000882201669327
ETH,2026-09-11 10:29:00,2617.800048828125,-0.00045827649774198996
ETH,2026-09-11 10:30:00,2618.5400390625,0.0002826364318895771
ETH,2026-09-11 10:31:00,2614.02001953125,-0.001727651705821748
ETH,2026-09-11 10:32:00,2618.929931640625,0.0018765375537697414
ETH,2026-09-11 10:33:00,2614.489990234375,-0.001696765227231979
ETH,2026-09-11 10:34:00,2608.85009765625,-0.0021594974384187534
ETH,2026-09-11 10:35:00,2605.889892578125,-0.0011353223369270134
ETH,2026-09-11 10:36:00,2604.47998046875,-0.0005411946476510783
ETH,2026-09-11 10:37:00,2608.9599609375,0.0017186278625258857
ETH,2026-09-11 10:38:00,2607.31005859375,-0.0006325985397971586
ETH,2026-09-11 10:39:00,2609.570068359375,0.000866422019294052
ETH,2026-09-11 10:40:00,2610.929931640625,0.0005209705246648866
ETH,2026-09-11 10:41:00,2607.929931640625,-0.001149676522853705
ETH,2026-09-11 10:42:00,2606.080078125,-0.0007095704034995807
ETH,2026-09-11 10:43:00,2601.909912109375,-0.0016014496628038036
ETH,2026-09-11 10:44:00,2606.550048828125,0.0017817696521190533
ETH,2026-09-11 10:45:00,2608.5,0.0007478168932187026
ETH,2026-09-11 10:46:00,2610.169921875,0.0006399799017740862
ETH,2026-09-11 10:47:00,2607.77001953125,-0.0009198659010732598
ETH,2026-09-11 10:48:00,2594.639892578125,-0.005047720211980005
ETH,2026-09-11 10:49:00,2599.64990234375,0.001929045747171817
ETH,2026-09-11 10:50:00,2593.889892578125,-0.0022181449857921385
ETH,2026-09-11 10:51:00,2598.139892578125,0.0016371250262778832
ETH,2026-09-11 10:52:00,2602.389892578125,0.0016344492279459213
ETH,2026-09-11 10:53:00,2603.550048828125,0.00044570482266935685
ETH,2026-09-11 10:54:00,2603.760009765625,8.06408434494115e-05
ETH,2026-09-11 10:55:00,2603.169921875,-0.0002266548238206787
ETH,2026-09-11 10:56:00,2604.47998046875,0.0005031285305088111
ETH,2026-09-11 10:57:00,2606.989990234375,0.0009632637140066135
ETH,2026-09-11 10:58:00,2606.159912109375,-0.0003184555010175265
ETH,2026-09-11 10:59:00,2607.10009765625,0.00036069006928750097
ETH,2026-09-11 11:00:00,2607.68994140625,0.00022621955940595106
ETH,2026-09-11 11:01:00,2600.409912109375,-0.00279565839487796
ETH,2026-09-11 11:02:00,2605.429931640625,0.0019286114202268553
ETH,2026-09-11 11:03:00,2603.68994140625,-0.0006680553880477692
ETH,2026-09-11 11:04:00,2603.85009765625,6.150936866520832e-05
ETH,2026-09-11 11:05:00,2604.02001953125,6.525580371117765e-05
ETH,2026-09-11 11:06:00,2609.449951171875,0.002083040138156074
ETH,2026-09-11 11:07:00,2607.22998046875,-0.0008511048660159537
ETH,2026-09-11 11:08:00,2608.929931640625,0.0006518018084964923
ETH,2026-09-11 11:09:00,2607.239990234375,-0.0006479625820050199
ETH,2026-09-11 11:10:00,2603.5,-0.0014354931866166992
ETH,2026-09-11 11:11:00,2604.389892578125,0.00034174784995129077
ETH,2026-09-11 11:12:00,2605.81005859375,0.0005451483874344762
ETH,2026-09-11 11:13:00,2607.679931640625,0.000717321076881642
ETH,2026-09-11 11:14:00,2602.7900390625,-0.0018769493121293388
ETH,2026-09-11 11:15:00,2607.840087890625,0.0019383645686906555
ETH,2026-09-11 11:16:00,2608.75,0.0003488532176276848
ETH,2026-09-11 11:17:00,2609.6201171875,0.0003334823617428291
ETH,2026-09-11 11:18:00,2612.610107421875,0.0011451010133583786
ETH,2026-09-11 11:19:00,2615.919921875,0.0012660594380024572
ETH,2026-09-11 11:20:00,2614.47998046875,-0.0005506047222060479
ETH,2026-09-11 11:21:00,2613.14990234375,-0.0005088646991151263
ETH,2026-09-11 11:22:00,2611.0400390625,-0.0008077284400546604
ETH,2026-09-11 11:23:00,2615.10009765625,0.0015537506857192954
ETH,2026-09-11 11:24:00,2613.739990234375,-0.0005202329502101597
ETH,2026-09-11 11:25:00,2611.43994140625,-0.0008803712051148372
ETH,2026-09-11 11:26:00,2613.2900390625,0.0007082079803143072
ETH,2026-09-11 11:27:00,2614.14990234375,0.00032898064775224874
ETH,2026-09-11 11:28:00,2613.070068359375,-0.00041315804798259474
ETH,2026-09-11 11:29:00,2610.820068359375,-0.0008614270515837357
ETH,2026-09-11 11:30:00,2608.780029296875,-0.0007816840862168825
ETH,2026-09-11 11:31:00,2609.9599609375,0.0004521902462810762
ETH,2026-09-11 11:32:00,2611.030029296875,0.00040991014208407306
ETH,2026-09-11 11:33:00,2612.639892578125,0.0006163725335998531
ETH,2026-09-11 11:34:00,2615.18994140625,0.0009755669604220397
ETH,2026-09-11 11:35:00,2612.830078125,-0.0009027752123016105
ETH,2026-09-11 11:36:00,2608.840087890625,-0.0015282432187708746
ETH,2026-09-11 11:37:00,2609.3701171875,0.0002031460128539975
ETH,2026-09-11 11:38:00,2611.97998046875,0.00099968914161681
ETH,2026-09-11 11:39:00,2612.179931640625,7.654864144142352e-05
ETH,2026-09-11 11:40:00,2611.14990234375,-0.0003943956606090502
ETH,2026-09-11 11:41:00,2612.77001953125,0.0006202687880640576
ETH,2026-09-11 11:42:00,2611.0,-0.0006776789913691076
ETH,2026-09-11 11:43:00,2608.31005859375,-0.001030765221540207
ETH,2026-09-11 11:44:00,2607.800048828125,-0.00019555176434044263
ETH,2026-09-11 11:45:00,2606.75,-0.00040273804354567247
ETH,2026-09-11 11:46:00,2610.25,0.001341767500517226
ETH,2026-09-11 11:47:00,2609.25,-0.0003831784700585835
ETH,2026-09-11 11:48:00,2607.469970703125,-0.0006824324004177099
ETH,2026-09-11 11:49:00,2607.39990234375,-2.6872524563444985e-05
ETH,2026-09-11 11:50:00,2604.4599609375,-0.0011281737403518364
ETH,2026-09-11 11:51:00,2592.570068359375,-0.004575656963928053
ETH,2026-09-11 11:52:00,2588.760009765625,-0.0014706877280696508
ETH,2026-09-11 11:53:00,2571.4599609375,-0.00670518456309712
ETH,2026-09-11 11:54:00,2560.25,-0.004368905824186281
ETH,2026-09-11 11:55:00,2549.800048828125,-0.00408996610173901
ETH,2026-09-11 11:56:00,2557.93994140625,0.003187280278408095
ETH,2026-09-11 11:57:00,2562.659912109375,0.0018435230929633771
ETH,2026-09-11 11:58:00,2557.02001953125,-0.002203221660281133
ETH,2026-09-11 11:59:00,2558.800048828125,0.0006958920935151577
ETH,2026-09-11 12:00:00,2569.52001953125,0.004180700960195726
ETH,2026-09-11 12:01:00,2573.639892578125,0.0016020788769824964
ETH,2026-09-11 12:02:00,2570.8701171875,-0.0010767889081723934
ETH,2026-09-11 12:03:00,2565.72998046875,-0.002001377696050542
ETH,2026-09-11 12:04:00,2569.0,0.0012736872185146605
ETH,2026-09-11 12:05:00,2574.179931640625,0.002014292115338056
ETH,2026-09-11 12:06:00,2576.409912109375,0.0008659127112571161
ETH,2026-09-11 12:07:00,2571.409912109375,-0.001942570541727832
ETH,2026-09-11 12:08:00,2569.429931640625,-0.0007702945926469827
ETH,2026-09-11 12:09:00,2572.760009765625,0.00129519859377945
ETH,2026-09-11 12:10:00,2566.0,-0.0026309902203015857
ETH,2026-09-11 12:11:00,2566.489990234375,0.00019093665522822726
ETH,2026-09-11 12:12:00,2566.2900390625,-7.791145181944994e-05
ETH,2026-09-11 12:13:00,2563.659912109375,-0.0010254007187642516
ETH,2026-09-11 12:14:00,2560.239990234375,-0.001334890395214363
ETH,2026-09-11 12:15:00,2560.14990234375,-3.518790268873162e-05
ETH,2026-09-11 12:16:00,2564.949951171875,0.0018731538384872094
ETH,2026-09-11 12:17:00,2557.760009765625,-0.0028070869451179265
ETH,2026-09-11 12:18:00,2552.4599609375,-0.0020742945543972113
ETH,2026-09-11 12:19:00,2551.169921875,-0.000505537869945827
ETH,2026-09-11 12:20:00,2548.39990234375,-0.0010863739096298305
ETH,2026-09-11 12:21:00,2548.669921875,0.00010595088582838828
ETH,2026-09-11 12:22:00,2554.030029296875,0.002100891467136382
ETH,2026-09-11 12:23:00,2551.199951171875,-0.001108697718114182
ETH,2026-09-11 12:24:00,2553.330078125,0.0008346026233741996
ETH,2026-09-11 12:25:00,2559.780029296875,0.0025229085459006037
ETH,2026-09-11 12:26:00,2562.18994140625,0.0009410099243027535
ETH,2026-09-11 12:27:00,2564.47998046875,0.0008933827415108732
ETH,2026-09-11 12:28:00,2566.75,0.0008847857874154364
ETH,2026-09-11 12:29:00,2563.89990234375,-0.0011110085481037125
ETH,2026-09-11 12:30:00,2565.679931640625,0.0006940254079021905
ETH,2026-09-11 12:31:00,2563.199951171875,-0.0009670652145069501
ETH,2026-09-11 12:32:00,2560.409912109375,-0.0010890912511788786
ETH,2026-09-11 12:33:00,2566.6298828125,0.0024263411260303422
ETH,2026-09-11 12:34:00,2570.31005859375,0.0014328282801991962
ETH,2026-09-11 12:35:00,2567.909912109375,-0.0009342327392089046
ETH,2026-09-11 12:36:00,2566.02001953125,-0.0007362362512368739
ETH,2026-09-11 12:37:00,2564.93994140625,-0.0004210043146607541
ETH,2026-09-11 12:38:00,2564.4599609375,-0.000187148781256649
ETH,2026-09-11 12:39:00,2565.340087890625,0.0003431427944106038
ETH,2026-09-11 12:40:00,2569.10009765625,0.001464623328692679
ETH,2026-09-11 12:41:00,2568.320068359375,-0.0003036657612818672
ETH,2026-09-11 12:42:00,2569.6298828125,0.0005098587934670881
ETH,2026-09-11 12:43:00,2570.699951171875,0.0004163423007439947
ETH,2026-09-11 12:44:00,2570.9599609375,0.00010113845345326573
ETH,2026-09-11 12:45:00,2574.25,0.0012788747343212192
ETH,2026-09-11 12:46:00,2577.60009765625,0.0013005417723519037
ETH,2026-09-11 12:47:00,2579.39990234375,0.0006980045610136666
ETH,2026-09-11 12:48:00,2580.02001953125,0.00024038252356899472
ETH,2026-09-11 12:49:00,2578.320068359375,-0.0006591078542522836
ETH,2026-09-11 12:50:00,2577.60009765625,-0.0002792792303303023
ETH,2026-09-11 12:51:00,2579.469970703125,0.0007251687892665079
ETH,2026-09-11 12:52:00,2578.489990234375,-0.000379987626101511
ETH,2026-09-11 12:53:00,2578.56005859375,2.7173813988879317e-05
ETH,2026-09-11 12:54:00,2578.699951171875,5.4250736978401256e-05
ETH,2026-09-11 12:55:00,2579.219970703125,0.00020163924251975372
ETH,2026-09-11 12:56:00,2577.610107421875,-0.0006243615977871207
ETH,2026-09-11 12:57:00,2576.81005859375,-0.0003104321373817867
ETH,2026-09-11 12:58:00,2578.090087890625,0.0004966262339946355
ETH,2026-09-11 12:59:00,2577.43994140625,-0.00025221324834761384
ETH,2026-09-11 13:00:00,2577.590087890625,5.825241892444046e-05
ETH,2026-09-11 13:01:00,2578.9599609375,0.0005313137916356273
ETH,2026-09-11 13:02:00,2577.719970703125,-0.00048092581843841344
ETH,2026-09-11 13:03:00,2577.0,-0.00027934425609874524
ETH,2026-09-11 13:04:00,2579.320068359375,0.0008998931350980214
ETH,2026-09-11 13:05:00,2577.0,-0.0008998931350980438
ETH,2026-09-11 13:06:00,2577.4599609375,0.0001784710492297942
ETH,2026-09-11 13:07:00,2578.360107421875,0.0003491768454236453
ETH,2026-09-11 13:08:00,2578.2900390625,-2.717592133999015e-05
ETH,2026-09-11 13:09:00,2574.919921875,-0.001307968312375153
ETH,2026-09-11 13:10:00,2573.85009765625,-0.00041556497186232244
ETH,2026-09-11 13:11:00,2573.199951171875,-0.00025262878023914583
ETH,2026-09-11 13:12:00,2574.489990234375,0.000501210874854558
ETH,2026-09-11 13:13:00,2573.3798828125,-0.00043128807310952976
ETH,2026-09-11 13:14:00,2570.22998046875,-0.0012247829136492019
ETH,2026-09-11 13:15:00,2572.18994140625,0.0007622718728460263
ETH,2026-09-11 13:16:00,2577.8798828125,0.0022096569233399106
ETH,2026-09-11 13:17:00,2575.510009765625,-0.0009197337144416229
ETH,2026-09-11 13:18:00,2578.050048828125,0.0009857415997088761
ETH,2026-09-11 13:19:00,2578.080078125,1.1647998066730525e-05
ETH,2026-09-11 13:20:00,2575.860107421875,-0.0008614655042530265
ETH,2026-09-11 13:21:00,2572.3798828125,-0.0013520057907585718
ETH,2026-09-11 13:22:00,2572.800048828125,0.00016332412943428004
ETH,2026-09-11 13:23:00,2576.43994140625,0.0014137593863511072
ETH,2026-09-11 13:24:00,2576.0,-0.00017077012534725668
ETH,2026-09-11 13:25:00,2577.9599609375,0.0007605650982291818
ETH,2026-09-11 13:26:00,2578.429931640625,0.00018228672160843672
ETH,2026-09-11 13:27:00,2576.449951171875,-0.0007681965869743939
ETH,2026-09-11 13:28:00,2576.469970703125,7.770169749848406e-06
ETH,2026-09-11 13:29:00,2575.840087890625,-0.00024450501172278453
ETH,2026-09-11 13:30:00,2577.320068359375,0.0005743972492864963
ETH,2026-09-11 13:31:00,2577.489990234375,6.592750193706574e-05
ETH,2026-09-11 13:32:00,2575.6298828125,-0.0007219344973491757
ETH,2026-09-11 13:33:00,2577.030029296875,0.0005434655275991185
ETH,2026-09-11 13:34:00,2576.639892578125,-0.00015140151597183184
ETH,2026-09-11 13:35:00,2574.47998046875,-0.0008386185098359595
ETH,2026-09-11 13:36:00,2571.39990234375,-0.001197104698504709
ETH,2026-09-11 13:37:00,2570.179931640625,-0.0004745509222499739
ETH,2026-09-11 13:38:00,2568.6298828125,-0.000603271547732851
ETH,2026-09-11 13:39:00,2567.570068359375,-0.00041268427173460657
ETH,2026-09-11 13:40:00,2569.47998046875,0.0007435832546783381
ETH,2026-09-11 13:41:00,2568.030029296875,-0.0005644567923435333
ETH,2026-09-11 13:42:00,2567.489990234375,-0.00021031524069104347
ETH,2026-09-11 13:43:00,2570.489990234375,0.0011677742429236312
ETH,2026-09-11 13:44:00,2568.989990234375,-0.0005837166593861745
ETH,2026-09-11 13:45:00,2568.77001953125,-8.562903009920083e-05
ETH,2026-09-11 13:46:00,2568.919921875,5.835398613070508e-05
ETH,2026-09-11 13:47:00,2569.840087890625,0.0003581276509162201
ETH,2026-09-11 13:48:00,2571.929931640625,0.0008128888912341854
ETH,2026-09-11 13:49:00,2570.969970703125,-0.00037331504282679255
ETH,2026-09-11 13:50:00,2568.929931640625,-0.0007938050189239137
ETH,2026-09-11 13:51:00,2566.31005859375,-0.0010203508615591775
ETH,2026-09-11 13:52:00,2567.1298828125,0.000319405402645256
ETH,2026-09-11 13:53:00,2566.3701171875,-0.0002960029728440526
ETH,2026-09-11 13:54:00,2563.840087890625,-0.0009863258622345688
ETH,2026-09-11 13:55:00,2565.340087890625,0.0005848888092661157
ETH,2026-09-11 13:56:00,2567.5,0.0008416051152497747
ETH,2026-09-11 13:57:00,2567.820068359375,0.00012465371409322876
ETH,2026-09-11 13:58:00,2566.64990234375,-0.0004558079188548766
ETH,2026-09-11 13:59:00,2566.139892578125,-0.00019872614608450472
ETH,2026-09-11 14:00:00,2565.0,-0.000444303846997212
ETH,2026-09-11 14:01:00,2563.070068359375,-0.0007526931988115265
ETH,2026-09-11 14:02:00,2559.760009765625,-0.0012922775122012505
ETH,2026-09-11 14:03:00,2551.60009765625,-0.003192856253503144
ETH,2026-09-11 14:04:00,2549.550048828125,-0.0008037594972200338
ETH,2026-09-11 14:05:00,2538.60009765625,-0.0043041057205122635
ETH,2026-09-11 14:06:00,2542.780029296875,0.0016451957850038396
ETH,2026-09-11 14:07:00,2546.760009765625,0.0015639846624535586
ETH,2026-09-11 14:08:00,2544.7099609375,-0.0008052876480494594
ETH,2026-09-11 14:09:00,2538.699951171875,-0.002364559486553573
ETH,2026-09-11 14:10:00,2542.389892578125,0.0014524214955413956
ETH,2026-09-11 14:11:00,2541.7900390625,-0.00023596864252390832
ETH,2026-09-11 14:12:00,2538.510009765625,-0.0012912740275600344
ETH,2026-09-11 14:13:00,2539.89990234375,0.0005473731490299341
ETH,2026-09-11 14:14:00,2538.889892578125,-0.0003977363977337919
ETH,2026-09-11 14:15:00,2540.1298828125,0.0004882793585561841
ETH,2026-09-11 14:16:00,2541.60009765625,0.0005786277076589622
ETH,2026-09-11 14:17:00,2544.3701171875,0.0010892788153016289
ETH,2026-09-11 14:18:00,2546.39990234375,0.0007974374234252921
ETH,2026-09-11 14:19:00,2548.31005859375,0.0007498587178271439
ETH,2026-09-11 14:20:00,2545.669921875,-0.0010365713902570387
ETH,2026-09-11 14:21:00,2545.590087890625,-3.1361189264931445e-05
ETH,2026-09-11 14:22:00,2546.239990234375,0.00025527259838113746
ETH,2026-09-11 14:23:00,2544.830078125,-0.0005538765432366613
ETH,2026-09-11 14:24:00,2543.7900390625,-0.00040877057160116633
ETH,2026-09-11 14:25:00,2541.300048828125,-0.0009793299195678833
ETH,2026-09-11 14:26:00,2542.030029296875,0.0002872056162196713
ETH,2026-09-11 14:27:00,2539.010009765625,-0.0011887408340284743
ETH,2026-09-11 14:28:00,2542.080078125,0.0012084291677071078
ETH,2026-09-11 14:29:00,2543.800048828125,0.0006763709429879887
ETH,2026-09-11 14:30:00,2542.469970703125,-0.0005230072922638221
ETH,2026-09-11 14:31:00,2541.969970703125,-0.00019667849650064658
ETH,2026-09-11 14:32:00,2541.72998046875,-9.44155779681703e-05
ETH,2026-09-11 14:33:00,2543.5400390625,0.0007118830124022616
ETH,2026-09-11 14:34:00,2546.0,0.0009666732593438557
ETH,2026-09-11 14:35:00,2542.760009765625,-0.0012733910288430204
ETH,2026-09-11 14:36:00,2544.68994140625,0.0007587029854740914
ETH,2026-09-11 14:37:00,2544.0,-0.00027116661397020095
ETH,2026-09-11 14:38:00,2543.550048828125,-0.00017688324192577986
ETH,2026-09-11 14:39:00,2546.050048828125,0.0009823955332812046
ETH,2026-09-11 14:40:00,2546.5,0.000176709573291109
ETH,2026-09-11 14:41:00,2542.43994140625,-0.001595640546726678
ETH,2026-09-11 14:42:00,2543.219970703125,0.0003067563763492085
ETH,2026-09-11 14:43:00,2540.02001953125,-0.001259020467543534
ETH,2026-09-11 14:44:00,2541.280029296875,0.0004959399284997255
ETH,2026-09-11 14:45:00,2545.169921875,0.0015295120855619503
ETH,2026-09-11 14:46:00,2542.43994140625,-0.0010731879228673745
ETH,2026-09-11 14:47:00,2539.860107421875,-0.0010152231002384046
ETH,2026-09-11 14:48:00,2540.840087890625,0.00038576591541744187
ETH,2026-09-11 14:49:00,2542.030029296875,0.0004682163425601433
ETH,2026-09-11 14:50:00,2539.06005859375,-0.0011690290823382333
ETH,2026-09-11 14:51:00,2536.6298828125,-0.0009575746332024604
ETH,2026-09-11 14:52:00,2535.739990234375,-0.0003508784294235517
ETH,2026-09-11 14:53:00,2534.60009765625,-0.0004496316134894416
ETH,2026-09-11 14:54:00,2532.340087890625,-0.0008920610201567401
ETH,2026-09-11 14:55:00,2533.360107421875,0.0004027161125640818
ETH,2026-09-11 14:56:00,2534.31005859375,0.0003749064764997671
ETH,2026-09-11 14:57:00,2536.0,0.0006666028109915677
ETH,2026-09-11 14:58:00,2536.050048828125,1.97351475812754e-05
ETH,2026-09-11 14:59:00,2536.0,-1.9735147581318466e-05
ETH,2026-09-11 15:00:00,2536.8798828125,0.00034689676934975715
ETH,2026-09-11 15:01:00,2533.77001953125,-0.0012266134444551507
ETH,2026-09-11 15:02:00,2536.2900390625,0.000994078850999195
ETH,2026-09-11 15:03:00,2538.72998046875,0.0009615495445744085
ETH,2026-09-11 15:04:00,2541.2099609375,0.0009763818841849967
ETH,2026-09-11 15:05:00,2543.18994140625,0.000778845333517184
ETH,2026-09-11 15:06:00,2543.199951171875,3.935901822814809e-06
ETH,2026-09-11 15:07:00,2541.739990234375,-0.000574229388917203
ETH,2026-09-11 15:08:00,2546.06005859375,0.0016982072236086869
ETH,2026-09-11 15:09:00,2544.60009765625,-0.0005735841453626386
ETH,2026-09-11 15:10:00,2543.659912109375,-0.00036955090965101045
ETH,2026-09-11 15:11:00,2544.56005859375,0.00035381587232801
ETH,2026-09-11 15:12:00,2546.4599609375,0.0007463739779691175
ETH,2026-09-11 15:13:00,2545.429931640625,-0.00040457642747779407
ETH,2026-09-11 15:14:00,2544.889892578125,-0.00021218276382423284
ETH,2026-09-11 15:15:00,2540.75,-0.0016280718179067374
ETH,2026-09-11 15:16:00,2539.300048828125,-0.0005708413095586785
ETH,2026-09-11 15:17:00,2541.280029296875,0.0007794309069208401
ETH,2026-09-11 15:18:00,2542.8701171875,0.0006255078613558682
ETH,2026-09-11 15:19:00,2541.0400390625,-0.0007199490737649785
ETH,2026-09-11 15:20:00,2539.300048828125,-0.0006849896945118635
ETH,2026-09-11 15:21:00,2540.820068359375,0.0005984187544966468
ETH,2026-09-11 15:22:00,2542.110107421875,0.000507596620683548
ETH,2026-09-11 15:23:00,2542.389892578125,0.0001100541475197753
ETH,2026-09-11 15:24:00,2545.050048828125,0.0010457741115674419
ETH,2026-09-11 15:25:00,2545.4599609375,0.00016104952528312
ETH,2026-09-11 15:26:00,2546.75,0.0005066716023076702
ETH,2026-09-11 15:27:00,2544.77001953125,-0.0007777561753515881
ETH,2026-09-11 15:28:00,2545.93994140625,0.00045963015161871134
ETH,2026-09-11 15:29:00,2545.2099609375,-0.00028676447865592924
ETH,2026-09-11 15:30:00,2545.22998046875,7.865540692129704e-06
ETH,2026-09-11 15:31:00,2545.169921875,-2.359680767911365e-05
ETH,2026-09-11 15:32:00,2545.8701171875,0.0002750696563148413
ETH,2026-09-11 15:33:00,2544.389892578125,-0.0005815909789514344
ETH,2026-09-11 15:34:00,2544.8798828125,0.00019255816944831005
ETH,2026-09-11 15:35:00,2545.31005859375,0.00016902150498350618
ETH,2026-09-11 15:36:00,2545.469970703125,6.282420709879577e-05
ETH,2026-09-11 15:37:00,2545.989990234375,0.00020427128448335748
ETH,2026-09-11 15:38:00,2541.89990234375,-0.001607774090254205
ETH,2026-09-11 15:39:00,2543.929931640625,0.0007983080326915195
ETH,2026-09-11 15:40:00,2543.6298828125,-0.00011795392660364512
ETH,2026-09-11 15:41:00,2543.419921875,-8.254723098085476e-05
ETH,2026-09-11 15:42:00,2542.969970703125,-0.00017692358727959038
ETH,2026-09-11 15:43:00,2541.840087890625,-0.00044441496066773256
ETH,2026-09-11 15:44:00,2543.27001953125,0.000562399495038623
ETH,2026-09-11 15:45:00,2541.949951171875,-0.0005191784806288773
ETH,2026-09-11 15:46:00,2539.77001953125,-0.0008579503738535462
ETH,2026-09-11 15:47:00,2540.72998046875,0.0003779001865659632
ETH,2026-09-11 15:48:00,2541.1298828125,0.00015738424723795927
ETH,2026-09-11 15:49:00,2540.679931640625,-0.00017708304304157166
ETH,2026-09-11 15:50:00,2540.800048828125,4.727645803351809e-05
ETH,2026-09-11 15:51:00,2542.419921875,0.0006373413352340103
ETH,2026-09-11 15:52:00,2539.919921875,-0.0009837989109334473
ETH,2026-09-11 15:53:00,2538.800048828125,-0.00044100602966301507
ETH,2026-09-11 15:54:00,2540.409912109375,0.0006339030469459318
ETH,2026-09-11 15:55:00,2539.14990234375,-0.0004961098352983448
ETH,2026-09-11 15:56:00,2540.590087890625,0.0005670312213741111
ETH,2026-09-11 15:57:00,2538.820068359375,-0.000696939033646267
ETH,2026-09-11 15:58:00,2538.77001953125,-1.9713615026194323e-05
ETH,2026-09-11 15:59:00,2539.010009765625,9.4525652221551e-05
GOOGL,2026-09-08 09:30:00,335.8739013671875,
GOOGL,2026-09-08 09:31:00,334.8699951171875,-0.002993413745213539
GOOGL,2026-09-08 09:32:00,335.2099914550781,0.0010147933795407436
GOOGL,2026-09-08 09:33:00,335.2349853515625,7.455912822262981e-05
GOOGL,2026-09-08 09:34:00,336.0199890136719,0.0023389145703287878
GOOGL,2026-09-08 09:35:00,335.8299865722656,-0.0005656097443656992
GOOGL,2026-09-08 09:36:00,335.0299987792969,-0.002384963150684805
GOOGL,2026-09-08 09:37:00,335.8349914550781,0.0023998660650134973
GOOGL,2026-09-08 09:38:00,336.2099914550781,0.0011159968408554642
GOOGL,2026-09-08 09:39:00,335.5199890136719,-0.002054404907188827
GOOGL,2026-09-08 09:40:00,336.1499938964844,0.0018759363484995143
GOOGL,2026-09-08 09:41:00,335.8699951171875,-0.0008333049613906471
GOOGL,2026-09-08 09:42:00,335.3399963378906,-0.001579234207460153
GOOGL,2026-09-08 09:43:00,335.19000244140625,-0.00044738907807044564
GOOGL,2026-09-08 09:44:00,335.3099975585937,0.0003579272735823239
GOOGL,2026-09-08 09:45:00,334.42999267578125,-0.002627901579947303
GOOGL,2026-09-08 09:46:00,334.31500244140625,-0.0003438986051420864
GOOGL,2026-09-08 09:47:00,333.80499267578125,-0.0015267013961980677
GOOGL,2026-09-08 09:48:00,334.3349914550781,0.001586490565001663
GOOGL,2026-09-08 09:49:00,333.94000244140625,-0.0011821153365777768
GOOGL,2026-09-08 09:50:00,334.2099914550781,0.0008081689166600052
GOOGL,2026-09-08 09:51:00,334.1600036621094,-0.00014958120031467924
GOOGL,2026-09-08 09:52:00,333.84991455078125,-0.0009283967951565265
GOOGL,2026-09-08 09:53:00,333.7384033203125,-0.0003340718479360176
GOOGL,2026-09-08 09:54:00,334.0,0.0007835304717236418
GOOGL,2026-09-08 09:55:00,334.29998779296875,0.0008977639341522657
GOOGL,2026-09-08 09:56:00,334.1400146484375,-0.0004786462419997576
GOOGL,2026-09-08 09:57:00,334.5,0.0010767688994303252
GOOGL,2026-09-08 09:58:00,334.2101135253906,-0.0008670019696274619
GOOGL,2026-09-08 09:59:00,333.910888671875,-0.0008957206031171437
GOOGL,2026-09-08 10:00:00,333.6300048828125,-0.0008415478612663409
GOOGL,2026-09-08 10:01:00,333.45001220703125,-0.0005396434476766831
GOOGL,2026-09-08 10:02:00,333.2799987792969,-0.0005099918366290109
GOOGL,2026-09-08 10:03:00,333.3800048828125,0.00030002131136227616
GOOGL,2026-09-08 10:04:00,333.510009765625,0.00038988403365987416
GOOGL,2026-09-08 10:05:00,333.82000732421875,0.0009290682959052619
GOOGL,2026-09-08 10:06:00,334.0599975585937,0.0007186627626205354
GOOGL,2026-09-08 10:07:00,334.0,-0.0001796172768142814
GOOGL,2026-09-08 10:08:00,334.5799865722656,0.0017349807933281787
GOOGL,2026-09-08 10:09:00,334.2098999023437,-0.001106735359436228
GOOGL,2026-09-08 10:10:00,333.7099914550781,-0.0014969116718378933
GOOGL,2026-09-08 10:11:00,333.5528869628906,-0.00047089235793544186
GOOGL,2026-09-08 10:12:00,333.92999267578125,0.001129933859029538
GOOGL,2026-09-08 10:13:00,334.0450134277344,0.0003443863978111896
GOOGL,2026-09-08 10:14:00,333.4800109863281,-0.0016928281507586761
GOOGL,2026-09-08 10:15:00,334.0299987792969,0.0016478791610023973
GOOGL,2026-09-08 10:16:00,334.1700134277344,0.00041908005964944327
GOOGL,2026-09-08 10:17:00,334.2650146484375,0.0002842496797818584
GOOGL,2026-09-08 10:18:00,334.5599975585937,0.0008820929956242451
GOOGL,2026-09-08 10:19:00,334.8699951171875,0.0009261538447458508
GOOGL,2026-09-08 10:20:00,334.67999267578125,-0.0005675526845509335
GOOGL,2026-09-08 10:21:00,334.5199890136719,-0.00047819387189591166
GOOGL,2026-09-08 10:22:00,334.54998779296875,8.967306965452234e-05
GOOGL,2026-09-08 10:23:00,334.5,-0.00014942917262927472
GOOGL,2026-09-08 10:24:00,334.4349975585937,-0.00019434606306482132
GOOGL,2026-09-08 10:25:00,334.7650146484375,0.0009863033788915336
GOOGL,2026-09-08 10:26:00,334.6300048828125,-0.00040337846418455334
GOOGL,2026-09-08 10:27:00,334.760009765625,0.00038842791676637587
GOOGL,2026-09-08 10:28:00,334.6099853515625,-0.0004482555766435353
GOOGL,2026-09-08 10:29:00,334.6300048828125,5.982765987713315e-05
GOOGL,2026-09-08 10:30:00,334.5400085449219,-0.0002689789937603967
GOOGL,2026-09-08 10:31:00,334.5199890136719,-5.98437549069779e-05
GOOGL,2026-09-08 10:32:00,334.45001220703125,-0.0002092076080188335
GOOGL,2026-09-08 10:33:00,334.4599914550781,2.983734132547551e-05
GOOGL,2026-09-08 10:34:00,334.5400085449219,0.00023921402160033016
GOOGL,2026-09-08 10:35:00,334.3900146484375,-0.0004484591625358989
GOOGL,2026-09-08 10:36:00,334.57989501953125,0.0005676798715424242
GOOGL,2026-09-08 10:37:00,334.635009765625,0.00016471464046689742
GOOGL,2026-09-08 10:38:00,334.9700012207031,0.0010005644447976208
GOOGL,2026-09-08 10:39:00,335.1600036621094,0.0005670614511012665
GOOGL,2026-09-08 10:40:00,335.3800048828125,0.0006561912064715863
GOOGL,2026-09-08 10:41:00,335.84521484375,0.001386151836236261
GOOGL,2026-09-08 10:42:00,336.0799865722656,0.0006988031928988762
GOOGL,2026-09-08 10:43:00,336.2699890136719,0.0005651891228181308
GOOGL,2026-09-08 10:44:00,336.2699890136719,0.0
GOOGL,2026-09-08 10:45:00,336.3599853515625,0.0002675953848549763
GOOGL,2026-09-08 10:46:00,336.489990234375,0.0003864305243292943
GOOGL,2026-09-08 10:47:00,336.78009033203125,0.0008617644656523715
GOOGL,2026-09-08 10:48:00,336.7950134277344,4.4310116636633776e-05
GOOGL,2026-09-08 10:49:00,336.63629150390625,-0.0004713826803262962
GOOGL,2026-09-08 10:50:00,336.7699890136719,0.0003970783029215077
GOOGL,2026-09-08 10:51:00,336.8800048828125,0.0003266262038609356
GOOGL,2026-09-08 10:52:00,336.9200134277344,0.0001187549536409528
GOOGL,2026-09-08 10:53:00,337.46099853515625,0.0016043904376597427
GOOGL,2026-09-08 10:54:00,337.0710144042969,-0.0011563103509717517
GOOGL,2026-09-08 10:55:00,337.635009765625,0.0016718258693064311
GOOGL,2026-09-08 10:56:00,337.2049865722656,-0.0012744450651916417
GOOGL,2026-09-08 10:57:00,336.81500244140625,-0.0011571887502879134
GOOGL,2026-09-08 10:58:00,336.739990234375,-0.0002227352128839938
GOOGL,2026-09-08 10:59:00,337.11199951171875,0.001104127674318863
GOOGL,2026-09-08 11:00:00,337.5350036621094,0.0012540015855179944
GOOGL,2026-09-08 11:01:00,337.8900146484375,0.0010512225913950322
GOOGL,2026-09-08 11:02:00,337.6600036621094,-0.0006809591857949212
GOOGL,2026-09-08 11:03:00,337.5400085449219,-0.0003554357709756986
GOOGL,2026-09-08 11:04:00,337.5849914550781,0.0001332580195453822
GOOGL,2026-09-08 11:05:00,337.67999267578125,0.00028137464125195836
GOOGL,2026-09-08 11:06:00,337.5600891113281,-0.0003551435080572422
GOOGL,2026-09-08 11:07:00,337.4150085449219,-0.00042988421097098814
GOOGL,2026-09-08 11:08:00,337.5400085449219,0.00037039505823085734
GOOGL,2026-09-08 11:09:00,337.3599853515625,-0.0005334811061105707
GOOGL,2026-09-08 11:10:00,337.6300048828125,0.000800069777508277
GOOGL,2026-09-08 11:11:00,337.44000244140625,-0.0005629118294754276
GOOGL,2026-09-08 11:12:00,337.5419921875,0.0003021999036462301
GOOGL,2026-09-08 11:13:00,337.7900085449219,0.0007345020472985858
GOOGL,2026-09-08 11:14:00,337.760009765625,-8.881290357038578e-05
GOOGL,2026-09-08 11:15:00,338.1300048828125,0.0010948383498118918
GOOGL,2026-09-08 11:16:00,338.1700134277344,0.00011831596594796385
GOOGL,2026-09-08 11:17:00,338.239990234375,0.00020690648130982744
GOOGL,2026-09-08 11:18:00,337.9200134277344,-0.0009464529957204766
GOOGL,2026-09-08 11:19:00,337.8399963378906,-0.00023682102835733817
GOOGL,2026-09-08 11:20:00,337.7099914550781,-0.0003848860536349725
GOOGL,2026-09-08 11:21:00,337.6000061035156,-0.00032573293134290283
GOOGL,2026-09-08 11:22:00,337.5028991699219,-0.0002876803921445132
GOOGL,2026-09-08 11:23:00,337.8500061035156,0.0010279276551479809
GOOGL,2026-09-08 11:24:00,338.32000732421875,0.0013901867490838454
GOOGL,2026-09-08 11:25:00,338.2699890136719,-0.00014785412408912054
GOOGL,2026-09-08 11:26:00,338.3580017089844,0.00026015091605910683
GOOGL,2026-09-08 11:27:00,338.4349975585937,0.00022753146094847356
GOOGL,2026-09-08 11:28:00,338.210205078125,-0.0006644323727196087
GOOGL,2026-09-08 11:29:00,338.2699890136719,0.00017674999571210519
GOOGL,2026-09-08 11:30:00,338.4649963378906,0.0005763181565526187
GOOGL,2026-09-08 11:31:00,338.54998779296875,0.00025107702936204876
GOOGL,2026-09-08 11:32:00,338.3999938964844,-0.0004431461791745735
GOOGL,2026-09-08 11:33:00,338.4599914550781,0.0001772820377901842
GOOGL,2026-09-08 11:34:00,338.4949951171875,0.00010341503596215509
GOOGL,2026-09-08 11:35:00,338.2349853515625,-0.0007684299083046794
GOOGL,2026-09-08 11:36:00,338.3099975585937,0.00022175083470693307
GOOGL,2026-09-08 11:37:00,338.3949890136719,0.0002511920473812025
GOOGL,2026-09-08 11:38:00,338.17498779296875,-0.0006503428647412535
GOOGL,2026-09-08 11:39:00,338.3800048828125,0.0006060618821489819
GOOGL,2026-09-08 11:40:00,338.45001220703125,0.00020686826145622763
GOOGL,2026-09-08 11:41:00,338.5849914550781,0.00039873639946273786
GOOGL,2026-09-08 11:42:00,338.6000061035156,4.434430323798556e-05
GOOGL,2026-09-08 11:43:00,338.4949951171875,-0.00031018095534827126
GOOGL,2026-09-08 11:44:00,338.54998779296875,0.00016244910542214132
GOOGL,2026-09-08 11:45:00,338.6499938964844,0.0002953517629847992
GOOGL,2026-09-08 11:46:00,338.45001220703125,-0.0005907006157594565
GOOGL,2026-09-08 11:47:00,338.2699890136719,-0.0005320463331401156
GOOGL,2026-09-08 11:48:00,338.3349914550781,0.00019214295928243313
GOOGL,2026-09-08 11:49:00,338.3299865722656,-1.479279399732352e-05
GOOGL,2026-09-08 11:50:00,338.5,0.0005023814981105297
GOOGL,2026-09-08 11:51:00,338.5950012207031,0.00028061415652237085
GOOGL,2026-09-08 11:52:00,338.5249938964844,-0.0002067796696982056
GOOGL,2026-09-08 11:53:00,338.718994140625,0.0005729109534341923
GOOGL,2026-09-08 11:54:00,338.6549987792969,-0.00018895133910488805
GOOGL,2026-09-08 11:55:00,338.6849975585937,8.85782014310072e-05
GOOGL,2026-09-08 11:56:00,338.6199951171875,-0.00019194437456886225
GOOGL,2026-09-08 11:57:00,338.56500244140625,-0.00016241551747419106
GOOGL,2026-09-08 11:58:00,338.4649963378906,-0.00029542591738408264
GOOGL,2026-09-08 11:59:00,338.5150146484375,0.00014776894391624006
GOOGL,2026-09-08 12:00:00,338.4100036621094,-0.0003102588450123803
GOOGL,2026-09-08 12:01:00,338.3299865722656,-0.00023647809017145473
GOOGL,2026-09-08 12:02:00,338.1600036621094,-0.0005025437661680053
GOOGL,2026-09-08 12:03:00,338.239990234375,0.0002365067219402815
GOOGL,2026-09-08 12:04:00,338.4150085449219,0.0005173044306642065
GOOGL,2026-09-08 12:05:00,338.6596984863281,0.0007227856823414024
GOOGL,2026-09-08 12:06:00,338.6600036621094,9.011277252097377e-07
GOOGL,2026-09-08 12:07:00,338.3500061035156,-0.0009157843334290406
GOOGL,2026-09-08 12:08:00,338.05499267578125,-0.0008722982443157907
GOOGL,2026-09-08 12:09:00,338.3099975585937,0.000754045222851408
GOOGL,2026-09-08 12:10:00,338.42498779296875,0.0003398383058975711
GOOGL,2026-09-08 12:11:00,338.19000244140625,-0.0006945910581395978
GOOGL,2026-09-08 12:12:00,338.25,0.00017739210731048533
GOOGL,2026-09-08 12:13:00,338.260009765625,2.9592365171918803e-05
GOOGL,2026-09-08 12:14:00,338.1400146484375,-0.0003548051866208752
GOOGL,2026-09-08 12:15:00,338.385009765625,0.0007242751385568094
GOOGL,2026-09-08 12:16:00,338.2900085449219,-0.0002807883215919429
GOOGL,2026-09-08 12:17:00,338.17999267578125,-0.00032526459388304416
GOOGL,2026-09-08 12:18:00,338.17999267578125,0.0
GOOGL,2026-09-08 12:19:00,338.260009765625,0.00023658296353908662
GOOGL,2026-09-08 12:20:00,338.2550048828125,-1.4796073122512816e-05
GOOGL,2026-09-08 12:21:00,338.3699951171875,0.00033989354659383553
GOOGL,2026-09-08 12:22:00,338.3699951171875,0.0
GOOGL,2026-09-08 12:23:00,338.389892578125,5.880212850972153e-05
GOOGL,2026-09-08 12:24:00,338.4599914550781,0.0002071327154140682
GOOGL,2026-09-08 12:25:00,338.8999938964844,0.00129916886975738
GOOGL,2026-09-08 12:26:00,338.677490234375,-0.0006567622901242996
GOOGL,2026-09-08 12:27:00,338.635009765625,-0.0001254383133508201
GOOGL,2026-09-08 12:28:00,338.5150146484375,-0.0003544122103439148
GOOGL,2026-09-08 12:29:00,338.52069091796875,1.6768006427764373e-05
GOOGL,2026-09-08 12:30:00,338.40008544921875,-0.00035633555428278026
GOOGL,2026-09-08 12:31:00,338.5,0.0002952121107817392
GOOGL,2026-09-08 12:32:00,338.3949890136719,-0.0003102726091194071
GOOGL,2026-09-08 12:33:00,338.5599975585937,0.0004875022755215691
GOOGL,2026-09-08 12:34:00,338.45001220703125,-0.00032491499665751583
GOOGL,2026-09-08 12:35:00,338.5450134277344,0.000280655596361753
GOOGL,2026-09-08 12:36:00,338.5,-0.0001329702661062089
GOOGL,2026-09-08 12:37:00,338.489990234375,-2.957138442254759e-05
GOOGL,2026-09-08 12:38:00,338.3599853515625,-0.0003841468245564905
GOOGL,2026-09-08 12:39:00,338.260009765625,-0.00029551472728131886
GOOGL,2026-09-08 12:40:00,338.4100036621094,0.00044332952832122115
GOOGL,2026-09-08 12:41:00,338.3699951171875,-0.00011823205484985226
GOOGL,2026-09-08 12:42:00,338.5199890136719,0.000443185458363706
GOOGL,2026-09-08 12:43:00,338.4700012207031,-0.0001476766090508342
GOOGL,2026-09-08 12:44:00,338.7099914550781,0.0007087930742727232
GOOGL,2026-09-08 12:45:00,338.6099853515625,-0.0002952994379815855
GOOGL,2026-09-08 12:46:00,338.5849914550781,-7.381595360793412e-05
GOOGL,2026-09-08 12:47:00,338.5050048828125,-0.00023626570491461387
GOOGL,2026-09-08 12:48:00,338.375,-0.00038412978215715966
GOOGL,2026-09-08 12:49:00,338.57501220703125,0.0005909216611114022
GOOGL,2026-09-08 12:50:00,338.7200012207031,0.00042814139484900044
GOOGL,2026-09-08 12:51:00,338.5799865722656,-0.00041344944029384075
GOOGL,2026-09-08 12:52:00,338.6449890136719,0.00019196705363577098
GOOGL,2026-09-08 12:53:00,338.889892578125,0.0007229253630270565
GOOGL,2026-09-08 12:54:00,338.8800048828125,-2.917714507601728e-05
GOOGL,2026-09-08 12:55:00,339.2699890136719,0.001150141347369694
GOOGL,2026-09-08 12:56:00,338.6199951171875,-0.001917697888743157
GOOGL,2026-09-08 12:57:00,338.5299987792969,-0.0002658091685201089
GOOGL,2026-09-08 12:58:00,338.6400146484375,0.00032492835750848814
GOOGL,2026-09-08 12:59:00,338.6700134277344,8.85821206624873e-05
GOOGL,2026-09-08 13:00:00,338.8306884765625,0.000474317004805701
GOOGL,2026-09-08 13:01:00,339.1050109863281,0.0008092877391032393
GOOGL,2026-09-08 13:02:00,339.1549987792969,0.00014740008946292
GOOGL,2026-09-08 13:03:00,339.2601013183594,0.0003098472893313352
GOOGL,2026-09-08 13:04:00,339.31500244140625,0.0001618129603119536
GOOGL,2026-09-08 13:05:00,339.20001220703125,-0.0003389467675537333
GOOGL,2026-09-08 13:06:00,339.42999267578125,0.0006777786891218602
GOOGL,2026-09-08 13:07:00,339.20001220703125,-0.0006777786891218982
GOOGL,2026-09-08 13:08:00,339.29998779296875,0.00029469590762286823
GOOGL,2026-09-08 13:09:00,339.2449951171875,-0.0001620899934026872
GOOGL,2026-09-08 13:10:00,339.17999267578125,-0.00019162749832265342
GOOGL,2026-09-08 13:11:00,339.25,0.00020638039362362842
GOOGL,2026-09-08 13:12:00,338.9800109863281,-0.0007961577151110272
GOOGL,2026-09-08 13:13:00,338.8949890136719,-0.0002508485284221689
GOOGL,2026-09-08 13:14:00,338.82000732421875,-0.00022127794180223532
GOOGL,2026-09-08 13:15:00,338.70001220703125,-0.00035421866508143654
GOOGL,2026-09-08 13:16:00,338.57501220703125,-0.0003691262689849444
GOOGL,2026-09-08 13:17:00,338.5849914550781,2.947382596026539e-05
GOOGL,2026-09-08 13:18:00,338.7149963378906,0.00038389158940547823
GOOGL,2026-09-08 13:19:00,338.7900085449219,0.0002214366146291478
GOOGL,2026-09-08 13:20:00,339.0,0.0006196357548786928
GOOGL,2026-09-08 13:21:00,339.20001220703125,0.0005898325250072262
GOOGL,2026-09-08 13:22:00,339.0400085449219,-0.0004718201821834569
GOOGL,2026-09-08 13:23:00,339.0799865722656,0.00011790841643929448
GOOGL,2026-09-08 13:24:00,339.3399963378906,0.0007665156832210969
GOOGL,2026-09-08 13:25:00,339.375,0.00010314686526523978
GOOGL,2026-09-08 13:26:00,339.3500061035156,-7.364955253133403e-05
GOOGL,2026-09-08 13:27:00,339.32000732421875,-8.840461114500791e-05
GOOGL,2026-09-08 13:28:00,339.4049987792969,0.0002504444502797254
GOOGL,2026-09-08 13:29:00,339.3099975585937,-0.0002799443708661777
GOOGL,2026-09-08 13:30:00,339.489990234375,0.0005303261144274858
GOOGL,2026-09-08 13:31:00,339.6256103515625,0.0003994021603195542
GOOGL,2026-09-08 13:32:00,339.44000244140625,-0.0005466567921618136
GOOGL,2026-09-08 13:33:00,339.3500061035156,-0.0002651669508538689
GOOGL,2026-09-08 13:34:00,339.29998779296875,-0.0001474053225883885
GOOGL,2026-09-08 13:35:00,339.4700012207031,0.0005009456341367246
GOOGL,2026-09-08 13:36:00,339.489990234375,5.888127114763736e-05
GOOGL,2026-09-08 13:37:00,339.54998779296875,0.0001767128908203726
GOOGL,2026-09-08 13:38:00,339.57000732421875,5.8957272351762296e-05
GOOGL,2026-09-08 13:39:00,339.5299987792969,-0.00011782813903273846
GOOGL,2026-09-08 13:40:00,339.3099975585937,-0.000648168138566693
GOOGL,2026-09-08 13:41:00,339.2900085449219,-5.8912506624896556e-05
GOOGL,2026-09-08 13:42:00,339.2650146484375,-7.36680022735349e-05
GOOGL,2026-09-08 13:43:00,339.1499938964844,-0.0003390866994582881
GOOGL,2026-09-08 13:44:00,338.70001220703125,-0.0013276735310188577
GOOGL,2026-09-08 13:45:00,338.75,0.00014757632934892214
GOOGL,2026-09-08 13:46:00,338.8399963378906,0.0002656365616558838
GOOGL,2026-09-08 13:47:00,338.9200134277344,0.00023612219388163892
GOOGL,2026-09-08 13:48:00,339.1000061035156,0.0005309361813059799
GOOGL,2026-09-08 13:49:00,339.2149963378906,0.0003390467115208886
GOOGL,2026-09-08 13:50:00,339.3399963378906,0.000368429980659558
GOOGL,2026-09-08 13:51:00,339.4200134277344,0.00023577432100648063
GOOGL,2026-09-08 13:52:00,339.3599853515625,-0.00017687049246093963
GOOGL,2026-09-08 13:53:00,339.30499267578125,-0.0001620613341842769
GOOGL,2026-09-08 13:54:00,339.2650146484375,-0.00011783022225708909
GOOGL,2026-09-08 13:55:00,338.8500061035156,-0.0012240065004760431
GOOGL,2026-09-08 13:56:00,338.8800048828125,8.852722715592745e-05
GOOGL,2026-09-08 13:57:00,338.94000244140625,0.00017703094657033362
GOOGL,2026-09-08 13:58:00,338.8699951171875,-0.00020656917047504723
GOOGL,2026-09-08 13:59:00,338.760009765625,-0.0003246177168537225
GOOGL,2026-09-08 14:00:00,338.6199951171875,-0.0004134006006149083
GOOGL,2026-09-08 14:01:00,338.4100036621094,-0.000620331335954564
GOOGL,2026-09-08 14:02:00,338.3299865722656,-0.00023647809017145473
GOOGL,2026-09-08 14:03:00,338.31500244140625,-4.4289490368251215e-05
GOOGL,2026-09-08 14:04:00,338.565185546875,0.0007392242269790039
GOOGL,2026-09-08 14:05:00,338.6199951171875,0.00016187468951530033
GOOGL,2026-09-08 14:06:00,338.17999267578125,-0.0013002438278148598
GOOGL,2026-09-08 14:07:00,337.9800109863281,-0.0005915218120005108
GOOGL,2026-09-08 14:08:00,338.0450134277344,0.00019230779707566902
GOOGL,2026-09-08 14:09:00,338.0899963378906,0.00013305895885570715
GOOGL,2026-09-08 14:10:00,338.239990234375,0.00044355241353030315
GOOGL,2026-09-08 14:11:00,338.19500732421875,-0.0001329999493962542
GOOGL,2026-09-08 14:12:00,338.19000244140625,-1.4798917008310962e-05
GOOGL,2026-09-08 14:13:00,337.9800109863281,-0.0006211203030571253
GOOGL,2026-09-08 14:14:00,338.1650085449219,0.0005472126773581903
GOOGL,2026-09-08 14:15:00,338.2300109863281,0.00019220260270807327
GOOGL,2026-09-08 14:16:00,338.2308044433594,2.3459068527093606e-06
GOOGL,2026-09-08 14:17:00,338.04998779296875,-0.0005347384008980964
GOOGL,2026-09-08 14:18:00,338.0599975585937,2.960987366721241e-05
GOOGL,2026-09-08 14:19:00,338.0799865722656,5.912684990347236e-05
GOOGL,2026-09-08 14:20:00,338.17498779296875,0.00028096272834745645
GOOGL,2026-09-08 14:21:00,338.125,-0.00014782727772301243
GOOGL,2026-09-08 14:22:00,338.1499938964844,7.391637047443463e-05
GOOGL,2026-09-08 14:23:00,338.04998779296875,-0.00029578854466953344
GOOGL,2026-09-08 14:24:00,337.9800109863281,-0.00020702278602104053
GOOGL,2026-09-08 14:25:00,338.0,5.914084248888539e-05
GOOGL,2026-09-08 14:26:00,337.9100036621094,-0.00026629680855394766
GOOGL,2026-09-08 14:27:00,337.9750061035156,0.0001923476350784139
GOOGL,2026-09-08 14:28:00,338.0014953613281,7.83733096304047e-05
GOOGL,2026-09-08 14:29:00,338.0849914550781,0.00024699826369149866
GOOGL,2026-09-08 14:30:00,338.1000061035156,4.4409883372659934e-05
GOOGL,2026-09-08 14:31:00,338.1199951171875,5.911985342518512e-05
GOOGL,2026-09-08 14:32:00,338.1600036621094,0.00011831946838821159
GOOGL,2026-09-08 14:33:00,338.2099914550781,0.00014781197693751425
GOOGL,2026-09-08 14:34:00,338.4200134277344,0.0006207882532122766
GOOGL,2026-09-08 14:35:00,337.989990234375,-0.0012714869649039324
GOOGL,2026-09-08 14:36:00,337.9906921386719,2.0766992760327165e-06
GOOGL,2026-09-08 14:37:00,337.94000244140625,-0.00014998489569147805
GOOGL,2026-09-08 14:38:00,337.92498779296875,-4.443091048339545e-05
GOOGL,2026-09-08 14:39:00,337.885009765625,-0.00011831144118847101
GOOGL,2026-09-08 14:40:00,337.8999938964844,4.4345851951741836e-05
GOOGL,2026-09-08 14:41:00,338.0799865722656,0.0005325384929601256
GOOGL,2026-09-08 14:42:00,338.1000061035156,5.921361611611793e-05
GOOGL,2026-09-08 14:43:00,338.19000244140625,0.00026614717734926944
GOOGL,2026-09-08 14:44:00,338.2650146484375,0.00022178032668441903
GOOGL,2026-09-08 14:45:00,338.3900146484375,0.0003694644863626346
GOOGL,2026-09-08 14:46:00,338.44000244140625,0.00014771151337102583
GOOGL,2026-09-08 14:47:00,338.0101013183594,-0.0012710506762742583
GOOGL,2026-09-08 14:48:00,337.45001220703125,-0.0016583932299751875
GOOGL,2026-09-08 14:49:00,337.7799987792969,0.0009774050121196976
GOOGL,2026-09-08 14:50:00,337.9849853515625,0.0006066800836583308
GOOGL,2026-09-08 14:51:00,337.67999267578125,-0.000902792675111444
GOOGL,2026-09-08 14:52:00,337.510009765625,-0.0005035113468292865
GOOGL,2026-09-08 14:53:00,337.7900085449219,0.00082925747889914
GOOGL,2026-09-08 14:54:00,337.6849975585937,-0.00031092486391144745
GOOGL,2026-09-08 14:55:00,337.8599853515625,0.0005180640854699082
GOOGL,2026-09-08 14:56:00,337.9549865722656,0.00028114565458196356
GOOGL,2026-09-08 14:57:00,337.93951416015625,-4.578351235376273e-05
GOOGL,2026-09-08 14:58:00,337.7699890136719,-0.0005017693231926043
GOOGL,2026-09-08 14:59:00,337.7900085449219,5.9267959406198116e-05
GOOGL,2026-09-08 15:00:00,337.8999938964844,0.0003255497406694556
GOOGL,2026-09-08 15:01:00,337.8900146484375,-2.9533576766243537e-05
GOOGL,2026-09-08 15:02:00,338.0899963378906,0.0005916793160659288
GOOGL,2026-09-08 15:03:00,338.0799865722656,-2.9607246339612882e-05
GOOGL,2026-09-08 15:04:00,337.7099914550781,-0.001095000417842896
GOOGL,2026-09-08 15:05:00,337.7200012207031,2.9639683562378124e-05
GOOGL,2026-09-08 15:06:00,337.364990234375,-0.0010517520713607068
GOOGL,2026-09-08 15:07:00,337.3299865722656,-0.00010376144285659356
GOOGL,2026-09-08 15:08:00,337.2799987792969,-0.00014819760793843901
GOOGL,2026-09-08 15:09:00,337.3487854003906,0.00020392435942608454
GOOGL,2026-09-08 15:10:00,337.3699951171875,6.286979825155498e-05
GOOGL,2026-09-08 15:11:00,337.2650146484375,-0.00031122152890888954
GOOGL,2026-09-08 15:12:00,337.3349914550781,0.000207461625432893
GOOGL,2026-09-08 15:13:00,337.3500061035156,4.450861807890184e-05
GOOGL,2026-09-08 15:14:00,337.2749938964844,-0.00022238193764058498
GOOGL,2026-09-08 15:15:00,337.2099914550781,-0.00019274688990631838
GOOGL,2026-09-08 15:16:00,337.20001220703125,-2.959400955926089e-05
GOOGL,2026-09-08 15:17:00,337.0899963378906,-0.0003263161806424423
GOOGL,2026-09-08 15:18:00,337.135009765625,0.00013352642632289075
GOOGL,2026-09-08 15:19:00,337.2749938964844,0.0004151306537850361
GOOGL,2026-09-08 15:20:00,337.3599853515625,0.00025196278918860563
GOOGL,2026-09-08 15:21:00,337.3699951171875,2.9670433848939557e-05
GOOGL,2026-09-08 15:22:00,337.3995056152344,8.746838152481324e-05
GOOGL,2026-09-08 15:23:00,337.37750244140625,-6.521613384334414e-05
GOOGL,2026-09-08 15:24:00,337.4200134277344,0.0001259962740960425
GOOGL,2026-09-08 15:25:00,337.55499267578125,0.0003999533275325459
GOOGL,2026-09-08 15:26:00,337.5599975585937,1.4826756582108388e-05
GOOGL,2026-09-08 15:27:00,337.5899963378906,8.886552495857554e-05
GOOGL,2026-09-08 15:28:00,337.5799865722656,-2.9651097883758212e-05
GOOGL,2026-09-08 15:29:00,337.69000244140625,0.00032584261674282447
GOOGL,2026-09-08 15:30:00,337.60369873046875,-0.00025560348410650946
GOOGL,2026-09-08 15:31:00,337.3999938964844,-0.00060356659494885
GOOGL,2026-09-08 15:32:00,337.364990234375,-0.00010375067753659988
GOOGL,2026-09-08 15:33:00,337.4599914550781,0.0002815581044224314
GOOGL,2026-09-08 15:34:00,337.5599975585937,0.0002963056083520659
GOOGL,2026-09-08 15:35:00,337.5199890136719,-0.00011852979132686158
GOOGL,2026-09-08 15:36:00,337.5799865722656,0.0001777442184014804
GOOGL,2026-09-08 15:37:00,337.6600036621094,0.00023700341027060344
GOOGL,2026-09-08 15:38:00,337.739990234375,0.0002368568947658111
GOOGL,2026-09-08 15:39:00,337.95001220703125,0.0006216518778167622
GOOGL,2026-09-08 15:40:00,338.3699951171875,0.0012419652223580123
GOOGL,2026-09-08 15:41:00,338.2900085449219,-0.00023641584312733435
GOOGL,2026-09-08 15:42:00,338.32501220703125,0.0001034669969393132
GOOGL,2026-09-08 15:43:00,338.4150085449219,0.0002659701973032208
GOOGL,2026-09-08 15:44:00,338.2900085449219,-0.0003694371942423559
GOOGL,2026-09-08 15:45:00,338.29998779296875,2.9498656798441997e-05
GOOGL,2026-09-08 15:46:00,338.4599914550781,0.0004728520302527162
GOOGL,2026-09-08 15:47:00,338.5199890136719,0.00017725061443995852
GOOGL,2026-09-08 15:48:00,338.3699951171875,-0.00044318545836373344
GOOGL,2026-09-08 15:49:00,338.510009765625,0.0004137059727705141
GOOGL,2026-09-08 15:50:00,338.3500061035156,-0.00047278214501797174
GOOGL,2026-09-08 15:51:00,338.19500732421875,-0.0004582068566980855
GOOGL,2026-09-08 15:52:00,338.1600036621094,-0.000103506772544148
GOOGL,2026-09-08 15:53:00,337.8399963378906,-0.0009467673021374544
GOOGL,2026-09-08 15:54:00,338.1601867675781,0.0009473087778211032
GOOGL,2026-09-08 15:55:00,338.4700012207031,0.0009157571751189754
GOOGL,2026-09-08 15:56:00,338.3900146484375,-0.00023634598221978944
GOOGL,2026-09-08 15:57:00,338.1300048828125,-0.0007686683939003303
GOOGL,2026-09-08 15:58:00,338.2200012207031,0.00026612356800371356
GOOGL,2026-09-08 15:59:00,338.42999267578125,0.0006206797124474459
GOOGL,2026-09-09 09:30:00,329.32000732421875,-0.027287309972528474
GOOGL,2026-09-09 09:31:00,329.8099975585937,0.0014867789996082616
GOOGL,2026-09-09 09:32:00,328.3900146484375,-0.004314752618706051
GOOGL,2026-09-09 09:33:00,328.760009765625,0.0011260599331602667
GOOGL,2026-09-09 09:34:00,329.3999938964844,0.0019447682296299725
GOOGL,2026-09-09 09:35:00,330.0972900390625,0.002114630095991624
GOOGL,2026-09-09 09:36:00,329.7850036621094,-0.0009464912250180912
GOOGL,2026-09-09 09:37:00,329.8973999023437,0.00034075864602303024
GOOGL,2026-09-09 09:38:00,329.7799987792969,-0.00035593496009076934
GOOGL,2026-09-09 09:39:00,330.2601013183594,0.0014547680471643045
GOOGL,2026-09-09 09:40:00,329.8900146484375,-0.0011212198551251535
GOOGL,2026-09-09 09:41:00,330.1700134277344,0.0008484040365478715
GOOGL,2026-09-09 09:42:00,330.25,0.00024222940259369753
GOOGL,2026-09-09 09:43:00,329.7200012207031,-0.001606130255166306
GOOGL,2026-09-09 09:44:00,329.15008544921875,-0.0017299796277085112
GOOGL,2026-09-09 09:45:00,329.0599975585937,-0.00027373598039068405
GOOGL,2026-09-09 09:46:00,329.1886901855469,0.0003910152226324453
GOOGL,2026-09-09 09:47:00,328.9700012207031,-0.0006645478537241149
GOOGL,2026-09-09 09:48:00,328.8900146484375,-0.00024317201450255223
GOOGL,2026-09-09 09:49:00,328.7799987792969,-0.0003345625250372025
GOOGL,2026-09-09 09:50:00,329.1300048828125,0.0010639939644847072
GOOGL,2026-09-09 09:51:00,329.25,0.00036451629036796546
GOOGL,2026-09-09 09:52:00,328.9599914550781,-0.0008812037722101532
GOOGL,2026-09-09 09:53:00,329.3550109863281,0.0012000928953305285
GOOGL,2026-09-09 09:54:00,329.31500244140625,-0.00012148281887880371
GOOGL,2026-09-09 09:55:00,329.17999267578125,-0.00041005556159999935
GOOGL,2026-09-09 09:56:00,329.110107421875,-0.0002123235763637252
GOOGL,2026-09-09 09:57:00,329.2301025390625,0.00036453832441265307
GOOGL,2026-09-09 09:58:00,329.6600036621094,0.0013049252978756304
GOOGL,2026-09-09 09:59:00,329.375,-0.0008649121163295414
GOOGL,2026-09-09 10:00:00,328.9739990234375,-0.001218201977213653
GOOGL,2026-09-09 10:01:00,328.51971435546875,-0.001381867935814672
GOOGL,2026-09-09 10:02:00,328.31988525390625,-0.0006084563349907262
GOOGL,2026-09-09 10:03:00,328.1700134277344,-0.0004565853307918149
GOOGL,2026-09-09 10:04:00,328.1802978515625,3.133821574305031e-05
GOOGL,2026-09-09 10:05:00,328.20001220703125,6.006991731037672e-05
GOOGL,2026-09-09 10:06:00,328.7699890136719,0.00173516887708503
GOOGL,2026-09-09 10:07:00,329.0199890136719,0.0007601210732547035
GOOGL,2026-09-09 10:08:00,329.9393005371094,0.0027901939753559543
GOOGL,2026-09-09 10:09:00,329.9800109863281,0.00012338008165403252
GOOGL,2026-09-09 10:10:00,329.65679931640625,-0.0009799686455933348
GOOGL,2026-09-09 10:11:00,329.69500732421875,0.00011589566440993836
GOOGL,2026-09-09 10:12:00,330.3349914550781,0.001939258314349063
GOOGL,2026-09-09 10:13:00,330.0599975585937,-0.0008328164718191208
GOOGL,2026-09-09 10:14:00,330.4100036621094,0.001059869897597181
GOOGL,2026-09-09 10:15:00,330.8699951171875,0.001391215612507088
GOOGL,2026-09-09 10:16:00,330.5201110839844,-0.001058026307202183
GOOGL,2026-09-09 10:17:00,330.3399963378906,-0.0005450919144026769
GOOGL,2026-09-09 10:18:00,330.1050109863281,-0.0007115970561434777
GOOGL,2026-09-09 10:19:00,330.4596862792969,0.0010738549260054739
GOOGL,2026-09-09 10:20:00,330.2850036621094,-0.0005287446843429628
GOOGL,2026-09-09 10:21:00,330.2749938964844,-3.0306908268062887e-05
GOOGL,2026-09-09 10:22:00,330.6099853515625,0.0010137663717190073
GOOGL,2026-09-09 10:23:00,330.3900146484375,-0.0006655694742670788
GOOGL,2026-09-09 10:24:00,330.2532043457031,-0.00041417303850745503
GOOGL,2026-09-09 10:25:00,330.19000244140625,-0.0001913923978331269
GOOGL,2026-09-09 10:26:00,330.2200012207031,9.084895489519192e-05
GOOGL,2026-09-09 10:27:00,330.4150085449219,0.0005903632928921425
GOOGL,2026-09-09 10:28:00,330.7774963378906,0.0010964668431909489
GOOGL,2026-09-09 10:29:00,330.8800048828125,0.00030985380065335337
GOOGL,2026-09-09 10:30:00,330.44000244140625,-0.001330679554404713
GOOGL,2026-09-09 10:31:00,329.9800109863281,-0.0013930272254351506
GOOGL,2026-09-09 10:32:00,329.9100036621094,-0.0002121787659377923
GOOGL,2026-09-09 10:33:00,329.5199890136719,-0.0011828843038550437
GOOGL,2026-09-09 10:34:00,329.5599975585937,0.00012140725188473749
GOOGL,2026-09-09 10:35:00,329.7699890136719,0.0006369844128285246
GOOGL,2026-09-09 10:36:00,329.6300048828125,-0.0004245803283529607
GOOGL,2026-09-09 10:37:00,329.8399963378906,0.0006368491721736995
GOOGL,2026-09-09 10:38:00,329.70001220703125,-0.00042449019361298786
GOOGL,2026-09-09 10:39:00,329.8999938964844,0.0006063726310799136
GOOGL,2026-09-09 10:40:00,329.92498779296875,7.575917005242984e-05
GOOGL,2026-09-09 10:41:00,330.3699951171875,0.0013479048095544454
GOOGL,2026-09-09 10:42:00,330.20001220703125,-0.0005146552584086129
GOOGL,2026-09-09 10:43:00,330.25,0.00015137494780911618
GOOGL,2026-09-09 10:44:00,330.2200012207031,-9.084070211231155e-05
GOOGL,2026-09-09 10:45:00,330.1199951171875,-0.0003028927668619291
GOOGL,2026-09-09 10:46:00,329.94000244140625,-0.0005453827861359981
GOOGL,2026-09-09 10:47:00,330.1099853515625,0.0005150607289078797
GOOGL,2026-09-09 10:48:00,330.5350036621094,0.0012866770391085566
GOOGL,2026-09-09 10:49:00,330.4150085449219,-0.00036309892212623286
GOOGL,2026-09-09 10:50:00,330.3507995605469,-0.00019434717653202374
GOOGL,2026-09-09 10:51:00,330.6300048828125,0.0008448213230853633
GOOGL,2026-09-09 10:52:00,330.25,-0.0011499967373331751
GOOGL,2026-09-09 10:53:00,330.135009765625,-0.00034825210698822027
GOOGL,2026-09-09 10:54:00,330.3800048828125,0.000741830610930907
GOOGL,2026-09-09 10:55:00,329.92999267578125,-0.0013630333581703547
GOOGL,2026-09-09 10:56:00,329.70001220703125,-0.0006973014458597119
GOOGL,2026-09-09 10:57:00,329.6700134277344,-9.099224457066034e-05
GOOGL,2026-09-09 10:58:00,329.8299865722656,0.0004851346403906889
GOOGL,2026-09-09 10:59:00,329.6199951171875,-0.0006368685055927661
GOOGL,2026-09-09 11:00:00,329.489990234375,-0.00039448616281872757
GOOGL,2026-09-09 11:01:00,329.2699890136719,-0.0006679253015134277
GOOGL,2026-09-09 11:02:00,328.9150085449219,-0.001078664826714567
GOOGL,2026-09-09 11:03:00,329.2200012207031,0.0009268393052757098
GOOGL,2026-09-09 11:04:00,329.2300109863281,3.0404025940314274e-05
GOOGL,2026-09-09 11:05:00,329.30499267578125,0.00022772271590775034
GOOGL,2026-09-09 11:06:00,329.3500061035156,0.00013668287005443497
GOOGL,2026-09-09 11:07:00,329.4800109863281,0.00039465379878748675
GOOGL,2026-09-09 11:08:00,329.6099853515625,0.00039440552167810465
GOOGL,2026-09-09 11:09:00,329.07000732421875,-0.0016395765904920457
GOOGL,2026-09-09 11:10:00,328.8399963378906,-0.0006992172011945227
GOOGL,2026-09-09 11:11:00,328.57000732421875,-0.0008213718298989433
GOOGL,2026-09-09 11:12:00,328.4100036621094,-0.00048708838198179976
GOOGL,2026-09-09 11:13:00,328.29998779296875,-0.0003350516106083281
GOOGL,2026-09-09 11:14:00,328.1499938964844,-0.0004569850050377616
GOOGL,2026-09-09 11:15:00,328.3999938964844,0.0007615566727007091
GOOGL,2026-09-09 11:16:00,328.6000061035156,0.000608865184810472
GOOGL,2026-09-09 11:17:00,328.6700134277344,0.0002130245482166379
GOOGL,2026-09-09 11:18:00,328.9800109863281,0.0009427433134501131
GOOGL,2026-09-09 11:19:00,329.2300109863281,0.0007596359936075755
GOOGL,2026-09-09 11:20:00,329.3299865722656,0.0003036187654159965
GOOGL,2026-09-09 11:21:00,329.275390625,-0.0001657925953263054
GOOGL,2026-09-09 11:22:00,329.0950012207031,-0.0005479876101513818
GOOGL,2026-09-09 11:23:00,329.1449890136719,0.00015188318487632164
GOOGL,2026-09-09 11:24:00,328.8599853515625,-0.0008662660345597737
GOOGL,2026-09-09 11:25:00,328.8999938964844,0.0001216508946528657
GOOGL,2026-09-09 11:26:00,328.8900146484375,-3.0341744076391142e-05
GOOGL,2026-09-09 11:27:00,328.92498779296875,0.00010633124642775377
GOOGL,2026-09-09 11:28:00,328.8299865722656,-0.0002888650791441208
GOOGL,2026-09-09 11:29:00,329.0299987792969,0.0006080692477054384
GOOGL,2026-09-09 11:30:00,329.2500915527344,0.0006686903792810817
GOOGL,2026-09-09 11:31:00,329.05499267578125,-0.0005927309004267236
GOOGL,2026-09-09 11:32:00,329.3125,0.0007822601820863253
GOOGL,2026-09-09 11:33:00,329.3949890136719,0.00025045719224058016
GOOGL,2026-09-09 11:34:00,329.5600891113281,0.0005010966804617001
GOOGL,2026-09-09 11:35:00,329.3999938964844,-0.0004859026278583818
GOOGL,2026-09-09 11:36:00,329.3550109863281,-0.00013656946783776477
GOOGL,2026-09-09 11:37:00,329.4100036621094,0.00016695688048445147
GOOGL,2026-09-09 11:38:00,329.3800048828125,-9.107235667967574e-05
GOOGL,2026-09-09 11:39:00,329.6499938964844,0.0008193527738539681
GOOGL,2026-09-09 11:40:00,329.3817138671875,-0.0008141642987911824
GOOGL,2026-09-09 11:41:00,329.27508544921875,-0.00032377535314572143
GOOGL,2026-09-09 11:42:00,329.42498779296875,0.0004551459835125553
GOOGL,2026-09-09 11:43:00,329.32000732421875,-0.0003187287050888582
GOOGL,2026-09-09 11:44:00,329.3500061035156,9.10889480499357e-05
GOOGL,2026-09-09 11:45:00,329.4200134277344,0.00021253949756882076
GOOGL,2026-09-09 11:46:00,329.5199890136719,0.00030344367115118197
GOOGL,2026-09-09 11:47:00,329.3999938964844,-0.0003642175730778067
GOOGL,2026-09-09 11:48:00,329.3999938964844,0.0
GOOGL,2026-09-09 11:49:00,329.67120361328125,0.0008230058698665365
GOOGL,2026-09-09 11:50:00,329.9200134277344,0.000754436444349944
GOOGL,2026-09-09 11:51:00,330.07989501953125,0.00048448974879538567
GOOGL,2026-09-09 11:52:00,329.9349975585937,-0.0004390733145411235
GOOGL,2026-09-09 11:53:00,329.9700012207031,0.00010608697375222667
GOOGL,2026-09-09 11:54:00,329.9599914550781,-3.0335840882665432e-05
GOOGL,2026-09-09 11:55:00,329.6820068359375,-0.0008428348598689466
GOOGL,2026-09-09 11:56:00,329.4700012207031,-0.0006432677742117624
GOOGL,2026-09-09 11:57:00,329.4800109863281,3.038095588528702e-05
GOOGL,2026-09-09 11:58:00,329.6000061035156,0.00036412913577067604
GOOGL,2026-09-09 11:59:00,329.54998779296875,-0.00015176609605107596
GOOGL,2026-09-09 12:00:00,329.44500732421875,-0.0003186077903956928
GOOGL,2026-09-09 12:01:00,329.385009765625,-0.0001821336526972715
GOOGL,2026-09-09 12:02:00,329.7099914550781,0.000986145290702652
GOOGL,2026-09-09 12:03:00,329.4849853515625,-0.0006826693775612871
GOOGL,2026-09-09 12:04:00,329.54998779296875,0.0001972655299517027
GOOGL,2026-09-09 12:05:00,329.6299133300781,0.0002424999226005376
GOOGL,2026-09-09 12:06:00,329.340087890625,-0.0008796317210312804
GOOGL,2026-09-09 12:07:00,329.25,-0.00027357803539196986
GOOGL,2026-09-09 12:08:00,329.29998779296875,0.0001518116892912444
GOOGL,2026-09-09 12:09:00,329.1700134277344,-0.00039477688180616265
GOOGL,2026-09-09 12:10:00,329.06500244140625,-0.00031906837128788725
GOOGL,2026-09-09 12:11:00,329.2200012207031,0.0004709169472159975
GOOGL,2026-09-09 12:12:00,329.42999267578125,0.0006376420379232344
GOOGL,2026-09-09 12:13:00,329.510009765625,0.00024286608777921958
GOOGL,2026-09-09 12:14:00,329.3999938964844,-0.00033393291815731754
GOOGL,2026-09-09 12:15:00,329.3999938964844,0.0
GOOGL,2026-09-09 12:16:00,329.25,-0.00045545859095804785
GOOGL,2026-09-09 12:17:00,329.1849975585937,-0.00019744528118495906
GOOGL,2026-09-09 12:18:00,329.1600036621094,-7.59294790725118e-05
GOOGL,2026-09-09 12:19:00,329.4798889160156,0.0009713510604580359
GOOGL,2026-09-09 12:20:00,329.4949951171875,4.584757792914764e-05
GOOGL,2026-09-09 12:21:00,329.6549987792969,0.000485484841792073
GOOGL,2026-09-09 12:22:00,329.6650085449219,3.0363906796723787e-05
GOOGL,2026-09-09 12:23:00,329.4800109863281,-0.0005613258326152437
GOOGL,2026-09-09 12:24:00,329.4800109863281,0.0
GOOGL,2026-09-09 12:25:00,329.42999267578125,-0.00015182137276701415
GOOGL,2026-09-09 12:26:00,329.5599975585937,0.00039455799458419313
GOOGL,2026-09-09 12:27:00,329.57000732421875,3.037265957142763e-05
GOOGL,2026-09-09 12:28:00,329.4649963378906,-0.000318681061349776
GOOGL,2026-09-09 12:29:00,329.5400085449219,0.000227652921599698
GOOGL,2026-09-09 12:30:00,329.5450134277344,1.5187366259943612e-05
GOOGL,2026-09-09 12:31:00,329.5799865722656,0.00010611991523336124
GOOGL,2026-09-09 12:32:00,329.67498779296875,0.0002882078256663214
GOOGL,2026-09-09 12:33:00,329.6600036621094,-4.5452254335492314e-05
GOOGL,2026-09-09 12:34:00,329.760009765625,0.0003033153445327919
GOOGL,2026-09-09 12:35:00,329.6199951171875,-0.00042468576391474505
GOOGL,2026-09-09 12:36:00,329.55499267578125,-0.00019722362899296351
GOOGL,2026-09-09 12:37:00,329.6199035644531,0.00019694587658581922
GOOGL,2026-09-09 12:38:00,329.57000732421875,-0.0001513865412848437
GOOGL,2026-09-09 12:39:00,329.6449890136719,0.0002274878156383542
GOOGL,2026-09-09 12:40:00,329.4949951171875,-0.00045512001300070624
GOOGL,2026-09-09 12:41:00,329.5299987792969,0.00010622863310651056
GOOGL,2026-09-09 12:42:00,329.54998779296875,6.0657322586786614e-05
GOOGL,2026-09-09 12:43:00,329.6300048828125,0.0002427776665732495
GOOGL,2026-09-09 12:44:00,329.69000244140625,0.00018199829549491172
GOOGL,2026-09-09 12:45:00,329.7799987792969,0.0002729353519727455
GOOGL,2026-09-09 12:46:00,329.6400146484375,-0.0004245674383902401
GOOGL,2026-09-09 12:47:00,329.82501220703125,0.0005610534476063143
GOOGL,2026-09-09 12:48:00,329.7449951171875,-0.00024263410812425928
GOOGL,2026-09-09 12:49:00,329.7099914550781,-0.00010615936752312288
GOOGL,2026-09-09 12:50:00,329.9049987792969,0.0005912762226061025
GOOGL,2026-09-09 12:51:00,330.07501220703125,0.0005152078204336951
GOOGL,2026-09-09 12:52:00,330.0950012207031,6.055716943028729e-05
GOOGL,2026-09-09 12:53:00,330.0924987792969,-7.58100208280031e-06
GOOGL,2026-09-09 12:54:00,330.095703125,9.707370394933858e-06
GOOGL,2026-09-09 12:55:00,330.0599060058594,-0.00010845054917536238
GOOGL,2026-09-09 12:56:00,330.1099853515625,0.00015171653980232663
GOOGL,2026-09-09 12:57:00,330.1199951171875,3.0322057228233358e-05
GOOGL,2026-09-09 12:58:00,330.0799865722656,-0.00012120129076186606
GOOGL,2026-09-09 12:59:00,330.1300048828125,0.00015152242859070613
GOOGL,2026-09-09 13:00:00,330.2099914550781,0.0002422587548851042
GOOGL,2026-09-09 13:01:00,330.364990234375,0.0004692844459384959
GOOGL,2026-09-09 13:02:00,330.3500061035156,-4.53573203120407e-05
GOOGL,2026-09-09 13:03:00,330.32000732421875,-9.081320086518185e-05
GOOGL,2026-09-09 13:04:00,330.3299865722656,3.0210393218375206e-05
GOOGL,2026-09-09 13:05:00,330.6700134277344,0.0010288256746185979
GOOGL,2026-09-09 13:06:00,330.57000732421875,-0.0003024804946452424
GOOGL,2026-09-09 13:07:00,330.5299987792969,-0.00012103628679885105
GOOGL,2026-09-09 13:08:00,330.4349975585937,-0.000287462185996929
GOOGL,2026-09-09 13:09:00,330.5,0.00019669844040939136
GOOGL,2026-09-09 13:10:00,330.5801086425781,0.00024235683973228744
GOOGL,2026-09-09 13:11:00,330.7379150390625,0.00047724814333976816
GOOGL,2026-09-09 13:12:00,330.6300048828125,-0.00032632413504524654
GOOGL,2026-09-09 13:13:00,330.8599853515625,0.000695340765276936
GOOGL,2026-09-09 13:14:00,330.94000244140625,0.00024181653584040466
GOOGL,2026-09-09 13:15:00,331.1000061035156,0.00048336554637025777
GOOGL,2026-09-09 13:16:00,331.07000732421875,-9.060748360408174e-05
GOOGL,2026-09-09 13:17:00,331.3349914550781,0.0008000668638750684
GOOGL,2026-09-09 13:18:00,331.3500061035156,4.531458685616846e-05
GOOGL,2026-09-09 13:19:00,331.1650085449219,-0.00055847055330555
GOOGL,2026-09-09 13:20:00,331.1300048828125,-0.00010570413918960654
GOOGL,2026-09-09 13:21:00,331.2850036621094,0.0004679808884951596
GOOGL,2026-09-09 13:22:00,331.3299865722656,0.000135773898533376
GOOGL,2026-09-09 13:23:00,331.3900146484375,0.0001811566761994566
GOOGL,2026-09-09 13:24:00,331.6600036621094,0.0008143851025951628
GOOGL,2026-09-09 13:25:00,331.45001220703125,-0.0006333533111318785
GOOGL,2026-09-09 13:26:00,331.32501220703125,-0.0003772019067634611
GOOGL,2026-09-09 13:27:00,331.2300109863281,-0.00028677232238407286
GOOGL,2026-09-09 13:28:00,331.2098999023437,-6.071821356182502e-05
GOOGL,2026-09-09 13:29:00,331.135009765625,-0.00022613637077810084
GOOGL,2026-09-09 13:30:00,331.1839904785156,0.00014790671251134095
GOOGL,2026-09-09 13:31:00,331.1199951171875,-0.00019325072147873207
GOOGL,2026-09-09 13:32:00,331.0799865722656,-0.00012083523430034195
GOOGL,2026-09-09 13:33:00,331.04998779296875,-9.061296264724396e-05
GOOGL,2026-09-09 13:34:00,331.3800048828125,0.0009963833787584094
GOOGL,2026-09-09 13:35:00,331.4599914550781,0.00024134503981589156
GOOGL,2026-09-09 13:36:00,331.31500244140625,-0.00043752108127180034
GOOGL,2026-09-09 13:37:00,331.21990966796875,-0.0002870573983421265
GOOGL,2026-09-09 13:38:00,331.1050109863281,-0.0003469556382680714
GOOGL,2026-09-09 13:39:00,331.0849914550781,-6.0464613426006486e-05
GOOGL,2026-09-09 13:40:00,331.1199951171875,0.00010571850968138703
GOOGL,2026-09-09 13:41:00,330.8949890136719,-0.0006797613878035584
GOOGL,2026-09-09 13:42:00,330.8699951171875,-7.553707765022001e-05
GOOGL,2026-09-09 13:43:00,330.8099975585937,-0.00018134917005913634
GOOGL,2026-09-09 13:44:00,330.8699951171875,0.00018134917005915998
GOOGL,2026-09-09 13:45:00,330.7250061035156,-0.0004383014252692271
GOOGL,2026-09-09 13:46:00,330.6499938964844,-0.00022683714187226532
GOOGL,2026-09-09 13:47:00,330.7449951171875,0.0002872752982243477
GOOGL,2026-09-09 13:48:00,330.67999267578125,-0.0001965527242399024
GOOGL,2026-09-09 13:49:00,330.7300109863281,0.00015124751777351652
GOOGL,2026-09-09 13:50:00,330.6099853515625,-0.00036297709725119587
GOOGL,2026-09-09 13:51:00,330.8299865722656,0.000665219031671315
GOOGL,2026-09-09 13:52:00,330.8099975585937,-6.042262909568935e-05
GOOGL,2026-09-09 13:53:00,330.8699951171875,0.00018134917005915998
GOOGL,2026-09-09 13:54:00,330.8900146484375,6.0503901597816296e-05
GOOGL,2026-09-09 13:55:00,330.9200134277344,9.065676869420775e-05
GOOGL,2026-09-09 13:56:00,330.739990234375,-0.0005441562035037911
GOOGL,2026-09-09 13:57:00,330.625,-0.00034773608289416166
GOOGL,2026-09-09 13:58:00,330.6499938964844,7.559304896436306e-05
GOOGL,2026-09-09 13:59:00,330.6400146484375,-3.0181154769282267e-05
GOOGL,2026-09-09 14:00:00,330.614990234375,-7.568763605471504e-05
GOOGL,2026-09-09 14:01:00,330.3699951171875,-0.0007413031576702107
GOOGL,2026-09-09 14:02:00,330.3699951171875,0.0
GOOGL,2026-09-09 14:03:00,330.4100036621094,0.00012109490312864956
GOOGL,2026-09-09 14:04:00,330.2900085449219,-0.00036323631387873406
GOOGL,2026-09-09 14:05:00,330.19000244140625,-0.0003028285568567671
GOOGL,2026-09-09 14:06:00,330.27850341796875,0.0002679945411690973
GOOGL,2026-09-09 14:07:00,330.260009765625,-5.599568224857275e-05
GOOGL,2026-09-09 14:08:00,330.2099914550781,-0.00015146277817326155
GOOGL,2026-09-09 14:09:00,330.489990234375,0.0008475822727991721
GOOGL,2026-09-09 14:10:00,330.4700012207031,-6.0484791625438736e-05
GOOGL,2026-09-09 14:11:00,330.3598937988281,-0.00033323983592079145
GOOGL,2026-09-09 14:12:00,330.3099975585937,-0.00015104741712017693
GOOGL,2026-09-09 14:13:00,330.239990234375,-0.0002119667724610058
GOOGL,2026-09-09 14:14:00,330.3699951171875,0.000393590431187885
GOOGL,2026-09-09 14:15:00,330.2900085449219,-0.00024214141075005772
GOOGL,2026-09-09 14:16:00,330.32000732421875,9.082144865166752e-05
GOOGL,2026-09-09 14:17:00,330.31500244140625,-1.5151733524930972e-05
GOOGL,2026-09-09 14:18:00,330.3599853515625,0.00013617258427170984
GOOGL,2026-09-09 14:19:00,330.3500061035156,-3.020764988179594e-05
GOOGL,2026-09-09 14:20:00,330.4800109863281,0.0003934593802569931
GOOGL,2026-09-09 14:21:00,330.3900146484375,-0.00027235715028982196
GOOGL,2026-09-09 14:22:00,330.4349975585937,0.00013614166956382788
GOOGL,2026-09-09 14:23:00,330.4849853515625,0.00015126730725875085
GOOGL,2026-09-09 14:24:00,330.5199890136719,0.00010591043486690416
GOOGL,2026-09-09 14:25:00,330.55499267578125,0.00010589921903457627
GOOGL,2026-09-09 14:26:00,330.625,0.00021176480007221407
GOOGL,2026-09-09 14:27:00,330.6600036621094,0.00010586558578592997
GOOGL,2026-09-09 14:28:00,330.45001220703125,-0.0006352693412584384
GOOGL,2026-09-09 14:29:00,330.4649963378906,4.5343593860579726e-05
GOOGL,2026-09-09 14:30:00,330.1499938964844,-0.0009536642974705158
GOOGL,2026-09-09 14:31:00,330.0899963378906,-0.0001817446978260006
GOOGL,2026-09-09 14:32:00,330.1050109863281,4.5485495265739074e-05
GOOGL,2026-09-09 14:33:00,330.0400085449219,-0.0001969338242148215
GOOGL,2026-09-09 14:34:00,330.0199890136719,-6.065973193403007e-05
GOOGL,2026-09-09 14:35:00,330.0,-6.057093424662771e-05
GOOGL,2026-09-09 14:36:00,330.04998779296875,0.00015146668885332
GOOGL,2026-09-09 14:37:00,329.9599914550781,-0.0002727120536902392
GOOGL,2026-09-09 14:38:00,330.07000732421875,0.0003333662723298677
GOOGL,2026-09-09 14:39:00,330.3500061035156,0.0008479415837819353
GOOGL,2026-09-09 14:40:00,330.625,0.0008320856607630937
GOOGL,2026-09-09 14:41:00,330.54998779296875,-0.00022690576243212051
GOOGL,2026-09-09 14:42:00,330.5,-0.00015123755839081165
GOOGL,2026-09-09 14:43:00,330.4800109863281,-6.048295968328585e-05
GOOGL,2026-09-09 14:44:00,330.4800109863281,0.0
GOOGL,2026-09-09 14:45:00,330.5299987792969,0.00015124670527089207
GOOGL,2026-09-09 14:46:00,330.3299865722656,-0.0006053088931746263
GOOGL,2026-09-09 14:47:00,330.3099975585937,-6.051408984673356e-05
GOOGL,2026-09-09 14:48:00,330.3699951171875,0.00018162365872706243
GOOGL,2026-09-09 14:49:00,330.3099060058594,-0.00018190083092179632
GOOGL,2026-09-09 14:50:00,330.30499267578125,-1.4875020493864263e-05
GOOGL,2026-09-09 14:51:00,330.4049987792969,0.00030272314804596516
GOOGL,2026-09-09 14:52:00,330.3893127441406,-4.747630203722616e-05
GOOGL,2026-09-09 14:53:00,330.510009765625,0.0003652508595949276
GOOGL,2026-09-09 14:54:00,330.44000244140625,-0.00021183848456795903
GOOGL,2026-09-09 14:55:00,330.3900146484375,-0.00015128790088633106
GOOGL,2026-09-09 14:56:00,330.4599914550781,0.0002117781834178672
GOOGL,2026-09-09 14:57:00,330.4150085449219,-0.0001361313719711405
GOOGL,2026-09-09 14:58:00,330.364990234375,-0.00015139172110171056
GOOGL,2026-09-09 14:59:00,330.3598937988281,-1.5426800685553732e-05
GOOGL,2026-09-09 15:00:00,330.3099975585937,-0.00015104741712017693
GOOGL,2026-09-09 15:01:00,330.4599914550781,0.00045399731087869386
GOOGL,2026-09-09 15:02:00,330.44000244140625,-6.0490282531666565e-05
GOOGL,2026-09-09 15:03:00,330.32000732421875,-0.000363203331718551
GOOGL,2026-09-09 15:04:00,330.3699951171875,0.00015131996209836614
GOOGL,2026-09-09 15:05:00,330.3399963378906,-9.08077059692731e-05
GOOGL,2026-09-09 15:06:00,330.3800048828125,0.00012110589931249154
GOOGL,2026-09-09 15:07:00,330.62750244140625,0.000748849498431501
GOOGL,2026-09-09 15:08:00,330.760009765625,0.0004006949739630814
GOOGL,2026-09-09 15:09:00,330.5199890136719,-0.0007259277853149048
GOOGL,2026-09-09 15:10:00,330.7200012207031,0.0006049610310483223
GOOGL,2026-09-09 15:11:00,330.6650085449219,-0.00016629550139784434
GOOGL,2026-09-09 15:12:00,330.57000732421875,-0.0002873447989801367
GOOGL,2026-09-09 15:13:00,330.5950012207031,7.560562393130856e-05
GOOGL,2026-09-09 15:14:00,330.5450134277344,-0.00015121696450515792
GOOGL,2026-09-09 15:15:00,330.364990234375,-0.0005447737114405872
GOOGL,2026-09-09 15:16:00,330.4849853515625,0.0003631538864773711
GOOGL,2026-09-09 15:17:00,330.5599975585937,0.0002269503870159203
GOOGL,2026-09-09 15:18:00,330.8500061035156,0.0008769403604466935
GOOGL,2026-09-09 15:19:00,330.739990234375,-0.00033258021059469014
GOOGL,2026-09-09 15:20:00,330.6849975585937,-0.00016628545012040434
GOOGL,2026-09-09 15:21:00,330.8599853515625,0.0005290276597070052
GOOGL,2026-09-09 15:22:00,330.8550109863281,-1.5034766514264906e-05
GOOGL,2026-09-09 15:23:00,330.94000244140625,0.000256851302354613
GOOGL,2026-09-09 15:24:00,330.94500732421875,1.5123118785741833e-05
GOOGL,2026-09-09 15:25:00,331.3507995605469,0.0012254110108777512
GOOGL,2026-09-09 15:26:00,331.4100036621094,0.0001786590318320849
GOOGL,2026-09-09 15:27:00,331.5400085449219,0.00039220116776574163
GOOGL,2026-09-09 15:28:00,331.3099975585937,-0.0006940061656247757
GOOGL,2026-09-09 15:29:00,331.2799987792969,-9.055005201747639e-05
GOOGL,2026-09-09 15:30:00,330.9599914550781,-0.0009664392179422621
GOOGL,2026-09-09 15:31:00,330.92999267578125,-9.064581739157688e-05
GOOGL,2026-09-09 15:32:00,331.0400085449219,0.0003323892924170161
GOOGL,2026-09-09 15:33:00,331.0398864746094,-3.687479816357994e-07
GOOGL,2026-09-09 15:34:00,330.9800109863281,-0.0001808872774795625
GOOGL,2026-09-09 15:35:00,330.9649963378906,-4.536524416366431e-05
GOOGL,2026-09-09 15:36:00,330.5799865722656,-0.0011639716694694822
GOOGL,2026-09-09 15:37:00,330.57000732421875,-3.018754636550104e-05
GOOGL,2026-09-09 15:38:00,330.3399963378906,-0.0006960433170624551
GOOGL,2026-09-09 15:39:00,330.2950134277344,-0.00013618082469394105
GOOGL,2026-09-09 15:40:00,330.25,-0.0001362917799362393
GOOGL,2026-09-09 15:41:00,330.25,0.0
GOOGL,2026-09-09 15:42:00,330.3699951171875,0.00036328031059939403
GOOGL,2026-09-09 15:43:00,330.5950012207031,0.0006808412350243942
GOOGL,2026-09-09 15:44:00,330.7049865722656,0.00033263376563397065
GOOGL,2026-09-09 15:45:00,330.6549987792969,-0.0001511666692001578
GOOGL,2026-09-09 15:46:00,330.6499938964844,-1.5136382964121178e-05
GOOGL,2026-09-09 15:47:00,330.6400146484375,-3.0181154769282267e-05
GOOGL,2026-09-09 15:48:00,330.6300048828125,-3.0274366991142454e-05
GOOGL,2026-09-09 15:49:00,330.7900085449219,0.0004838186386327178
GOOGL,2026-09-09 15:50:00,330.6400146484375,-0.00045354427164154287
GOOGL,2026-09-09 15:51:00,330.3450012207031,-0.0008926479125577262
GOOGL,2026-09-09 15:52:00,330.4649963378906,0.0003631758567507521
GOOGL,2026-09-09 15:53:00,330.56500244140625,0.0003025765985303869
GOOGL,2026-09-09 15:54:00,330.6600036621094,0.00028734914886728813
GOOGL,2026-09-09 15:55:00,330.489990234375,-0.0005142960993761544
GOOGL,2026-09-09 15:56:00,330.44000244140625,-0.0001512650163194639
GOOGL,2026-09-09 15:57:00,330.69500732421875,0.0007714154951455397
GOOGL,2026-09-09 15:58:00,330.7349853515625,0.00012088362437483599
GOOGL,2026-09-09 15:59:00,330.6400146484375,-0.00028719169541565763
GOOGL,2026-09-10 09:30:00,329.0199890136719,-0.0049117087065499885
GOOGL,2026-09-10 09:31:00,329.4700012207031,0.0013668006613992572
GOOGL,2026-09-10 09:32:00,329.42498779296875,-0.00013663308586327338
GOOGL,2026-09-10 09:33:00,329.92999267578125,0.0015318151724619112
GOOGL,2026-09-10 09:34:00,329.75,-0.0005456969507829541
GOOGL,2026-09-10 09:35:00,329.2850952148437,-0.001410865265445128
GOOGL,2026-09-10 09:36:00,329.2185974121094,-0.00020196637833597226
GOOGL,2026-09-10 09:37:00,329.0801086425781,-0.00042074751264295593
GOOGL,2026-09-10 09:38:00,328.82000732421875,-0.0007907015840196908
GOOGL,2026-09-10 09:39:00,329.489990234375,0.0020354639727752813
GOOGL,2026-09-10 09:40:00,329.260009765625,-0.0006982329505685415
GOOGL,2026-09-10 09:41:00,328.8699951171875,-0.0011852208262803227
GOOGL,2026-09-10 09:42:00,329.2900085449219,0.0012763263717468485
GOOGL,2026-09-10 09:43:00,329.32000732421875,9.109724600240222e-05
GOOGL,2026-09-10 09:44:00,328.7799987792969,-0.0016411143021182813
GOOGL,2026-09-10 09:45:00,328.8999938964844,0.0003649042691135775
GOOGL,2026-09-10 09:46:00,328.7950134277344,-0.00031923754467494056
GOOGL,2026-09-10 09:47:00,328.8399963378906,0.00013680205450879084
GOOGL,2026-09-10 09:48:00,328.5899963378906,-0.0007605372886406843
GOOGL,2026-09-10 09:49:00,328.8500061035156,0.0007909764486966327
GOOGL,2026-09-10 09:50:00,328.7799987792969,-0.0002129079390034311
GOOGL,2026-09-10 09:51:00,328.760009765625,-6.079938381927625e-05
GOOGL,2026-09-10 09:52:00,328.62469482421875,-0.0004116765795508825
GOOGL,2026-09-10 09:53:00,329.1799011230469,0.001688058837195978
GOOGL,2026-09-10 09:54:00,329.07000732421875,-0.00033389689368385866
GOOGL,2026-09-10 09:55:00,328.95001220703125,-0.000364715707595309
GOOGL,2026-09-10 09:56:00,328.8699951171875,-0.00024327958817751426
GOOGL,2026-09-10 09:57:00,328.8099975585937,-0.00018245213303855177
GOOGL,2026-09-10 09:58:00,328.4800109863281,-0.0010040822032877646
GOOGL,2026-09-10 09:59:00,328.1300048828125,-0.0010661005108271668
GOOGL,2026-09-10 10:00:00,328.1400146484375,3.050502179859164e-05
GOOGL,2026-09-10 10:01:00,328.4800109863281,0.0010355954890285779
GOOGL,2026-09-10 10:02:00,328.2349853515625,-0.0007462160830861073
GOOGL,2026-09-10 10:03:00,328.54998779296875,0.00095922555612462
GOOGL,2026-09-10 10:04:00,328.5199890136719,-9.13107595130968e-05
GOOGL,2026-09-10 10:05:00,328.4849853515625,-0.00010655524237486616
GOOGL,2026-09-10 10:06:00,328.6199951171875,0.0004109229774167219
GOOGL,2026-09-10 10:07:00,328.5150146484375,-0.0003195095926498596
GOOGL,2026-09-10 10:08:00,328.4049987792969,-0.0003349444922376859
GOOGL,2026-09-10 10:09:00,328.739990234375,0.0010195359918920887
GOOGL,2026-09-10 10:10:00,328.6099853515625,-0.0003955423726656627
GOOGL,2026-09-10 10:11:00,328.9599914550781,0.001064544151693826
GOOGL,2026-09-10 10:12:00,329.1400146484375,0.0005470998212433037
GOOGL,2026-09-10 10:13:00,329.4100036621094,0.0008199499545716054
GOOGL,2026-09-10 10:14:00,329.17999267578125,-0.0006984952609631997
GOOGL,2026-09-10 10:15:00,329.1499938964844,-9.113599541119896e-05
GOOGL,2026-09-10 10:16:00,329.1099853515625,-0.00012155849127226617
GOOGL,2026-09-10 10:17:00,328.9800109863281,-0.00039500484021222734
GOOGL,2026-09-10 10:18:00,329.2950134277344,0.0009570542820778579
GOOGL,2026-09-10 10:19:00,330.0599975585937,0.002320402397351618
GOOGL,2026-09-10 10:20:00,329.9599914550781,-0.00030303962287664274
GOOGL,2026-09-10 10:21:00,330.2250061035156,0.0008028496971380136
GOOGL,2026-09-10 10:22:00,330.1600036621094,-0.00019686225657737164
GOOGL,2026-09-10 10:23:00,329.70001220703125,-0.0013942094339022624
GOOGL,2026-09-10 10:24:00,330.1400146484375,0.0013336641874274776
GOOGL,2026-09-10 10:25:00,330.4100036621094,0.0008174673263880721
GOOGL,2026-09-10 10:26:00,330.510009765625,0.0003026269510592732
GOOGL,2026-09-10 10:27:00,330.9849853515625,0.0014360673053360634
GOOGL,2026-09-10 10:28:00,331.04010009765625,0.00016650349792606762
GOOGL,2026-09-10 10:29:00,330.7510986328125,-0.0008733917397792894
GOOGL,2026-09-10 10:30:00,330.95001220703125,0.0006012188190465182
GOOGL,2026-09-10 10:31:00,331.0880126953125,0.0004168959639451
GOOGL,2026-09-10 10:32:00,330.7799987792969,-0.0009307412744269018
GOOGL,2026-09-10 10:33:00,330.9549865722656,0.0005288757612070731
GOOGL,2026-09-10 10:34:00,331.1099853515625,0.00046822831202894614
GOOGL,2026-09-10 10:35:00,331.1099853515625,0.0
GOOGL,2026-09-10 10:36:00,331.3599853515625,0.0007547512277495109
GOOGL,2026-09-10 10:37:00,331.6400146484375,0.0008447339774564935
GOOGL,2026-09-10 10:38:00,331.5599975585937,-0.00024130605777818894
GOOGL,2026-09-10 10:39:00,331.32000732421875,-0.000724083523692563
GOOGL,2026-09-10 10:40:00,331.13250732421875,-0.0005660783251957586
GOOGL,2026-09-10 10:41:00,331.4894104003906,0.0010772451110934683
GOOGL,2026-09-10 10:42:00,330.7200012207031,-0.002323764997633111
GOOGL,2026-09-10 10:43:00,330.8699951171875,0.00045343460416446293
GOOGL,2026-09-10 10:44:00,330.9200134277344,0.00015116067029194734
GOOGL,2026-09-10 10:45:00,330.7300109863281,-0.000574329145675661
GOOGL,2026-09-10 10:46:00,330.9599914550781,0.0006951305812756646
GOOGL,2026-09-10 10:47:00,330.8800048828125,-0.00024170969750287097
GOOGL,2026-09-10 10:48:00,331.21990966796875,0.0010267477990773812
GOOGL,2026-09-10 10:49:00,331.0450134277344,-0.0005281760763735527
GOOGL,2026-09-10 10:50:00,330.9599914550781,-0.00025686202520102427
GOOGL,2026-09-10 10:51:00,330.9349975585937,-7.552224117472388e-05
GOOGL,2026-09-10 10:52:00,331.0498962402344,0.00034713385115216753
GOOGL,2026-09-10 10:53:00,331.2300109863281,0.0005439233428918819
GOOGL,2026-09-10 10:54:00,331.04998779296875,-0.0005436467902550082
GOOGL,2026-09-10 10:55:00,331.0924072265625,0.0001281278286087125
GOOGL,2026-09-10 10:56:00,331.05499267578125,-0.00011300973416673129
GOOGL,2026-09-10 10:57:00,331.07000732421875,4.5352912033458124e-05
GOOGL,2026-09-10 10:58:00,331.2300109863281,0.0004831757837797375
GOOGL,2026-09-10 10:59:00,331.17498779296875,-0.00016613157686711183
GOOGL,2026-09-10 11:00:00,331.1099853515625,-0.000196297498058374
GOOGL,2026-09-10 11:01:00,331.29998779296875,0.0005736702474905761
GOOGL,2026-09-10 11:02:00,330.6199951171875,-0.0020546076037843706
GOOGL,2026-09-10 11:03:00,330.69500732421875,0.0002268577215881794
GOOGL,2026-09-10 11:04:00,330.6640014648437,-9.376407967756567e-05
GOOGL,2026-09-10 11:05:00,330.739990234375,0.00022978019733585706
GOOGL,2026-09-10 11:06:00,330.64990234375,-0.0002724199211178691
GOOGL,2026-09-10 11:07:00,330.8301086425781,0.0005448578953052967
GOOGL,2026-09-10 11:08:00,330.9100036621094,0.00024146947852738163
GOOGL,2026-09-10 11:09:00,330.82000732421875,-0.00027200319450933636
GOOGL,2026-09-10 11:10:00,331.1400146484375,0.0009668479621882717
GOOGL,2026-09-10 11:11:00,331.0950012207031,-0.0001359439677004518
GOOGL,2026-09-10 11:12:00,330.9200134277344,-0.000528652049189694
GOOGL,2026-09-10 11:13:00,330.9750061035156,0.0001661673657757959
GOOGL,2026-09-10 11:14:00,330.68389892578125,-0.000879931319006975
GOOGL,2026-09-10 11:15:00,330.875,0.0005777296015346938
GOOGL,2026-09-10 11:16:00,330.760009765625,-0.00034759416849335854
GOOGL,2026-09-10 11:17:00,330.6300048828125,-0.00039312623900419956
GOOGL,2026-09-10 11:18:00,330.57879638671875,-0.00015489357098033658
GOOGL,2026-09-10 11:19:00,330.56500244140625,-4.1727519305085264e-05
GOOGL,2026-09-10 11:20:00,330.2200927734375,-0.0010439391015028682
GOOGL,2026-09-10 11:21:00,330.1300048828125,-0.00027284887669023827
GOOGL,2026-09-10 11:22:00,330.3900146484375,0.0007872881104784052
GOOGL,2026-09-10 11:23:00,330.3450012207031,-0.00013625258756659622
GOOGL,2026-09-10 11:24:00,330.4599914550781,0.0003480307709846087
GOOGL,2026-09-10 11:25:00,330.5,0.0001210619265551425
GOOGL,2026-09-10 11:26:00,330.42999267578125,-0.0002118449011434714
GOOGL,2026-09-10 11:27:00,330.375,-0.00016644146614424896
GOOGL,2026-09-10 11:28:00,330.0599975585937,-0.000953924205887589
GOOGL,2026-09-10 11:29:00,329.9849853515625,-0.00022729422780668406
GOOGL,2026-09-10 11:30:00,329.8299865722656,-0.0004698249925917797
GOOGL,2026-09-10 11:31:00,329.4700012207031,-0.001092023036558892
GOOGL,2026-09-10 11:32:00,329.5350036621094,0.00019727450060447004
GOOGL,2026-09-10 11:33:00,329.885009765625,0.0010615575179919073
GOOGL,2026-09-10 11:34:00,329.9599914550781,0.0002272706154844174
GOOGL,2026-09-10 11:35:00,329.9800109863281,6.067076153014058e-05
GOOGL,2026-09-10 11:36:00,330.32000732421875,0.0010298238937165524
GOOGL,2026-09-10 11:37:00,330.42999267578125,0.0003329106396619831
GOOGL,2026-09-10 11:38:00,330.0849914550781,-0.001044643226471202
GOOGL,2026-09-10 11:39:00,330.0801086425781,-1.4792701096594398e-05
GOOGL,2026-09-10 11:40:00,330.1000061035156,6.027888601637846e-05
GOOGL,2026-09-10 11:41:00,330.2200012207031,0.0003634453512764395
GOOGL,2026-09-10 11:42:00,330.32501220703125,0.0003179525545666395
GOOGL,2026-09-10 11:43:00,330.3500061035156,7.566169691167642e-05
GOOGL,2026-09-10 11:44:00,330.3550109863281,1.5150128069614018e-05
GOOGL,2026-09-10 11:45:00,330.4200134277344,0.00019674606095645993
GOOGL,2026-09-10 11:46:00,330.3699951171875,-0.0001513894277928421
GOOGL,2026-09-10 11:47:00,330.44000244140625,0.00021188336961997745
GOOGL,2026-09-10 11:48:00,330.4750061035156,0.00010592485172697432
GOOGL,2026-09-10 11:49:00,330.625,0.0004537706781826874
GOOGL,2026-09-10 11:50:00,330.3500061035156,-0.0008320856607630481
GOOGL,2026-09-10 11:51:00,330.42999267578125,0.0002420974387967144
GOOGL,2026-09-10 11:52:00,330.3099975585937,-0.00036321433629034447
GOOGL,2026-09-10 11:53:00,330.1600036621094,-0.000454203518057583
GOOGL,2026-09-10 11:54:00,330.1000061035156,-0.00018173918720348767
GOOGL,2026-09-10 11:55:00,330.0400085449219,-0.00018177222233958456
GOOGL,2026-09-10 11:56:00,329.8949890136719,-0.0004394964174374771
GOOGL,2026-09-10 11:57:00,329.7900085449219,-0.0003182745401963624
GOOGL,2026-09-10 11:58:00,330.0899963378906,0.0009092192865828366
GOOGL,2026-09-10 11:59:00,329.8949890136719,-0.0005909447463864919
GOOGL,2026-09-10 12:00:00,330.1400146484375,0.0007424625805056721
GOOGL,2026-09-10 12:01:00,330.1050109863281,-0.00010603233885337071
GOOGL,2026-09-10 12:02:00,330.04998779296875,-0.0001666978015422239
GOOGL,2026-09-10 12:03:00,330.3099975585937,0.0007874789049279759
GOOGL,2026-09-10 12:04:00,330.7200012207031,0.001240499570198055
GOOGL,2026-09-10 12:05:00,330.70001220703125,-6.0442724054824006e-05
GOOGL,2026-09-10 12:06:00,330.4549865722656,-0.0007412048504081828
GOOGL,2026-09-10 12:07:00,330.32501220703125,-0.0003933967951534032
GOOGL,2026-09-10 12:08:00,330.29998779296875,-7.57598155518486e-05
GOOGL,2026-09-10 12:09:00,330.3500061035156,0.00015142151246371312
GOOGL,2026-09-10 12:10:00,330.30499267578125,-0.00013626909018228696
GOOGL,2026-09-10 12:11:00,330.3230895996094,5.478702561452522e-05
GOOGL,2026-09-10 12:12:00,330.4549865722656,0.00039921716280938994
GOOGL,2026-09-10 12:13:00,330.5050048828125,0.0001513504940964608
GOOGL,2026-09-10 12:14:00,330.2699890136719,-0.0007113340584047601
GOOGL,2026-09-10 12:15:00,330.239990234375,-9.083520388794481e-05
GOOGL,2026-09-10 12:16:00,330.17999267578125,-0.00018169516462668484
GOOGL,2026-09-10 12:17:00,330.2300109863281,0.0001514765384083682
GOOGL,2026-09-10 12:18:00,330.6099853515625,0.0011499740004070386
GOOGL,2026-09-10 12:19:00,330.5199890136719,-0.0002722500625778454
GOOGL,2026-09-10 12:20:00,330.6958923339844,0.0005320601922133312
GOOGL,2026-09-10 12:21:00,330.94989013671875,0.0007677758158244021
GOOGL,2026-09-10 12:22:00,330.7550048828125,-0.0005890398000921306
GOOGL,2026-09-10 12:23:00,330.75,-1.5131806337503294e-05
GOOGL,2026-09-10 12:24:00,330.75,0.0
GOOGL,2026-09-10 12:25:00,330.5400085449219,-0.0006350964309848506
GOOGL,2026-09-10 12:26:00,330.5599975585937,6.047198152583526e-05
GOOGL,2026-09-10 12:27:00,330.6400146484375,0.0002420359611529137
GOOGL,2026-09-10 12:28:00,330.5299987792969,-0.0003327914694304597
GOOGL,2026-09-10 12:29:00,330.5599975585937,9.07555082775269e-05
GOOGL,2026-09-10 12:30:00,330.45001220703125,-0.0003327796885146591
GOOGL,2026-09-10 12:31:00,330.7200012207031,0.0008167007674140684
GOOGL,2026-09-10 12:32:00,330.67999267578125,-0.0001209813889926298
GOOGL,2026-09-10 12:33:00,330.7049865722656,7.558047817981957e-05
GOOGL,2026-09-10 12:34:00,330.4800109863281,-0.000680522381634751
GOOGL,2026-09-10 12:35:00,330.3599853515625,-0.0003632517303751143
GOOGL,2026-09-10 12:36:00,330.5,0.0004237346900584693
GOOGL,2026-09-10 12:37:00,330.685791015625,0.0005619933853375018
GOOGL,2026-09-10 12:38:00,330.6549987792969,-9.312063258623871e-05
GOOGL,2026-09-10 12:39:00,330.7807922363281,0.0003803648373933642
GOOGL,2026-09-10 12:40:00,330.7149963378906,-0.00019893066529200686
GOOGL,2026-09-10 12:41:00,330.79998779296875,0.00025696003139645166
GOOGL,2026-09-10 12:42:00,330.75,-0.00015112325292501199
GOOGL,2026-09-10 12:43:00,331.2200012207031,0.0014200078517550136
GOOGL,2026-09-10 12:44:00,331.2001037597656,-6.007505144808903e-05
GOOGL,2026-09-10 12:45:00,331.42999267578125,0.000693868046367523
GOOGL,2026-09-10 12:46:00,331.7699890136719,0.0010253207993477483
GOOGL,2026-09-10 12:47:00,331.8399963378906,0.00021098936430663948
GOOGL,2026-09-10 12:48:00,331.9299011230469,0.0002708914220122482
GOOGL,2026-09-10 12:49:00,331.6000061035156,-0.0009943637600070547
GOOGL,2026-09-10 12:50:00,331.3900146484375,-0.0006334679422839997
GOOGL,2026-09-10 12:51:00,331.3999938964844,3.011284997957132e-05
GOOGL,2026-09-10 12:52:00,331.4599914550781,0.00018102634065566723
GOOGL,2026-09-10 12:53:00,331.4599914550781,0.0
GOOGL,2026-09-10 12:54:00,331.45001220703125,-3.0107399171820928e-05
GOOGL,2026-09-10 12:55:00,331.67999267578125,0.0006936210887068286
GOOGL,2026-09-10 12:56:00,331.739990234375,0.00018087353502408814
GOOGL,2026-09-10 12:57:00,331.8099975585937,0.0002110084417641745
GOOGL,2026-09-10 12:58:00,331.9100036621094,0.0003013502805055286
GOOGL,2026-09-10 12:59:00,331.8599853515625,-0.00015070976835180065
GOOGL,2026-09-10 13:00:00,331.9256896972656,0.0001979685563803435
GOOGL,2026-09-10 13:01:00,331.82000732421875,-0.00031844236253183246
GOOGL,2026-09-10 13:02:00,331.7900085449219,-9.041086963706617e-05
GOOGL,2026-09-10 13:03:00,331.3099975585937,-0.0014477788139175976
GOOGL,2026-09-10 13:04:00,331.49920654296875,0.0005709304829920034
GOOGL,2026-09-10 13:05:00,331.3800048828125,-0.0003596482115791055
GOOGL,2026-09-10 13:06:00,331.1549987792969,-0.0006792278473513379
GOOGL,2026-09-10 13:07:00,331.1723937988281,5.25269518676092e-05
GOOGL,2026-09-10 13:08:00,331.0599975585937,-0.00033944652294420706
GOOGL,2026-09-10 13:09:00,331.3800048828125,0.0009661474184281397
GOOGL,2026-09-10 13:10:00,331.4649963378906,0.000256444433879458
GOOGL,2026-09-10 13:11:00,331.3891906738281,-0.00022872500733454962
GOOGL,2026-09-10 13:12:00,331.44000244140625,0.00015331783272500642
GOOGL,2026-09-10 13:13:00,331.6199951171875,0.0005429152139026552
GOOGL,2026-09-10 13:14:00,331.6650085449219,0.00013572876683455871
GOOGL,2026-09-10 13:15:00,331.7650146484375,0.00030148199742821113
GOOGL,2026-09-10 13:16:00,332.0199890136719,0.0007682438632032066
GOOGL,2026-09-10 13:17:00,331.92498779296875,-0.0002861719710822205
GOOGL,2026-09-10 13:18:00,331.75,-0.0005273297931738105
GOOGL,2026-09-10 13:19:00,331.8700866699219,0.00036191391323077643
GOOGL,2026-09-10 13:20:00,332.0799865722656,0.0006322761839951807
GOOGL,2026-09-10 13:21:00,332.2304992675781,0.0004531396119623672
GOOGL,2026-09-10 13:22:00,332.20001220703125,-9.176899628108678e-05
GOOGL,2026-09-10 13:23:00,331.9883117675781,-0.0006374711478074186
GOOGL,2026-09-10 13:24:00,331.9949951171875,2.0131077213187163e-05
GOOGL,2026-09-10 13:25:00,331.9349975585937,-0.00018073459376442047
GOOGL,2026-09-10 13:26:00,331.9349975585937,0.0
GOOGL,2026-09-10 13:27:00,331.8099975585937,-0.0003766506787917494
GOOGL,2026-09-10 13:28:00,331.8599853515625,0.000150640512153826
GOOGL,2026-09-10 13:29:00,331.7799987792969,-0.00024105410935329415
GOOGL,2026-09-10 13:30:00,331.7799987792969,0.0
GOOGL,2026-09-10 13:31:00,331.864990234375,0.00025613530411514577
GOOGL,2026-09-10 13:32:00,331.32000732421875,-0.0016435324527487995
GOOGL,2026-09-10 13:33:00,331.3500061035156,9.053911814170397e-05
GOOGL,2026-09-10 13:34:00,331.4729919433594,0.00037109708509686003
GOOGL,2026-09-10 13:35:00,331.6549987792969,0.0005489342722798177
GOOGL,2026-09-10 13:36:00,331.5899963378906,-0.00019601336487401353
GOOGL,2026-09-10 13:37:00,331.6700134277344,0.00024128422957451636
GOOGL,2026-09-10 13:38:00,331.625,-0.00013572671855573262
GOOGL,2026-09-10 13:39:00,331.5400085449219,-0.0002563206877574778
GOOGL,2026-09-10 13:40:00,331.5799865722656,0.00012057554495893489
GOOGL,2026-09-10 13:41:00,331.7449951171875,0.0004975194750098578
GOOGL,2026-09-10 13:42:00,331.92498779296875,0.0005424162153757038
GOOGL,2026-09-10 13:43:00,331.9200134277344,-1.4986526147870528e-05
GOOGL,2026-09-10 13:44:00,331.9750061035156,0.0001656667825158178
GOOGL,2026-09-10 13:45:00,331.9400939941406,-0.00010517040327010624
GOOGL,2026-09-10 13:46:00,331.94000244140625,-2.7581105339587084e-07
GOOGL,2026-09-10 13:47:00,331.8949890136719,-0.00013561631544822136
GOOGL,2026-09-10 13:48:00,331.7598876953125,-0.00040714330585680223
GOOGL,2026-09-10 13:49:00,331.79010009765625,9.106292794944794e-05
GOOGL,2026-09-10 13:50:00,331.8800048828125,0.0002709321544890751
GOOGL,2026-09-10 13:51:00,331.8909912109375,3.310276643796928e-05
GOOGL,2026-09-10 13:52:00,332.1098937988281,0.0006593442893312461
GOOGL,2026-09-10 13:53:00,332.114990234375,1.5345512248861055e-05
GOOGL,2026-09-10 13:54:00,332.0799865722656,-0.00010540176714398652
GOOGL,2026-09-10 13:55:00,331.8800048828125,-0.0006023908008740527
GOOGL,2026-09-10 13:56:00,331.9678955078125,0.0002647914543732784
GOOGL,2026-09-10 13:57:00,331.864990234375,-0.00031003367405254585
GOOGL,2026-09-10 13:58:00,331.7300109863281,-0.0004068121358965174
GOOGL,2026-09-10 13:59:00,331.8099975585937,0.00024109042898066727
GOOGL,2026-09-10 14:00:00,331.7300109863281,-0.0002410904289807579
GOOGL,2026-09-10 14:01:00,331.6700134277344,-0.00018087897663355936
GOOGL,2026-09-10 14:02:00,331.6600036621094,-3.0180348749130705e-05
GOOGL,2026-09-10 14:03:00,331.8900146484375,0.0006932740236409469
GOOGL,2026-09-10 14:04:00,331.95001220703125,0.00018075908752079292
GOOGL,2026-09-10 14:05:00,332.07000732421875,0.0003614201830191682
GOOGL,2026-09-10 14:06:00,332.07501220703125,1.5071656537074457e-05
GOOGL,2026-09-10 14:07:00,332.2300109863281,0.0004666494357202113
GOOGL,2026-09-10 14:08:00,332.1994934082031,-9.186099637243323e-05
GOOGL,2026-09-10 14:09:00,332.1300048828125,-0.00020919897678128122
GOOGL,2026-09-10 14:10:00,332.0799865722656,-0.0001506099314520763
GOOGL,2026-09-10 14:11:00,332.1549987792969,0.00022586045301562876
GOOGL,2026-09-10 14:12:00,332.1600036621094,1.5067800047221289e-05
GOOGL,2026-09-10 14:13:00,332.1499938964844,-3.013582713654916e-05
GOOGL,2026-09-10 14:14:00,332.1199951171875,-9.032104359201036e-05
GOOGL,2026-09-10 14:15:00,332.0130920410156,-0.00032193269440200945
GOOGL,2026-09-10 14:16:00,332.0199890136719,2.0772979097779696e-05
GOOGL,2026-09-10 14:17:00,332.0799865722656,0.00018068833296987357
GOOGL,2026-09-10 14:18:00,331.95001220703125,-0.00039147137067052515
GOOGL,2026-09-10 14:19:00,332.1000061035156,0.00045175482237595223
GOOGL,2026-09-10 14:20:00,332.0799865722656,-6.0283451705388234e-05
GOOGL,2026-09-10 14:21:00,331.9700012207031,-0.0003312562445300088
GOOGL,2026-09-10 14:22:00,332.010009765625,0.00012051129343748122
GOOGL,2026-09-10 14:23:00,332.0622863769531,0.0001574425306995796
GOOGL,2026-09-10 14:24:00,332.010009765625,-0.00015744253069968273
GOOGL,2026-09-10 14:25:00,331.92498779296875,-0.00025611535295972043
GOOGL,2026-09-10 14:26:00,331.8299865722656,-0.00028625388892240724
GOOGL,2026-09-10 14:27:00,331.7749938964844,-0.0001657391898062493
GOOGL,2026-09-10 14:28:00,331.7950134277344,6.033886714315782e-05
GOOGL,2026-09-10 14:29:00,331.7679138183594,-8.167909410657571e-05
GOOGL,2026-09-10 14:30:00,331.739990234375,-8.416955948917965e-05
GOOGL,2026-09-10 14:31:00,331.6532897949219,-0.0002613847398120145
GOOGL,2026-09-10 14:32:00,331.82000732421875,0.0005025598875786717
GOOGL,2026-09-10 14:33:00,331.864990234375,0.00013555500091329755
GOOGL,2026-09-10 14:34:00,332.1000061035156,0.0007079164722587132
GOOGL,2026-09-10 14:35:00,332.0450134277344,-0.0001656044215938018
GOOGL,2026-09-10 14:36:00,331.94000244140625,-0.0003163052921192546
GOOGL,2026-09-10 14:37:00,331.8299865722656,-0.0003314879309669245
GOOGL,2026-09-10 14:38:00,331.95001220703125,0.0003616428223041114
GOOGL,2026-09-10 14:39:00,332.0,0.00015057697761631625
GOOGL,2026-09-10 14:40:00,332.0050048828125,1.5074834604496769e-05
GOOGL,2026-09-10 14:41:00,332.0,-1.5074834604583418e-05
GOOGL,2026-09-10 14:42:00,332.0,0.0
GOOGL,2026-09-10 14:43:00,331.9599914550781,-0.00012051492705947925
GOOGL,2026-09-10 14:44:00,332.0150146484375,0.00016573874913821621
GOOGL,2026-09-10 14:45:00,332.0,-4.5223822078773216e-05
GOOGL,2026-09-10 14:46:00,331.8999938964844,-0.0003012685801820635
GOOGL,2026-09-10 14:47:00,331.75,-0.0004520271239896213
GOOGL,2026-09-10 14:48:00,331.8550109863281,0.0003164864202835576
GOOGL,2026-09-10 14:49:00,332.04998779296875,0.00058736359149162
GOOGL,2026-09-10 14:50:00,332.0899963378906,0.00012048226556526036
GOOGL,2026-09-10 14:51:00,332.489990234375,0.001203749594829457
GOOGL,2026-09-10 14:52:00,332.3900146484375,-0.00030073272156406263
GOOGL,2026-09-10 14:53:00,332.3999938964844,3.002225640996103e-05
GOOGL,2026-09-10 14:54:00,332.3599853515625,-0.0001203698965615695
GOOGL,2026-09-10 14:55:00,332.3450012207031,-4.5085056271942936e-05
GOOGL,2026-09-10 14:56:00,332.17999267578125,-0.0004966210445921614
GOOGL,2026-09-10 14:57:00,332.091796875,-0.00026554131211599505
GOOGL,2026-09-10 14:58:00,332.07000732421875,-6.56151878994441e-05
GOOGL,2026-09-10 14:59:00,332.0827941894531,3.8505793265766305e-05
GOOGL,2026-09-10 15:00:00,331.95001220703125,-0.000399925976284871
GOOGL,2026-09-10 15:01:00,331.9700012207031,6.0215126140640615e-05
GOOGL,2026-09-10 15:02:00,332.1000061035156,0.0003915396962352873
GOOGL,2026-09-10 15:03:00,331.9800109863281,-0.00036138752983199275
GOOGL,2026-09-10 15:04:00,332.0,6.020968507226984e-05
GOOGL,2026-09-10 15:05:00,332.1700134277344,0.0005119575651129329
GOOGL,2026-09-10 15:06:00,332.25,0.0002407711117532806
GOOGL,2026-09-10 15:07:00,332.25,0.0
GOOGL,2026-09-10 15:08:00,332.239990234375,-3.012766414199942e-05
GOOGL,2026-09-10 15:09:00,332.5050048828125,0.0007973423325470963
GOOGL,2026-09-10 15:10:00,332.4649963378906,-0.00012033187932297503
GOOGL,2026-09-10 15:11:00,332.4750061035156,3.0107274608307134e-05
GOOGL,2026-09-10 15:12:00,332.6849975585937,0.0006314013497455141
GOOGL,2026-09-10 15:13:00,332.7799987792969,0.0002855183123721993
GOOGL,2026-09-10 15:14:00,332.6700134277344,-0.00033055932240264177
GOOGL,2026-09-10 15:15:00,332.57000732421875,-0.00030066171952772004
GOOGL,2026-09-10 15:16:00,332.4100036621094,-0.0004812284957554183
GOOGL,2026-09-10 15:17:00,332.2650146484375,-0.0004362703937333409
GOOGL,2026-09-10 15:18:00,332.3599853515625,0.00028578733502770254
GOOGL,2026-09-10 15:19:00,332.4100036621094,0.0001504830587056569
GOOGL,2026-09-10 15:20:00,332.4800109863281,0.00021058317296115874
GOOGL,2026-09-10 15:21:00,332.510009765625,9.022324660841162e-05
GOOGL,2026-09-10 15:22:00,332.54998779296875,0.00012022382202702204
GOOGL,2026-09-10 15:23:00,332.4769897460937,-0.00021953409300281773
GOOGL,2026-09-10 15:24:00,332.4750061035156,-5.966273025590183e-06
GOOGL,2026-09-10 15:25:00,332.37109375,-0.0003125907014710273
GOOGL,2026-09-10 15:26:00,332.27069091796875,-0.0003021261530980273
GOOGL,2026-09-10 15:27:00,332.2449951171875,-7.733692773268108e-05
GOOGL,2026-09-10 15:28:00,332.29998779296875,0.00016550475083246174
GOOGL,2026-09-10 15:29:00,332.4208068847656,0.00036351831955517427
GOOGL,2026-09-10 15:30:00,332.3099975585937,-0.0003333960949534241
GOOGL,2026-09-10 15:31:00,332.3800048828125,0.00021064653965167143
GOOGL,2026-09-10 15:32:00,332.4599914550781,0.0002406190153785483
GOOGL,2026-09-10 15:33:00,332.510009765625,0.0001504377958386554
GOOGL,2026-09-10 15:34:00,332.5899963378906,0.00024052494938269175
GOOGL,2026-09-10 15:35:00,332.6099853515625,6.009926105857095e-05
GOOGL,2026-09-10 15:36:00,332.74560546875,0.0004076620710394143
GOOGL,2026-09-10 15:37:00,332.8099975585937,0.00019349875427902908
GOOGL,2026-09-10 15:38:00,332.8402099609375,9.077561164492846e-05
GOOGL,2026-09-10 15:39:00,332.9292907714844,0.0002676025590852434
GOOGL,2026-09-10 15:40:00,332.9549865722656,7.717797721997279e-05
GOOGL,2026-09-10 15:41:00,332.9200134277344,-0.00010504417364645051
GOOGL,2026-09-10 15:42:00,332.8500061035156,-0.00021030482726168792
GOOGL,2026-09-10 15:43:00,332.94000244140625,0.000270344514888211
GOOGL,2026-09-10 15:44:00,333.1099853515625,0.0005104208902097096
GOOGL,2026-09-10 15:45:00,333.20001220703125,0.0002702251394888452
GOOGL,2026-09-10 15:46:00,332.82000732421875,-0.0011411216266907797
GOOGL,2026-09-10 15:47:00,332.83709716796875,5.1347288681829175e-05
GOOGL,2026-09-10 15:48:00,332.7200012207031,-0.0003518734869098951
GOOGL,2026-09-10 15:49:00,332.7300109863281,3.0084199991325782e-05
GOOGL,2026-09-10 15:50:00,332.6600036621094,-0.00021042493255344204
GOOGL,2026-09-10 15:51:00,332.7749938964844,0.0003456092208599898
GOOGL,2026-09-10 15:52:00,332.760009765625,-4.502882877520914e-05
GOOGL,2026-09-10 15:53:00,332.885009765625,0.0003755755629551182
GOOGL,2026-09-10 15:54:00,332.8299865722656,-0.00016530555504187214
GOOGL,2026-09-10 15:55:00,332.67498779296875,-0.0004658080347101984
GOOGL,2026-09-10 15:56:00,332.739990234375,0.00019537414623792382
GOOGL,2026-09-10 15:57:00,332.5400085449219,-0.0006011955743249858
GOOGL,2026-09-10 15:58:00,332.70001220703125,0.00048104040708167714
GOOGL,2026-09-10 15:59:00,332.6700134277344,-9.017171847673728e-05
GOOGL,2026-09-11 09:30:00,337.010009765625,0.012961584483109455
GOOGL,2026-09-11 09:31:00,337.3399963378906,0.0009786804941582245
GOOGL,2026-09-11 09:32:00,337.45001220703125,0.0003260743897280524
GOOGL,2026-09-11 09:33:00,339.125,0.0049513836153403995
GOOGL,2026-09-11 09:34:00,340.20001220703125,0.003164944864591064
GOOGL,2026-09-11 09:35:00,339.6499938964844,-0.001618058176391174
GOOGL,2026-09-11 09:36:00,339.1600036621094,-0.0014436744339072012
GOOGL,2026-09-11 09:37:00,339.1400146484375,-5.8938561515733715e-05
GOOGL,2026-09-11 09:38:00,338.5400085449219,-0.0017707656704130112
GOOGL,2026-09-11 09:39:00,338.0899963378906,-0.0013301576049984515
GOOGL,2026-09-11 09:40:00,337.8902893066406,-0.0005908664536563613
GOOGL,2026-09-11 09:41:00,337.3699951171875,-0.0015410184914416505
GOOGL,2026-09-11 09:42:00,337.81500244140625,0.0013181791368728972
GOOGL,2026-09-11 09:43:00,338.8099975585937,0.002941055486856029
GOOGL,2026-09-11 09:44:00,338.3299865722656,-0.0014177602208730164
GOOGL,2026-09-11 09:45:00,338.57000732421875,0.0007091764342646649
GOOGL,2026-09-11 09:46:00,338.0400085449219,-0.0015666303343600328
GOOGL,2026-09-11 09:47:00,337.9800109863281,-0.00017750231359386933
GOOGL,2026-09-11 09:48:00,337.6300048828125,-0.0010361188455074639
GOOGL,2026-09-11 09:49:00,337.760009765625,0.00038497721789927084
GOOGL,2026-09-11 09:50:00,338.0299987792969,0.0007990323166150844
GOOGL,2026-09-11 09:51:00,338.114990234375,0.0002514000899414872
GOOGL,2026-09-11 09:52:00,338.19000244140625,0.00022182952410882664
GOOGL,2026-09-11 09:53:00,337.78009033203125,-0.0012128115252512674
GOOGL,2026-09-11 09:54:00,338.0400085449219,0.0007691935357878486
GOOGL,2026-09-11 09:55:00,338.2137145996094,0.0005137304315313795
GOOGL,2026-09-11 09:56:00,338.010009765625,-0.000602477649944368
GOOGL,2026-09-11 09:57:00,338.42498779296875,0.001226956266015859
GOOGL,2026-09-11 09:58:00,337.9700012207031,-0.0013453282424600603
GOOGL,2026-09-11 09:59:00,338.2300109863281,0.0007690321613296164
GOOGL,2026-09-11 10:00:00,338.239990234375,2.9503889395192753e-05
GOOGL,2026-09-11 10:01:00,338.45001220703125,0.0006207332120828298
GOOGL,2026-09-11 10:02:00,338.70001220703125,0.0007383888424873164
GOOGL,2026-09-11 10:03:00,338.7200012207031,5.901512586413153e-05
GOOGL,2026-09-11 10:04:00,338.889892578125,0.0005014429763688884
GOOGL,2026-09-11 10:05:00,338.6199951171875,-0.0007967336864494963
GOOGL,2026-09-11 10:06:00,338.5,-0.0003544279280155388
GOOGL,2026-09-11 10:07:00,338.81500244140625,0.00093015055913992
GOOGL,2026-09-11 10:08:00,339.0150146484375,0.0005901544865039011
GOOGL,2026-09-11 10:09:00,338.9798889160156,-0.00010361650882218318
GOOGL,2026-09-11 10:10:00,339.0849914550781,0.00031000732510048175
GOOGL,2026-09-11 10:11:00,339.2250061035156,0.0004128338102934151
GOOGL,2026-09-11 10:12:00,339.0299987792969,-0.0005750265849517243
GOOGL,2026-09-11 10:13:00,339.3099975585937,0.000825541164343617
GOOGL,2026-09-11 10:14:00,338.92999267578125,-0.0011205618307589971
GOOGL,2026-09-11 10:15:00,339.2250061035156,0.0008700472513670831
GOOGL,2026-09-11 10:16:00,339.2225036621094,-7.37696393676421e-06
GOOGL,2026-09-11 10:17:00,339.5350036621094,0.0009208001936124702
GOOGL,2026-09-11 10:18:00,339.7900085449219,0.0007507596222951668
GOOGL,2026-09-11 10:19:00,339.9800109863281,0.000559019788737612
GOOGL,2026-09-11 10:20:00,340.1199951171875,0.00041165749619161845
GOOGL,2026-09-11 10:21:00,340.260009765625,0.00041157779302489417
GOOGL,2026-09-11 10:22:00,340.56500244140625,0.0008959503270737072
GOOGL,2026-09-11 10:23:00,340.2699890136719,-0.0008666224559570571
GOOGL,2026-09-11 10:24:00,340.3999938964844,0.0003819909432101621
GOOGL,2026-09-11 10:25:00,339.9200134277344,-0.0014110434596105168
GOOGL,2026-09-11 10:26:00,339.4700012207031,-0.0013247538619695332
GOOGL,2026-09-11 10:27:00,339.9200134277344,0.001324753861969507
GOOGL,2026-09-11 10:28:00,340.3999938964844,0.0014110434596103887
GOOGL,2026-09-11 10:29:00,340.05499267578125,-0.0010140310735426475
GOOGL,2026-09-11 10:30:00,340.1050109863281,0.00014707807094730896
GOOGL,2026-09-11 10:31:00,339.8550109863281,-0.0007353373821588691
GOOGL,2026-09-11 10:32:00,339.9949951171875,0.00041180887425429824
GOOGL,2026-09-11 10:33:00,339.6430053710937,-0.0010358154703302299
GOOGL,2026-09-11 10:34:00,339.6257019042969,-5.0947339735341766e-05
GOOGL,2026-09-11 10:35:00,339.92999267578125,0.0008955580660973652
GOOGL,2026-09-11 10:36:00,339.8399963378906,-0.00026478467679048716
GOOGL,2026-09-11 10:37:00,340.1449890136719,0.0008970571492137846
GOOGL,2026-09-11 10:38:00,339.54998779296875,-0.0017507893775671878
GOOGL,2026-09-11 10:39:00,339.7300109863281,0.000530041213925241
GOOGL,2026-09-11 10:40:00,339.8999938964844,0.0005002219221618513
GOOGL,2026-09-11 10:41:00,339.8951110839844,-1.4365541806111885e-05
GOOGL,2026-09-11 10:42:00,340.06500244140625,0.0004997097846704731
GOOGL,2026-09-11 10:43:00,339.8299865722656,-0.0006913299327056731
GOOGL,2026-09-11 10:44:00,340.0,0.0005001645547759252
GOOGL,2026-09-11 10:45:00,339.9700012207031,-8.823559646008484e-05
GOOGL,2026-09-11 10:46:00,339.7900085449219,-0.0005295771372308574
GOOGL,2026-09-11 10:47:00,339.510009765625,-0.0008243744666763227
GOOGL,2026-09-11 10:48:00,340.0299987792969,0.001530415011993839
GOOGL,2026-09-11 10:49:00,340.20001220703125,0.0004998704218532955
GOOGL,2026-09-11 10:50:00,340.260009765625,0.00017634411078343306
GOOGL,2026-09-11 10:51:00,340.010009765625,-0.0007350022904934921
GOOGL,2026-09-11 10:52:00,339.8800048828125,-0.0003824291623526764
GOOGL,2026-09-11 10:53:00,340.0899963378906,0.0006176491944554584
GOOGL,2026-09-11 10:54:00,339.8299865722656,-0.0007648246406486546
GOOGL,2026-09-11 10:55:00,339.760009765625,-0.00020593830770034406
GOOGL,2026-09-11 10:56:00,339.7099914550781,-0.0001472274288706095
GOOGL,2026-09-11 10:57:00,339.92498779296875,0.0006326818119343877
GOOGL,2026-09-11 10:58:00,339.7650146484375,-0.0004707238503157243
GOOGL,2026-09-11 10:59:00,340.19000244140625,0.0012500469520139814
GOOGL,2026-09-11 11:00:00,340.3599853515625,0.000499545710793034
GOOGL,2026-09-11 11:01:00,340.1907958984375,-0.0004972133197755841
GOOGL,2026-09-11 11:02:00,340.4200134277344,0.0006735642009269563
GOOGL,2026-09-11 11:03:00,341.0849914550781,0.0019514992072498301
GOOGL,2026-09-11 11:04:00,341.20001220703125,0.00033716336259893875
GOOGL,2026-09-11 11:05:00,341.2300109863281,8.791752501104079e-05
GOOGL,2026-09-11 11:06:00,341.5350036621094,0.0008934045814420809
GOOGL,2026-09-11 11:07:00,341.6650085449219,0.00038057635263121886
GOOGL,2026-09-11 11:08:00,341.45001220703125,-0.0006294586957046735
GOOGL,2026-09-11 11:09:00,341.4800109863281,8.785315712401019e-05
GOOGL,2026-09-11 11:10:00,341.4100036621094,-0.00020503250292818807
GOOGL,2026-09-11 11:11:00,341.3599853515625,-0.00014651584410906756
GOOGL,2026-09-11 11:12:00,341.5199890136719,0.0004686143130384246
GOOGL,2026-09-11 11:13:00,341.5199890136719,0.0
GOOGL,2026-09-11 11:14:00,342.2500915527344,0.0021355213902431508
GOOGL,2026-09-11 11:15:00,342.489990234375,0.0007007000111049775
GOOGL,2026-09-11 11:16:00,342.6549987792969,0.0004816748301690583
GOOGL,2026-09-11 11:17:00,342.5950012207031,-0.0001751114447195824
GOOGL,2026-09-11 11:18:00,342.67999267578125,0.000248050654907575
GOOGL,2026-09-11 11:19:00,342.7699890136719,0.00026259053413622515
GOOGL,2026-09-11 11:20:00,342.6050109863281,-0.00048142412702583667
GOOGL,2026-09-11 11:21:00,342.37750244140625,-0.0006642755072659637
GOOGL,2026-09-11 11:22:00,342.2049865722656,-0.0005040031714542806
GOOGL,2026-09-11 11:23:00,341.8299865722656,-0.0010964352768220319
GOOGL,2026-09-11 11:24:00,342.010009765625,0.0005265067807736707
GOOGL,2026-09-11 11:25:00,341.989990234375,-5.8536641098531945e-05
GOOGL,2026-09-11 11:26:00,342.1400146484375,0.00043858452456862107
GOOGL,2026-09-11 11:27:00,342.239990234375,0.0002921639613528928
GOOGL,2026-09-11 11:28:00,342.1957092285156,-0.00012939420300815886
GOOGL,2026-09-11 11:29:00,342.0899963378906,-0.0003089729643804065
GOOGL,2026-09-11 11:30:00,341.94000244140625,-0.0004385594174411376
GOOGL,2026-09-11 11:31:00,341.9100036621094,-8.773496833625968e-05
GOOGL,2026-09-11 11:32:00,341.7182006835937,-0.0005611324469328638
GOOGL,2026-09-11 11:33:00,341.5299987792969,-0.0005509034907215797
GOOGL,2026-09-11 11:34:00,341.3599853515625,-0.0004979233410878762
GOOGL,2026-09-11 11:35:00,341.6099853515625,0.0007320966422830325
GOOGL,2026-09-11 11:36:00,341.8251037597656,0.0006295211315154011
GOOGL,2026-09-11 11:37:00,341.57000732421875,-0.0007465562549616512
GOOGL,2026-09-11 11:38:00,341.57000732421875,0.0
GOOGL,2026-09-11 11:39:00,341.7099914550781,0.00040974163759483997
GOOGL,2026-09-11 11:40:00,341.8599853515625,0.00043885455470815096
GOOGL,2026-09-11 11:41:00,341.875,4.3919497353750954e-05
GOOGL,2026-09-11 11:42:00,341.5899963378906,-0.000833996415781299
GOOGL,2026-09-11 11:43:00,341.510009765625,-0.00023418700605034776
GOOGL,2026-09-11 11:44:00,341.3974914550781,-0.00032952723864920194
GOOGL,2026-09-11 11:45:00,341.135009765625,-0.0007691405227546259
GOOGL,2026-09-11 11:46:00,341.2300109863281,0.0002784469262865932
GOOGL,2026-09-11 11:47:00,341.2900085449219,0.00017581186494580712
GOOGL,2026-09-11 11:48:00,341.1600036621094,-0.0003809945990466715
GOOGL,2026-09-11 11:49:00,341.114990234375,-0.0001319509822355391
GOOGL,2026-09-11 11:50:00,341.25,0.00039571129620920726
GOOGL,2026-09-11 11:51:00,341.3349914550781,0.0002490281989240692
GOOGL,2026-09-11 11:52:00,341.3699951171875,0.00010254403535501424
GOOGL,2026-09-11 11:53:00,341.2318115234375,-0.0004048732197697287
GOOGL,2026-09-11 11:54:00,341.2200012207031,-3.461138944906654e-05
GOOGL,2026-09-11 11:55:00,341.3699951171875,0.0004394846092188955
GOOGL,2026-09-11 11:56:00,341.6700134277344,0.000878479521222661
GOOGL,2026-09-11 11:57:00,341.739990234375,0.00020478718927209526
GOOGL,2026-09-11 11:58:00,341.54998779296875,-0.0005561400061859039
GOOGL,2026-09-11 11:59:00,341.4200134277344,-0.0003806151560717318
GOOGL,2026-09-11 12:00:00,341.2909851074219,-0.0003779881153976104
GOOGL,2026-09-11 12:01:00,341.4200134277344,0.00037798811539756704
GOOGL,2026-09-11 12:02:00,341.6618957519531,0.0007082088724004222
GOOGL,2026-09-11 12:03:00,341.614990234375,-0.00013729578334586707
GOOGL,2026-09-11 12:04:00,341.6202087402344,1.5275869473121548e-05
GOOGL,2026-09-11 12:05:00,341.70001220703125,0.0002335756054432545
GOOGL,2026-09-11 12:06:00,341.5400085449219,-0.0004683673677612261
GOOGL,2026-09-11 12:07:00,341.6199951171875,0.00023416643890854355
GOOGL,2026-09-11 12:08:00,341.64569091796875,7.521466778904855e-05
GOOGL,2026-09-11 12:09:00,341.6099853515625,-0.0001045159745578739
GOOGL,2026-09-11 12:10:00,341.5350036621094,-0.00021951910929617245
GOOGL,2026-09-11 12:11:00,341.3299865722656,-0.0006004615815298364
GOOGL,2026-09-11 12:12:00,341.5450134277344,0.0006297693211073025
GOOGL,2026-09-11 12:13:00,341.4849853515625,-0.00017576995573753682
GOOGL,2026-09-11 12:14:00,341.5299987792969,0.00013180802426115347
GOOGL,2026-09-11 12:15:00,341.5,-8.78402979949976e-05
GOOGL,2026-09-11 12:16:00,341.3099975585937,-0.0005565309441564453
GOOGL,2026-09-11 12:17:00,341.1619873046875,-0.00043374749296516907
GOOGL,2026-09-11 12:18:00,341.0400085449219,-0.0003576030612856856
GOOGL,2026-09-11 12:19:00,341.0050048828125,-0.0001026432609314083
GOOGL,2026-09-11 12:20:00,341.07000732421875,0.0001906020318578085
GOOGL,2026-09-11 12:21:00,341.2250061035156,0.00045434534596573825
GOOGL,2026-09-11 12:22:00,341.0350036621094,-0.0005569795784557783
GOOGL,2026-09-11 12:23:00,340.75,-0.0008360514742317899
GOOGL,2026-09-11 12:24:00,340.6300048828125,-0.00035221203313304055
GOOGL,2026-09-11 12:25:00,340.4700012207031,-0.0004698389770046653
GOOGL,2026-09-11 12:26:00,340.4552917480469,-4.320436561960912e-05
GOOGL,2026-09-11 12:27:00,340.7550048828125,0.0008799431118023484
GOOGL,2026-09-11 12:28:00,340.69000244140625,-0.00019077824594727064
GOOGL,2026-09-11 12:29:00,340.1400146484375,-0.0016156394365667976
GOOGL,2026-09-11 12:30:00,340.07000732421875,-0.00020584032050252293
GOOGL,2026-09-11 12:31:00,340.0910949707031,6.200779909331819e-05
GOOGL,2026-09-11 12:32:00,340.29998779296875,0.0006140375267136179
GOOGL,2026-09-11 12:33:00,340.4750061035156,0.0005141737460156786
GOOGL,2026-09-11 12:34:00,340.3800964355469,-0.00027879549768975066
GOOGL,2026-09-11 12:35:00,340.5,0.00035220170576372086
GOOGL,2026-09-11 12:36:00,340.4800109863281,-5.8706609166634246e-05
GOOGL,2026-09-11 12:37:00,340.5199890136719,0.00011740977206948537
GOOGL,2026-09-11 12:38:00,340.3999938964844,-0.0003524499836730608
GOOGL,2026-09-11 12:39:00,340.32501220703125,-0.000220299501514036
GOOGL,2026-09-11 12:40:00,340.3699951171875,0.00013216759264492495
GOOGL,2026-09-11 12:41:00,340.4559020996094,0.000252361090343257
GOOGL,2026-09-11 12:42:00,340.44000244140625,-4.670217018480447e-05
GOOGL,2026-09-11 12:43:00,340.55499267578125,0.00033771242459166293
GOOGL,2026-09-11 12:44:00,340.6499938964844,0.00027892109773611776
GOOGL,2026-09-11 12:45:00,340.75,0.00029353127422784923
GOOGL,2026-09-11 12:46:00,340.7049865722656,-0.00013210976128082475
GOOGL,2026-09-11 12:47:00,340.54998779296875,-0.0004550389730828882
GOOGL,2026-09-11 12:48:00,340.5299987792969,-5.8697991635908794e-05
GOOGL,2026-09-11 12:49:00,340.489990234375,-0.00011749594905676235
GOOGL,2026-09-11 12:50:00,340.57000732421875,0.0002349780944374726
GOOGL,2026-09-11 12:51:00,340.5400085449219,-8.808791125465912e-05
GOOGL,2026-09-11 12:52:00,340.44000244140625,-0.0002937123046819272
GOOGL,2026-09-11 12:53:00,340.489990234375,0.00014682212149921025
GOOGL,2026-09-11 12:54:00,340.67999267578125,0.0005578708724720819
GOOGL,2026-09-11 12:55:00,340.92999267578125,0.0007335573614921189
GOOGL,2026-09-11 12:56:00,340.9200134277344,-2.9271094693187493e-05
GOOGL,2026-09-11 12:57:00,340.7900085449219,-0.0003814081653437415
GOOGL,2026-09-11 12:58:00,340.8500061035156,0.00017603884003085005
GOOGL,2026-09-11 12:59:00,340.7149963378906,-0.00039617576286122376
GOOGL,2026-09-11 13:00:00,340.760009765625,0.00013210588032342105
GOOGL,2026-09-11 13:01:00,340.7950134277344,0.00010271705423321205
GOOGL,2026-09-11 13:02:00,341.010009765625,0.0006306681168459096
GOOGL,2026-09-11 13:03:00,341.010009765625,0.0
GOOGL,2026-09-11 13:04:00,341.0350036621094,7.32910467887015e-05
GOOGL,2026-09-11 13:05:00,340.9349975585937,-0.0002932859335558032
GOOGL,2026-09-11 13:06:00,340.8349914550781,-0.00029337197542981966
GOOGL,2026-09-11 13:07:00,341.0599975585937,0.0006599435845902151
GOOGL,2026-09-11 13:08:00,341.1400146484375,0.00023458542591309466
GOOGL,2026-09-11 13:09:00,341.17999267578125,0.00011718263266610903
GOOGL,2026-09-11 13:10:00,341.1000061035156,-0.0002344684668323439
GOOGL,2026-09-11 13:11:00,341.0993957519531,-1.789364109186441e-06
GOOGL,2026-09-11 13:12:00,341.1971130371094,0.0002864364233602021
GOOGL,2026-09-11 13:13:00,341.1445007324219,-0.00015421103954404874
GOOGL,2026-09-11 13:14:00,341.1300048828125,-4.249271954980102e-05
GOOGL,2026-09-11 13:15:00,341.2300109863281,0.0002931183009140708
GOOGL,2026-09-11 13:16:00,341.239990234375,2.9244503142185755e-05
GOOGL,2026-09-11 13:17:00,341.32000732421875,0.00023446170445533986
GOOGL,2026-09-11 13:18:00,341.17010498046875,-0.00043928063852618446
GOOGL,2026-09-11 13:19:00,341.19488525390625,7.263055345177441e-05
GOOGL,2026-09-11 13:20:00,341.29998779296875,0.0003079951045612917
GOOGL,2026-09-11 13:21:00,341.3099975585937,2.9327920307287316e-05
GOOGL,2026-09-11 13:22:00,341.340087890625,8.81574109260672e-05
GOOGL,2026-09-11 13:23:00,341.2900085449219,-0.0001467246933718457
GOOGL,2026-09-11 13:24:00,341.3299865722656,0.00011713113496649425
GOOGL,2026-09-11 13:25:00,341.20001220703125,-0.00038086052492333034
GOOGL,2026-09-11 13:26:00,341.1767883300781,-6.806760412665973e-05
GOOGL,2026-09-11 13:27:00,341.0613098144531,-0.0003385284903962871
GOOGL,2026-09-11 13:28:00,340.8399963378906,-0.0006491070843725717
GOOGL,2026-09-11 13:29:00,340.7300109863281,-0.0003227411750378269
GOOGL,2026-09-11 13:30:00,340.7099914550781,-5.875654843873524e-05
GOOGL,2026-09-11 13:31:00,340.95001220703125,0.000704224277743064
GOOGL,2026-09-11 13:32:00,340.8900146484375,-0.00017598720047374482
GOOGL,2026-09-11 13:33:00,340.9200134277344,8.799747167359907e-05
GOOGL,2026-09-11 13:34:00,340.82501220703125,-0.000278700152537504
GOOGL,2026-09-11 13:35:00,340.7799987792969,-0.00013208068331146847
GOOGL,2026-09-11 13:36:00,340.7149963378906,-0.00019076425232499272
GOOGL,2026-09-11 13:37:00,340.8894958496094,0.0005120257202855938
GOOGL,2026-09-11 13:38:00,340.739990234375,-0.0004386712156211537
GOOGL,2026-09-11 13:39:00,340.6400146484375,-0.0002934503094851577
GOOGL,2026-09-11 13:40:00,340.7850036621094,0.00042554650024259285
GOOGL,2026-09-11 13:41:00,340.6099853515625,-0.0005137059039693712
GOOGL,2026-09-11 13:42:00,340.6000061035156,-2.9298595654134245e-05
GOOGL,2026-09-11 13:43:00,340.67999267578125,0.00023481262557683126
GOOGL,2026-09-11 13:44:00,340.55499267578125,-0.00036698056937980685
GOOGL,2026-09-11 13:45:00,340.57000732421875,4.408779134508012e-05
GOOGL,2026-09-11 13:46:00,340.5400085449219,-8.808791125465912e-05
GOOGL,2026-09-11 13:47:00,340.5249938964844,-4.409167520308074e-05
GOOGL,2026-09-11 13:48:00,340.3900146484375,-0.0003964643108788645
GOOGL,2026-09-11 13:49:00,340.44000244140625,0.00014684368140016263
GOOGL,2026-09-11 13:50:00,340.4700012207031,8.811378641795636e-05
GOOGL,2026-09-11 13:51:00,340.510009765625,0.00011750284684554237
GOOGL,2026-09-11 13:52:00,340.44000244140625,-0.00020561663326354893
GOOGL,2026-09-11 13:53:00,340.3399963378906,-0.00029379859694552476
GOOGL,2026-09-11 13:54:00,340.2300109863281,-0.00032321539690651136
GOOGL,2026-09-11 13:55:00,340.4599914550781,0.0006757275020230632
GOOGL,2026-09-11 13:56:00,340.3399963378906,-0.00035251210511655736
GOOGL,2026-09-11 13:57:00,340.25,-0.00026446565156535025
GOOGL,2026-09-11 13:58:00,340.28009033203125,8.843203990042645e-05
GOOGL,2026-09-11 13:59:00,340.2094116210937,-0.0002077290273806112
GOOGL,2026-09-11 14:00:00,340.3599853515625,0.0004424933991903457
GOOGL,2026-09-11 14:01:00,340.3500061035156,-2.9320116269341466e-05
GOOGL,2026-09-11 14:02:00,340.6300048828125,0.0008223407164926733
GOOGL,2026-09-11 14:03:00,340.5899963378906,-0.00011746145120864043
GOOGL,2026-09-11 14:04:00,340.3550109863281,-0.0006901742677095903
GOOGL,2026-09-11 14:05:00,340.260009765625,-0.0002791628701203868
GOOGL,2026-09-11 14:06:00,340.2300109863281,-8.816816823606718e-05
GOOGL,2026-09-11 14:07:00,340.0350036621094,-0.000573327527834653
GOOGL,2026-09-11 14:08:00,339.9700012207031,-0.00019118224465254386
GOOGL,2026-09-11 14:09:00,339.9200134277344,-0.0001470467045605345
GOOGL,2026-09-11 14:10:00,339.69000244140625,-0.0006768911279689968
GOOGL,2026-09-11 14:11:00,339.4700012207031,-0.0006478627340004793
GOOGL,2026-09-11 14:12:00,339.5299987792969,0.00017672329528692563
GOOGL,2026-09-11 14:13:00,339.4049987792969,-0.000368223767700559
GOOGL,2026-09-11 14:14:00,339.4700012207031,0.00019150047241362988
GOOGL,2026-09-11 14:15:00,339.4200134277344,-0.00014726330327589877
GOOGL,2026-09-11 14:16:00,339.4460144042969,7.660120114788156e-05
GOOGL,2026-09-11 14:17:00,339.5199890136719,0.00021790372211670175
GOOGL,2026-09-11 14:18:00,339.57501220703125,0.00016204858931639454
GOOGL,2026-09-11 14:19:00,339.4200134277344,-0.00045655351258078023
GOOGL,2026-09-11 14:20:00,339.1700134277344,-0.000736821943785501
GOOGL,2026-09-11 14:21:00,339.1300048828125,-0.00011796710567079963
GOOGL,2026-09-11 14:22:00,339.19000244140625,0.00017690045436489861
GOOGL,2026-09-11 14:23:00,339.31500244140625,0.00036845712416164504
GOOGL,2026-09-11 14:24:00,339.3299865722656,4.415896707218606e-05
GOOGL,2026-09-11 14:25:00,339.44000244140625,0.00032416244643893716
GOOGL,2026-09-11 14:26:00,339.4100036621094,-8.838117123572951e-05
GOOGL,2026-09-11 14:27:00,339.5150146484375,0.00030934487412708655
GOOGL,2026-09-11 14:28:00,339.6400146484375,0.00036810447105390173
GOOGL,2026-09-11 14:29:00,339.5599975585937,-0.00023562158061216781
GOOGL,2026-09-11 14:30:00,339.4195861816406,-0.00041359529010044047
GOOGL,2026-09-11 14:31:00,339.239990234375,-0.0005292666830297588
GOOGL,2026-09-11 14:32:00,339.3299865722656,0.00026525293335785666
GOOGL,2026-09-11 14:33:00,339.375,0.00013264504811653726
GOOGL,2026-09-11 14:34:00,339.3099975585937,-0.00019155408426268383
GOOGL,2026-09-11 14:35:00,339.239990234375,-0.00020634389721169003
GOOGL,2026-09-11 14:36:00,339.4502868652344,0.0006197131289057249
GOOGL,2026-09-11 14:37:00,339.3900146484375,-0.00017757406807122566
GOOGL,2026-09-11 14:38:00,339.42498779296875,0.00010304175493008651
GOOGL,2026-09-11 14:39:00,339.3450012207031,-0.00023568093442692664
GOOGL,2026-09-11 14:40:00,339.42999267578125,0.0002504260065162285
GOOGL,2026-09-11 14:41:00,339.4049987792969,-7.363761977588659e-05
GOOGL,2026-09-11 14:42:00,339.3299865722656,-0.0002210353347198856
GOOGL,2026-09-11 14:43:00,339.3446960449219,4.334763926025253e-05
GOOGL,2026-09-11 14:44:00,339.06500244140625,-0.0008245566653498743
GOOGL,2026-09-11 14:45:00,338.8900146484375,-0.0005162224408512187
GOOGL,2026-09-11 14:46:00,339.1600036621094,0.0007963690602460804
GOOGL,2026-09-11 14:47:00,339.07000732421875,-0.0002653858925763365
GOOGL,2026-09-11 14:48:00,338.739990234375,-0.0009737747071017768
GOOGL,2026-09-11 14:49:00,338.8500061035156,0.0003247269608524161
GOOGL,2026-09-11 14:50:00,338.9750061035156,0.00036882675960862816
GOOGL,2026-09-11 14:51:00,339.1199951171875,0.00042763629173015973
GOOGL,2026-09-11 14:52:00,339.010009765625,-0.0003243783691473548
GOOGL,2026-09-11 14:53:00,339.07501220703125,0.0001917235730005852
GOOGL,2026-09-11 14:54:00,338.96990966796875,-0.00031001645027778336
GOOGL,2026-09-11 14:55:00,338.7701110839844,-0.0005896024541998649
GOOGL,2026-09-11 14:56:00,338.75,-5.936675136649931e-05
GOOGL,2026-09-11 14:57:00,338.69500732421875,-0.00016235318087077068
GOOGL,2026-09-11 14:58:00,338.7200012207031,7.379197738590868e-05
GOOGL,2026-09-11 14:59:00,338.8450012207031,0.0003689682937214029
GOOGL,2026-09-11 15:00:00,339.0400085449219,0.0005753404391267673
GOOGL,2026-09-11 15:01:00,339.1000061035156,0.00017694740748022857
GOOGL,2026-09-11 15:02:00,338.92999267578125,-0.0005014923575758453
GOOGL,2026-09-11 15:03:00,338.9100036621094,-5.897856067993568e-05
GOOGL,2026-09-11 15:04:00,339.0950012207031,0.0005457114972676366
GOOGL,2026-09-11 15:05:00,339.125,8.846326932985625e-05
GOOGL,2026-09-11 15:06:00,338.92999267578125,-0.0005751962059175787
GOOGL,2026-09-11 15:07:00,338.9696960449219,0.00011713641368066902
GOOGL,2026-09-11 15:08:00,338.9560852050781,-4.0154365631273775e-05
GOOGL,2026-09-11 15:09:00,339.0599975585937,0.0003065188480651563
GOOGL,2026-09-11 15:10:00,339.0199890136719,-0.00011800538508878152
GOOGL,2026-09-11 15:11:00,339.114990234375,0.00028018381069205736
GOOGL,2026-09-11 15:12:00,339.125,2.9516884199742154e-05
GOOGL,2026-09-11 15:13:00,339.0867004394531,-0.00011294278928773092
GOOGL,2026-09-11 15:14:00,339.07000732421875,-4.923084899593252e-05
GOOGL,2026-09-11 15:15:00,339.1000061035156,8.8469789941897e-05
GOOGL,2026-09-11 15:16:00,339.1000061035156,0.0
GOOGL,2026-09-11 15:17:00,339.1102905273437,3.032812648224313e-05
GOOGL,2026-09-11 15:18:00,339.06500244140625,-0.00013355864324258337
GOOGL,2026-09-11 15:19:00,339.0400085449219,-7.37168907197289e-05
GOOGL,2026-09-11 15:20:00,338.9649963378906,-0.00022127331449497086
GOOGL,2026-09-11 15:21:00,338.95001220703125,-4.4206517551396965e-05
GOOGL,2026-09-11 15:22:00,338.8999938964844,-0.00014757928800554067
GOOGL,2026-09-11 15:23:00,339.1199951171875,0.0006489520426796731
GOOGL,2026-09-11 15:24:00,339.2464904785156,0.00037294107383022476
GOOGL,2026-09-11 15:25:00,339.1700134277344,-0.00022545751957635924
GOOGL,2026-09-11 15:26:00,339.04998779296875,-0.0003539430739365433
GOOGL,2026-09-11 15:27:00,339.0199890136719,-8.848284201504803e-05
GOOGL,2026-09-11 15:28:00,339.0199890136719,0.0
GOOGL,2026-09-11 15:29:00,339.08990478515625,0.00020620779130774063
GOOGL,2026-09-11 15:30:00,338.8800048828125,-0.0006192012537932407
GOOGL,2026-09-11 15:31:00,338.92498779296875,0.00013273112682363016
GOOGL,2026-09-11 15:32:00,339.125,0.0005899630305534645
GOOGL,2026-09-11 15:33:00,339.05499267578125,-0.00020645647239225912
GOOGL,2026-09-11 15:34:00,338.9849853515625,-0.00020649910546924335
GOOGL,2026-09-11 15:35:00,339.1025085449219,0.0003466313583245308
GOOGL,2026-09-11 15:36:00,339.06689453125,-0.00010502984517756148
GOOGL,2026-09-11 15:37:00,339.0950012207031,8.289079538454477e-05
GOOGL,2026-09-11 15:38:00,339.07501220703125,-5.894986001114473e-05
GOOGL,2026-09-11 15:39:00,339.05059814453125,-7.200454351782294e-05
GOOGL,2026-09-11 15:40:00,338.8500061035156,-0.0005918037116742565
GOOGL,2026-09-11 15:41:00,338.7099914550781,-0.00041329078143628343
GOOGL,2026-09-11 15:42:00,338.69000244140625,-5.901686996691332e-05
GOOGL,2026-09-11 15:43:00,338.63330078125,-0.0001674286415923226
GOOGL,2026-09-11 15:44:00,338.739990234375,0.0003150093321433024
GOOGL,2026-09-11 15:45:00,338.8900146484375,0.000442791539432063
GOOGL,2026-09-11 15:46:00,338.70001220703125,-0.0005608183085808131
GOOGL,2026-09-11 15:47:00,338.6099853515625,-0.00026583648941679315
GOOGL,2026-09-11 15:48:00,338.5599975585937,-0.0001476373564132265
GOOGL,2026-09-11 15:49:00,338.5899963378906,8.860305570992705e-05
GOOGL,2026-09-11 15:50:00,338.30499267578125,-0.0008420912654898753
GOOGL,2026-09-11 15:51:00,338.3500061035156,0.00013304690834164387
GOOGL,2026-09-11 15:52:00,338.3349914550781,-4.437706907687413e-05
GOOGL,2026-09-11 15:53:00,338.4750061035156,0.0004137487653550319
GOOGL,2026-09-11 15:54:00,338.8299865722656,0.0010482146303117889
GOOGL,2026-09-11 15:55:00,338.7300109863281,-0.0002951047494635583
GOOGL,2026-09-11 15:56:00,338.9200134277344,0.0005607686550282804
GOOGL,2026-09-11 15:57:00,339.010009765625,0.00026550332730615353
GOOGL,2026-09-11 15:58:00,338.7099914550781,-0.0008853754636278552
GOOGL,2026-09-11 15:59:00,338.4200134277344,-0.0008564914949255857
MSFT,2026-09-08 09:30:00,493.0199890136719,
MSFT,2026-09-08 09:31:00,494.1199951171875,0.0022286738993636092
MSFT,2026-09-08 09:32:00,493.375,-0.0015088588037663504
MSFT,2026-09-08 09:33:00,494.0849914550781,0.0014380158863561315
MSFT,2026-09-08 09:34:00,494.3374938964844,0.0005109200784908528
MSFT,2026-09-08 09:35:00,494.2250061035156,-0.00022757851618740094
MSFT,2026-09-08 09:36:00,492.7699890136719,-0.0029483799838371503
MSFT,2026-09-08 09:37:00,493.25,0.0009736334548910199
MSFT,2026-09-08 09:38:00,493.4200134277344,0.00034462064743682097
MSFT,2026-09-08 09:39:00,492.4800109863281,-0.0019068925914762361
MSFT,2026-09-08 09:40:00,493.1050109863281,0.0012682824309306
MSFT,2026-09-08 09:41:00,492.6300048828125,-0.0009637603060364496
MSFT,2026-09-08 09:42:00,492.2200012207031,-0.000832621583499993
MSFT,2026-09-08 09:43:00,492.6600036621094,0.0008935148820129572
MSFT,2026-09-08 09:44:00,493.0249938964844,0.000740581934311676
MSFT,2026-09-08 09:45:00,491.9999084472656,-0.0020813399069067725
MSFT,2026-09-08 09:46:00,491.739990234375,-0.0005284287427747838
MSFT,2026-09-08 09:47:00,491.885009765625,0.0002948675202454551
MSFT,2026-09-08 09:48:00,491.7000122070313,-0.00037616994289759614
MSFT,2026-09-08 09:49:00,492.2200012207031,0.001056974256009055
MSFT,2026-09-08 09:50:00,492.05999755859375,-0.00032511818530741264
MSFT,2026-09-08 09:51:00,492.2149963378906,0.00031495015425417604
MSFT,2026-09-08 09:52:00,491.6600036621094,-0.0011281773287190348
MSFT,2026-09-08 09:53:00,491.7900085449219,0.00026438534131086315
MSFT,2026-09-08 09:54:00,492.9849853515625,0.0024269044209446716
MSFT,2026-09-08 09:55:00,493.5450134277344,0.0011353494308780508
MSFT,2026-09-08 09:56:00,493.1700134277344,-0.0007600979165174846
MSFT,2026-09-08 09:57:00,493.6700134277344,0.0010133355542511484
MSFT,2026-09-08 09:58:00,493.489990234375,-0.00036472951636458374
MSFT,2026-09-08 09:59:00,492.9599914550781,-0.0010745579403574153
MSFT,2026-09-08 10:00:00,492.5,-0.000933556902308978
MSFT,2026-09-08 10:01:00,492.0700073242188,-0.0008734629328958321
MSFT,2026-09-08 10:02:00,491.7950134277344,-0.0005590073797630036
MSFT,2026-09-08 10:03:00,492.1199951171875,0.0006605889704875962
MSFT,2026-09-08 10:04:00,492.3500061035156,0.0004672788205392249
MSFT,2026-09-08 10:05:00,492.5682067871094,0.00044308387094035715
MSFT,2026-09-08 10:06:00,492.1700134277344,-0.0008087294123530671
MSFT,2026-09-08 10:07:00,492.0249938964844,-0.00029469674448728855
MSFT,2026-09-08 10:08:00,491.9100036621094,-0.0002337354300514496
MSFT,2026-09-08 10:09:00,491.5,-0.0008338407873390402
MSFT,2026-09-08 10:10:00,491.5700073242188,0.00014242591843012772
MSFT,2026-09-08 10:11:00,491.3800048828125,-0.000386596350604099
MSFT,2026-09-08 10:12:00,492.1700134277344,0.0016064433940517144
MSFT,2026-09-08 10:13:00,492.1400146484375,-6.0953923968080246e-05
MSFT,2026-09-08 10:14:00,491.510009765625,-0.0012809534963060779
MSFT,2026-09-08 10:15:00,491.5199890136719,2.030303868576634e-05
MSFT,2026-09-08 10:16:00,491.3562927246094,-0.0003330964305833995
MSFT,2026-09-08 10:17:00,491.4849853515625,0.00026187876020135445
MSFT,2026-09-08 10:18:00,492.010009765625,0.0010676708403052082
MSFT,2026-09-08 10:19:00,492.4129943847656,0.0008187225206071631
MSFT,2026-09-08 10:20:00,492.7699890136719,0.0007247275897928868
MSFT,2026-09-08 10:21:00,492.2825012207031,-0.000989770266252197
MSFT,2026-09-08 10:22:00,492.0,-0.0005740246892734486
MSFT,2026-09-08 10:23:00,491.9200134277344,-0.00016258755051272743
MSFT,2026-09-08 10:24:00,491.7999877929688,-0.00024402398083237875
MSFT,2026-09-08 10:25:00,491.6300048828125,-0.0003456939754026027
MSFT,2026-09-08 10:26:00,491.0450134277344,-0.0011906103508941843
MSFT,2026-09-08 10:27:00,490.4800109863281,-0.0011512747810982309
MSFT,2026-09-08 10:28:00,490.3699951171875,-0.00022432761159682589
MSFT,2026-09-08 10:29:00,490.5158996582031,0.00029749544339217416
MSFT,2026-09-08 10:30:00,490.5799865722656,0.0001306435284319744
MSFT,2026-09-08 10:31:00,490.4299926757813,-0.0003057948457734218
MSFT,2026-09-08 10:32:00,490.5400085449219,0.00022430017118753442
MSFT,2026-09-08 10:33:00,490.7900085449219,0.0005095126023960704
MSFT,2026-09-08 10:34:00,490.885009765625,0.00019354922805953732
MSFT,2026-09-08 10:35:00,491.0450134277344,0.00032589626500105246
MSFT,2026-09-08 10:36:00,491.5700073242188,0.0010685648709852305
MSFT,2026-09-08 10:37:00,491.9549865722656,0.000782856094349511
MSFT,2026-09-08 10:38:00,491.864990234375,-0.00018295285776526234
MSFT,2026-09-08 10:39:00,492.0450134277344,0.00036593427183016883
MSFT,2026-09-08 10:40:00,492.1300048828125,0.00017271614033709018
MSFT,2026-09-08 10:41:00,492.4549865722656,0.0006601394578942619
MSFT,2026-09-08 10:42:00,492.260009765625,-0.00039600658040906566
MSFT,2026-09-08 10:43:00,492.3550109863281,0.0001929713014644601
MSFT,2026-09-08 10:44:00,492.3049926757813,-0.00010159508948021742
MSFT,2026-09-08 10:45:00,492.1700134277344,-0.00027421569477316745
MSFT,2026-09-08 10:46:00,492.2784118652344,0.0002202216696234073
MSFT,2026-09-08 10:47:00,492.5549926757813,0.0005616804152723146
MSFT,2026-09-08 10:48:00,492.5,-0.00011165402185124122
MSFT,2026-09-08 10:49:00,492.3258056640625,-0.00035375664762691883
MSFT,2026-09-08 10:50:00,492.43499755859375,0.00022176328428478293
MSFT,2026-09-08 10:51:00,492.1199951171875,-0.0006398879788288323
MSFT,2026-09-08 10:52:00,492.1878051757813,0.000137782223570531
MSFT,2026-09-08 10:53:00,492.056396484375,-0.0002670245696453994
MSFT,2026-09-08 10:54:00,491.9049987792969,-0.00030773098823109313
MSFT,2026-09-08 10:55:00,492.4500122070313,0.0011073514684115109
MSFT,2026-09-08 10:56:00,492.0299987792969,-0.0008532696419033644
MSFT,2026-09-08 10:57:00,491.80999755859375,-0.0004472296820397658
MSFT,2026-09-08 10:58:00,491.6499938964844,-0.0003253892683207236
MSFT,2026-09-08 10:59:00,492.0400085449219,0.0007929625550854457
MSFT,2026-09-08 11:00:00,492.3250122070313,0.0005790609460206593
MSFT,2026-09-08 11:01:00,492.375,0.0001015289781495327
MSFT,2026-09-08 11:02:00,492.2000122070313,-0.00035545853315717944
MSFT,2026-09-08 11:03:00,492.510009765625,0.0006296220449011196
MSFT,2026-09-08 11:04:00,492.7999877929688,0.0005886026457344546
MSFT,2026-09-08 11:05:00,492.8992919921875,0.0002014898490670268
MSFT,2026-09-08 11:06:00,492.4400024414063,-0.0009322465604269666
MSFT,2026-09-08 11:07:00,492.6600036621094,0.00044665764490428795
MSFT,2026-09-08 11:08:00,492.7650146484375,0.00021312831473599357
MSFT,2026-09-08 11:09:00,492.6799926757813,-0.00017255548962193207
MSFT,2026-09-08 11:10:00,493.239990234375,0.0011359899961913974
MSFT,2026-09-08 11:11:00,493.089599609375,-0.00030495004451661334
MSFT,2026-09-08 11:12:00,493.2950134277344,0.0004164984299508421
MSFT,2026-09-08 11:13:00,493.4100036621094,0.00023307925449647592
MSFT,2026-09-08 11:14:00,493.3699951171875,-8.108908772634742e-05
MSFT,2026-09-08 11:15:00,493.5750122070313,0.0004154579865570441
MSFT,2026-09-08 11:16:00,493.9400024414063,0.0007392095220448084
MSFT,2026-09-08 11:17:00,493.760009765625,-0.00036446831132777054
MSFT,2026-09-08 11:18:00,493.6106872558594,-0.0003024649432162751
MSFT,2026-09-08 11:19:00,493.2000122070313,-0.0008323279687993241
MSFT,2026-09-08 11:20:00,493.0899963378906,-0.00022309030537431853
MSFT,2026-09-08 11:21:00,492.7850036621094,-0.0006187248596648348
MSFT,2026-09-08 11:22:00,492.5098876953125,-0.0005584439265033385
MSFT,2026-09-08 11:23:00,492.625,0.00023369856584955028
MSFT,2026-09-08 11:24:00,493.0400085449219,0.000842088469912317
MSFT,2026-09-08 11:25:00,492.9150085449219,-0.00025356126497260724
MSFT,2026-09-08 11:26:00,493.065185546875,0.0003046247866120894
MSFT,2026-09-08 11:27:00,492.7099914550781,-0.0007206391791052861
MSFT,2026-09-08 11:28:00,492.989990234375,0.0005681217247220959
MSFT,2026-09-08 11:29:00,493.0799865722656,0.00018253539861733649
MSFT,2026-09-08 11:30:00,493.0799865722656,0.0
MSFT,2026-09-08 11:31:00,493.1600036621094,0.00016226697520204221
MSFT,2026-09-08 11:32:00,493.0750122070313,-0.00017235537964255333
MSFT,2026-09-08 11:33:00,493.0700073242188,-1.0150399207822257e-05
MSFT,2026-09-08 11:34:00,493.1799926757813,0.00022303746923889726
MSFT,2026-09-08 11:35:00,493.0650024414063,-0.00023318797147839097
MSFT,2026-09-08 11:36:00,492.7799987792969,-0.0005781916420864873
MSFT,2026-09-08 11:37:00,492.7000122070313,-0.00016233017727306187
MSFT,2026-09-08 11:38:00,492.6600036621094,-8.120594361363476e-05
MSFT,2026-09-08 11:39:00,492.6900024414063,6.0889590745144804e-05
MSFT,2026-09-08 11:40:00,492.8200073242188,0.0002638327003853403
MSFT,2026-09-08 11:41:00,492.93499755859375,0.00023330388245956774
MSFT,2026-09-08 11:42:00,492.8598937988281,-0.0001523719803569589
MSFT,2026-09-08 11:43:00,492.7401123046875,-0.00024306309656772505
MSFT,2026-09-08 11:44:00,493.0,0.0005272945639322973
MSFT,2026-09-08 11:45:00,492.9400024414063,-0.00012170630772501277
MSFT,2026-09-08 11:46:00,492.75,-0.0003855217021355252
MSFT,2026-09-08 11:47:00,492.9949951171875,0.0004970760662152052
MSFT,2026-09-08 11:48:00,492.6900024414063,-0.0006188441262069513
MSFT,2026-09-08 11:49:00,492.6549987792969,-7.104854052299428e-05
MSFT,2026-09-08 11:50:00,492.635009765625,-4.0574883539384737e-05
MSFT,2026-09-08 11:51:00,492.739990234375,0.0002130771922306543
MSFT,2026-09-08 11:52:00,492.7625122070313,4.5706576298729664e-05
MSFT,2026-09-08 11:53:00,492.6499938964844,-0.00022836793797324808
MSFT,2026-09-08 11:54:00,492.6900024414063,8.120759350594695e-05
MSFT,2026-09-08 11:55:00,492.8699951171875,0.00036525970662010845
MSFT,2026-09-08 11:56:00,492.8500061035156,-4.0557183885633125e-05
MSFT,2026-09-08 11:57:00,492.8399963378906,-2.0310169729892983e-05
MSFT,2026-09-08 11:58:00,492.9200134277344,0.00016234598528403792
MSFT,2026-09-08 11:59:00,492.7099914550781,-0.0004261679835120424
MSFT,2026-09-08 12:00:00,492.6749877929688,-7.10456580142566e-05
MSFT,2026-09-08 12:01:00,492.4299926757813,-0.0004973990124829268
MSFT,2026-09-08 12:02:00,492.6300048828125,0.0004060914264624334
MSFT,2026-09-08 12:03:00,492.75,0.0002435509492502109
MSFT,2026-09-08 12:04:00,492.7799987792969,6.0878470149662564e-05
MSFT,2026-09-08 12:05:00,493.1199951171875,0.0006897177268968667
MSFT,2026-09-08 12:06:00,492.9299926757813,-0.00038538095656393776
MSFT,2026-09-08 12:07:00,492.6400146484375,-0.0005884473625544808
MSFT,2026-09-08 12:08:00,492.6900024414063,0.00010146406208003975
MSFT,2026-09-08 12:09:00,492.5499877929688,-0.0002842244544839419
MSFT,2026-09-08 12:10:00,492.4049987792969,-0.0002944073926134636
MSFT,2026-09-08 12:11:00,492.3900146484375,-3.0430964121942013e-05
MSFT,2026-09-08 12:12:00,492.4299926757813,8.118849549857351e-05
MSFT,2026-09-08 12:13:00,492.3699951171875,-0.00012184719620584819
MSFT,2026-09-08 12:14:00,492.4448852539063,0.00015208977515632606
MSFT,2026-09-08 12:15:00,492.5133056640625,0.0001389305879116043
MSFT,2026-09-08 12:16:00,492.0249938964844,-0.0009919610193673367
MSFT,2026-09-08 12:17:00,492.0400085449219,3.051556228788413e-05
MSFT,2026-09-08 12:18:00,491.8299865722656,-0.00042693034016404906
MSFT,2026-09-08 12:19:00,491.625,-0.0004168702747619431
MSFT,2026-09-08 12:20:00,491.7300109863281,0.0002135769596006777
MSFT,2026-09-08 12:21:00,491.7250061035156,-1.0178163160606213e-05
MSFT,2026-09-08 12:22:00,491.6700134277344,-0.0001118424941073813
MSFT,2026-09-08 12:23:00,491.5549926757813,-0.000233966288008844
MSFT,2026-09-08 12:24:00,491.5249938964844,-6.1030190251030116e-05
MSFT,2026-09-08 12:25:00,491.7550048828125,0.00046784433896568395
MSFT,2026-09-08 12:26:00,491.6098937988281,-0.0002951317160744764
MSFT,2026-09-08 12:27:00,491.4949951171875,-0.0002337465380534697
MSFT,2026-09-08 12:28:00,491.3250122070313,-0.00034590852970913904
MSFT,2026-09-08 12:29:00,491.2950134277344,-6.105875826591167e-05
MSFT,2026-09-08 12:30:00,491.6195983886719,0.0006604540594556315
MSFT,2026-09-08 12:31:00,491.625,1.0987319609034056e-05
MSFT,2026-09-08 12:32:00,491.5299987792969,-0.00019325787107175532
MSFT,2026-09-08 12:33:00,491.3901062011719,-0.00028464689726195766
MSFT,2026-09-08 12:34:00,491.510009765625,0.0002439791451850458
MSFT,2026-09-08 12:35:00,491.6000061035156,0.0001830849786684136
MSFT,2026-09-08 12:36:00,491.4599914550781,-0.0002848547387381493
MSFT,2026-09-08 12:37:00,491.4200134277344,-8.13487448461241e-05
MSFT,2026-09-08 12:38:00,491.3699951171875,-0.00010178839865111469
MSFT,2026-09-08 12:39:00,491.5450134277344,0.0003561209481492565
MSFT,2026-09-08 12:40:00,491.625,0.00016271157856655776
MSFT,2026-09-08 12:41:00,491.510009765625,-0.00023392562314871113
MSFT,2026-09-08 12:42:00,491.489990234375,-4.073149797109234e-05
MSFT,2026-09-08 12:43:00,491.7099914550781,0.0004475208064931995
MSFT,2026-09-08 12:44:00,491.8700866699219,0.0003255357033314279
MSFT,2026-09-08 12:45:00,491.9299926757813,0.00012178491787342986
MSFT,2026-09-08 12:46:00,492.0650024414063,0.00027441149018480297
MSFT,2026-09-08 12:47:00,491.8999938964844,-0.0003353951554839565
MSFT,2026-09-08 12:48:00,491.8999938964844,0.0
MSFT,2026-09-08 12:49:00,491.7717895507813,-0.00026066488555700205
MSFT,2026-09-08 12:50:00,491.8699951171875,0.00019967750102365628
MSFT,2026-09-08 12:51:00,491.4085998535156,-0.0009384833553712641
MSFT,2026-09-08 12:52:00,491.6099853515625,0.00040972877602749513
MSFT,2026-09-08 12:53:00,491.9800109863281,0.0007523981610210563
MSFT,2026-09-08 12:54:00,491.8800048828125,-0.00020329335931332324
MSFT,2026-09-08 12:55:00,491.9999084472656,0.0002437361784140549
MSFT,2026-09-08 12:56:00,491.80999755859375,-0.0003860723293623796
MSFT,2026-09-08 12:57:00,491.6300048828125,-0.0003660470945745445
MSFT,2026-09-08 12:58:00,491.4100036621094,-0.00044759363294208436
MSFT,2026-09-08 12:59:00,491.5981140136719,0.0003827239073130538
MSFT,2026-09-08 13:00:00,491.9249877929688,0.0006646997731554133
MSFT,2026-09-08 13:01:00,492.1799926757813,0.0005182473284475092
MSFT,2026-09-08 13:02:00,492.0549926757813,-0.0002540043841815422
MSFT,2026-09-08 13:03:00,492.1950073242188,0.0002845103365648166
MSFT,2026-09-08 13:04:00,492.4100036621094,0.0004367159193963425
MSFT,2026-09-08 13:05:00,492.3949890136719,-3.0492632653787074e-05
MSFT,2026-09-08 13:06:00,492.8615112304688,0.0009470066963210857
MSFT,2026-09-08 13:07:00,492.5950012207031,-0.0005408864072555088
MSFT,2026-09-08 13:08:00,492.4500122070313,-0.00029438048564772425
MSFT,2026-09-08 13:09:00,492.260009765625,-0.00038590537219002573
MSFT,2026-09-08 13:10:00,492.3299865722656,0.00014214405390820876
MSFT,2026-09-08 13:11:00,492.5549926757813,0.00045691854819868285
MSFT,2026-09-08 13:12:00,492.5899963378906,7.106296537957856e-05
MSFT,2026-09-08 13:13:00,492.7300109863281,0.0002842013728315339
MSFT,2026-09-08 13:14:00,492.5700073242188,-0.0003247816107628313
MSFT,2026-09-08 13:15:00,492.6600036621094,0.00018269102064973975
MSFT,2026-09-08 13:16:00,492.7781982421875,0.00023988227859754463
MSFT,2026-09-08 13:17:00,492.75,-5.722462786044082e-05
MSFT,2026-09-08 13:18:00,492.7000122070313,-0.00010145170712332783
MSFT,2026-09-08 13:19:00,492.5799865722656,-0.0002436376167345546
MSFT,2026-09-08 13:20:00,492.3619995117188,-0.0004426393984334164
MSFT,2026-09-08 13:21:00,492.2650146484375,-0.00019699817738122642
MSFT,2026-09-08 13:22:00,492.2799987792969,3.0438691286148254e-05
MSFT,2026-09-08 13:23:00,492.1749877929688,-0.00021333832050970852
MSFT,2026-09-08 13:24:00,492.3800048828125,0.00041646651397238667
MSFT,2026-09-08 13:25:00,492.1361083984375,-0.0004954646979856159
MSFT,2026-09-08 13:26:00,491.9620056152344,-0.0003538321688463809
MSFT,2026-09-08 13:27:00,491.9700012207031,1.62523536450252e-05
MSFT,2026-09-08 13:28:00,492.010009765625,8.131983271456576e-05
MSFT,2026-09-08 13:29:00,492.3299865722656,0.0006501347483625811
MSFT,2026-09-08 13:30:00,492.4599914550781,0.0002640256023485082
MSFT,2026-09-08 13:31:00,492.4201049804688,-8.099762554948471e-05
MSFT,2026-09-08 13:32:00,492.260009765625,-0.0003251720307071652
MSFT,2026-09-08 13:33:00,492.4750061035156,0.00043665826408545596
MSFT,2026-09-08 13:34:00,492.3800048828125,-0.00019292427806740116
MSFT,2026-09-08 13:35:00,492.43499755859375,0.00011168123089519466
MSFT,2026-09-08 13:36:00,492.3900146484375,-9.135208718296705e-05
MSFT,2026-09-08 13:37:00,492.4700012207031,0.0001624323683622461
MSFT,2026-09-08 13:38:00,492.4150085449219,-0.00011167329240092941
MSFT,2026-09-08 13:39:00,492.489990234375,0.00015226177081220863
MSFT,2026-09-08 13:40:00,492.4599914550781,-6.0914320247369286e-05
MSFT,2026-09-08 13:41:00,492.5484008789063,0.00017950999149578563
MSFT,2026-09-08 13:42:00,492.385009765625,-0.0003317810382190483
MSFT,2026-09-08 13:43:00,492.3611145019531,-4.853081030269002e-05
MSFT,2026-09-08 13:44:00,492.260009765625,-0.00020536779923073495
MSFT,2026-09-08 13:45:00,492.4649963378906,0.0004163326288171365
MSFT,2026-09-08 13:46:00,492.5899963378906,0.0002537929386690603
MSFT,2026-09-08 13:47:00,492.6900024414063,0.00020300037346334754
MSFT,2026-09-08 13:48:00,492.6294860839844,-0.00012283601045703343
MSFT,2026-09-08 13:49:00,492.68499755859375,0.00011267767923786583
MSFT,2026-09-08 13:50:00,492.6400146484375,-9.13057308607652e-05
MSFT,2026-09-08 13:51:00,492.55999755859375,-0.0001624382643691435
MSFT,2026-09-08 13:52:00,492.7000122070313,0.0002842186793178003
MSFT,2026-09-08 13:53:00,492.6935119628906,-1.3193194356087353e-05
MSFT,2026-09-08 13:54:00,492.8200073242188,0.0002567095418728163
MSFT,2026-09-08 13:55:00,492.55999755859375,-0.000527735026834574
MSFT,2026-09-08 13:56:00,492.618408203125,0.00011857881629987075
MSFT,2026-09-08 13:57:00,492.6499938964844,6.411591664349663e-05
MSFT,2026-09-08 13:58:00,492.7250061035156,0.00015225108649229477
MSFT,2026-09-08 13:59:00,492.510009765625,-0.0004364366630100695
MSFT,2026-09-08 14:00:00,492.4400024414063,-0.0001421540656255587
MSFT,2026-09-08 14:01:00,492.5501098632813,0.00022357061448260307
MSFT,2026-09-08 14:02:00,492.6300048828125,0.00016219373190847806
MSFT,2026-09-08 14:03:00,492.5750122070313,-0.00011163701947186271
MSFT,2026-09-08 14:04:00,492.61041259765625,7.186543720374775e-05
MSFT,2026-09-08 14:05:00,492.7200012207031,0.00022244035495468036
MSFT,2026-09-08 14:06:00,492.6783142089844,-8.460946419509106e-05
MSFT,2026-09-08 14:07:00,492.3550109863281,-0.0006564310587186945
MSFT,2026-09-08 14:08:00,492.4500122070313,0.0001929340707257348
MSFT,2026-09-08 14:09:00,492.4700012207031,4.059012590269165e-05
MSFT,2026-09-08 14:10:00,492.5249938964844,0.00011166082286908344
MSFT,2026-09-08 14:11:00,492.5,-5.074774070627925e-05
MSFT,2026-09-08 14:12:00,492.4949951171875,-1.0162250239547925e-05
MSFT,2026-09-08 14:13:00,492.2650146484375,-0.00046707922874696713
MSFT,2026-09-08 14:14:00,492.3399963378906,0.0001523081616718757
MSFT,2026-09-08 14:15:00,492.2200012207031,-0.0002437537947492637
MSFT,2026-09-08 14:16:00,492.0299987792969,-0.00038608573790488735
MSFT,2026-09-08 14:17:00,491.8699951171875,-0.00032524375345546096
MSFT,2026-09-08 14:18:00,491.6700134277344,-0.00040665695441287315
MSFT,2026-09-08 14:19:00,491.8599853515625,0.00038630631790880664
MSFT,2026-09-08 14:20:00,492.0700073242188,0.00042690430703279326
MSFT,2026-09-08 14:21:00,491.8999938964844,-0.0003455662859952443
MSFT,2026-09-08 14:22:00,491.8800048828125,-4.063716216927467e-05
MSFT,2026-09-08 14:23:00,491.9049987792969,5.0811704583151756e-05
MSFT,2026-09-08 14:24:00,491.7950134277344,-0.00022361563618167018
MSFT,2026-09-08 14:25:00,491.7717895507813,-4.722379178930653e-05
MSFT,2026-09-08 14:26:00,491.8800048828125,0.00022002772338776757
MSFT,2026-09-08 14:27:00,491.739990234375,-0.00028469256436064824
MSFT,2026-09-08 14:28:00,491.760009765625,4.071079054964706e-05
MSFT,2026-09-08 14:29:00,491.9100036621094,0.0003049679172880383
MSFT,2026-09-08 14:30:00,491.8049926757813,-0.0002134988022300275
MSFT,2026-09-08 14:31:00,491.6700134277344,-0.00027449451802392775
MSFT,2026-09-08 14:32:00,491.6600036621094,-2.0358913999155753e-05
MSFT,2026-09-08 14:33:00,491.6000061035156,-0.00012203803281400747
MSFT,2026-09-08 14:34:00,491.6799926757813,0.00016269337836925777
MSFT,2026-09-08 14:35:00,491.5950012207031,-0.00017287423318483862
MSFT,2026-09-08 14:36:00,491.6300048828125,7.120173288284997e-05
MSFT,2026-09-08 14:37:00,491.4649963378906,-0.00033569196520484915
MSFT,2026-09-08 14:38:00,491.5199890136719,0.00011188914715510893
MSFT,2026-09-08 14:39:00,491.35009765625,-0.0003457046082040762
MSFT,2026-09-08 14:40:00,491.5599060058594,0.0004269126410641169
MSFT,2026-09-08 14:41:00,491.5950012207031,7.139305230673484e-05
MSFT,2026-09-08 14:42:00,491.6200866699219,5.1027388682575205e-05
MSFT,2026-09-08 14:43:00,491.9299926757813,0.0006301784171917194
MSFT,2026-09-08 14:44:00,491.8252868652344,-0.00021286962951020354
MSFT,2026-09-08 14:45:00,491.7099914550781,-0.0002344509916945498
MSFT,2026-09-08 14:46:00,491.5299987792969,-0.0003661215564451277
MSFT,2026-09-08 14:47:00,491.010009765625,-0.0010584588061483512
MSFT,2026-09-08 14:48:00,490.3999938964844,-0.0012431418987463943
MSFT,2026-09-08 14:49:00,490.6799926757813,0.0005707970618733763
MSFT,2026-09-08 14:50:00,491.1499938964844,0.0009573984560090145
MSFT,2026-09-08 14:51:00,491.1799926757813,6.107678624565354e-05
MSFT,2026-09-08 14:52:00,491.0398864746094,-0.0002852848025095065
MSFT,2026-09-08 14:53:00,491.5,0.0009365799095956277
MSFT,2026-09-08 14:54:00,491.4200134277344,-0.0001627529633123725
MSFT,2026-09-08 14:55:00,491.4500122070313,6.10432275353064e-05
MSFT,2026-09-08 14:56:00,491.2799987792969,-0.0003460023150406325
MSFT,2026-09-08 14:57:00,491.3577880859375,0.00015832752992587512
MSFT,2026-09-08 14:58:00,491.4100036621094,0.00010626228628864799
MSFT,2026-09-08 14:59:00,491.2420959472656,-0.0003417439733648409
MSFT,2026-09-08 15:00:00,491.3500061035156,0.00021964385111300757
MSFT,2026-09-08 15:01:00,491.4649963378906,0.00023400178998908675
MSFT,2026-09-08 15:02:00,491.5499877929688,0.00017291995882466423
MSFT,2026-09-08 15:03:00,491.489990234375,-0.00012206534832633832
MSFT,2026-09-08 15:04:00,491.3699951171875,-0.0002441754055961199
MSFT,2026-09-08 15:05:00,491.3999938964844,6.104944115418105e-05
MSFT,2026-09-08 15:06:00,491.7850036621094,0.0007831888937706286
MSFT,2026-09-08 15:07:00,491.989990234375,0.00041673467307874225
MSFT,2026-09-08 15:08:00,492.1449890136719,0.0003149949627780976
MSFT,2026-09-08 15:09:00,492.2000122070313,0.00011179656187308835
MSFT,2026-09-08 15:10:00,492.2999877929688,0.0002030992103222596
MSFT,2026-09-08 15:11:00,492.1300964355469,-0.0003451567802130571
MSFT,2026-09-08 15:12:00,492.2300109863281,0.00020300406400269194
MSFT,2026-09-08 15:13:00,492.1700134277344,-0.0001218967029257328
MSFT,2026-09-08 15:14:00,492.2099914550781,8.12247854841252e-05
MSFT,2026-09-08 15:15:00,492.1000061035156,-0.00022347705965204893
MSFT,2026-09-08 15:16:00,492.2000122070313,0.00020320248298161825
MSFT,2026-09-08 15:17:00,492.08880615234375,-0.00022596224418372775
MSFT,2026-09-08 15:18:00,492.1900024414063,0.00020562525279537594
MSFT,2026-09-08 15:19:00,492.2950134277344,0.00021333181314835053
MSFT,2026-09-08 15:20:00,492.3450012207031,0.00010153516466527937
MSFT,2026-09-08 15:21:00,492.3799133300781,7.090733437066286e-05
MSFT,2026-09-08 15:22:00,492.5150146484375,0.0002743466645403103
MSFT,2026-09-08 15:23:00,492.5700073242188,0.00011165061819391957
MSFT,2026-09-08 15:24:00,492.4368896484375,-0.00027028780610743343
MSFT,2026-09-08 15:25:00,492.7049865722656,0.0005442808531803615
MSFT,2026-09-08 15:26:00,492.7550048828125,0.00010151261547599255
MSFT,2026-09-08 15:27:00,492.7301940917969,-5.035243765545834e-05
MSFT,2026-09-08 15:28:00,492.7257080078125,-9.104585958367974e-06
MSFT,2026-09-08 15:29:00,493.0799865722656,0.0007187594505755527
MSFT,2026-09-08 15:30:00,493.4400024414063,0.00072987043168314
MSFT,2026-09-08 15:31:00,493.1314086914063,-0.0006255882880489344
MSFT,2026-09-08 15:32:00,493.6799926757813,0.0011118315822594175
MSFT,2026-09-08 15:33:00,493.7749938964844,0.00019241630714933547
MSFT,2026-09-08 15:34:00,493.7236022949219,-0.00010408440438721015
MSFT,2026-09-08 15:35:00,493.1489868164063,-0.001164518195746927
MSFT,2026-09-08 15:36:00,493.1400146484375,-1.81937909796284e-05
MSFT,2026-09-08 15:37:00,493.30999755859375,0.0003446356322878469
MSFT,2026-09-08 15:38:00,493.3699951171875,0.00012161503043152166
MSFT,2026-09-08 15:39:00,493.4100036621094,8.108908772627685e-05
MSFT,2026-09-08 15:40:00,493.5799865722656,0.0003444470835949549
MSFT,2026-09-08 15:41:00,493.489990234375,-0.00018235047211375888
MSFT,2026-09-08 15:42:00,493.385009765625,-0.00021275332569167715
MSFT,2026-09-08 15:43:00,493.3349914550781,-0.00010138298712468173
MSFT,2026-09-08 15:44:00,493.6600036621094,0.0006585893958665911
MSFT,2026-09-08 15:45:00,493.3699951171875,-0.0005876387822579282
MSFT,2026-09-08 15:46:00,493.7000122070313,0.0006686802348198482
MSFT,2026-09-08 15:47:00,493.7799987792969,0.00016200140063724506
MSFT,2026-09-08 15:48:00,493.6600036621094,-0.00024304285319919525
MSFT,2026-09-08 15:49:00,493.7000122070313,8.104145256193352e-05
MSFT,2026-09-08 15:50:00,493.3799133300781,-0.0006485774452355374
MSFT,2026-09-08 15:51:00,493.1499938964844,-0.00046611752177469593
MSFT,2026-09-08 15:52:00,493.2579956054688,0.00021897979449770282
MSFT,2026-09-08 15:53:00,493.2701110839844,2.4561851677611994e-05
MSFT,2026-09-08 15:54:00,493.6300048828125,0.000729341924190745
MSFT,2026-09-08 15:55:00,493.8399963378906,0.0004253120762837322
MSFT,2026-09-08 15:56:00,493.4224853515625,-0.0008457953562728435
MSFT,2026-09-08 15:57:00,493.2799987792969,-0.0002888136506143665
MSFT,2026-09-08 15:58:00,493.3299865722656,0.00010133242872812173
MSFT,2026-09-08 15:59:00,494.0199890136719,0.001397685867819773
MSFT,2026-09-09 09:30:00,492.5400085449219,-0.003000287022806568
MSFT,2026-09-09 09:31:00,493.3699951171875,0.0016836968186864957
MSFT,2026-09-09 09:32:00,492.2699890136719,-0.002232065618121508
MSFT,2026-09-09 09:33:00,492.2000122070313,-0.000142161379567946
MSFT,2026-09-09 09:34:00,493.1400146484375,0.00190797633497017
MSFT,2026-09-09 09:35:00,492.30999755859375,-0.0016845446767258453
MSFT,2026-09-09 09:36:00,493.9200134277344,0.0032649935237428706
MSFT,2026-09-09 09:37:00,493.6666870117188,-0.0005130211280871734
MSFT,2026-09-09 09:38:00,493.0,-0.001351392769122605
MSFT,2026-09-09 09:39:00,493.6900024414063,0.0013986207464907136
MSFT,2026-09-09 09:40:00,492.8349914550781,-0.0017333797028942484
MSFT,2026-09-09 09:41:00,492.7000122070313,-0.0002739207605803222
MSFT,2026-09-09 09:42:00,493.0150146484375,0.0006391349295629531
MSFT,2026-09-09 09:43:00,492.8399963378906,-0.0003550589294270351
MSFT,2026-09-09 09:44:00,492.6799926757813,-0.00032470911863548643
MSFT,2026-09-09 09:45:00,492.7632141113281,0.00016890153622549933
MSFT,2026-09-09 09:46:00,493.9200134277344,0.00234482519646773
MSFT,2026-09-09 09:47:00,493.7300109863281,-0.00038475662239353665
MSFT,2026-09-09 09:48:00,493.1300048828125,-0.0012159904501138265
MSFT,2026-09-09 09:49:00,493.135009765625,1.0149164247324141e-05
MSFT,2026-09-09 09:50:00,492.9500122070313,-0.00037521624736585446
MSFT,2026-09-09 09:51:00,492.2999877929688,-0.0013195118160390096
MSFT,2026-09-09 09:52:00,491.8250122070313,-0.000965274986038538
MSFT,2026-09-09 09:53:00,492.5920104980469,0.0015582795269270056
MSFT,2026-09-09 09:54:00,492.3800048828125,-0.00043048049121749334
MSFT,2026-09-09 09:55:00,492.375,-1.0164726836111064e-05
MSFT,2026-09-09 09:56:00,492.1900024414063,-0.00037579552454553424
MSFT,2026-09-09 09:57:00,491.9299926757813,-0.0005284107079726387
MSFT,2026-09-09 09:58:00,491.7850036621094,-0.0002947784983690633
MSFT,2026-09-09 09:59:00,491.6549987792969,-0.0002643880323091217
MSFT,2026-09-09 10:00:00,491.510009765625,-0.0002949433990485549
MSFT,2026-09-09 10:01:00,491.1300048828125,-0.0007734366524689969
MSFT,2026-09-09 10:02:00,491.8949890136719,0.0015563882709602123
MSFT,2026-09-09 10:03:00,492.0849914550781,0.00038619168588607995
MSFT,2026-09-09 10:04:00,492.0150146484375,-0.00014221482842106346
MSFT,2026-09-09 10:05:00,491.5999145507813,-0.0008440297315063916
MSFT,2026-09-09 10:06:00,491.4649963378906,-0.0002744848529194817
MSFT,2026-09-09 10:07:00,491.0249938964844,-0.0008956884552433199
MSFT,2026-09-09 10:08:00,490.9700012207031,-0.00011200194728522825
MSFT,2026-09-09 10:09:00,491.1199951171875,0.0003054585592153852
MSFT,2026-09-09 10:10:00,490.80999755859375,-0.0006314046239649306
MSFT,2026-09-09 10:11:00,490.9400024414063,0.0002648431547184822
MSFT,2026-09-09 10:12:00,491.3999938964844,0.0009365219586160704
MSFT,2026-09-09 10:13:00,491.239990234375,-0.00032566080376830156
MSFT,2026-09-09 10:14:00,490.8891906738281,-0.0007143654465918007
MSFT,2026-09-09 10:15:00,490.6400146484375,-0.0005077302425488597
MSFT,2026-09-09 10:16:00,490.7000122070313,0.0001222767991250101
MSFT,2026-09-09 10:17:00,490.5950012207031,-0.00021402531408416944
MSFT,2026-09-09 10:18:00,490.5299987792969,-0.00013250593247824479
MSFT,2026-09-09 10:19:00,490.4150085449219,-0.00023444787229286057
MSFT,2026-09-09 10:20:00,490.3399963378906,-0.00015296828831680968
MSFT,2026-09-09 10:21:00,490.5499877929688,0.00042816515956637784
MSFT,2026-09-09 10:22:00,490.5700073242188,4.0809546951184995e-05
MSFT,2026-09-09 10:23:00,490.2099914550781,-0.0007341419803796741
MSFT,2026-09-09 10:24:00,490.5650024414063,0.0007239397497738627
MSFT,2026-09-09 10:25:00,490.7099914550781,0.0002955114837916362
MSFT,2026-09-09 10:26:00,491.18499755859375,0.0009675294117708437
MSFT,2026-09-09 10:27:00,491.3349914550781,0.0003053248775125257
MSFT,2026-09-09 10:28:00,491.8699951171875,0.0010882851942763143
MSFT,2026-09-09 10:29:00,492.13079833984375,0.000530087435899216
MSFT,2026-09-09 10:30:00,492.0650024414063,-0.00013370489588201937
MSFT,2026-09-09 10:31:00,492.1950073242188,0.0002641677651811755
MSFT,2026-09-09 10:32:00,491.55999755859375,-0.0012909918641707881
MSFT,2026-09-09 10:33:00,492.1600036621094,0.0012198718683693727
MSFT,2026-09-09 10:34:00,492.2799987792969,0.00024378350632680798
MSFT,2026-09-09 10:35:00,492.739990234375,0.0009339739165629818
MSFT,2026-09-09 10:36:00,493.010009765625,0.0005478458797941332
MSFT,2026-09-09 10:37:00,492.9100036621094,-0.00020286859480803788
MSFT,2026-09-09 10:38:00,492.6099853515625,-0.0006088528353752529
MSFT,2026-09-09 10:39:00,492.9901123046875,0.0007713614738409455
MSFT,2026-09-09 10:40:00,493.0400085449219,0.00010120632062236006
MSFT,2026-09-09 10:41:00,493.4450073242188,0.0008210946857497537
MSFT,2026-09-09 10:42:00,493.2049865722656,-0.0004865367823904463
MSFT,2026-09-09 10:43:00,493.1199951171875,-0.00017233965856346988
MSFT,2026-09-09 10:44:00,493.1094055175781,-2.147492176356152e-05
MSFT,2026-09-09 10:45:00,493.18499755859375,0.00015328494398402978
MSFT,2026-09-09 10:46:00,493.4500122070313,0.0005372091040514055
MSFT,2026-09-09 10:47:00,493.5799865722656,0.000263364570775577
MSFT,2026-09-09 10:48:00,493.4400024414063,-0.00028365004428690155
MSFT,2026-09-09 10:49:00,493.3900146484375,-0.00010130983481630375
MSFT,2026-09-09 10:50:00,493.125,-0.0005372744476817516
MSFT,2026-09-09 10:51:00,493.2300109863281,0.00021292736500605307
MSFT,2026-09-09 10:52:00,493.0849914550781,-0.00029406332041200423
MSFT,2026-09-09 10:53:00,493.2699890136719,0.00037511355328714505
MSFT,2026-09-09 10:54:00,493.25,-4.052429529497053e-05
MSFT,2026-09-09 10:55:00,493.0700073242188,-0.000364978255419487
MSFT,2026-09-09 10:56:00,493.2200012207031,0.00030415779606640496
MSFT,2026-09-09 10:57:00,493.3699951171875,0.0003040653122306635
MSFT,2026-09-09 10:58:00,493.625,0.0005167298512112256
MSFT,2026-09-09 10:59:00,493.4323120117188,-0.00039042918457526927
MSFT,2026-09-09 11:00:00,493.4343872070313,4.2056243547114755e-06
MSFT,2026-09-09 11:01:00,492.8949890136719,-0.00109374872154593
MSFT,2026-09-09 11:02:00,492.6900024414063,-0.0004159693522091139
MSFT,2026-09-09 11:03:00,492.80999755859375,0.0002435212943286166
MSFT,2026-09-09 11:04:00,492.8479919433594,7.70944591107729e-05
MSFT,2026-09-09 11:05:00,492.7300109863281,-0.0002394147540713836
MSFT,2026-09-09 11:06:00,492.7262878417969,-7.556183943824005e-06
MSFT,2026-09-09 11:07:00,492.7300109863281,7.5561839439028105e-06
MSFT,2026-09-09 11:08:00,492.760009765625,6.088093978523862e-05
MSFT,2026-09-09 11:09:00,492.4450073242188,-0.0006394657897110566
MSFT,2026-09-09 11:10:00,492.252685546875,-0.0003906209615023593
MSFT,2026-09-09 11:11:00,492.0,-0.0005134566684693876
MSFT,2026-09-09 11:12:00,492.125,0.0002540327715934676
MSFT,2026-09-09 11:13:00,491.8900146484375,-0.0004776052245773033
MSFT,2026-09-09 11:14:00,491.7500915527344,-0.00028450059277741714
MSFT,2026-09-09 11:15:00,491.9049987792969,0.00031496248911953026
MSFT,2026-09-09 11:16:00,491.8699951171875,-7.116192694733008e-05
MSFT,2026-09-09 11:17:00,492.1050109863281,0.0004776866732422321
MSFT,2026-09-09 11:18:00,492.0499877929688,-0.00011181814548498969
MSFT,2026-09-09 11:19:00,492.2349853515625,0.00037590243845967645
MSFT,2026-09-09 11:20:00,492.05999755859375,-0.00035555966016388225
MSFT,2026-09-09 11:21:00,491.96881103515625,-0.0001853330368016352
MSFT,2026-09-09 11:22:00,491.7999877929688,-0.000343217317007443
MSFT,2026-09-09 11:23:00,491.7300109863281,-0.0001422972493886502
MSFT,2026-09-09 11:24:00,491.760009765625,6.1004745697855116e-05
MSFT,2026-09-09 11:25:00,492.1351013183594,0.0007624625159335873
MSFT,2026-09-09 11:26:00,492.2999877929688,0.0003349869950291054
MSFT,2026-09-09 11:27:00,492.0499877929688,-0.0005079494317586357
MSFT,2026-09-09 11:28:00,491.9100036621094,-0.000284532161916119
MSFT,2026-09-09 11:29:00,492.1400146484375,0.0004674782505707019
MSFT,2026-09-09 11:30:00,492.3699951171875,0.0004671978357801817
MSFT,2026-09-09 11:31:00,491.9100036621094,-0.0009346760863508867
MSFT,2026-09-09 11:32:00,492.2900085449219,0.0007722107233949097
MSFT,2026-09-09 11:33:00,492.1163940429688,-0.00035272932662101173
MSFT,2026-09-09 11:34:00,492.2300109863281,0.00023084748069046536
MSFT,2026-09-09 11:35:00,492.510009765625,0.000568675550789314
MSFT,2026-09-09 11:36:00,492.7000122070313,0.00038570952289222727
MSFT,2026-09-09 11:37:00,492.6000061035156,-0.00020299624885949355
MSFT,2026-09-09 11:38:00,492.4200134277344,-0.00036545993830709413
MSFT,2026-09-09 11:39:00,492.8250122070313,0.0008221280830062299
MSFT,2026-09-09 11:40:00,492.4150085449219,-0.0008322919839660767
MSFT,2026-09-09 11:41:00,491.8550109863281,-0.001137894293040289
MSFT,2026-09-09 11:42:00,491.6000061035156,-0.0005185898370462488
MSFT,2026-09-09 11:43:00,491.7200012207031,0.00024406117416369706
MSFT,2026-09-09 11:44:00,491.79888916015625,0.00016041977514375303
MSFT,2026-09-09 11:45:00,491.5299072265625,-0.0005470844366421499
MSFT,2026-09-09 11:46:00,491.3599853515625,-0.00034575973967369394
MSFT,2026-09-09 11:47:00,491.4949951171875,0.0002747297803990371
MSFT,2026-09-09 11:48:00,491.3399963378906,-0.0003154116040422619
MSFT,2026-09-09 11:49:00,491.6449890136719,0.0006205439352855347
MSFT,2026-09-09 11:50:00,491.8349914550781,0.0003863880252642609
MSFT,2026-09-09 11:51:00,492.1099853515625,0.0005589619544311337
MSFT,2026-09-09 11:52:00,492.0,-0.0002235224795145671
MSFT,2026-09-09 11:53:00,492.2027893066406,0.0004120884673639628
MSFT,2026-09-09 11:54:00,492.2250061035156,4.5136468072809946e-05
MSFT,2026-09-09 11:55:00,491.9249877929688,-0.0006097003946581726
MSFT,2026-09-09 11:56:00,491.7300109863281,-0.00039643332151248104
MSFT,2026-09-09 11:57:00,491.760009765625,6.1004745697855116e-05
MSFT,2026-09-09 11:58:00,491.8599853515625,0.00020328091494285972
MSFT,2026-09-09 11:59:00,492.1400146484375,0.0005691652529157785
MSFT,2026-09-09 12:00:00,492.1499938964844,2.02770483507655e-05
MSFT,2026-09-09 12:01:00,492.239990234375,0.00018284691959926728
MSFT,2026-09-09 12:02:00,492.2900085449219,0.00010160850487421491
MSFT,2026-09-09 12:03:00,492.1000061035156,-0.00038603082302414785
MSFT,2026-09-09 12:04:00,492.1199951171875,4.061899504147987e-05
MSFT,2026-09-09 12:05:00,492.06201171875,-0.00011783064128753278
MSFT,2026-09-09 12:06:00,491.9549865722656,-0.00021752702868396205
MSFT,2026-09-09 12:07:00,491.860595703125,-0.0001918873234594177
MSFT,2026-09-09 12:08:00,491.6549987792969,-0.0004180857486680107
MSFT,2026-09-09 12:09:00,491.510009765625,-0.0002949433990485549
MSFT,2026-09-09 12:10:00,491.5759887695313,0.00013422834645931815
MSFT,2026-09-09 12:11:00,491.6799926757813,0.00021155001057810251
MSFT,2026-09-09 12:12:00,491.9299926757813,0.0005083315726893604
MSFT,2026-09-09 12:13:00,491.7300109863281,-0.0004066073469773703
MSFT,2026-09-09 12:14:00,491.5450134277344,-0.0003762885381673903
MSFT,2026-09-09 12:15:00,491.3049926757813,-0.0004884178770595745
MSFT,2026-09-09 12:16:00,491.2000122070313,-0.00021369961196694888
MSFT,2026-09-09 12:17:00,491.2099914550781,2.0315851854075785e-05
MSFT,2026-09-09 12:18:00,491.4100036621094,0.000407099816383668
MSFT,2026-09-09 12:19:00,491.2749938964844,-0.00027477730261459357
MSFT,2026-09-09 12:20:00,491.2149963378906,-0.00012213367925314772
MSFT,2026-09-09 12:21:00,491.2049865722656,-2.0377772845622587e-05
MSFT,2026-09-09 12:22:00,491.2131958007813,1.6712289457080316e-05
MSFT,2026-09-09 12:23:00,491.3200988769531,0.00021760703107508972
MSFT,2026-09-09 12:24:00,491.3327941894531,2.5838854371245733e-05
MSFT,2026-09-09 12:25:00,491.4100036621094,0.0001571305798096957
MSFT,2026-09-09 12:26:00,491.5549926757813,0.0002950034136793023
MSFT,2026-09-09 12:27:00,491.5400085449219,-3.0483586717443848e-05
MSFT,2026-09-09 12:28:00,491.4400024414063,-0.00020347535604569417
MSFT,2026-09-09 12:29:00,491.5199890136719,0.00016274634397633918
MSFT,2026-09-09 12:30:00,491.4599914550781,-0.00012207279875552863
MSFT,2026-09-09 12:31:00,491.6449890136719,0.0003763536233723436
MSFT,2026-09-09 12:32:00,491.7401123046875,0.0001934609161452171
MSFT,2026-09-09 12:33:00,491.9049987792969,0.0003352560273939406
MSFT,2026-09-09 12:34:00,491.7799987792969,-0.00025414640049015847
MSFT,2026-09-09 12:35:00,491.7850036621094,1.0177025006311205e-05
MSFT,2026-09-09 12:36:00,491.739990234375,-9.153489346002276e-05
MSFT,2026-09-09 12:37:00,491.86370849609375,0.000251561197931387
MSFT,2026-09-09 12:38:00,492.0299987792969,0.0003380248975207484
MSFT,2026-09-09 12:39:00,492.0199890136719,-2.0344018595640202e-05
MSFT,2026-09-09 12:40:00,491.885009765625,-0.0002743745566108669
MSFT,2026-09-09 12:41:00,492.06939697265625,0.0003747881160485686
MSFT,2026-09-09 12:42:00,491.9849853515625,-0.00017155885450442846
MSFT,2026-09-09 12:43:00,492.0299987792969,9.14893136622197e-05
MSFT,2026-09-09 12:44:00,492.1050109863281,0.00015244291978671096
MSFT,2026-09-09 12:45:00,492.25,0.000294586837273421
MSFT,2026-09-09 12:46:00,492.2900085449219,8.127357872027821e-05
MSFT,2026-09-09 12:47:00,492.25,-8.127357872031519e-05
MSFT,2026-09-09 12:48:00,492.3500061035156,0.00020314057127678077
MSFT,2026-09-09 12:49:00,492.3844909667969,7.003890571100347e-05
MSFT,2026-09-09 12:50:00,492.80999755859375,0.0008638022709435643
MSFT,2026-09-09 12:51:00,492.8550109863281,9.133615858420857e-05
MSFT,2026-09-09 12:52:00,492.8800048828125,5.071118726107942e-05
MSFT,2026-09-09 12:53:00,492.7650146484375,-0.00023332991618298503
MSFT,2026-09-09 12:54:00,492.989990234375,0.0004564533555077784
MSFT,2026-09-09 12:55:00,492.9400024414063,-0.0001014023173711652
MSFT,2026-09-09 12:56:00,493.1499938964844,0.00042590728844685
MSFT,2026-09-09 12:57:00,493.4100036621094,0.0005271038199167789
MSFT,2026-09-09 12:58:00,493.2699890136719,-0.00028380964530888987
MSFT,2026-09-09 12:59:00,493.2160034179688,-0.00010945030374714762
MSFT,2026-09-09 13:00:00,493.2650146484375,9.93657852740567e-05
MSFT,2026-09-09 13:01:00,493.3299865722656,0.00013170941235585138
MSFT,2026-09-09 13:02:00,493.4249877929688,0.00019255280888322738
MSFT,2026-09-09 13:03:00,493.2914123535156,-0.00027074738040093986
MSFT,2026-09-09 13:04:00,492.9549865722656,-0.0006822347735117814
MSFT,2026-09-09 13:05:00,493.0343933105469,0.00016107016986810897
MSFT,2026-09-09 13:06:00,493.1749877929688,0.00028512096126490967
MSFT,2026-09-09 13:07:00,493.2200012207031,9.126856536560318e-05
MSFT,2026-09-09 13:08:00,492.9623107910156,-0.0005226020227977852
MSFT,2026-09-09 13:09:00,492.8299865722656,-0.0002684626769729976
MSFT,2026-09-09 13:10:00,493.0499877929688,0.00044630427653542993
MSFT,2026-09-09 13:11:00,492.7099914550781,-0.000689815692522241
MSFT,2026-09-09 13:12:00,492.6000061035156,-0.00022325025076742915
MSFT,2026-09-09 13:13:00,492.510009765625,-0.00018271327403288206
MSFT,2026-09-09 13:14:00,492.760009765625,0.0005074751091769142
MSFT,2026-09-09 13:15:00,492.8200073242188,0.0001217507612320088
MSFT,2026-09-09 13:16:00,492.8648986816406,9.108662855501808e-05
MSFT,2026-09-09 13:17:00,493.010009765625,0.0002943803190220986
MSFT,2026-09-09 13:18:00,492.8049926757813,-0.0004159342113715519
MSFT,2026-09-09 13:19:00,492.885009765625,0.00016235751569214588
MSFT,2026-09-09 13:20:00,492.8349914550781,-0.00010148583883423833
MSFT,2026-09-09 13:21:00,492.8599853515625,5.071324715634127e-05
MSFT,2026-09-09 13:22:00,492.8999938964844,8.117299502129199e-05
MSFT,2026-09-09 13:23:00,492.8500061035156,-0.00010142083289193218
MSFT,2026-09-09 13:24:00,492.9700012207031,0.00024344224480854517
MSFT,2026-09-09 13:25:00,492.9901123046875,4.0794924077186504e-05
MSFT,2026-09-09 13:26:00,493.1600036621094,0.0003445547616978924
MSFT,2026-09-09 13:27:00,493.0799865722656,-0.00016226697520206233
MSFT,2026-09-09 13:28:00,493.1499938964844,0.0001419695724583437
MSFT,2026-09-09 13:29:00,493.1050109863281,-9.121963379602315e-05
MSFT,2026-09-09 13:30:00,493.1950073242188,0.00018249282463693963
MSFT,2026-09-09 13:31:00,493.0299987792969,-0.0003346265719089638
MSFT,2026-09-09 13:32:00,493.3299865722656,0.0006082724495586446
MSFT,2026-09-09 13:33:00,493.1099853515625,-0.0004460509115860841
MSFT,2026-09-09 13:34:00,492.8399963378906,-0.0005476728544742908
MSFT,2026-09-09 13:35:00,492.7200012207031,-0.00024350646957598096
MSFT,2026-09-09 13:36:00,493.0,0.0005681101864239776
MSFT,2026-09-09 13:37:00,492.8550109863281,-0.0002941386169395875
MSFT,2026-09-09 13:38:00,492.6600036621094,-0.00039574704365800153
MSFT,2026-09-09 13:39:00,492.8999938964844,0.00048701294637147895
MSFT,2026-09-09 13:40:00,492.9649963378906,0.00013186885049036145
MSFT,2026-09-09 13:41:00,493.0050048828125,8.115570432032242e-05
MSFT,2026-09-09 13:42:00,493.0499877929688,9.123813686182628e-05
MSFT,2026-09-09 13:43:00,493.114990234375,0.00013182873646626887
MSFT,2026-09-09 13:44:00,493.0400085449219,-0.00015206877152261825
MSFT,2026-09-09 13:45:00,493.0799865722656,8.108146587344524e-05
MSFT,2026-09-09 13:46:00,493.1000061035156,4.060015697223107e-05
MSFT,2026-09-09 13:47:00,492.9849853515625,-0.00023328770536315023
MSFT,2026-09-09 13:48:00,492.864990234375,-0.00024343484455387364
MSFT,2026-09-09 13:49:00,492.9500122070313,0.00017249072626518566
MSFT,2026-09-09 13:50:00,492.9200134277344,-6.0857473147936124e-05
MSFT,2026-09-09 13:51:00,492.7000122070313,-0.00044642198542001134
MSFT,2026-09-09 13:52:00,492.7999877929688,0.0002028931228420834
MSFT,2026-09-09 13:53:00,493.260009765625,0.0009330507416771989
MSFT,2026-09-09 13:54:00,493.05999755859375,-0.00040557265043327065
MSFT,2026-09-09 13:55:00,493.2200012207031,0.00032445890357926855
MSFT,2026-09-09 13:56:00,493.0,-0.00044615040068157074
MSFT,2026-09-09 13:57:00,492.989990234375,-2.030399035385349e-05
MSFT,2026-09-09 13:58:00,493.1799926757813,0.0003853340642079698
MSFT,2026-09-09 13:59:00,493.0700073242188,-0.0002230374692389057
MSFT,2026-09-09 14:00:00,493.0750122070313,1.0150399207802241e-05
MSFT,2026-09-09 14:01:00,492.9599914550781,-0.00023329953206063848
MSFT,2026-09-09 14:02:00,493.010009765625,0.00010146010634777405
MSFT,2026-09-09 14:03:00,493.0700073242188,0.00012168902650504686
MSFT,2026-09-09 14:04:00,493.0350036621094,-7.099378207012951e-05
MSFT,2026-09-09 14:05:00,493.0101013183594,-5.0509542878954214e-05
MSFT,2026-09-09 14:06:00,492.75,-0.0005277172895266053
MSFT,2026-09-09 14:07:00,492.55999755859375,-0.0003856703864411617
MSFT,2026-09-09 14:08:00,492.5899963378906,6.09019529858315e-05
MSFT,2026-09-09 14:09:00,492.4849853515625,-0.0002132040477686475
MSFT,2026-09-09 14:10:00,492.3999938964844,-0.0001725916367492688
MSFT,2026-09-09 14:11:00,492.4100036621094,2.0328318457605998e-05
MSFT,2026-09-09 14:12:00,492.4334106445313,4.75344244300124e-05
MSFT,2026-09-09 14:13:00,492.1650085449219,-0.000545201172430893
MSFT,2026-09-09 14:14:00,492.114990234375,-0.00010163431269953115
MSFT,2026-09-09 14:15:00,491.9800109863281,-0.0002743215822169422
MSFT,2026-09-09 14:16:00,492.125,0.00029466167350495357
MSFT,2026-09-09 14:17:00,492.3500061035156,0.0004571088266101987
MSFT,2026-09-09 14:18:00,492.4049987792969,0.00011168803522859044
MSFT,2026-09-09 14:19:00,492.4287109375,4.815464372049908e-05
MSFT,2026-09-09 14:20:00,492.30999755859375,-0.00024110635330388806
MSFT,2026-09-09 14:21:00,492.3699951171875,0.00012186204475413586
MSFT,2026-09-09 14:22:00,492.385009765625,3.049418051031571e-05
MSFT,2026-09-09 14:23:00,492.341796875,-8.77662522464241e-05
MSFT,2026-09-09 14:24:00,492.4649963378906,0.00025020027153023494
MSFT,2026-09-09 14:25:00,492.3500061035156,-0.0002335265701934638
MSFT,2026-09-09 14:26:00,492.4500122070313,0.00020309931356624083
MSFT,2026-09-09 14:27:00,492.5799865722656,0.00026389930489376004
MSFT,2026-09-09 14:28:00,492.3299865722656,-0.0005076606231755268
MSFT,2026-09-09 14:29:00,492.4599914550781,0.0002640256023485082
MSFT,2026-09-09 14:30:00,492.2850036621094,-0.0003553971752652084
MSFT,2026-09-09 14:31:00,492.0600891113281,-0.00045698313802064726
MSFT,2026-09-09 14:32:00,491.8299865722656,-0.00046774034812335525
MSFT,2026-09-09 14:33:00,491.9700012207031,0.00028464047798362264
MSFT,2026-09-09 14:34:00,491.8900146484375,-0.00016259746539488664
MSFT,2026-09-09 14:35:00,492.0350036621094,0.00029471557694555137
MSFT,2026-09-09 14:36:00,492.0700073242188,7.11380629777796e-05
MSFT,2026-09-09 14:37:00,492.0899963378906,4.062147130578232e-05
MSFT,2026-09-09 14:38:00,492.2200012207031,0.000264154349525786
MSFT,2026-09-09 14:39:00,492.2049865722656,-3.0504403331600535e-05
MSFT,2026-09-09 14:40:00,492.4049987792969,0.00040627702899243934
MSFT,2026-09-09 14:41:00,492.5650024414063,0.0003248904297968922
MSFT,2026-09-09 14:42:00,492.3999938964844,-0.00033505464068084263
MSFT,2026-09-09 14:43:00,492.4200134277344,4.065622368330302e-05
MSFT,2026-09-09 14:44:00,492.2453918457031,-0.0003546820735788078
MSFT,2026-09-09 14:45:00,492.1780090332031,-0.00013689803095922758
MSFT,2026-09-09 14:46:00,492.1600036621094,-3.6583715885255676e-05
MSFT,2026-09-09 14:47:00,492.1000061035156,-0.00012191404318528271
MSFT,2026-09-09 14:48:00,492.1300048828125,6.0958879471921716e-05
MSFT,2026-09-09 14:49:00,491.9700012207031,-0.00032517764968376334
MSFT,2026-09-09 14:50:00,492.0,6.097498758899499e-05
MSFT,2026-09-09 14:51:00,492.1799926757813,0.000365771869226257
MSFT,2026-09-09 14:52:00,492.260009765625,0.00016256367035374304
MSFT,2026-09-09 14:53:00,492.2149963378906,-9.144656286177286e-05
MSFT,2026-09-09 14:54:00,492.1000061035156,-0.0002336451940951825
MSFT,2026-09-09 14:55:00,492.0750122070313,-5.079156862287124e-05
MSFT,2026-09-09 14:56:00,491.9700012207031,-0.00021342720158915217
MSFT,2026-09-09 14:57:00,491.7799987792969,-0.0003862819695427372
MSFT,2026-09-09 14:58:00,491.8949890136719,0.0002337972121396271
MSFT,2026-09-09 14:59:00,491.9599914550781,0.00013213825775401316
MSFT,2026-09-09 15:00:00,492.0400085449219,0.0001626363618294191
MSFT,2026-09-09 15:01:00,492.0,-8.131487459148037e-05
MSFT,2026-09-09 15:02:00,491.8200073242188,-0.0003659057072420261
MSFT,2026-09-09 15:03:00,491.8949890136719,0.00015244596225011248
MSFT,2026-09-09 15:04:00,491.7999877929688,-0.00019315178635314096
MSFT,2026-09-09 15:05:00,491.760009765625,-8.129250369079745e-05
MSFT,2026-09-09 15:06:00,491.6700134277344,-0.00018302540296582902
MSFT,2026-09-09 15:07:00,491.8200988769531,0.00030520988163697027
MSFT,2026-09-09 15:08:00,491.8800048828125,0.00012179729513990291
MSFT,2026-09-09 15:09:00,491.7160034179688,-0.00033347322473745297
MSFT,2026-09-09 15:10:00,491.6000061035156,-0.00023593089885259256
MSFT,2026-09-09 15:11:00,491.5799865722656,-4.0724041176419694e-05
MSFT,2026-09-09 15:12:00,491.5700073242188,-2.030056066541255e-05
MSFT,2026-09-09 15:13:00,491.4800109863281,-0.00018309615272022958
MSFT,2026-09-09 15:14:00,491.3900146484375,-0.00018312968306058775
MSFT,2026-09-09 15:15:00,491.3599853515625,-6.11127893855621e-05
MSFT,2026-09-09 15:16:00,491.2749938964844,-0.0001729868304812819
MSFT,2026-09-09 15:17:00,491.1400146484375,-0.00027479068972312634
MSFT,2026-09-09 15:18:00,491.4500122070313,0.0006309804911636129
MSFT,2026-09-09 15:19:00,491.4400024414063,-2.0368027909852644e-05
MSFT,2026-09-09 15:20:00,491.4400024414063,0.0
MSFT,2026-09-09 15:21:00,491.43011474609375,-2.012004463257027e-05
MSFT,2026-09-09 15:22:00,491.6549987792969,0.0004575067489717201
MSFT,2026-09-09 15:23:00,491.7799987792969,0.00025421100730296147
MSFT,2026-09-09 15:24:00,491.8299865722656,0.00010164149155914133
MSFT,2026-09-09 15:25:00,491.8500061035156,4.070334133433136e-05
MSFT,2026-09-09 15:26:00,491.7699890136719,-0.0001626991936265408
MSFT,2026-09-09 15:27:00,491.7200012207031,-0.00010165389278621873
MSFT,2026-09-09 15:28:00,491.7200012207031,0.0
MSFT,2026-09-09 15:29:00,491.7149963378906,-1.0178370354867405e-05
MSFT,2026-09-09 15:30:00,491.510009765625,-0.00041696778247726145
MSFT,2026-09-09 15:31:00,491.4599914550781,-0.00010176976006988669
MSFT,2026-09-09 15:32:00,491.3800048828125,-0.00016276621370777623
MSFT,2026-09-09 15:33:00,491.55999755859375,0.0003662332946995905
MSFT,2026-09-09 15:34:00,491.5499877929688,-2.036347056679604e-05
MSFT,2026-09-09 15:35:00,491.614990234375,0.0001322309947031176
MSFT,2026-09-09 15:36:00,491.3949890136719,-0.0004476073061731903
MSFT,2026-09-09 15:37:00,491.4400024414063,9.159915582433151e-05
MSFT,2026-09-09 15:38:00,491.3586120605469,-0.00016562982455316407
MSFT,2026-09-09 15:39:00,491.4100036621094,0.00010458535363707508
MSFT,2026-09-09 15:40:00,491.510009765625,0.00020348777620669882
MSFT,2026-09-09 15:41:00,491.4800109863281,-6.103577589370478e-05
MSFT,2026-09-09 15:42:00,491.2900085449219,-0.0003866671550770213
MSFT,2026-09-09 15:43:00,491.4500122070313,0.00032562765359002357
MSFT,2026-09-09 15:44:00,491.3800048828125,-0.0001424606963969525
MSFT,2026-09-09 15:45:00,491.2300109863281,-0.00030529690360774834
MSFT,2026-09-09 15:46:00,491.2799987792969,0.00010175528496405496
MSFT,2026-09-09 15:47:00,491.3450012207031,0.00013230365907863174
MSFT,2026-09-09 15:48:00,491.3299865722656,-3.055872719912122e-05
MSFT,2026-09-09 15:49:00,491.55999755859375,0.000468029981463758
MSFT,2026-09-09 15:50:00,491.5,-0.00012206286252567734
MSFT,2026-09-09 15:51:00,491.5899963378906,0.00018308870698973903
MSFT,2026-09-09 15:52:00,491.4299926757813,-0.00032553491345151337
MSFT,2026-09-09 15:53:00,491.3599853515625,-0.00014246650027455253
MSFT,2026-09-09 15:54:00,491.6900024414063,0.000671414691703011
MSFT,2026-09-09 15:55:00,491.635009765625,-0.00011185045667701063
MSFT,2026-09-09 15:56:00,491.6300048828125,-1.0180129950706487e-05
MSFT,2026-09-09 15:57:00,491.5199890136719,-0.00022380281804979535
MSFT,2026-09-09 15:58:00,491.6600036621094,0.0002848199727966505
MSFT,2026-09-09 15:59:00,491.7699890136719,0.00022367703413602306
MSFT,2026-09-10 09:30:00,487.8999938964844,-0.00790065086241938
MSFT,2026-09-10 09:31:00,486.5499877929688,-0.0027708081329814106
MSFT,2026-09-10 09:32:00,487.1900024414063,0.0013145495656344305
MSFT,2026-09-10 09:33:00,488.1600036621094,0.0019890327255455225
MSFT,2026-09-10 09:34:00,487.8699951171875,-0.0005942615571636861
MSFT,2026-09-10 09:35:00,488.1499938964844,0.0005737562552607117
MSFT,2026-09-10 09:36:00,487.8150024414063,-0.0006864825469984915
MSFT,2026-09-10 09:37:00,486.7394104003906,-0.0022073523316278485
MSFT,2026-09-10 09:38:00,487.6449890136719,0.0018587712910003691
MSFT,2026-09-10 09:39:00,488.0050048828125,0.0007380021272647338
MSFT,2026-09-10 09:40:00,488.1700134277344,0.0003380716437081097
MSFT,2026-09-10 09:41:00,487.7575073242188,-0.0008453622206774717
MSFT,2026-09-10 09:42:00,488.5799865722656,0.0016848260929210963
MSFT,2026-09-10 09:43:00,488.8699951171875,0.0005933982482264323
MSFT,2026-09-10 09:44:00,488.6650085449219,-0.00041939485440891175
MSFT,2026-09-10 09:45:00,489.80999755859375,0.0023403552040608205
MSFT,2026-09-10 09:46:00,490.260009765625,0.0009183267221602459
MSFT,2026-09-10 09:47:00,490.6600036621094,0.0008155484915777411
MSFT,2026-09-10 09:48:00,490.5199890136719,-0.00028540053901026497
MSFT,2026-09-10 09:49:00,490.7950134277344,0.0005605221984356524
MSFT,2026-09-10 09:50:00,490.4299926757813,-0.0007440103269294079
MSFT,2026-09-10 09:51:00,490.9800109863281,0.0011208737756481485
MSFT,2026-09-10 09:52:00,490.4800109863281,-0.001018890290102224
MSFT,2026-09-10 09:53:00,490.8999938964844,0.0008559027771209772
MSFT,2026-09-10 09:54:00,490.3800048828125,-0.0010598179173942448
MSFT,2026-09-10 09:55:00,490.0400085449219,-0.0006935728501325243
MSFT,2026-09-10 09:56:00,489.6099853515625,-0.0008779119556123728
MSFT,2026-09-10 09:57:00,489.989990234375,0.0007758368953538456
MSFT,2026-09-10 09:58:00,489.8299865722656,-0.0003265980839727246
MSFT,2026-09-10 09:59:00,489.3659973144531,-0.0009476944353825535
MSFT,2026-09-10 10:00:00,489.5799865722656,0.00043718297994574005
MSFT,2026-09-10 10:01:00,489.489990234375,-0.00018384046140933183
MSFT,2026-09-10 10:02:00,489.3450012207031,-0.0002962481235304991
MSFT,2026-09-10 10:03:00,489.4450073242188,0.00020434639297627636
MSFT,2026-09-10 10:04:00,489.1950073242188,-0.0005109131073655961
MSFT,2026-09-10 10:05:00,489.0499877929688,-0.0002964891883653202
MSFT,2026-09-10 10:06:00,489.2900085449219,0.0004906694148599889
MSFT,2026-09-10 10:07:00,489.260009765625,-6.131271523164402e-05
MSFT,2026-09-10 10:08:00,488.9649963378906,-0.0006031606937822993
MSFT,2026-09-10 10:09:00,488.6449890136719,-0.0006546728049901378
MSFT,2026-09-10 10:10:00,489.1300048828125,0.00099208082012439
MSFT,2026-09-10 10:11:00,490.1749877929688,0.0021341325012905793
MSFT,2026-09-10 10:12:00,490.7300109863281,0.001131655467720621
MSFT,2026-09-10 10:13:00,490.7650146484375,7.132723286409277e-05
MSFT,2026-09-10 10:14:00,490.1749877929688,-0.001202982700584811
MSFT,2026-09-10 10:15:00,489.9549865722656,-0.0004489225514002784
MSFT,2026-09-10 10:16:00,490.0899963378906,0.00027551748916298277
MSFT,2026-09-10 10:17:00,489.0950012207031,-0.002032293105246357
MSFT,2026-09-10 10:18:00,489.3999938964844,0.0006233914065585626
MSFT,2026-09-10 10:19:00,490.1900024414063,0.0016129374925162787
MSFT,2026-09-10 10:20:00,490.1400146484375,-0.00010198156159800581
MSFT,2026-09-10 10:21:00,490.4949951171875,0.0007239808506124138
MSFT,2026-09-10 10:22:00,490.4750061035156,-4.075356769268654e-05
MSFT,2026-09-10 10:23:00,489.9599914550781,-0.0010505840715387552
MSFT,2026-09-10 10:24:00,490.6900024414063,0.0014888311338765174
MSFT,2026-09-10 10:25:00,490.5750122070313,-0.00023437141482634527
MSFT,2026-09-10 10:26:00,490.5950012207031,4.074526004876473e-05
MSFT,2026-09-10 10:27:00,490.5150146484375,-0.00016305321757819843
MSFT,2026-09-10 10:28:00,490.8800048828125,0.0007438192449303783
MSFT,2026-09-10 10:29:00,490.8800048828125,0.0
MSFT,2026-09-10 10:30:00,491.385009765625,0.0010282457784327717
MSFT,2026-09-10 10:31:00,491.3599853515625,-5.0927583843658236e-05
MSFT,2026-09-10 10:32:00,491.7699890136719,0.0008340782939581952
MSFT,2026-09-10 10:33:00,491.99749755859375,0.00046252504190897735
MSFT,2026-09-10 10:34:00,491.6900024414063,-0.0006251886441641019
MSFT,2026-09-10 10:35:00,491.7550048828125,0.00013219334282385116
MSFT,2026-09-10 10:36:00,492.3999938964844,0.001310746999844426
MSFT,2026-09-10 10:37:00,492.5400085449219,0.00028431102205939265
MSFT,2026-09-10 10:38:00,493.0750122070313,0.001085624109597419
MSFT,2026-09-10 10:39:00,493.1650085449219,0.0001825039265224687
MSFT,2026-09-10 10:40:00,492.8900146484375,-0.0005577658389145453
MSFT,2026-09-10 10:41:00,493.1400146484375,0.0005070839587618882
MSFT,2026-09-10 10:42:00,492.4299926757813,-0.001440835435765881
MSFT,2026-09-10 10:43:00,492.0750122070313,-0.0007211349508087118
MSFT,2026-09-10 10:44:00,492.1700134277344,0.00019304384279071761
MSFT,2026-09-10 10:45:00,491.6799926757813,-0.0009961290632366044
MSFT,2026-09-10 10:46:00,491.75970458984375,0.0001621083925300881
MSFT,2026-09-10 10:47:00,491.6408081054688,-0.00024180683947049316
MSFT,2026-09-10 10:48:00,492.2999877929688,0.001339876929313014
MSFT,2026-09-10 10:49:00,492.3900146484375,0.00018285319338324192
MSFT,2026-09-10 10:50:00,491.8200073242188,-0.0011583043765522837
MSFT,2026-09-10 10:51:00,492.5199890136719,0.0014222358332450931
MSFT,2026-09-10 10:52:00,492.4201049804688,-0.00020282255571592845
MSFT,2026-09-10 10:53:00,492.6000061035156,0.00036527401425150423
MSFT,2026-09-10 10:54:00,492.3299865722656,-0.0005483019910505382
MSFT,2026-09-10 10:55:00,492.3299865722656,0.0
MSFT,2026-09-10 10:56:00,492.5350036621094,0.00041633542635389906
MSFT,2026-09-10 10:57:00,492.5,-7.107090000655428e-05
MSFT,2026-09-10 10:58:00,492.48150634765625,-3.7551268174526477e-05
MSFT,2026-09-10 10:59:00,492.7099914550781,0.00046383898364519774
MSFT,2026-09-10 11:00:00,492.3399963378906,-0.0007512210327854274
MSFT,2026-09-10 11:01:00,491.8900146484375,-0.0009143832555045435
MSFT,2026-09-10 11:02:00,492.0700073242188,0.0003658536399234135
MSFT,2026-09-10 11:03:00,492.0499877929688,-4.068514277134471e-05
MSFT,2026-09-10 11:04:00,491.5216064453125,-0.0010744137012095305
MSFT,2026-09-10 11:05:00,491.8699951171875,0.000708545173452241
MSFT,2026-09-10 11:06:00,491.489990234375,-0.0007728703778652679
MSFT,2026-09-10 11:07:00,491.5450134277344,0.00011194554255310163
MSFT,2026-09-10 11:08:00,491.8059997558594,0.0005308101191822175
MSFT,2026-09-10 11:09:00,491.44830322265625,-0.0007275768799567358
MSFT,2026-09-10 11:10:00,491.7300109863281,0.0005730552989418766
MSFT,2026-09-10 11:11:00,491.3699951171875,-0.0007324094863165419
MSFT,2026-09-10 11:12:00,491.4649963378906,0.00019332079509776904
MSFT,2026-09-10 11:13:00,491.4374084472656,-5.61355644221628e-05
MSFT,2026-09-10 11:14:00,491.5450134277344,0.00021893571747367817
MSFT,2026-09-10 11:15:00,491.6099853515625,0.00013217025596861748
MSFT,2026-09-10 11:16:00,491.7300109863281,0.0002441182821987711
MSFT,2026-09-10 11:17:00,491.7550048828125,5.082720343772477e-05
MSFT,2026-09-10 11:18:00,491.9599914550781,0.0004167600900581215
MSFT,2026-09-10 11:19:00,491.9249877929688,-7.115397198326215e-05
MSFT,2026-09-10 11:20:00,491.8500061035156,-0.00015243666501705405
MSFT,2026-09-10 11:21:00,491.6900024414063,-0.00032536279588171995
MSFT,2026-09-10 11:22:00,492.1199951171875,0.0008741376977844395
MSFT,2026-09-10 11:23:00,492.0700073242188,-0.00010158159072476061
MSFT,2026-09-10 11:24:00,492.4200134277344,0.000711040459291803
MSFT,2026-09-10 11:25:00,492.135009765625,-0.0005789491970609813
MSFT,2026-09-10 11:26:00,491.9949951171875,-0.00028454502695271706
MSFT,2026-09-10 11:27:00,492.239990234375,0.0004978386785549946
MSFT,2026-09-10 11:28:00,492.3450012207031,0.00021331015125697326
MSFT,2026-09-10 11:29:00,492.3299865722656,-3.04966585417189e-05
MSFT,2026-09-10 11:30:00,492.375,9.142520527375779e-05
MSFT,2026-09-10 11:31:00,492.4800109863281,0.00021325166761535262
MSFT,2026-09-10 11:32:00,492.5299987792969,0.00010149702544364823
MSFT,2026-09-10 11:33:00,492.8500061035156,0.0006495105114432266
MSFT,2026-09-10 11:34:00,492.4949951171875,-0.0007205821336680769
MSFT,2026-09-10 11:35:00,492.5400085449219,9.13945750117077e-05
MSFT,2026-09-10 11:36:00,492.7900085449219,0.0005074442085970318
MSFT,2026-09-10 11:37:00,492.6950073242188,-0.0001928009446466765
MSFT,2026-09-10 11:38:00,492.0,-0.001411619708558102
MSFT,2026-09-10 11:39:00,491.8699951171875,-0.00026427248358889215
MSFT,2026-09-10 11:40:00,491.9100036621094,8.133636584102892e-05
MSFT,2026-09-10 11:41:00,491.875,-7.116120289261631e-05
MSFT,2026-09-10 11:42:00,492.0199890136719,0.00029472457191125957
MSFT,2026-09-10 11:43:00,492.0950012207031,0.0001524460208835976
MSFT,2026-09-10 11:44:00,492.1046142578125,1.9534730472286493e-05
MSFT,2026-09-10 11:45:00,491.8699951171875,-0.0004768804862156884
MSFT,2026-09-10 11:46:00,491.5750122070313,-0.0005998971306087761
MSFT,2026-09-10 11:47:00,492.0799865722656,0.0010267307342961168
MSFT,2026-09-10 11:48:00,492.4200134277344,0.0006907605261332293
MSFT,2026-09-10 11:49:00,492.5549926757813,0.00027407649545523635
MSFT,2026-09-10 11:50:00,492.3500061035156,-0.0004162565434830414
MSFT,2026-09-10 11:51:00,492.489990234375,0.0002842779178804191
MSFT,2026-09-10 11:52:00,492.510009765625,4.064879442191834e-05
MSFT,2026-09-10 11:53:00,491.8004150390625,-0.00144181110269126
MSFT,2026-09-10 11:54:00,491.7200012207031,-0.00016352241846560067
MSFT,2026-09-10 11:55:00,491.7200012207031,0.0
MSFT,2026-09-10 11:56:00,491.4500122070313,-0.0005492214302127604
MSFT,2026-09-10 11:57:00,491.4299926757813,-4.0736470684716223e-05
MSFT,2026-09-10 11:58:00,491.6799926757813,0.0005085901051028483
MSFT,2026-09-10 11:59:00,491.3900146484375,-0.000589943815991797
MSFT,2026-09-10 12:00:00,491.9800109863281,0.001199947920526099
MSFT,2026-09-10 12:01:00,492.1715087890625,0.00038916325647678565
MSFT,2026-09-10 12:02:00,491.8949890136719,-0.0005619940995572506
MSFT,2026-09-10 12:03:00,491.5400085449219,-0.000721919567736143
MSFT,2026-09-10 12:04:00,491.9599914550781,0.0008540578254900945
MSFT,2026-09-10 12:05:00,491.8200073242188,-0.000284584220004033
MSFT,2026-09-10 12:06:00,491.5750122070313,-0.0004982639069556009
MSFT,2026-09-10 12:07:00,491.2950134277344,-0.0005697575052013689
MSFT,2026-09-10 12:08:00,491.3550109863281,0.00012211378858732524
MSFT,2026-09-10 12:09:00,491.1900024414063,-0.00033587987159482125
MSFT,2026-09-10 12:10:00,491.260009765625,0.00014251579921084208
MSFT,2026-09-10 12:11:00,491.739990234375,0.0009765625776101702
MSFT,2026-09-10 12:12:00,491.8200988769531,0.00016289526922075277
MSFT,2026-09-10 12:13:00,492.0849914550781,0.0005384514972590834
MSFT,2026-09-10 12:14:00,491.7999877929688,-0.0005793434722393383
MSFT,2026-09-10 12:15:00,492.3349914550781,0.0010872567810191885
MSFT,2026-09-10 12:16:00,492.1000061035156,-0.00047740146705118984
MSFT,2026-09-10 12:17:00,492.5,0.0008125003372124797
MSFT,2026-09-10 12:18:00,492.385009765625,-0.00023350997072207208
MSFT,2026-09-10 12:19:00,492.3800048828125,-1.0164623515485731e-05
MSFT,2026-09-10 12:20:00,492.5249938964844,0.00029442233494380253
MSFT,2026-09-10 12:21:00,492.5899963378906,0.000131969246524452
MSFT,2026-09-10 12:22:00,492.8450012207031,0.0005175478628956693
MSFT,2026-09-10 12:23:00,492.625,-0.00044648994710224076
MSFT,2026-09-10 12:24:00,492.7598876953125,0.0002737766690748851
MSFT,2026-09-10 12:25:00,492.6400146484375,-0.00024329827348516025
MSFT,2026-09-10 12:26:00,492.7200012207031,0.0001623499455084632
MSFT,2026-09-10 12:27:00,492.6549987792969,-0.00013193442395133606
MSFT,2026-09-10 12:28:00,493.135009765625,0.0009738605993252179
MSFT,2026-09-10 12:29:00,493.01849365234375,-0.00023630421312623604
MSFT,2026-09-10 12:30:00,492.9500122070313,-0.00013891203423967928
MSFT,2026-09-10 12:31:00,493.2000122070313,0.0005070222565866537
MSFT,2026-09-10 12:32:00,493.2474060058594,9.608986346247805e-05
MSFT,2026-09-10 12:33:00,493.0700073242188,-0.00035971925701792397
MSFT,2026-09-10 12:34:00,492.739990234375,-0.0006695349062990801
MSFT,2026-09-10 12:35:00,492.635009765625,-0.00021307719223076068
MSFT,2026-09-10 12:36:00,492.8299865722656,0.0003957051948254752
MSFT,2026-09-10 12:37:00,492.9100036621094,0.00016234928239132032
MSFT,2026-09-10 12:38:00,492.6911010742188,-0.0004442011893817776
MSFT,2026-09-10 12:39:00,492.5799865722656,-0.0002255511276387427
MSFT,2026-09-10 12:40:00,492.625,9.13788061961773e-05
MSFT,2026-09-10 12:41:00,492.6900024414063,0.00013194245766999117
MSFT,2026-09-10 12:42:00,492.7099914550781,4.057035477648612e-05
MSFT,2026-09-10 12:43:00,492.8800048828125,0.00034499828539728356
MSFT,2026-09-10 12:44:00,492.9549865722656,0.0001521181338613493
MSFT,2026-09-10 12:45:00,493.0700073242188,0.00023330190043230646
MSFT,2026-09-10 12:46:00,493.4009094238281,0.0006708806238530245
MSFT,2026-09-10 12:47:00,493.3485107421875,-0.00010620463639299326
MSFT,2026-09-10 12:48:00,493.2265930175781,-0.000247153460016083
MSFT,2026-09-10 12:49:00,493.1300048828125,-0.00019584830735647028
MSFT,2026-09-10 12:50:00,493.0950012207031,-7.098514417595027e-05
MSFT,2026-09-10 12:51:00,493.2799987792969,0.00037510593995783263
MSFT,2026-09-10 12:52:00,493.3900146484375,0.00022300438464600318
MSFT,2026-09-10 12:53:00,493.510009765625,0.00024317583303337458
MSFT,2026-09-10 12:54:00,493.635009765625,0.0002532555970903254
MSFT,2026-09-10 12:55:00,493.9400024414063,0.0006176597862597833
MSFT,2026-09-10 12:56:00,493.7999877929688,-0.00028350507372311987
MSFT,2026-09-10 12:57:00,493.7749938964844,-5.0616706484445474e-05
MSFT,2026-09-10 12:58:00,493.9299926757813,0.00031385643016184494
MSFT,2026-09-10 12:59:00,493.6900024414063,-0.00048599712497760964
MSFT,2026-09-10 13:00:00,493.739990234375,0.00010124827761388012
MSFT,2026-09-10 13:01:00,493.9111022949219,0.0003465030587284075
MSFT,2026-09-10 13:02:00,493.8623046875,-9.880324195129893e-05
MSFT,2026-09-10 13:03:00,493.8200073242188,-8.564973330525795e-05
MSFT,2026-09-10 13:04:00,493.9649963378906,0.00029356391153037044
MSFT,2026-09-10 13:05:00,494.0700073242188,0.00021256531668277913
MSFT,2026-09-10 13:06:00,493.864990234375,-0.00041504166426633025
MSFT,2026-09-10 13:07:00,493.7799987792969,-0.00017210932315423394
MSFT,2026-09-10 13:08:00,493.760009765625,-4.048243818307382e-05
MSFT,2026-09-10 13:09:00,493.947509765625,0.00037966705435479484
MSFT,2026-09-10 13:10:00,494.4400024414063,0.0009965579501112988
MSFT,2026-09-10 13:11:00,494.4249877929688,-3.03674386026789e-05
MSFT,2026-09-10 13:12:00,494.3399963378906,-0.00017191437126429639
MSFT,2026-09-10 13:13:00,494.2900085449219,-0.00010112538111215265
MSFT,2026-09-10 13:14:00,494.1799926757813,-0.00022259829728570396
MSFT,2026-09-10 13:15:00,494.1993103027344,3.908950116073718e-05
MSFT,2026-09-10 13:16:00,494.3299865722656,0.00026438522501155833
MSFT,2026-09-10 13:17:00,494.1449890136719,-0.0003743090423589787
MSFT,2026-09-10 13:18:00,493.68499755859375,-0.0009313171184894639
MSFT,2026-09-10 13:19:00,493.6300048828125,-0.00011139844062361605
MSFT,2026-09-10 13:20:00,493.4400024414063,-0.0003849827111411431
MSFT,2026-09-10 13:21:00,493.3411865234375,-0.0002002792906961484
MSFT,2026-09-10 13:22:00,493.2980041503906,-8.753427490539532e-05
MSFT,2026-09-10 13:23:00,493.1449890136719,-0.0003102361494914831
MSFT,2026-09-10 13:24:00,492.9299011230469,-0.00043625062596689416
MSFT,2026-09-10 13:25:00,493.0999145507813,0.00034484439865149237
MSFT,2026-09-10 13:26:00,492.9700012207031,-0.0002634971998475316
MSFT,2026-09-10 13:27:00,493.010009765625,8.115488041962818e-05
MSFT,2026-09-10 13:28:00,492.8700866699219,-0.00028385418703254613
MSFT,2026-09-10 13:29:00,492.6400146484375,-0.00046690952301011254
MSFT,2026-09-10 13:30:00,492.7749938964844,0.00027395411622635685
MSFT,2026-09-10 13:31:00,492.6300048828125,-0.00029427294340451157
MSFT,2026-09-10 13:32:00,492.5499877929688,-0.00016244156522564115
MSFT,2026-09-10 13:33:00,492.3900146484375,-0.00032483835673538123
MSFT,2026-09-10 13:34:00,492.4949951171875,0.00021318320028565482
MSFT,2026-09-10 13:35:00,492.4500122070313,-9.134095782602511e-05
MSFT,2026-09-10 13:36:00,492.3800048828125,-0.0001421713861720197
MSFT,2026-09-10 13:37:00,491.9800109863281,-0.0008126984275094466
MSFT,2026-09-10 13:38:00,492.0650024414063,0.00017273895833978643
MSFT,2026-09-10 13:39:00,491.7950134277344,-0.0005488362492516592
MSFT,2026-09-10 13:40:00,491.9200134277344,0.0002541386423104863
MSFT,2026-09-10 13:41:00,492.260009765625,0.000690923090092653
MSFT,2026-09-10 13:42:00,492.3110046386719,0.00010358800400656144
MSFT,2026-09-10 13:43:00,492.2900085449219,-4.264893793943848e-05
MSFT,2026-09-10 13:44:00,492.4800109863281,0.00038588186073012197
MSFT,2026-09-10 13:45:00,492.3800048828125,-0.0002030869407792254
MSFT,2026-09-10 13:46:00,492.3699951171875,-2.0329556994833006e-05
MSFT,2026-09-10 13:47:00,492.4049987792969,7.1089664829168e-05
MSFT,2026-09-10 13:48:00,492.2650146484375,-0.00028432699258332744
MSFT,2026-09-10 13:49:00,492.3999938964844,0.00027416278169935596
MSFT,2026-09-10 13:50:00,492.5759887695313,0.00035735871334340534
MSFT,2026-09-10 13:51:00,492.6449890136719,0.0001400705949413005
MSFT,2026-09-10 13:52:00,492.68499755859375,8.12084184772099e-05
MSFT,2026-09-10 13:53:00,492.5499877929688,-0.0002740661232646998
MSFT,2026-09-10 13:54:00,492.3800048828125,-0.00034516750044774147
MSFT,2026-09-10 13:55:00,492.2699890136719,-0.00022346188042530107
MSFT,2026-09-10 13:56:00,492.4549865722656,0.00037573447481644166
MSFT,2026-09-10 13:57:00,492.239990234375,-0.0004366760192161564
MSFT,2026-09-10 13:58:00,492.281005859375,8.332097575659722e-05
MSFT,2026-09-10 13:59:00,492.1199951171875,-0.0003271242988651783
MSFT,2026-09-10 14:00:00,492.0950012207031,-5.07895055099896e-05
MSFT,2026-09-10 14:01:00,491.8949890136719,-0.0004065330171463164
MSFT,2026-09-10 14:02:00,491.8949890136719,0.0
MSFT,2026-09-10 14:03:00,491.7749938964844,-0.0002439743407188919
MSFT,2026-09-10 14:04:00,491.8150024414063,8.135207778229362e-05
MSFT,2026-09-10 14:05:00,491.8500061035156,7.116988369022716e-05
MSFT,2026-09-10 14:06:00,491.6449890136719,-0.0004169153759424326
MSFT,2026-09-10 14:07:00,491.6300048828125,-3.0478006566881328e-05
MSFT,2026-09-10 14:08:00,491.60009765625,-6.083464388342882e-05
MSFT,2026-09-10 14:09:00,491.3999938964844,-0.00040712867526498334
MSFT,2026-09-10 14:10:00,491.3800048828125,-4.0678511364599596e-05
MSFT,2026-09-10 14:11:00,491.3258056640625,-0.00011030609206388532
MSFT,2026-09-10 14:12:00,491.2699890136719,-0.00011361060316556856
MSFT,2026-09-10 14:13:00,491.1903076171875,-0.00016220787126433364
MSFT,2026-09-10 14:14:00,491.0880126953125,-0.00020828093245969133
MSFT,2026-09-10 14:15:00,491.0199890136719,-0.000138525868094035
MSFT,2026-09-10 14:16:00,490.3810119628906,-0.0013021734040129286
MSFT,2026-09-10 14:17:00,490.6400146484375,0.0005280267895160536
MSFT,2026-09-10 14:18:00,490.7300109863281,0.00018340959228857305
MSFT,2026-09-10 14:19:00,490.9671020507813,0.00048302285076361813
MSFT,2026-09-10 14:20:00,491.2099914550781,0.0004945939196794635
MSFT,2026-09-10 14:21:00,491.1000061035156,-0.00022393206278152532
MSFT,2026-09-10 14:22:00,491.3508911132813,0.0005107329352133025
MSFT,2026-09-10 14:23:00,491.1749877929688,-0.00035806348915244613
MSFT,2026-09-10 14:24:00,491.125,-0.00010177704089004895
MSFT,2026-09-10 14:25:00,490.875,-0.0005091649804501415
MSFT,2026-09-10 14:26:00,490.875,0.0
MSFT,2026-09-10 14:27:00,490.885009765625,2.0391471491577543e-05
MSFT,2026-09-10 14:28:00,490.8924865722656,1.5231163208909368e-05
MSFT,2026-09-10 14:29:00,490.864990234375,-5.6014522012592274e-05
MSFT,2026-09-10 14:30:00,490.8200073242188,-9.164428569148535e-05
MSFT,2026-09-10 14:31:00,490.8599853515625,8.144818609734939e-05
MSFT,2026-09-10 14:32:00,490.8349914550781,-5.091988261174908e-05
MSFT,2026-09-10 14:33:00,490.739990234375,-0.000193568953512385
MSFT,2026-09-10 14:34:00,490.989990234375,0.0005093050235353488
MSFT,2026-09-10 14:35:00,491.0700073242188,0.00016295764051043986
MSFT,2026-09-10 14:36:00,490.875,-0.000397185841015384
MSFT,2026-09-10 14:37:00,490.7999877929688,-0.00015282493311927258
MSFT,2026-09-10 14:38:00,490.8299865722656,6.112034084025126e-05
MSFT,2026-09-10 14:39:00,490.8550109863281,5.0982574105068614e-05
MSFT,2026-09-10 14:40:00,491.125,0.0005498869986241195
MSFT,2026-09-10 14:41:00,491.1199951171875,-1.0190701581372725e-05
MSFT,2026-09-10 14:42:00,491.2749938964844,0.0003155528729613889
MSFT,2026-09-10 14:43:00,491.4299926757813,0.0003154533307557551
MSFT,2026-09-10 14:44:00,491.3800048828125,-0.00010172422571214824
MSFT,2026-09-10 14:45:00,491.3450012207031,-7.123795956507633e-05
MSFT,2026-09-10 14:46:00,491.4249877929688,0.000162777808310208
MSFT,2026-09-10 14:47:00,491.4400024414063,3.055281974200794e-05
MSFT,2026-09-10 14:48:00,491.2380065917969,-0.00041111300059141624
MSFT,2026-09-10 14:49:00,491.2923889160156,0.00011069850769583939
MSFT,2026-09-10 14:50:00,491.2449951171875,-9.647225568221742e-05
MSFT,2026-09-10 14:51:00,491.4580993652344,0.00043371034971586355
MSFT,2026-09-10 14:52:00,491.6400146484375,0.0003700857171554983
MSFT,2026-09-10 14:53:00,491.2999877929688,-0.000691856813615102
MSFT,2026-09-10 14:54:00,491.2950134277344,-1.0124955303691526e-05
MSFT,2026-09-10 14:55:00,491.4500122070313,0.00031544047853521016
MSFT,2026-09-10 14:56:00,491.1700134277344,-0.0005699024639649596
MSFT,2026-09-10 14:57:00,490.9200134277344,-0.000509118305987645
MSFT,2026-09-10 14:58:00,490.8900146484375,-6.110913200792799e-05
MSFT,2026-09-10 14:59:00,490.8200073242188,-0.0001426232243135603
MSFT,2026-09-10 15:00:00,490.6600036621094,-0.0003260456896438814
MSFT,2026-09-10 15:01:00,490.5700073242188,-0.00018343576355242468
MSFT,2026-09-10 15:02:00,490.625,0.00011209326469926146
MSFT,2026-09-10 15:03:00,490.5700073242188,-0.00011209326469925623
MSFT,2026-09-10 15:04:00,490.5499877929688,-4.080954695128268e-05
MSFT,2026-09-10 15:05:00,490.7000122070313,0.0003057822476056594
MSFT,2026-09-10 15:06:00,490.8399963378906,0.0002852336748166428
MSFT,2026-09-10 15:07:00,490.9500122070313,0.00022411283195727943
MSFT,2026-09-10 15:08:00,490.8999938964844,-0.00010188584871271272
MSFT,2026-09-10 15:09:00,491.2699890136719,0.0007534238291286296
MSFT,2026-09-10 15:10:00,491.0,-0.0005497246652972081
MSFT,2026-09-10 15:11:00,490.9500122070313,-0.00010181331511875472
MSFT,2026-09-10 15:12:00,491.0750122070313,0.000254575998711854
MSFT,2026-09-10 15:13:00,491.135009765625,0.00012216849212727283
MSFT,2026-09-10 15:14:00,491.0750122070313,-0.00012216849212719216
MSFT,2026-09-10 15:15:00,490.739990234375,-0.0006824544029702046
MSFT,2026-09-10 15:16:00,490.9299926757813,0.00038710044533622664
MSFT,2026-09-10 15:17:00,490.9100036621094,-4.071745650871143e-05
MSFT,2026-09-10 15:18:00,490.9649963378906,0.00011201563506295673
MSFT,2026-09-10 15:19:00,490.9299926757813,-7.129817855428696e-05
MSFT,2026-09-10 15:20:00,490.7300109863281,-0.00040743575468819653
MSFT,2026-09-10 15:21:00,490.7695007324219,8.046819309351824e-05
MSFT,2026-09-10 15:22:00,490.68011474609375,-0.00018215094318765055
MSFT,2026-09-10 15:23:00,490.7349853515625,0.00011181936271502752
MSFT,2026-09-10 15:24:00,490.9800109863281,0.0004991787652579693
MSFT,2026-09-10 15:25:00,490.6099853515625,-0.0007539311803774813
MSFT,2026-09-10 15:26:00,490.5199890136719,-0.0001834544667769497
MSFT,2026-09-10 15:27:00,490.3999938964844,-0.0002446583205085967
MSFT,2026-09-10 15:28:00,490.2500915527344,-0.00030572035253301395
MSFT,2026-09-10 15:29:00,490.2699890136719,4.0585524630459455e-05
MSFT,2026-09-10 15:30:00,490.1400146484375,-0.00026514288004066204
MSFT,2026-09-10 15:31:00,490.2850036621094,0.0002957676763057331
MSFT,2026-09-10 15:32:00,490.3999938964844,0.00023451003163760457
MSFT,2026-09-10 15:33:00,490.510009765625,0.00022431389055302089
MSFT,2026-09-10 15:34:00,490.6099853515625,0.00020379889673239268
MSFT,2026-09-10 15:35:00,490.6346130371094,5.0196832863994485e-05
MSFT,2026-09-10 15:36:00,490.8399963378906,0.00041851985128760595
MSFT,2026-09-10 15:37:00,490.8500061035156,2.0392925670010625e-05
MSFT,2026-09-10 15:38:00,491.2000122070313,0.0007128071112660477
MSFT,2026-09-10 15:39:00,491.0501098632813,-0.0003052223492684432
MSFT,2026-09-10 15:40:00,491.0499877929688,-2.485903683246631e-07
MSFT,2026-09-10 15:41:00,491.3299865722656,0.0005700417235394559
MSFT,2026-09-10 15:42:00,491.3500061035156,4.074476208318e-05
MSFT,2026-09-10 15:43:00,491.5799865722656,0.0004679488359504061
MSFT,2026-09-10 15:44:00,491.5950012207031,3.0543186360657994e-05
MSFT,2026-09-10 15:45:00,491.4700012207031,-0.0002543066844272356
MSFT,2026-09-10 15:46:00,491.260009765625,-0.00042736347913794443
MSFT,2026-09-10 15:47:00,491.427001953125,0.0003398685178822128
MSFT,2026-09-10 15:48:00,491.385009765625,-8.545314266581176e-05
MSFT,2026-09-10 15:49:00,491.7694091796875,0.0007819716338407386
MSFT,2026-09-10 15:50:00,491.9700012207031,0.0004078154065496618
MSFT,2026-09-10 15:51:00,491.8599853515625,-0.0002236481325040725
MSFT,2026-09-10 15:52:00,491.9750061035156,0.0002338212270882586
MSFT,2026-09-10 15:53:00,491.8450012207031,-0.0002642859112466756
MSFT,2026-09-10 15:54:00,492.3999938964844,0.0011277532267998894
MSFT,2026-09-10 15:55:00,492.5499877929688,0.00030457160349730796
MSFT,2026-09-10 15:56:00,492.7300109863281,0.00036542545385201614
MSFT,2026-09-10 15:57:00,492.6600036621094,-0.0001420905901131834
MSFT,2026-09-10 15:58:00,492.7000122070313,8.120594361359704e-05
MSFT,2026-09-10 15:59:00,492.489990234375,-0.00042635831731408804
MSFT,2026-09-11 09:30:00,495.4750061035156,0.006042774720533091
MSFT,2026-09-11 09:31:00,493.7000122070313,-0.003588840738502981
MSFT,2026-09-11 09:32:00,494.55999755859375,0.0017404034568620711
MSFT,2026-09-11 09:33:00,496.4549865722656,0.0038243444420722464
MSFT,2026-09-11 09:34:00,496.5499877929688,0.00019134087632086634
MSFT,2026-09-11 09:35:00,496.5199890136719,-6.041624458838794e-05
MSFT,2026-09-11 09:36:00,496.6099853515625,0.00018123778449940047
MSFT,2026-09-11 09:37:00,497.6199951171875,0.002031743425380502
MSFT,2026-09-11 09:38:00,498.6799926757813,0.0021278690585935563
MSFT,2026-09-11 09:39:00,496.5299987792969,-0.004320690627471662
MSFT,2026-09-11 09:40:00,495.77191162109375,-0.0015279368058104818
MSFT,2026-09-11 09:41:00,495.7999877929688,5.66296239318578e-05
MSFT,2026-09-11 09:42:00,495.4750061035156,-0.0006556842512869591
MSFT,2026-09-11 09:43:00,495.7250061035156,0.0005044390682453128
MSFT,2026-09-11 09:44:00,495.510009765625,-0.0004337948878320447
MSFT,2026-09-11 09:45:00,495.989990234375,0.0009681906328677278
MSFT,2026-09-11 09:46:00,496.1900024414063,0.0004031772686752694
MSFT,2026-09-11 09:47:00,495.4800109863281,-0.0014319109517814544
MSFT,2026-09-11 09:48:00,495.572509765625,0.00018666776508538898
MSFT,2026-09-11 09:49:00,495.7701110839844,0.0003986539402633229
MSFT,2026-09-11 09:50:00,496.8150024414063,0.0021053947498441794
MSFT,2026-09-11 09:51:00,496.10009765625,-0.0014400121593953483
MSFT,2026-09-11 09:52:00,496.75,0.0013091652770287504
MSFT,2026-09-11 09:53:00,495.8550109863281,-0.001803313999634497
MSFT,2026-09-11 09:54:00,496.7799987792969,0.001863702270432343
MSFT,2026-09-11 09:55:00,497.0499877929688,0.0005433303964695211
MSFT,2026-09-11 09:56:00,497.25,0.00040231763488804943
MSFT,2026-09-11 09:57:00,497.6400146484375,0.0007840357480203752
MSFT,2026-09-11 09:58:00,497.7550048828125,0.00023104442483680776
MSFT,2026-09-11 09:59:00,498.5499877929688,0.0015958628827937547
MSFT,2026-09-11 10:00:00,498.0,-0.0011037837650795846
MSFT,2026-09-11 10:01:00,497.1900024414063,-0.0016278253106815246
MSFT,2026-09-11 10:02:00,497.1099853515625,-0.00016095160615289063
MSFT,2026-09-11 10:03:00,497.5499877929688,0.0008847294190719666
MSFT,2026-09-11 10:04:00,498.1199951171875,0.0011449725235748898
MSFT,2026-09-11 10:05:00,497.1400146484375,-0.001969296014793446
MSFT,2026-09-11 10:06:00,497.4700012207031,0.000663549691051361
MSFT,2026-09-11 10:07:00,497.375,-0.00019098697963063874
MSFT,2026-09-11 10:08:00,496.9700012207031,-0.0008146041890801544
MSFT,2026-09-11 10:09:00,497.06048583984375,0.00018205602457547072
MSFT,2026-09-11 10:10:00,496.68499755859375,-0.0007557031561756085
MSFT,2026-09-11 10:11:00,496.0450134277344,-0.0012893419407816879
MSFT,2026-09-11 10:12:00,496.0499877929688,1.0028001811025835e-05
MSFT,2026-09-11 10:13:00,496.25,0.0004031285139582995
MSFT,2026-09-11 10:14:00,495.6549987792969,-0.001199714272640055
MSFT,2026-09-11 10:15:00,495.5350036621094,-0.00024212334159578794
MSFT,2026-09-11 10:16:00,495.5799865722656,9.07723334432675e-05
MSFT,2026-09-11 10:17:00,494.760009765625,-0.0016559504756935809
MSFT,2026-09-11 10:18:00,495.30999755859375,0.001111008000389368
MSFT,2026-09-11 10:19:00,495.2999877929688,-2.0209296844021385e-05
MSFT,2026-09-11 10:20:00,495.3399963378906,8.077312764378013e-05
MSFT,2026-09-11 10:21:00,495.260009765625,-0.00016149116080482748
MSFT,2026-09-11 10:22:00,495.3399963378906,0.00016149116080472963
MSFT,2026-09-11 10:23:00,495.6549987792969,0.000635729652657026
MSFT,2026-09-11 10:24:00,495.7300109863281,0.00015132810449124077
MSFT,2026-09-11 10:25:00,495.4500122070313,-0.0005649806900723359
MSFT,2026-09-11 10:26:00,495.3900146484375,-0.00012110443066681276
MSFT,2026-09-11 10:27:00,494.9599914550781,-0.0008684267536424049
MSFT,2026-09-11 10:28:00,495.1449890136719,0.0003736928192381495
MSFT,2026-09-11 10:29:00,495.1300048828125,-3.0262565353866118e-05
MSFT,2026-09-11 10:30:00,495.5049133300781,0.0007569054114120035
MSFT,2026-09-11 10:31:00,495.2900085449219,-0.00043380276539913676
MSFT,2026-09-11 10:32:00,495.0050048828125,-0.0005755934668226681
MSFT,2026-09-11 10:33:00,494.7550048828125,-0.0005051729769843506
MSFT,2026-09-11 10:34:00,494.6159973144531,-0.0002810019072024099
MSFT,2026-09-11 10:35:00,494.7699890136719,0.00031128740974748127
MSFT,2026-09-11 10:36:00,495.1199951171875,0.0007071616517239894
MSFT,2026-09-11 10:37:00,495.1400146484375,4.043287834572016e-05
MSFT,2026-09-11 10:38:00,494.9049987792969,-0.0004747579561887042
MSFT,2026-09-11 10:39:00,494.8900146484375,-3.0277240554375307e-05
MSFT,2026-09-11 10:40:00,494.7699890136719,-0.0002425593333264763
MSFT,2026-09-11 10:41:00,494.6050109863281,-0.0003334994898250401
MSFT,2026-09-11 10:42:00,494.4599914550781,-0.0002932457056538413
MSFT,2026-09-11 10:43:00,493.8399963378906,-0.001254670051964503
MSFT,2026-09-11 10:44:00,494.239990234375,0.0008096387413373862
MSFT,2026-09-11 10:45:00,494.2850036621094,9.107190621059746e-05
MSFT,2026-09-11 10:46:00,494.1199951171875,-0.000333888530832274
MSFT,2026-09-11 10:47:00,493.6050109863281,-0.0010427683299334962
MSFT,2026-09-11 10:48:00,493.739990234375,0.0002734186099506648
MSFT,2026-09-11 10:49:00,493.3999938964844,-0.0006888513418579591
MSFT,2026-09-11 10:50:00,493.444091796875,8.937156549703277e-05
MSFT,2026-09-11 10:51:00,493.4800109863281,7.279017579499033e-05
MSFT,2026-09-11 10:52:00,493.3381042480469,-0.0002876046498715138
MSFT,2026-09-11 10:53:00,493.5199890136719,0.0003686138238646132
MSFT,2026-09-11 10:54:00,493.3349914550781,-0.0003749234982285368
MSFT,2026-09-11 10:55:00,493.55999755859375,0.0004559879418158576
MSFT,2026-09-11 10:56:00,493.3800048828125,-0.0003647489762934342
MSFT,2026-09-11 10:57:00,493.3450012207031,-7.094917410127504e-05
MSFT,2026-09-11 10:58:00,492.8949890136719,-0.0009125816083676395
MSFT,2026-09-11 10:59:00,493.0031127929688,0.0002193406793912228
MSFT,2026-09-11 11:00:00,493.0,-6.313961748064932e-06
MSFT,2026-09-11 11:01:00,493.2200012207031,0.0004461504006814657
MSFT,2026-09-11 11:02:00,493.0150146484375,-0.0004156951881024931
MSFT,2026-09-11 11:03:00,493.0799865722656,0.0001317761956844333
MSFT,2026-09-11 11:04:00,492.9750061035156,-0.0002129302522200207
MSFT,2026-09-11 11:05:00,493.2349853515625,0.0005272290005609556
MSFT,2026-09-11 11:06:00,494.3299865722656,0.002217578995955406
MSFT,2026-09-11 11:07:00,494.4299926757813,0.0002022859054888716
MSFT,2026-09-11 11:08:00,494.0750122070313,-0.000718216867402475
MSFT,2026-09-11 11:09:00,494.1950073242188,0.00024283872910391455
MSFT,2026-09-11 11:10:00,494.1549987792969,-8.096027661598676e-05
MSFT,2026-09-11 11:11:00,494.0899963378906,-0.00013155126880716816
MSFT,2026-09-11 11:12:00,494.4299926757813,0.0006878896837218317
MSFT,2026-09-11 11:13:00,494.2200012207031,-0.00042480444956759055
MSFT,2026-09-11 11:14:00,494.4400024414063,0.0004450493061711237
MSFT,2026-09-11 11:15:00,494.7030029296875,0.0005317744614292676
MSFT,2026-09-11 11:16:00,494.6199951171875,-0.00016780730430541
MSFT,2026-09-11 11:17:00,495.2000122070313,0.0011719649066290194
MSFT,2026-09-11 11:18:00,495.43499755859375,0.00047441359058238755
MSFT,2026-09-11 11:19:00,495.1449890136719,-0.0005855328335698116
MSFT,2026-09-11 11:20:00,495.2999877929688,0.0003129881703514837
MSFT,2026-09-11 11:21:00,495.6252136230469,0.0006564084580570166
MSFT,2026-09-11 11:22:00,495.5700073242188,-0.0001113933919746331
MSFT,2026-09-11 11:23:00,495.4500122070313,-0.00024216487136287173
MSFT,2026-09-11 11:24:00,495.7900085449219,0.000686002066313082
MSFT,2026-09-11 11:25:00,495.8699951171875,0.00016131854091856895
MSFT,2026-09-11 11:26:00,496.1199951171875,0.0005040373547191061
MSFT,2026-09-11 11:27:00,496.7000122070313,0.0011684235844405856
MSFT,2026-09-11 11:28:00,496.6900024414063,-2.015274057064773e-05
MSFT,2026-09-11 11:29:00,496.7799987792969,0.00018117575372418005
MSFT,2026-09-11 11:30:00,496.6600036621094,-0.0002415749667341215
MSFT,2026-09-11 11:31:00,496.6549987792969,-1.0077131222761258e-05
MSFT,2026-09-11 11:32:00,496.7699890136719,0.00023150260221264
MSFT,2026-09-11 11:33:00,497.05999755859375,0.0005836180374345968
MSFT,2026-09-11 11:34:00,496.7049865722656,-0.0007144767769025797
MSFT,2026-09-11 11:35:00,496.3900146484375,-0.000634323874356779
MSFT,2026-09-11 11:36:00,496.2900085449219,-0.00020148708852276264
MSFT,2026-09-11 11:37:00,496.1059875488281,-0.0003708620327516062
MSFT,2026-09-11 11:38:00,496.4400024414063,0.0006730467072671392
MSFT,2026-09-11 11:39:00,496.4049987792969,-7.051183635093615e-05
MSFT,2026-09-11 11:40:00,496.6050109863281,0.0004028402690187158
MSFT,2026-09-11 11:41:00,497.1900024414063,0.0011772881021557618
MSFT,2026-09-11 11:42:00,496.9460144042969,-0.0004908544462203348
MSFT,2026-09-11 11:43:00,497.1199951171875,0.0003500385547853678
MSFT,2026-09-11 11:44:00,496.7200012207031,-0.0008049463083713127
MSFT,2026-09-11 11:45:00,496.5499877929688,-0.00034233074848754176
MSFT,2026-09-11 11:46:00,496.3550109863281,-0.00039274010985250067
MSFT,2026-09-11 11:47:00,496.3500061035156,-1.008332329619349e-05
MSFT,2026-09-11 11:48:00,495.8900146484375,-0.0009271778569916515
MSFT,2026-09-11 11:49:00,496.0549926757813,0.0003326354337122494
MSFT,2026-09-11 11:50:00,496.0050048828125,-0.00010077574568908409
MSFT,2026-09-11 11:51:00,496.0,-1.0090438632675435e-05
MSFT,2026-09-11 11:52:00,495.9400024414063,-0.00012097013633729497
MSFT,2026-09-11 11:53:00,495.4400024414063,-0.001008695031031041
MSFT,2026-09-11 11:54:00,495.3116149902344,-0.00025917182396012874
MSFT,2026-09-11 11:55:00,495.30999755859375,-3.265488295733275e-06
MSFT,2026-09-11 11:56:00,495.0450134277344,-0.0005351295934151509
MSFT,2026-09-11 11:57:00,494.4100036621094,-0.0012835547687148068
MSFT,2026-09-11 11:58:00,494.3858947753906,-4.876413173161248e-05
MSFT,2026-09-11 11:59:00,494.5650024414063,0.0003622175144954483
MSFT,2026-09-11 12:00:00,495.510009765625,0.001908961643401069
MSFT,2026-09-11 12:01:00,495.7250061035156,0.0004337948878320053
MSFT,2026-09-11 12:02:00,496.010009765625,0.0005747577032063871
MSFT,2026-09-11 12:03:00,496.0750122070313,0.0001310420781680287
MSFT,2026-09-11 12:04:00,496.30999755859375,0.0004735769961091369
MSFT,2026-09-11 12:05:00,496.4007873535156,0.00018291288168694345
MSFT,2026-09-11 12:06:00,496.5150146484375,0.00023008455539836066
MSFT,2026-09-11 12:07:00,495.7850036621094,-0.0014713516165596509
MSFT,2026-09-11 12:08:00,495.9599914550781,0.000352888687406972
MSFT,2026-09-11 12:09:00,496.0450134277344,0.00017141440304425693
MSFT,2026-09-11 12:10:00,496.010009765625,-7.056798525389703e-05
MSFT,2026-09-11 12:11:00,496.1099853515625,0.000201539303245509
MSFT,2026-09-11 12:12:00,495.8949890136719,-0.0004334581918692941
MSFT,2026-09-11 12:13:00,495.5750122070313,-0.000645459403422444
MSFT,2026-09-11 12:14:00,495.7200012207031,0.00029252445082799045
MSFT,2026-09-11 12:15:00,495.8450012207031,0.000252126689333415
MSFT,2026-09-11 12:16:00,495.6799926757813,-0.0003328378960911257
MSFT,2026-09-11 12:17:00,495.5700073242188,-0.00022191243785897317
MSFT,2026-09-11 12:18:00,495.739990234375,0.00034294602544267326
MSFT,2026-09-11 12:19:00,495.9599914550781,0.0004436850426020497
MSFT,2026-09-11 12:20:00,495.80999755859375,-0.0003024771858184195
MSFT,2026-09-11 12:21:00,495.8399963378906,6.050275700226285e-05
MSFT,2026-09-11 12:22:00,495.7225036621094,-0.00023698491286459517
MSFT,2026-09-11 12:23:00,495.8949890136719,0.0003478868708471195
MSFT,2026-09-11 12:24:00,495.7799987792969,-0.00023191113279215478
MSFT,2026-09-11 12:25:00,495.7349853515625,-9.079727182289823e-05
MSFT,2026-09-11 12:26:00,495.3999938964844,-0.0006759754722576591
MSFT,2026-09-11 12:27:00,495.4049987792969,1.0102659654650096e-05
MSFT,2026-09-11 12:28:00,495.4200134277344,3.0307366595894696e-05
MSFT,2026-09-11 12:29:00,495.2749938964844,-0.0002927632242287921
MSFT,2026-09-11 12:30:00,495.3200073242188,9.088159683825829e-05
MSFT,2026-09-11 12:31:00,495.1499938964844,-0.0003432984930278295
MSFT,2026-09-11 12:32:00,495.4400024414063,0.0005855269168467884
MSFT,2026-09-11 12:33:00,495.7449951171875,0.0006154102133472413
MSFT,2026-09-11 12:34:00,495.7099914550781,-7.06106935725024e-05
MSFT,2026-09-11 12:35:00,495.5450134277344,-0.0003328669778298682
MSFT,2026-09-11 12:36:00,495.43499755859375,-0.00022203448782606654
MSFT,2026-09-11 12:37:00,495.2749938964844,-0.0003230080747758573
MSFT,2026-09-11 12:38:00,495.239990234375,-7.067770338611872e-05
MSFT,2026-09-11 12:39:00,495.0499877929688,-0.0003837309231709486
MSFT,2026-09-11 12:40:00,495.4299926757813,0.0007673146534014104
MSFT,2026-09-11 12:41:00,495.2099914550781,-0.00044415979133529293
MSFT,2026-09-11 12:42:00,495.1799926757813,-6.057973078616566e-05
MSFT,2026-09-11 12:43:00,495.3900146484375,0.00042404267088715347
MSFT,2026-09-11 12:44:00,495.5899963378906,0.0004036038869619881
MSFT,2026-09-11 12:45:00,495.5450134277344,-9.077049997009922e-05
MSFT,2026-09-11 12:46:00,495.6749877929688,0.0002622512980352318
MSFT,2026-09-11 12:47:00,495.6499938964844,-5.0425232797276864e-05
MSFT,2026-09-11 12:48:00,495.6300048828125,-4.032970240334112e-05
MSFT,2026-09-11 12:49:00,495.4750061035156,-0.0003127797334134319
MSFT,2026-09-11 12:50:00,495.25,-0.0004542251502647828
MSFT,2026-09-11 12:51:00,494.625,-0.0012627858730719106
MSFT,2026-09-11 12:52:00,494.7200012207031,0.00019204872087682517
MSFT,2026-09-11 12:53:00,494.7200012207031,0.0
MSFT,2026-09-11 12:54:00,494.7200012207031,0.0
MSFT,2026-09-11 12:55:00,494.6199951171875,-0.00020216731199875176
MSFT,2026-09-11 12:56:00,494.5935974121094,-5.337109251991047e-05
MSFT,2026-09-11 12:57:00,494.2601013183594,-0.0006745105101436397
MSFT,2026-09-11 12:58:00,494.3500061035156,0.00018188117788618801
MSFT,2026-09-11 12:59:00,494.1900024414063,-0.0003237171224705625
MSFT,2026-09-11 13:00:00,494.4299926757813,0.00048550553352041476
MSFT,2026-09-11 13:01:00,494.4299926757813,0.0
MSFT,2026-09-11 13:02:00,494.635009765625,0.0004145674799410134
MSFT,2026-09-11 13:03:00,494.8399963378906,0.00041433401335815034
MSFT,2026-09-11 13:04:00,494.760009765625,-0.0001616543491238756
MSFT,2026-09-11 13:05:00,494.8399963378906,0.00016165434912380022
MSFT,2026-09-11 13:06:00,494.7250061035156,-0.0002324056218821093
MSFT,2026-09-11 13:07:00,494.6900024414063,-7.075627885489698e-05
MSFT,2026-09-11 13:08:00,494.75,0.00012127578937411643
MSFT,2026-09-11 13:09:00,494.6530151367188,-0.0001960472367843154
MSFT,2026-09-11 13:10:00,494.760009765625,0.00021627899902333506
MSFT,2026-09-11 13:11:00,494.5400085449219,-0.00044476138736032823
MSFT,2026-09-11 13:12:00,494.6549987792969,0.00023249255008687416
MSFT,2026-09-11 13:13:00,494.5700988769531,-0.0001716493096532452
MSFT,2026-09-11 13:14:00,494.5499877929688,-4.066459524602184e-05
MSFT,2026-09-11 13:15:00,494.55999755859375,2.0239944543237546e-05
MSFT,2026-09-11 13:16:00,494.8800048828125,0.0006468453561348155
MSFT,2026-09-11 13:17:00,494.7699890136719,-0.00022233288591382282
MSFT,2026-09-11 13:18:00,494.9500122070313,0.0003637861114715154
MSFT,2026-09-11 13:19:00,495.0899963378906,0.00028278479775352487
MSFT,2026-09-11 13:20:00,495.3200073242188,0.00046447630701008556
MSFT,2026-09-11 13:21:00,495.1600036621094,-0.00032308307432050087
MSFT,2026-09-11 13:22:00,495.30999755859375,0.00030287418588374325
MSFT,2026-09-11 13:23:00,495.2950134277344,-3.0252483470912083e-05
MSFT,2026-09-11 13:24:00,495.6199951171875,0.0006559224520817105
MSFT,2026-09-11 13:25:00,495.64990234375,6.034123834119875e-05
MSFT,2026-09-11 13:26:00,495.5299987792969,-0.00024194107427348926
MSFT,2026-09-11 13:27:00,495.4800109863281,-0.00010088251888184396
MSFT,2026-09-11 13:28:00,495.25,-0.00046432628043966865
MSFT,2026-09-11 13:29:00,495.2799987792969,6.057116764371501e-05
MSFT,2026-09-11 13:30:00,495.3800048828125,0.00020189793367170466
MSFT,2026-09-11 13:31:00,495.4049987792969,5.045271455934684e-05
MSFT,2026-09-11 13:32:00,495.375,-6.0555883935874866e-05
MSFT,2026-09-11 13:33:00,495.4700012207031,0.00019175798611729898
MSFT,2026-09-11 13:34:00,495.1799926757813,-0.0005854914550915055
MSFT,2026-09-11 13:35:00,495.05999755859375,-0.0002423556288541081
MSFT,2026-09-11 13:36:00,495.2799987792969,0.00044429433353325296
MSFT,2026-09-11 13:37:00,495.25,-6.057116764363297e-05
MSFT,2026-09-11 13:38:00,495.25,0.0
MSFT,2026-09-11 13:39:00,494.9599914550781,-0.0005857516197905754
MSFT,2026-09-11 13:40:00,495.0700073242188,0.00022224754750708238
MSFT,2026-09-11 13:41:00,495.0650024414063,-1.0109495701449449e-05
MSFT,2026-09-11 13:42:00,494.9450073242188,-0.00024241192834707583
MSFT,2026-09-11 13:43:00,494.86279296875,-0.00016612185847304686
MSFT,2026-09-11 13:44:00,494.8800048828125,3.478057956387484e-05
MSFT,2026-09-11 13:45:00,494.75,-0.0002627343207438787
MSFT,2026-09-11 13:46:00,494.7099914550781,-8.08694546301806e-05
MSFT,2026-09-11 13:47:00,494.8999938964844,0.00038399459696923454
MSFT,2026-09-11 13:48:00,494.9100036621094,2.022563047448869e-05
MSFT,2026-09-11 13:49:00,495.1400146484375,0.00046464519208607564
MSFT,2026-09-11 13:50:00,495.0899963378906,-0.00010102362084464251
MSFT,2026-09-11 13:51:00,495.1300048828125,8.080738602406574e-05
MSFT,2026-09-11 13:52:00,495.0499877929688,-0.00016162130240918206
MSFT,2026-09-11 13:53:00,495.0799865722656,6.0595639123427906e-05
MSFT,2026-09-11 13:54:00,495.1449890136719,0.00013128822863950218
MSFT,2026-09-11 13:55:00,495.1799926757813,7.069126351700862e-05
MSFT,2026-09-11 13:56:00,495.3250122070313,0.00029281938318597296
MSFT,2026-09-11 13:57:00,495.2200012207031,-0.0002120266828828106
MSFT,2026-09-11 13:58:00,495.1549987792969,-0.00013126834077912733
MSFT,2026-09-11 13:59:00,495.2437133789063,0.00017914926333746146
MSFT,2026-09-11 14:00:00,495.3299865722656,0.00017418833870044178
MSFT,2026-09-11 14:01:00,495.4299926757813,0.00020187756055951698
MSFT,2026-09-11 14:02:00,495.4200134277344,-2.0142802615580837e-05
MSFT,2026-09-11 14:03:00,495.5150146484375,0.0001917405648250697
MSFT,2026-09-11 14:04:00,495.3349914550781,-0.00036337123526521267
MSFT,2026-09-11 14:05:00,495.3049926757813,-6.056444275724902e-05
MSFT,2026-09-11 14:06:00,495.5,0.00039363412210922764
MSFT,2026-09-11 14:07:00,495.4200134277344,-0.00016143900891181354
MSFT,2026-09-11 14:08:00,495.4150085449219,-1.010235347273813e-05
MSFT,2026-09-11 14:09:00,495.4800109863281,0.00013119945144189914
MSFT,2026-09-11 14:10:00,495.4981994628906,3.6708126117661746e-05
MSFT,2026-09-11 14:11:00,495.4200134277344,-0.00015780522408692147
MSFT,2026-09-11 14:12:00,495.4200134277344,0.0
MSFT,2026-09-11 14:13:00,495.5000915527344,0.00016162377727892374
MSFT,2026-09-11 14:14:00,495.7298889160156,0.0004636610512716617
MSFT,2026-09-11 14:15:00,495.6400146484375,-0.00018131328679884748
MSFT,2026-09-11 14:16:00,495.8299865722656,0.0003832126557919782
MSFT,2026-09-11 14:17:00,495.7200012207031,-0.00022184529951613507
MSFT,2026-09-11 14:18:00,495.5450134277344,-0.0003530595596547541
MSFT,2026-09-11 14:19:00,495.6799926757813,0.0002723483528968809
MSFT,2026-09-11 14:20:00,495.4049987792969,-0.0005549350578658022
MSFT,2026-09-11 14:21:00,495.3200073242188,-0.00017157426079476357
MSFT,2026-09-11 14:22:00,495.3349914550781,3.0250956950591014e-05
MSFT,2026-09-11 14:23:00,495.4100036621094,0.00015142586143622556
MSFT,2026-09-11 14:24:00,495.4700012207031,0.00012109954458953573
MSFT,2026-09-11 14:25:00,495.526611328125,0.00011424884155330547
MSFT,2026-09-11 14:26:00,495.5299987792969,6.8360397122801285e-06
MSFT,2026-09-11 14:27:00,495.7099914550781,0.0003631666993519929
MSFT,2026-09-11 14:28:00,495.9249877929688,0.0004336199221662377
MSFT,2026-09-11 14:29:00,495.9150085449219,-2.0122697378789788e-05
MSFT,2026-09-11 14:30:00,495.9150085449219,0.0
MSFT,2026-09-11 14:31:00,495.760009765625,-0.000312599949977777
MSFT,2026-09-11 14:32:00,495.9100036621094,0.0003025076801703564
MSFT,2026-09-11 14:33:00,495.7799987792969,-0.00026218855335271137
MSFT,2026-09-11 14:34:00,495.9700012207031,0.00038316600701972735
MSFT,2026-09-11 14:35:00,496.1300048828125,0.00032255551358184326
MSFT,2026-09-11 14:36:00,496.25,0.00024183300183786154
MSFT,2026-09-11 14:37:00,496.2300109863281,-4.028093957218963e-05
MSFT,2026-09-11 14:38:00,496.0249938964844,-0.00041323468614891493
MSFT,2026-09-11 14:39:00,496.0499877929688,5.0387111762790595e-05
MSFT,2026-09-11 14:40:00,496.0499877929688,0.0
MSFT,2026-09-11 14:41:00,496.2000122070313,0.00030239237128893
MSFT,2026-09-11 14:42:00,496.1600036621094,-8.063312568784795e-05
MSFT,2026-09-11 14:43:00,496.0799865722656,-0.00016128575910010021
MSFT,2026-09-11 14:44:00,496.0950012207031,3.0266129711714227e-05
MSFT,2026-09-11 14:45:00,495.9049987792969,-0.0003830694430034721
MSFT,2026-09-11 14:46:00,495.9200134277344,3.027680942482953e-05
MSFT,2026-09-11 14:47:00,496.0400085449219,0.0002419353907714527
MSFT,2026-09-11 14:48:00,496.0150146484375,-5.038812546749499e-05
MSFT,2026-09-11 14:49:00,496.14990234375,0.0002719057967751485
MSFT,2026-09-11 14:50:00,496.2850036621094,0.0002722623284938922
MSFT,2026-09-11 14:51:00,496.3399963378906,0.00011080252026199009
MSFT,2026-09-11 14:52:00,496.3349914550781,-1.0083628325606752e-05
MSFT,2026-09-11 14:53:00,496.4100036621094,0.0001511207964642105
MSFT,2026-09-11 14:54:00,496.4500122070313,8.059251919538313e-05
MSFT,2026-09-11 14:55:00,496.5499877929688,0.00020136069743258573
MSFT,2026-09-11 14:56:00,496.6099853515625,0.00012082153991101162
MSFT,2026-09-11 14:57:00,496.6099853515625,0.0
MSFT,2026-09-11 14:58:00,496.5899963378906,-4.025173991759313e-05
MSFT,2026-09-11 14:59:00,496.6199951171875,6.040772759860058e-05
MSFT,2026-09-11 15:00:00,496.6950073242188,0.00015103407678229954
MSFT,2026-09-11 15:01:00,496.6499938964844,-9.062999805693246e-05
MSFT,2026-09-11 15:02:00,496.7477111816406,0.00019673346328846216
MSFT,2026-09-11 15:03:00,496.7349853515625,-2.561862450799394e-05
MSFT,2026-09-11 15:04:00,496.9699096679688,0.00047282512536769513
MSFT,2026-09-11 15:05:00,496.875,-0.00019099492754667995
MSFT,2026-09-11 15:06:00,496.8952026367188,4.065856808347051e-05
MSFT,2026-09-11 15:07:00,496.9624938964844,0.0001354142753094958
MSFT,2026-09-11 15:08:00,496.9400024414063,-4.5258876327966355e-05
MSFT,2026-09-11 15:09:00,496.8699951171875,-0.0001408867379209534
MSFT,2026-09-11 15:10:00,496.8250122070313,-9.053665330980921e-05
MSFT,2026-09-11 15:11:00,496.9100036621094,0.00017105456470398845
MSFT,2026-09-11 15:12:00,497.0400085449219,0.00026159239792199
MSFT,2026-09-11 15:13:00,497.1700134277344,0.0002615239852350291
MSFT,2026-09-11 15:14:00,497.1749877929688,1.0005310487457617e-05
MSFT,2026-09-11 15:15:00,497.135009765625,-8.041360835860983e-05
MSFT,2026-09-11 15:16:00,497.1700134277344,7.040829787104301e-05
MSFT,2026-09-11 15:17:00,497.010009765625,-0.00032188066498636174
MSFT,2026-09-11 15:18:00,496.9400024414063,-0.0001408668916437454
MSFT,2026-09-11 15:19:00,496.9450073242188,1.0071351843251896e-05
MSFT,2026-09-11 15:20:00,497.1499938964844,0.00041240842156774833
MSFT,2026-09-11 15:21:00,496.9100036621094,-0.00048284859993780296
MSFT,2026-09-11 15:22:00,496.80999755859375,-0.00020127622213576645
MSFT,2026-09-11 15:23:00,496.9249877929688,0.00023143038452564751
MSFT,2026-09-11 15:24:00,496.8900146484375,-7.038159911014251e-05
MSFT,2026-09-11 15:25:00,496.9150085449219,5.029939657452274e-05
MSFT,2026-09-11 15:26:00,497.0700073242188,0.0003118734751102276
MSFT,2026-09-11 15:27:00,497.05999755859375,-2.013773968445715e-05
MSFT,2026-09-11 15:28:00,496.989990234375,-0.00014085272409673842
MSFT,2026-09-11 15:29:00,497.1400146484375,0.00030182051535422355
MSFT,2026-09-11 15:30:00,496.9800109863281,-0.00032190009126685135
MSFT,2026-09-11 15:31:00,497.04010009765625,0.00012090119853965931
MSFT,2026-09-11 15:32:00,496.9599914550781,-0.00016118437700827316
MSFT,2026-09-11 15:33:00,496.8999938964844,-0.00012073644084869309
MSFT,2026-09-11 15:34:00,496.9847106933594,0.00017047610590840382
MSFT,2026-09-11 15:35:00,497.0409851074219,0.00011322527045402967
MSFT,2026-09-11 15:36:00,496.9200134277344,-0.0002434133340504364
MSFT,2026-09-11 15:37:00,497.0700073242188,0.0003018016166992743
MSFT,2026-09-11 15:38:00,497.14990234375,0.00016071900980102794
MSFT,2026-09-11 15:39:00,497.1099853515625,-8.029488608151383e-05
MSFT,2026-09-11 15:40:00,497.1300048828125,4.0271023996958264e-05
MSFT,2026-09-11 15:41:00,497.010009765625,-0.0002414048645102812
MSFT,2026-09-11 15:42:00,497.0700073242188,0.00012070971679380878
MSFT,2026-09-11 15:43:00,496.9801025390625,-0.00018088582156851812
MSFT,2026-09-11 15:44:00,496.8200073242188,-0.00032218796242761247
MSFT,2026-09-11 15:45:00,496.8548889160156,7.020725177440253e-05
MSFT,2026-09-11 15:46:00,496.875,4.047595671911547e-05
MSFT,2026-09-11 15:47:00,496.9800109863281,0.00021132053580881038
MSFT,2026-09-11 15:48:00,496.9201049804688,-0.00012054733663775268
MSFT,2026-09-11 15:49:00,496.9599914550781,8.026415816917828e-05
MSFT,2026-09-11 15:50:00,496.739990234375,-0.0004427920465966904
MSFT,2026-09-11 15:51:00,496.739990234375,0.0
MSFT,2026-09-11 15:52:00,496.5899963378906,-0.00030200215366899723
MSFT,2026-09-11 15:53:00,496.6199951171875,6.040772759860058e-05
MSFT,2026-09-11 15:54:00,496.760009765625,0.0002818954452001699
MSFT,2026-09-11 15:55:00,496.3900146484375,-0.0007450941453143281
MSFT,2026-09-11 15:56:00,496.2049865722656,-0.00037281686506072465
MSFT,2026-09-11 15:57:00,496.239990234375,7.054025752938153e-05
MSFT,2026-09-11 15:58:00,496.0199890136719,-0.00044343464194706087
MSFT,2026-09-11 15:59:00,495.5799865722656,-0.000887459623069292
NVDA,2026-09-08 09:30:00,233.58999633789065,
NVDA,2026-09-08 09:31:00,233.17999267578125,-0.0017567700460918365
NVDA,2026-09-08 09:32:00,232.60389709472656,-0.0024736616592700915
NVDA,2026-09-08 09:33:00,232.15499877929688,-0.0019317476610307444
NVDA,2026-09-08 09:34:00,231.83999633789065,-0.0013577839981697818
NVDA,2026-09-08 09:35:00,230.4149932861328,-0.006165461045457768
NVDA,2026-09-08 09:36:00,230.8300018310547,0.0017995150573217236
NVDA,2026-09-08 09:37:00,230.65499877929688,-0.000758434444955613
NVDA,2026-09-08 09:38:00,230.8999938964844,0.0010616075834281305
NVDA,2026-09-08 09:39:00,230.80999755859372,-0.0003898392527604389
NVDA,2026-09-08 09:40:00,230.71710205078125,-0.0004025571159119036
NVDA,2026-09-08 09:41:00,230.63999938964844,-0.000334242874380374
NVDA,2026-09-08 09:42:00,230.3249969482422,-0.001366708938602021
NVDA,2026-09-08 09:43:00,230.4850006103516,0.000694445300177053
NVDA,2026-09-08 09:44:00,229.76499938964844,-0.0031287422402856233
NVDA,2026-09-08 09:45:00,229.8249969482422,0.00026109166610515527
NVDA,2026-09-08 09:46:00,229.4600067138672,-0.001589384840783302
NVDA,2026-09-08 09:47:00,229.1100006103516,-0.001526511398005877
NVDA,2026-09-08 09:48:00,229.4600067138672,0.00152651139800576
NVDA,2026-09-08 09:49:00,230.36880493164065,0.0039527727625744075
NVDA,2026-09-08 09:50:00,229.94000244140625,-0.001863108449820225
NVDA,2026-09-08 09:51:00,229.5050048828125,-0.0018935789121135732
NVDA,2026-09-08 09:52:00,229.96560668945312,0.0020049245776804538
NVDA,2026-09-08 09:53:00,229.3370056152344,-0.002737199614584362
NVDA,2026-09-08 09:54:00,229.6450042724609,0.001342094883121649
NVDA,2026-09-08 09:55:00,229.6000061035156,-0.00019596584861085955
NVDA,2026-09-08 09:56:00,229.7449951171875,0.000631285931496892
NVDA,2026-09-08 09:57:00,229.7799072265625,0.00015194871600689942
NVDA,2026-09-08 09:58:00,229.9499969482422,0.0007399550383645592
NVDA,2026-09-08 09:59:00,229.5711975097656,-0.001648670524218439
NVDA,2026-09-08 10:00:00,229.6199951171875,0.00021253721059605286
NVDA,2026-09-08 10:01:00,229.34500122070312,-0.0011983220140342845
NVDA,2026-09-08 10:02:00,229.1999969482422,-0.0006324538611190448
NVDA,2026-09-08 10:03:00,229.2919006347656,0.00040089558065812284
NVDA,2026-09-08 10:04:00,228.27999877929688,-0.004422926785304592
NVDA,2026-09-08 10:05:00,228.6199951171875,0.0014882749187526982
NVDA,2026-09-08 10:06:00,228.69000244140625,0.0003061701040404754
NVDA,2026-09-08 10:07:00,228.8699951171875,0.0007867500919044515
NVDA,2026-09-08 10:08:00,229.2400054931641,0.0016153782102281025
NVDA,2026-09-08 10:09:00,229.21499633789065,-0.0001091018974528118
NVDA,2026-09-08 10:10:00,228.6999969482422,-0.0022493240637853087
NVDA,2026-09-08 10:11:00,228.48719787597656,-0.0009309057210791735
NVDA,2026-09-08 10:12:00,228.7449951171875,0.0011276426834286111
NVDA,2026-09-08 10:13:00,228.78500366210935,0.00017488927559106783
NVDA,2026-09-08 10:14:00,228.4906005859375,-0.001287639725863106
NVDA,2026-09-08 10:15:00,228.63999938964844,0.0006536373151917996
NVDA,2026-09-08 10:16:00,228.4750061035156,-0.0007218896396543195
NVDA,2026-09-08 10:17:00,228.3531036376953,-0.0005336907520107097
NVDA,2026-09-08 10:18:00,228.0500030517578,-0.0013282145807276974
NVDA,2026-09-08 10:19:00,228.17010498046875,0.0005265087152928153
NVDA,2026-09-08 10:20:00,228.16000366210935,-4.4271978419759305e-05
NVDA,2026-09-08 10:21:00,228.1999969482422,0.00017527077825286273
NVDA,2026-09-08 10:22:00,228.19000244140625,-4.379809746446267e-05
NVDA,2026-09-08 10:23:00,227.9801025390625,-0.0009202703766235588
NVDA,2026-09-08 10:24:00,228.00999450683597,0.00013110796927355824
NVDA,2026-09-08 10:25:00,227.94000244140625,-0.0003070164116589963
NVDA,2026-09-08 10:26:00,227.7449951171875,-0.0008558865758924374
NVDA,2026-09-08 10:27:00,227.66200256347656,-0.0003644764136359305
NVDA,2026-09-08 10:28:00,227.8699951171875,0.0009131853271506099
NVDA,2026-09-08 10:29:00,227.9423065185547,0.0003172858727784071
NVDA,2026-09-08 10:30:00,227.5,-0.0019423169577254948
NVDA,2026-09-08 10:31:00,227.60580444335935,0.00046496636268987334
NVDA,2026-09-08 10:32:00,227.7100067138672,0.000457714271165766
NVDA,2026-09-08 10:33:00,227.75,0.000175617115206872
NVDA,2026-09-08 10:34:00,227.7100067138672,-0.00017561711520687018
NVDA,2026-09-08 10:35:00,227.6871032714844,-0.00010058668313826554
NVDA,2026-09-08 10:36:00,227.5200042724609,-0.000734166948449525
NVDA,2026-09-08 10:37:00,227.4123992919922,-0.0004730592133350751
NVDA,2026-09-08 10:38:00,227.38319396972656,-0.00012843274094329822
NVDA,2026-09-08 10:39:00,227.25,-0.0005859403814064199
NVDA,2026-09-08 10:40:00,227.2449951171875,-2.2023929268593836e-05
NVDA,2026-09-08 10:41:00,227.3350067138672,0.0003960209313807491
NVDA,2026-09-08 10:42:00,227.3300018310547,-2.2015693834551135e-05
NVDA,2026-09-08 10:43:00,227.25,-0.000351981308277472
NVDA,2026-09-08 10:44:00,227.44000244140625,0.0008357450194430469
NVDA,2026-09-08 10:45:00,227.3300018310547,-0.0004837637111656608
NVDA,2026-09-08 10:46:00,227.1699981689453,-0.000704086551020327
NVDA,2026-09-08 10:47:00,227.0399932861328,-0.0005724439744100195
NVDA,2026-09-08 10:48:00,227.15499877929688,0.0005064146352600396
NVDA,2026-09-08 10:49:00,227.19000244140625,0.00015408406424457445
NVDA,2026-09-08 10:50:00,227.2350006103516,0.00019804442444940642
NVDA,2026-09-08 10:51:00,227.13499450683597,-0.0004401967832611867
NVDA,2026-09-08 10:52:00,226.90049743652344,-0.0010329460816338534
NVDA,2026-09-08 10:53:00,226.9998016357422,0.0004375595301704844
NVDA,2026-09-08 10:54:00,227.10960388183597,0.00048359380756934445
NVDA,2026-09-08 10:55:00,227.3119964599609,0.000890770119005865
NVDA,2026-09-08 10:56:00,227.0370941162109,-0.0012100932212582903
NVDA,2026-09-08 10:57:00,226.85989379882807,-0.0007807953394852826
NVDA,2026-09-08 10:58:00,227.0,0.0006173984859059584
NVDA,2026-09-08 10:59:00,227.05499267578125,0.000242229143769932
NVDA,2026-09-08 11:00:00,227.07000732421875,6.612561934696947e-05
NVDA,2026-09-08 11:01:00,227.3950042724609,0.0014302399320075994
NVDA,2026-09-08 11:02:00,227.0500030517578,-0.0015183411916605781
NVDA,2026-09-08 11:03:00,227.16000366210935,0.000484360145642508
NVDA,2026-09-08 11:04:00,227.05999755859372,-0.0004403421463731033
NVDA,2026-09-08 11:05:00,227.0,-0.0002642715027331098
NVDA,2026-09-08 11:06:00,227.1000061035156,0.0004404585060041225
NVDA,2026-09-08 11:07:00,227.4949951171875,0.0017377626767161114
NVDA,2026-09-08 11:08:00,227.2899932861328,-0.0009015330328259912
NVDA,2026-09-08 11:09:00,227.21499633789065,-0.0003300159542136129
NVDA,2026-09-08 11:10:00,227.5,0.0012535487139219402
NVDA,2026-09-08 11:11:00,227.6499938964844,0.0006590965788232488
NVDA,2026-09-08 11:12:00,227.7250061035156,0.0003294524631772422
NVDA,2026-09-08 11:13:00,227.77999877929688,0.000241458054067359
NVDA,2026-09-08 11:14:00,227.38009643554688,-0.0017571946699789169
NVDA,2026-09-08 11:15:00,227.16000366210935,-0.0009684196865849833
NVDA,2026-09-08 11:16:00,227.3999938964844,0.0010559233454883867
NVDA,2026-09-08 11:17:00,227.4550018310547,0.00024187020195520997
NVDA,2026-09-08 11:18:00,227.3800048828125,-0.0003297765027530029
NVDA,2026-09-08 11:19:00,227.1000061035156,-0.001232172187792705
NVDA,2026-09-08 11:20:00,226.8350067138672,-0.001167565454393095
NVDA,2026-09-08 11:21:00,226.5200042724609,-0.001389650426112965
NVDA,2026-09-08 11:22:00,226.4949951171875,-0.00011041204080444417
NVDA,2026-09-08 11:23:00,226.79400634765625,0.0013192963997477475
NVDA,2026-09-08 11:24:00,227.00999450683597,0.0009519007108010822
NVDA,2026-09-08 11:25:00,226.75999450683597,-0.0011018799451147977
NVDA,2026-09-08 11:26:00,226.75,-4.407623628424378e-05
NVDA,2026-09-08 11:27:00,226.9225006103516,0.0007604631906613302
NVDA,2026-09-08 11:28:00,226.8300018310547,-0.00040770587525365277
NVDA,2026-09-08 11:29:00,226.8699951171875,0.00017629837560237022
NVDA,2026-09-08 11:30:00,226.91000366210935,0.00017633454596131774
NVDA,2026-09-08 11:31:00,226.6649932861328,-0.0010803523186046927
NVDA,2026-09-08 11:32:00,226.65989685058597,-2.248469324297499e-05
NVDA,2026-09-08 11:33:00,226.6150054931641,-0.0001980756372635166
NVDA,2026-09-08 11:34:00,226.69000244140625,0.00033088956712905613
NVDA,2026-09-08 11:35:00,226.56329345703125,-0.0005591089522013499
NVDA,2026-09-08 11:36:00,226.66000366210935,0.0004267662636085144
NVDA,2026-09-08 11:37:00,226.6100006103516,-0.0002206325214078953
NVDA,2026-09-08 11:38:00,226.57989501953125,-0.00013286082128019736
NVDA,2026-09-08 11:39:00,226.66000366210935,0.00035349334268809315
NVDA,2026-09-08 11:40:00,226.6450042724609,-6.617791284615636e-05
NVDA,2026-09-08 11:41:00,226.94000244140625,0.0013007405719842595
NVDA,2026-09-08 11:42:00,226.875,-0.000286471101665182
NVDA,2026-09-08 11:43:00,227.110107421875,0.0010357495831891897
NVDA,2026-09-08 11:44:00,226.9145965576172,-0.0008612345303186733
NVDA,2026-09-08 11:45:00,226.7198944091797,-0.0008584098619941413
NVDA,2026-09-08 11:46:00,226.5399932861328,-0.0007938100739884232
NVDA,2026-09-08 11:47:00,226.5906982421875,0.00022379837523385756
NVDA,2026-09-08 11:48:00,226.4720001220703,-0.0005239809998108528
NVDA,2026-09-08 11:49:00,226.63229370117188,0.0007075350552784416
NVDA,2026-09-08 11:50:00,226.7100067138672,0.00034284474837400873
NVDA,2026-09-08 11:51:00,226.5,-0.0009267523919898284
NVDA,2026-09-08 11:52:00,226.6199951171875,0.0005296394830756882
NVDA,2026-09-08 11:53:00,226.52999877929688,-0.0003972033114246046
NVDA,2026-09-08 11:54:00,226.35989379882807,-0.0007511979898673422
NVDA,2026-09-08 11:55:00,226.27999877929688,-0.000353018024575078
NVDA,2026-09-08 11:56:00,226.1300048828125,-0.000663088352450559
NVDA,2026-09-08 11:57:00,226.1699981689453,0.00017684406795141316
NVDA,2026-09-08 11:58:00,226.25999450683597,0.0003978354244172992
NVDA,2026-09-08 11:59:00,226.25999450683597,0.0
NVDA,2026-09-08 12:00:00,226.2700042724609,4.423912515675496e-05
NVDA,2026-09-08 12:01:00,226.3800048828125,0.00048602942800009074
NVDA,2026-09-08 12:02:00,226.42999267578125,0.00022078926455386248
NVDA,2026-09-08 12:03:00,226.3300018310547,-0.0004416947060930647
NVDA,2026-09-08 12:04:00,226.17999267578125,-0.0006630092709091048
NVDA,2026-09-08 12:05:00,226.27999877929688,0.00044205501937332565
NVDA,2026-09-08 12:06:00,226.21710205078125,-0.0002779983730517947
NVDA,2026-09-08 12:07:00,226.19500732421875,-9.767522187060037e-05
NVDA,2026-09-08 12:08:00,226.13499450683597,-0.00026534971145830347
NVDA,2026-09-08 12:09:00,225.9149932861328,-0.0009733491605497767
NVDA,2026-09-08 12:10:00,226.02999877929688,0.0005089358115058198
NVDA,2026-09-08 12:11:00,226.0198974609375,-4.4691165488859984e-05
NVDA,2026-09-08 12:12:00,226.05999755859372,0.00017740270338578243
NVDA,2026-09-08 12:13:00,226.17999267578125,0.0005306700981545175
NVDA,2026-09-08 12:14:00,226.0522003173828,-0.0005651626035471548
NVDA,2026-09-08 12:15:00,226.01499938964844,-0.0001645814066690327
NVDA,2026-09-08 12:16:00,225.9250030517578,-0.0003982667548525762
NVDA,2026-09-08 12:17:00,226.0399932861328,0.0005088457636670323
NVDA,2026-09-08 12:18:00,225.91000366210935,-0.0005752389799122132
NVDA,2026-09-08 12:19:00,225.88999938964844,-8.85536624118963e-05
NVDA,2026-09-08 12:20:00,225.94000244140625,0.0002213356871359718
NVDA,2026-09-08 12:21:00,225.91050720214844,-0.0001305530863425472
NVDA,2026-09-08 12:22:00,226.00999450683597,0.00044028675804032167
NVDA,2026-09-08 12:23:00,226.0050048828125,-2.2077249783384716e-05
NVDA,2026-09-08 12:24:00,225.97000122070312,-0.00015489202591587907
NVDA,2026-09-08 12:25:00,225.822998046875,-0.0006507545679290717
NVDA,2026-09-08 12:26:00,225.7550048828125,-0.00030113585752710814
NVDA,2026-09-08 12:27:00,225.66619873046875,-0.000393451405377348
NVDA,2026-09-08 12:28:00,225.72999572753903,0.0002826651986805819
NVDA,2026-09-08 12:29:00,225.66000366210935,-0.0003101179294413917
NVDA,2026-09-08 12:30:00,225.7449951171875,0.00037656408906545886
NVDA,2026-09-08 12:31:00,225.8500061035156,0.000465067097452238
NVDA,2026-09-08 12:32:00,225.6999969482422,-0.0006644188230675971
NVDA,2026-09-08 12:33:00,225.82000732421875,0.0005315838840674053
NVDA,2026-09-08 12:34:00,225.66000366210935,-0.0007087962475174762
NVDA,2026-09-08 12:35:00,225.69000244140625,0.0001329291190225969
NVDA,2026-09-08 12:36:00,225.7205047607422,0.00013514226583433758
NVDA,2026-09-08 12:37:00,225.80499267578125,0.0003742332005823839
NVDA,2026-09-08 12:38:00,225.9785003662109,0.0007681010998958763
NVDA,2026-09-08 12:39:00,226.02999877929688,0.00022786480079974874
NVDA,2026-09-08 12:40:00,225.98910522460935,-0.0001809372853353165
NVDA,2026-09-08 12:41:00,225.9900054931641,3.983673286727375e-06
NVDA,2026-09-08 12:42:00,226.0050048828125,6.636971342423043e-05
NVDA,2026-09-08 12:43:00,225.92999267578125,-0.0003319601629673345
NVDA,2026-09-08 12:44:00,225.8300018310547,-0.00044267242595730656
NVDA,2026-09-08 12:45:00,225.81500244140625,-6.642114719328545e-05
NVDA,2026-09-08 12:46:00,225.9199981689453,0.0004648554098660516
NVDA,2026-09-08 12:47:00,226.0,0.0003540530722895242
NVDA,2026-09-08 12:48:00,225.9949951171875,-2.2145744385532173e-05
NVDA,2026-09-08 12:49:00,226.00999450683597,6.636824813123008e-05
NVDA,2026-09-08 12:50:00,226.0200042724609,4.428805899441331e-05
NVDA,2026-09-08 12:51:00,225.78500366210935,-0.0010402745760541637
NVDA,2026-09-08 12:52:00,225.8600006103516,0.00033210573889710715
NVDA,2026-09-08 12:53:00,225.92999267578125,0.0003098433654120038
NVDA,2026-09-08 12:54:00,225.9918975830078,0.00027396286370773716
NVDA,2026-09-08 12:55:00,226.00999450683597,8.007454904283324e-05
NVDA,2026-09-08 12:56:00,225.7899932861328,-0.0009738877558024103
NVDA,2026-09-08 12:57:00,225.8300018310547,0.00017717791709449186
NVDA,2026-09-08 12:58:00,225.8300018310547,0.0
NVDA,2026-09-08 12:59:00,225.75,-0.0003543196402287785
NVDA,2026-09-08 13:00:00,225.8701934814453,0.0005322768380063018
NVDA,2026-09-08 13:01:00,226.08999633789065,0.0009726647555502297
NVDA,2026-09-08 13:02:00,226.25,0.000707448689384133
NVDA,2026-09-08 13:03:00,226.3350067138672,0.0003756497170951981
NVDA,2026-09-08 13:04:00,226.28500366210935,-0.00022094936509651762
NVDA,2026-09-08 13:05:00,226.2050018310547,-0.00035360706719292617
NVDA,2026-09-08 13:06:00,226.1699981689453,-0.0001547550690433462
NVDA,2026-09-08 13:07:00,226.00999450683597,-0.0007076990197664751
NVDA,2026-09-08 13:08:00,226.0738067626953,0.0002823027770689741
NVDA,2026-09-08 13:09:00,225.9799041748047,-0.00041544881490523515
NVDA,2026-09-08 13:10:00,225.93209838867188,-0.00021157121758198742
NVDA,2026-09-08 13:11:00,225.9499969482422,7.921783033387406e-05
NVDA,2026-09-08 13:12:00,225.97000122070312,8.853014938502221e-05
NVDA,2026-09-08 13:13:00,226.0800018310547,0.00048667453502990524
NVDA,2026-09-08 13:14:00,226.07699584960935,-1.3296184558942025e-05
NVDA,2026-09-08 13:15:00,225.9949951171875,-0.0003627773229029691
NVDA,2026-09-08 13:16:00,226.00999450683597,6.636824813123008e-05
NVDA,2026-09-08 13:17:00,226.13499450683597,0.0005529199978850224
NVDA,2026-09-08 13:18:00,225.95989990234372,-0.0007745923053419408
NVDA,2026-09-08 13:19:00,226.1450042724609,0.0008188558838932806
NVDA,2026-09-08 13:20:00,226.1000061035156,-0.00019899907378263134
NVDA,2026-09-08 13:21:00,225.9600067138672,-0.0006193841089887193
NVDA,2026-09-08 13:22:00,225.9250030517578,-0.0001549228738414519
NVDA,2026-09-08 13:23:00,225.80999755859372,-0.0005091723930772111
NVDA,2026-09-08 13:24:00,225.75979614257807,-0.0002223417815926644
NVDA,2026-09-08 13:25:00,225.72000122070312,-0.00017628661220459146
NVDA,2026-09-08 13:26:00,225.55799865722656,-0.0007179723827863579
NVDA,2026-09-08 13:27:00,225.4900054931641,-0.0003014897037648023
NVDA,2026-09-08 13:28:00,225.71499633789065,0.000997288870740486
NVDA,2026-09-08 13:29:00,225.6499938964844,-0.000288026068755908
NVDA,2026-09-08 13:30:00,225.80499267578125,0.0006866632997629163
NVDA,2026-09-08 13:31:00,225.71499633789065,-0.00039863723100705623
NVDA,2026-09-08 13:32:00,225.92999267578125,0.0009520590701107732
NVDA,2026-09-08 13:33:00,225.976806640625,0.00020718415868939204
NVDA,2026-09-08 13:34:00,225.9499969482422,-0.00011864617102308461
NVDA,2026-09-08 13:35:00,225.9799041748047,0.0001323533872480592
NVDA,2026-09-08 13:36:00,226.0500030517578,0.00031015150278504195
NVDA,2026-09-08 13:37:00,226.1999969482422,0.0006633229496258373
NVDA,2026-09-08 13:38:00,226.18429565429688,-6.941573440263012e-05
NVDA,2026-09-08 13:39:00,226.1304931640625,-0.00023789843630220878
NVDA,2026-09-08 13:40:00,226.0050048828125,-0.0005550914936529635
NVDA,2026-09-08 13:41:00,225.8800048828125,-0.0005532381047695663
NVDA,2026-09-08 13:42:00,225.9600067138672,0.00035411574821793965
NVDA,2026-09-08 13:43:00,225.97300720214844,5.7532810768572814e-05
NVDA,2026-09-08 13:44:00,225.8950042724609,-0.0003452465254522662
NVDA,2026-09-08 13:45:00,225.92999267578125,0.00015487590826801067
NVDA,2026-09-08 13:46:00,225.9703063964844,0.00017841865071948888
NVDA,2026-09-08 13:47:00,225.9250030517578,-0.00020050371814514848
NVDA,2026-09-08 13:48:00,225.9900054931641,0.00028767551696886093
NVDA,2026-09-08 13:49:00,226.0,4.422445946176422e-05
NVDA,2026-09-08 13:50:00,225.94000244140625,-0.00026551116795198
NVDA,2026-09-08 13:51:00,225.92999267578125,-4.4303741052964895e-05
NVDA,2026-09-08 13:52:00,226.01499938964844,0.00037618168742695196
NVDA,2026-09-08 13:53:00,226.13999938964844,0.0005529077573925165
NVDA,2026-09-08 13:54:00,226.10009765625,-0.00017646260808198058
NVDA,2026-09-08 13:55:00,225.9850006103516,-0.0005091831109959535
NVDA,2026-09-08 13:56:00,225.8500061035156,-0.0005975389637667925
NVDA,2026-09-08 13:57:00,225.8498992919922,-4.7293135166861887e-07
NVDA,2026-09-08 13:58:00,225.84500122070312,-2.168752086287769e-05
NVDA,2026-09-08 13:59:00,225.76499938964844,-0.00035429610408728803
NVDA,2026-09-08 14:00:00,225.81300354003903,0.00021260623971930962
NVDA,2026-09-08 14:01:00,225.81500244140625,8.851981457148598e-06
NVDA,2026-09-08 14:02:00,225.8300018310547,6.642114719321747e-05
NVDA,2026-09-08 14:03:00,225.83799743652344,3.540479060980037e-05
NVDA,2026-09-08 14:04:00,225.88499450683597,0.00020807916054889242
NVDA,2026-09-08 14:05:00,225.8500061035156,-0.0001549067632264783
NVDA,2026-09-08 14:06:00,225.94500732421875,0.00042055011356833334
NVDA,2026-09-08 14:07:00,225.97999572753903,0.00015484163590820396
NVDA,2026-09-08 14:08:00,225.97000122070312,-4.422837439993375e-05
NVDA,2026-09-08 14:09:00,225.9600067138672,-4.423033063569746e-05
NVDA,2026-09-08 14:10:00,225.9900054931641,0.00013275264312733533
NVDA,2026-09-08 14:11:00,225.9750061035156,-6.637411865579909e-05
NVDA,2026-09-08 14:12:00,225.8600006103516,-0.0005090596962992824
NVDA,2026-09-08 14:13:00,225.8401031494141,-8.810031604935482e-05
NVDA,2026-09-08 14:14:00,225.88499450683597,0.00019875520666240648
NVDA,2026-09-08 14:15:00,225.9600067138672,0.00033202628121447117
NVDA,2026-09-08 14:16:00,225.9750061035156,6.637852447147618e-05
NVDA,2026-09-08 14:17:00,225.9750061035156,0.0
NVDA,2026-09-08 14:18:00,225.9600067138672,-6.637852447151074e-05
NVDA,2026-09-08 14:19:00,225.9600067138672,0.0
NVDA,2026-09-08 14:20:00,226.07000732421875,0.00048669605604398543
NVDA,2026-09-08 14:21:00,225.9600067138672,-0.0004866960560439043
NVDA,2026-09-08 14:22:00,225.9149932861328,-0.00019922955632985804
NVDA,2026-09-08 14:23:00,225.93499755859372,8.85438657931521e-05
NVDA,2026-09-08 14:24:00,225.91000366210935,-0.00011063039954999647
NVDA,2026-09-08 14:25:00,225.9199981689453,4.424012038636669e-05
NVDA,2026-09-08 14:26:00,225.9600067138672,0.0001770759697003075
NVDA,2026-09-08 14:27:00,226.05999755859372,0.00044241779307282883
NVDA,2026-09-08 14:28:00,226.02999877929688,-0.00013271153789678835
NVDA,2026-09-08 14:29:00,226.0800018310547,0.0002211986104894507
NVDA,2026-09-08 14:30:00,226.0800018310547,0.0
NVDA,2026-09-08 14:31:00,226.0684051513672,-5.1295899801682575e-05
NVDA,2026-09-08 14:32:00,226.1107940673828,0.00018748724493746806
NVDA,2026-09-08 14:33:00,226.0998992919922,-4.818451024147863e-05
NVDA,2026-09-08 14:34:00,226.1450042724609,0.00019947148221140864
NVDA,2026-09-08 14:35:00,226.05499267578125,-0.0003981052564172395
NVDA,2026-09-08 14:36:00,226.1150054931641,0.0002654436073964203
NVDA,2026-09-08 14:37:00,226.1649932861328,0.00022104799375245396
NVDA,2026-09-08 14:38:00,226.375,0.000928124506377811
NVDA,2026-09-08 14:39:00,226.0970001220703,-0.0012288049330586135
NVDA,2026-09-08 14:40:00,225.91000366210935,-0.0008274051909089501
NVDA,2026-09-08 14:41:00,225.875,-0.00015495716721740114
NVDA,2026-09-08 14:42:00,226.0500030517578,0.0007744783285877851
NVDA,2026-09-08 14:43:00,226.19000244140625,0.0006191375925178191
NVDA,2026-09-08 14:44:00,226.2100067138672,8.84362160440098e-05
NVDA,2026-09-08 14:45:00,226.1649932861328,-0.0001990093523423217
NVDA,2026-09-08 14:46:00,226.1450042724609,-8.838634473173744e-05
NVDA,2026-09-08 14:47:00,225.94650268554688,-0.0008781478820772802
NVDA,2026-09-08 14:48:00,225.39100646972656,-0.0024615569725255477
NVDA,2026-09-08 14:49:00,225.56399536132807,0.0007672113598226718
NVDA,2026-09-08 14:50:00,225.72000122070312,0.0006913866512930416
NVDA,2026-09-08 14:51:00,225.6450042724609,-0.0003323117566477479
NVDA,2026-09-08 14:52:00,225.4600067138672,-0.0008201973574190222
NVDA,2026-09-08 14:53:00,225.82000732421875,0.0015954647913414618
NVDA,2026-09-08 14:54:00,225.9123992919922,0.00040905619215502164
NVDA,2026-09-08 14:55:00,225.80999755859372,-0.00045338347563251527
NVDA,2026-09-08 14:56:00,225.6999969482422,-0.0004872566005899007
NVDA,2026-09-08 14:57:00,225.80999755859372,0.0004872566005899562
NVDA,2026-09-08 14:58:00,225.8999938964844,0.0003984695525178195
NVDA,2026-09-08 14:59:00,225.6750030517578,-0.0009964717482776981
NVDA,2026-09-08 15:00:00,225.63499450683597,-0.00017729961774875033
NVDA,2026-09-08 15:01:00,225.75,0.0005095672078252513
NVDA,2026-09-08 15:02:00,225.6750030517578,-0.00033226759007661905
NVDA,2026-09-08 15:03:00,225.5500030517578,-0.000554047322319326
NVDA,2026-09-08 15:04:00,225.55999755859372,4.431073052701487e-05
NVDA,2026-09-08 15:05:00,225.6699981689453,0.00048755895473341784
NVDA,2026-09-08 15:06:00,225.6499938964844,-8.864784554507934e-05
NVDA,2026-09-08 15:07:00,225.75970458984372,0.000486080365075717
NVDA,2026-09-08 15:08:00,225.67950439453125,-0.00035530895216941746
NVDA,2026-09-08 15:09:00,225.5200042724609,-0.0007070048865323021
NVDA,2026-09-08 15:10:00,225.62989807128903,0.00048717200394243044
NVDA,2026-09-08 15:11:00,225.639892578125,4.4295040548714365e-05
NVDA,2026-09-08 15:12:00,225.5399932861328,-0.0004428357591046718
NVDA,2026-09-08 15:13:00,225.4850006103516,-0.00024385644608580477
NVDA,2026-09-08 15:14:00,225.5500030517578,0.00028823679461018596
NVDA,2026-09-08 15:15:00,225.47999572753903,-0.0003104331196171942
NVDA,2026-09-08 15:16:00,225.55999755859372,0.00035474385014413996
NVDA,2026-09-08 15:17:00,225.4199981689453,-0.0006208674241515666
NVDA,2026-09-08 15:18:00,225.38999938964844,-0.00013308834987520494
NVDA,2026-09-08 15:19:00,225.360107421875,-0.00013263210530864043
NVDA,2026-09-08 15:20:00,225.4199981689453,0.00026572045518384173
NVDA,2026-09-08 15:21:00,225.5500030517578,0.0005765566936244694
NVDA,2026-09-08 15:22:00,225.5500030517578,0.0
NVDA,2026-09-08 15:23:00,225.53500366210935,-6.650360544353062e-05
NVDA,2026-09-08 15:24:00,225.4850006103516,-0.00022173318916657552
NVDA,2026-09-08 15:25:00,225.3999938964844,-0.0003770660630094944
NVDA,2026-09-08 15:26:00,225.47999572753903,0.0003548697380023058
NVDA,2026-09-08 15:27:00,225.52999877929688,0.00022173811033794765
NVDA,2026-09-08 15:28:00,225.42599487304688,-0.0004612596774760401
NVDA,2026-09-08 15:29:00,225.5500030517578,0.0005499546867554182
NVDA,2026-09-08 15:30:00,225.4499969482422,-0.00044348605390120787
NVDA,2026-09-08 15:31:00,225.7250061035156,0.0012190799023533076
NVDA,2026-09-08 15:32:00,225.82000732421875,0.00042078295310454665
NVDA,2026-09-08 15:33:00,225.77999877929688,-0.00017718575945894043
NVDA,2026-09-08 15:34:00,225.8249969482422,0.00019928109529329942
NVDA,2026-09-08 15:35:00,225.65939331054688,-0.0007335963266735084
NVDA,2026-09-08 15:36:00,225.6499938964844,-4.165397100196511e-05
NVDA,2026-09-08 15:37:00,225.7749938964844,0.0005538018788277611
NVDA,2026-09-08 15:38:00,225.75929260253903,-6.954640841755649e-05
NVDA,2026-09-08 15:39:00,225.82000732421875,0.0002688994914309983
NVDA,2026-09-08 15:40:00,225.75,-0.00031006188916069026
NVDA,2026-09-08 15:41:00,225.7050018310547,-0.00019934730554239182
NVDA,2026-09-08 15:42:00,225.7400054931641,0.0001550738699581512
NVDA,2026-09-08 15:43:00,225.6685943603516,-0.0003163924366146252
NVDA,2026-09-08 15:44:00,225.5749969482422,-0.0004148420731262733
NVDA,2026-09-08 15:45:00,225.4199981689453,-0.0006873636606954504
NVDA,2026-09-08 15:46:00,225.3800048828125,-0.00017743250207189265
NVDA,2026-09-08 15:47:00,225.3000030517578,-0.0003550272054961822
NVDA,2026-09-08 15:48:00,225.3600006103516,0.00026626529295122926
NVDA,2026-09-08 15:49:00,225.4499969482422,0.00039926505434008164
NVDA,2026-09-08 15:50:00,225.66769409179688,0.0009651457470072955
NVDA,2026-09-08 15:51:00,225.4199066162109,-0.00109862252972478
NVDA,2026-09-08 15:52:00,225.40499877929688,-6.613581787985938e-05
NVDA,2026-09-08 15:53:00,225.27999877929688,-0.0005547111791268293
NVDA,2026-09-08 15:54:00,224.9600067138672,-0.0014214290840584391
NVDA,2026-09-08 15:55:00,225.44000244140625,0.002131420512871645
NVDA,2026-09-08 15:56:00,225.4069061279297,-0.00014681841177984666
NVDA,2026-09-08 15:57:00,225.32839965820312,-0.0003483484409259543
NVDA,2026-09-08 15:58:00,225.33999633789065,5.14643573551599e-05
NVDA,2026-09-08 15:59:00,225.7700042724609,0.0019064443892983
NVDA,2026-09-09 09:30:00,225.58990478515625,-0.000798030543912323
NVDA,2026-09-09 09:31:00,224.9850006103516,-0.002685034301634897
NVDA,2026-09-09 09:32:00,225.0498962402344,0.0002884026584905007
NVDA,2026-09-09 09:33:00,224.8600006103516,-0.0008441496508014202
NVDA,2026-09-09 09:34:00,225.0800018310547,0.000977913664230268
NVDA,2026-09-09 09:35:00,225.66000366210935,0.002573555238531533
NVDA,2026-09-09 09:36:00,225.4149932861328,-0.00108633997330644
NVDA,2026-09-09 09:37:00,225.7093048095703,0.0013047914574091128
NVDA,2026-09-09 09:38:00,225.88999938964844,0.0008002429943573053
NVDA,2026-09-09 09:39:00,225.92999267578125,0.00017703194608303718
NVDA,2026-09-09 09:40:00,225.7250061035156,-0.0009077131301300869
NVDA,2026-09-09 09:41:00,226.02999877929688,0.0013502571917219123
NVDA,2026-09-09 09:42:00,225.7100067138672,-0.001416709235661994
NVDA,2026-09-09 09:43:00,225.6300048828125,-0.0003545080419948429
NVDA,2026-09-09 09:44:00,224.7700042724609,-0.00381883498233445
NVDA,2026-09-09 09:45:00,224.8650054931641,0.0004225703962258994
NVDA,2026-09-09 09:46:00,225.1000061035156,0.0010445284662639615
NVDA,2026-09-09 09:47:00,224.9499969482422,-0.0006666333065727547
NVDA,2026-09-09 09:48:00,224.9355010986328,-6.444239557539647e-05
NVDA,2026-09-09 09:49:00,224.67999267578125,-0.0011365642594370552
NVDA,2026-09-09 09:50:00,224.67010498046875,-4.400887132628808e-05
NVDA,2026-09-09 09:51:00,224.5200042724609,-0.0006683170911502376
NVDA,2026-09-09 09:52:00,224.6284942626953,0.000483091862482613
NVDA,2026-09-09 09:53:00,224.7050018310547,0.00034053801803708114
NVDA,2026-09-09 09:54:00,224.6199951171875,-0.0003783751870415814
NVDA,2026-09-09 09:55:00,224.7050018310547,0.0003783751870416659
NVDA,2026-09-09 09:56:00,224.85499572753903,0.00066729203160731
NVDA,2026-09-09 09:57:00,224.84500122070312,-4.444966379979057e-05
NVDA,2026-09-09 09:58:00,224.9149932861328,0.00031124184831717884
NVDA,2026-09-09 09:59:00,224.85009765625,-0.0002885756660090925
NVDA,2026-09-09 10:00:00,224.4850006103516,-0.0016250550097361635
NVDA,2026-09-09 10:01:00,224.22999572753903,-0.001136600792691588
NVDA,2026-09-09 10:02:00,224.0399932861328,-0.0008477143571559637
NVDA,2026-09-09 10:03:00,224.2899932861328,0.0011152500765050587
NVDA,2026-09-09 10:04:00,224.21499633789065,-0.00033443083433267156
NVDA,2026-09-09 10:05:00,224.1000061035156,-0.0005129885739739444
NVDA,2026-09-09 10:06:00,224.16000366210935,0.00026769088317022804
NVDA,2026-09-09 10:07:00,224.47999572753903,0.0014264983957187707
NVDA,2026-09-09 10:08:00,224.5,8.910986086039331e-05
NVDA,2026-09-09 10:09:00,224.28500366210935,-0.0009581262857875789
NVDA,2026-09-09 10:10:00,224.3699951171875,0.0003788722128409113
NVDA,2026-09-09 10:11:00,224.1699981689453,-0.000891768691709865
NVDA,2026-09-09 10:12:00,224.07000732421875,-0.00044614869337745376
NVDA,2026-09-09 10:13:00,224.25,0.0008029652146307065
NVDA,2026-09-09 10:14:00,224.25,0.0
NVDA,2026-09-09 10:15:00,224.05999755859372,-0.0008476387045448527
NVDA,2026-09-09 10:16:00,223.8500061035156,-0.0009376502812904366
NVDA,2026-09-09 10:17:00,224.0050048828125,0.0006921828792049766
NVDA,2026-09-09 10:18:00,223.92999267578125,-0.00033492452316206435
NVDA,2026-09-09 10:19:00,223.8500061035156,-0.0003572583560429079
NVDA,2026-09-09 10:20:00,223.6999969482422,-0.0006703570991759115
NVDA,2026-09-09 10:21:00,223.68499755859372,-6.705361081951988e-05
NVDA,2026-09-09 10:22:00,223.75999450683597,0.00033522310127270886
NVDA,2026-09-09 10:23:00,223.91000366210935,0.0006701774141733489
NVDA,2026-09-09 10:24:00,223.91000366210935,0.0
NVDA,2026-09-09 10:25:00,224.8999938964844,0.004411630067951227
NVDA,2026-09-09 10:26:00,224.9499969482422,0.0002223098943264579
NVDA,2026-09-09 10:27:00,224.51019287109372,-0.001957033025306451
NVDA,2026-09-09 10:28:00,224.8800048828125,0.0016458396157533633
NVDA,2026-09-09 10:29:00,224.88499450683597,2.2187693708724415e-05
NVDA,2026-09-09 10:30:00,224.9550018310547,0.0003112543364477537
NVDA,2026-09-09 10:31:00,225.1999969482422,0.0010884923728110658
NVDA,2026-09-09 10:32:00,225.3300018310547,0.000577119777919737
NVDA,2026-09-09 10:33:00,224.94000244140625,-0.0017322916626682583
NVDA,2026-09-09 10:34:00,224.9199981689453,-8.89355463787579e-05
NVDA,2026-09-09 10:35:00,224.88999938964844,-0.00013338422669202
NVDA,2026-09-09 10:36:00,224.58999633789065,-0.0013348896465165867
NVDA,2026-09-09 10:37:00,224.4149932861328,-0.0007795149927665859
NVDA,2026-09-09 10:38:00,224.28939819335935,-0.0005598121990264799
NVDA,2026-09-09 10:39:00,224.4499969482422,0.0007157774132530056
NVDA,2026-09-09 10:40:00,224.4398956298828,-4.500577325567817e-05
NVDA,2026-09-09 10:41:00,224.4900054931641,0.00022324137182242357
NVDA,2026-09-09 10:42:00,224.47999572753903,-4.458990845486372e-05
NVDA,2026-09-09 10:43:00,224.47999572753903,0.0
NVDA,2026-09-09 10:44:00,224.4550018310547,-0.00011134750752819413
NVDA,2026-09-09 10:45:00,224.5200042724609,0.0002895592893890842
NVDA,2026-09-09 10:46:00,224.5399932861328,8.9026026783947e-05
NVDA,2026-09-09 10:47:00,224.4600067138672,-0.0003562876307872963
NVDA,2026-09-09 10:48:00,224.6199951171875,0.0007125162974816635
NVDA,2026-09-09 10:49:00,224.66000366210935,0.00017810071730899044
NVDA,2026-09-09 10:50:00,224.5428924560547,-0.0005214178702764416
NVDA,2026-09-09 10:51:00,224.69000244140625,0.0006549386399837591
NVDA,2026-09-09 10:52:00,224.4199981689453,-0.001202397206136937
NVDA,2026-09-09 10:53:00,224.2156982421875,-0.0009107609693749251
NVDA,2026-09-09 10:54:00,224.2700042724609,0.00024217508042888932
NVDA,2026-09-09 10:55:00,224.30560302734372,0.0001587190849357866
NVDA,2026-09-09 10:56:00,224.2449951171875,-0.0002702389018129955
NVDA,2026-09-09 10:57:00,224.1499938964844,-0.0004237389999989222
NVDA,2026-09-09 10:58:00,224.3500061035156,0.000891916255476334
NVDA,2026-09-09 10:59:00,224.46499633789065,0.0005124170817180755
NVDA,2026-09-09 11:00:00,224.72999572753903,0.0011798859073326473
NVDA,2026-09-09 11:01:00,224.38999938964844,-0.0015140559607083996
NVDA,2026-09-09 11:02:00,224.3000030517578,-0.0004011515238040107
NVDA,2026-09-09 11:03:00,224.3500061035156,0.00022290449546167148
NVDA,2026-09-09 11:04:00,224.47999572753903,0.0005792376941274879
NVDA,2026-09-09 11:05:00,224.3650054931641,-0.0005123828340650947
NVDA,2026-09-09 11:06:00,224.42999267578125,0.0002896074302812726
NVDA,2026-09-09 11:07:00,224.50999450683597,0.0003564032351120963
NVDA,2026-09-09 11:08:00,224.5249938964844,6.680722011149043e-05
NVDA,2026-09-09 11:09:00,224.47999572753903,-0.0002004350514398462
NVDA,2026-09-09 11:10:00,224.3999938964844,-0.0003564508721749654
NVDA,2026-09-09 11:11:00,224.4001007080078,4.7598708060010867e-07
NVDA,2026-09-09 11:12:00,224.2550048828125,-0.0006468034284941119
NVDA,2026-09-09 11:13:00,224.3500061035156,0.0004235406194612419
NVDA,2026-09-09 11:14:00,224.2899932861328,-0.000267532176454912
NVDA,2026-09-09 11:15:00,224.44000244140625,0.0006685943096730131
NVDA,2026-09-09 11:16:00,224.5399932861328,0.0004454133695541358
NVDA,2026-09-09 11:17:00,224.38999938964844,-0.0006682284744297836
NVDA,2026-09-09 11:18:00,224.47000122070312,0.00035646674594772324
NVDA,2026-09-09 11:19:00,224.4199981689453,-0.00022278532394406686
NVDA,2026-09-09 11:20:00,224.41769409179688,-1.0266861220385272e-05
NVDA,2026-09-09 11:21:00,224.2899932861328,-0.0005691937655805145
NVDA,2026-09-09 11:22:00,224.0200042724609,-0.0012044747954895949
NVDA,2026-09-09 11:23:00,223.75999450683597,-0.0011613283110291754
NVDA,2026-09-09 11:24:00,223.63499450683597,-0.0005587903589538872
NVDA,2026-09-09 11:25:00,223.75,0.0005141231695712726
NVDA,2026-09-09 11:26:00,223.67999267578125,-0.00031293085370235956
NVDA,2026-09-09 11:27:00,223.75999450683597,0.0003575980430849236
NVDA,2026-09-09 11:28:00,223.6750030517578,-0.0003799052669734087
NVDA,2026-09-09 11:29:00,223.5901031494141,-0.00037964018290861224
NVDA,2026-09-09 11:30:00,223.83999633789065,0.0011170156623171042
NVDA,2026-09-09 11:31:00,224.05999755859372,0.0009823676775781813
NVDA,2026-09-09 11:32:00,224.19000244140625,0.0005800552658457889
NVDA,2026-09-09 11:33:00,224.4600067138672,0.0012036299990995272
NVDA,2026-09-09 11:34:00,224.2899932861328,-0.00075772004843977
NVDA,2026-09-09 11:35:00,224.3300018310547,0.00017836273667417636
NVDA,2026-09-09 11:36:00,224.4600067138672,0.0005793573117655631
NVDA,2026-09-09 11:37:00,224.3350067138672,-0.0005570472019178602
NVDA,2026-09-09 11:38:00,224.21499633789065,-0.0005351036808544319
NVDA,2026-09-09 11:39:00,224.52130126953125,0.0013651892251486902
NVDA,2026-09-09 11:40:00,224.30499267578125,-0.0009638856431330901
NVDA,2026-09-09 11:41:00,224.0749969482422,-0.0010258965744825942
NVDA,2026-09-09 11:42:00,224.0498962402344,-0.00011202550188823111
NVDA,2026-09-09 11:43:00,224.1300048828125,0.0003574843192677537
NVDA,2026-09-09 11:44:00,224.17999267578125,0.0002230054803511816
NVDA,2026-09-09 11:45:00,224.19309997558597,5.8466040997093265e-05
NVDA,2026-09-09 11:46:00,224.15499877929688,-0.0001699625647420623
NVDA,2026-09-09 11:47:00,224.2100067138672,0.0002453712228758047
NVDA,2026-09-09 11:48:00,224.25999450683597,0.00022292591718382085
NVDA,2026-09-09 11:49:00,224.3000030517578,0.0001783865937474341
NVDA,2026-09-09 11:50:00,224.3249969482422,0.00011142444808132481
NVDA,2026-09-09 11:51:00,224.35499572753903,0.0001337201561524801
NVDA,2026-09-09 11:52:00,224.34500122070312,-4.4548727013750526e-05
NVDA,2026-09-09 11:53:00,224.4250030517578,0.0003565382317913762
NVDA,2026-09-09 11:54:00,224.4275054931641,1.1150395101630437e-05
NVDA,2026-09-09 11:55:00,224.3699951171875,-0.0002562865266101718
NVDA,2026-09-09 11:56:00,224.3419952392578,-0.0001248011132654935
NVDA,2026-09-09 11:57:00,224.27999877929688,-0.0002763861833891191
NVDA,2026-09-09 11:58:00,224.3867950439453,0.0004760604891453784
NVDA,2026-09-09 11:59:00,224.4199981689453,0.00014796177581394702
NVDA,2026-09-09 12:00:00,224.33999633789065,-0.0003565461845149253
NVDA,2026-09-09 12:01:00,224.22000122070312,-0.0005350237234840954
NVDA,2026-09-09 12:02:00,224.19000244140625,-0.00013380066946156987
NVDA,2026-09-09 12:03:00,224.1199951171875,-0.0003123165897216144
NVDA,2026-09-09 12:04:00,224.1499938964844,0.00013384246135988515
NVDA,2026-09-09 12:05:00,224.2790069580078,0.0005754001852561535
NVDA,2026-09-09 12:06:00,224.25,-0.00012934261819538606
NVDA,2026-09-09 12:07:00,224.16000366210935,-0.0004014020131756001
NVDA,2026-09-09 12:08:00,224.1000061035156,-0.00026769088317027097
NVDA,2026-09-09 12:09:00,223.97000122070312,-0.0005802882778828863
NVDA,2026-09-09 12:10:00,224.08999633789065,0.0005356207682458487
NVDA,2026-09-09 12:11:00,224.13999938964844,0.0002231133678772729
NVDA,2026-09-09 12:12:00,224.08999633789065,-0.00022311336787738737
NVDA,2026-09-09 12:13:00,224.07000732421875,-8.920480864792637e-05
NVDA,2026-09-09 12:14:00,223.88999938964844,-0.000803678638991544
NVDA,2026-09-09 12:15:00,223.75999450683597,-0.0005808327409358693
NVDA,2026-09-09 12:16:00,223.7899932861328,0.00013405778196844625
NVDA,2026-09-09 12:17:00,223.8260040283203,0.0001609001576406906
NVDA,2026-09-09 12:18:00,223.71499633789065,-0.0004960783151279408
NVDA,2026-09-09 12:19:00,223.75,0.0001564531861361086
NVDA,2026-09-09 12:20:00,223.80999755859372,0.00026810956868533585
NVDA,2026-09-09 12:21:00,223.8699951171875,0.0002680377052115282
NVDA,2026-09-09 12:22:00,223.9062042236328,0.00016172858931565954
NVDA,2026-09-09 12:23:00,223.9499969482422,0.0001955660081711075
NVDA,2026-09-09 12:24:00,223.9405059814453,-4.2380745902062274e-05
NVDA,2026-09-09 12:25:00,223.8650054931641,-0.00033720214272489797
NVDA,2026-09-09 12:26:00,223.82000732421875,-0.00020102602413997803
NVDA,2026-09-09 12:27:00,223.8699951171875,0.0002233143152801918
NVDA,2026-09-09 12:28:00,223.81500244140625,-0.0002456757602231377
NVDA,2026-09-09 12:29:00,223.8600006103516,0.00020103051897074256
NVDA,2026-09-09 12:30:00,223.8249969482422,-0.0001563763019605846
NVDA,2026-09-09 12:31:00,223.8292999267578,1.922456031724727e-05
NVDA,2026-09-09 12:32:00,223.8350067138672,2.5495832591656493e-05
NVDA,2026-09-09 12:33:00,223.8500061035156,6.700867451251761e-05
NVDA,2026-09-09 12:34:00,223.8800048828125,0.00013400388004230725
NVDA,2026-09-09 12:35:00,224.0791931152344,0.0008893142341530472
NVDA,2026-09-09 12:36:00,224.0019989013672,-0.0003445545852236434
NVDA,2026-09-09 12:37:00,224.0449981689453,0.00019194088116332626
NVDA,2026-09-09 12:38:00,224.0800018310547,0.0001562227600805163
NVDA,2026-09-09 12:39:00,224.1499938964844,0.000312304248558784
NVDA,2026-09-09 12:40:00,224.1100006103516,-0.00017843790090132233
NVDA,2026-09-09 12:41:00,224.1000061035156,-4.459742838370088e-05
NVDA,2026-09-09 12:42:00,224.03500366210935,-0.0002901020471314082
NVDA,2026-09-09 12:43:00,224.0890045166016,0.00024100853231720398
NVDA,2026-09-09 12:44:00,224.16000366210935,0.000316784397984468
NVDA,2026-09-09 12:45:00,224.06509399414065,-0.0004234910980373274
NVDA,2026-09-09 12:46:00,224.13499450683597,0.00031191655269786184
NVDA,2026-09-09 12:47:00,224.0901031494141,-0.00020030720192470788
NVDA,2026-09-09 12:48:00,224.17999267578125,0.000401050743331401
NVDA,2026-09-09 12:49:00,224.1199951171875,-0.00026766701131242
NVDA,2026-09-09 12:50:00,224.2899932861328,0.0007582265403813326
NVDA,2026-09-09 12:51:00,224.30810546875,8.075015332122781e-05
NVDA,2026-09-09 12:52:00,224.2400054931641,-0.0003036462508475218
NVDA,2026-09-09 12:53:00,224.1595001220703,-0.00035907877216918133
NVDA,2026-09-09 12:54:00,224.10499572753903,-0.00024317961964204408
NVDA,2026-09-09 12:55:00,224.19000244140625,0.00037924453867773294
NVDA,2026-09-09 12:56:00,224.2350006103516,0.00020069429130911595
NVDA,2026-09-09 12:57:00,224.08999633789065,-0.0006468712585928109
NVDA,2026-09-09 12:58:00,224.125,0.00015619139237424404
NVDA,2026-09-09 12:59:00,224.05999755859372,-0.0002900696909363531
NVDA,2026-09-09 13:00:00,224.0399932861328,-8.92848599995947e-05
NVDA,2026-09-09 13:01:00,223.9499969482422,-0.000401778348012573
NVDA,2026-09-09 13:02:00,224.1800994873047,0.0010269453496439616
NVDA,2026-09-09 13:03:00,224.1000061035156,-0.0003573363334327621
NVDA,2026-09-09 13:04:00,224.07659912109372,-0.00010445428061300211
NVDA,2026-09-09 13:05:00,224.27099609375,0.0008671708598999187
NVDA,2026-09-09 13:06:00,224.2250061035156,-0.00020508539728466305
NVDA,2026-09-09 13:07:00,224.25,0.0001114617143436689
NVDA,2026-09-09 13:08:00,224.2100067138672,-0.0001783583179775388
NVDA,2026-09-09 13:09:00,224.09410095214844,-0.0005170854440960782
NVDA,2026-09-09 13:10:00,224.1300048828125,0.00016020526461407107
NVDA,2026-09-09 13:11:00,224.2400054931641,0.0004906689118940347
NVDA,2026-09-09 13:12:00,224.22000122070312,-8.92131836719591e-05
NVDA,2026-09-09 13:13:00,224.30059814453125,0.00035939006952951226
NVDA,2026-09-09 13:14:00,224.41050720214844,0.0004898878521419297
NVDA,2026-09-09 13:15:00,224.38229370117188,-0.0001257306309591059
NVDA,2026-09-09 13:16:00,224.30999755859372,-0.0003222526645190521
NVDA,2026-09-09 13:17:00,224.3699951171875,0.00026744031350075625
NVDA,2026-09-09 13:18:00,224.27999877929688,-0.00040118729665459825
NVDA,2026-09-09 13:19:00,224.22999572753903,-0.0002229740811906865
NVDA,2026-09-09 13:20:00,224.2700042724609,0.00017841045720409833
NVDA,2026-09-09 13:21:00,224.2899932861328,8.912526214517898e-05
NVDA,2026-09-09 13:22:00,224.25,-0.0001783265119606588
NVDA,2026-09-09 13:23:00,224.30999755859372,0.00026751185695588425
NVDA,2026-09-09 13:24:00,224.30999755859372,0.0
NVDA,2026-09-09 13:25:00,224.25900268554688,-0.0002273669078280797
NVDA,2026-09-09 13:26:00,224.2519989013672,-3.123127038345189e-05
NVDA,2026-09-09 13:27:00,224.24989318847656,-9.389984424931943e-06
NVDA,2026-09-09 13:28:00,224.2749938964844,0.00011192559769511974
NVDA,2026-09-09 13:29:00,224.2700042724609,-2.224804219901489e-05
NVDA,2026-09-09 13:30:00,224.26499938964844,-2.2316576284168488e-05
NVDA,2026-09-09 13:31:00,224.1100006103516,-0.0006913801414934373
NVDA,2026-09-09 13:32:00,224.0800018310547,-0.00013386634765739333
NVDA,2026-09-09 13:33:00,224.22000122070312,0.0006245790463819971
NVDA,2026-09-09 13:34:00,224.25,0.00013378276923756778
NVDA,2026-09-09 13:35:00,224.35499572753903,0.0004680987971875989
NVDA,2026-09-09 13:36:00,224.30999755859372,-0.0002005869402317359
NVDA,2026-09-09 13:37:00,224.3249969482422,6.68667840792982e-05
NVDA,2026-09-09 13:38:00,224.2350006103516,-0.0004012677884251573
NVDA,2026-09-09 13:39:00,224.26499938964844,0.0001337738209211637
NVDA,2026-09-09 13:40:00,224.3300018310547,0.00028980457510373396
NVDA,2026-09-09 13:41:00,224.32000732421875,-4.455369055452151e-05
NVDA,2026-09-09 13:42:00,224.3000030517578,-8.918136512644515e-05
NVDA,2026-09-09 13:43:00,224.2949981689453,-2.231359154283489e-05
NVDA,2026-09-09 13:44:00,224.33999633789065,0.00020060035283558903
NVDA,2026-09-09 13:45:00,224.3300018310547,-4.455170561169697e-05
NVDA,2026-09-09 13:46:00,224.3300018310547,0.0
NVDA,2026-09-09 13:47:00,224.2550048828125,-0.0003343711796804805
NVDA,2026-09-09 13:48:00,224.2050018310547,-0.00022299893509540995
NVDA,2026-09-09 13:49:00,224.17999267578125,-0.00011155215096739267
NVDA,2026-09-09 13:50:00,224.2400054931641,0.0002676634315427372
NVDA,2026-09-09 13:51:00,224.22000122070312,-8.92131836719591e-05
NVDA,2026-09-09 13:52:00,224.2350006103516,6.689362184756134e-05
NVDA,2026-09-09 13:53:00,224.26499938964844,0.0001337738209211637
NVDA,2026-09-09 13:54:00,224.3612060546875,0.00042889454671316473
NVDA,2026-09-09 13:55:00,224.26499938964844,-0.00042889454671315834
NVDA,2026-09-09 13:56:00,224.2366943359375,-0.00012622049880524585
NVDA,2026-09-09 13:57:00,224.21499633789065,-9.676849709797368e-05
NVDA,2026-09-09 13:58:00,224.25999450683597,0.00020067192157831716
NVDA,2026-09-09 13:59:00,224.2350006103516,-0.00011145674659628389
NVDA,2026-09-09 14:00:00,224.2700042724609,0.0001560903972053386
NVDA,2026-09-09 14:01:00,224.33999633789065,0.0003120397044312936
NVDA,2026-09-09 14:02:00,224.28900146484372,-0.00022733650083399832
NVDA,2026-09-09 14:03:00,224.3350067138672,0.00020509490506976012
NVDA,2026-09-09 14:04:00,224.3500061035156,6.685932993304253e-05
NVDA,2026-09-09 14:05:00,224.25999450683597,-0.0004012910892092982
NVDA,2026-09-09 14:06:00,224.2207946777344,-0.00017481163138636363
NVDA,2026-09-09 14:07:00,224.1199951171875,-0.0004496559962407828
NVDA,2026-09-09 14:08:00,224.0998992919922,-8.966949240510857e-05
NVDA,2026-09-09 14:09:00,224.1150054931641,6.740606354823968e-05
NVDA,2026-09-09 14:10:00,224.05999755859372,-0.00024547524726737903
NVDA,2026-09-09 14:11:00,224.07000732421875,4.467348991412123e-05
NVDA,2026-09-09 14:12:00,224.13999938964844,0.00031231817652532237
NVDA,2026-09-09 14:13:00,224.10499572753903,-0.00015618093927140112
NVDA,2026-09-09 14:14:00,224.1150054931641,4.466452009934357e-05
NVDA,2026-09-09 14:15:00,224.05999755859372,-0.00024547524726737903
NVDA,2026-09-09 14:16:00,224.0749969482422,6.694138970583808e-05
NVDA,2026-09-09 14:17:00,224.1199951171875,0.00020079728641821798
NVDA,2026-09-09 14:18:00,224.1750030517578,0.00024540954090966405
NVDA,2026-09-09 14:19:00,223.93499755859372,-0.0010711901800302983
NVDA,2026-09-09 14:20:00,224.01499938964844,0.0003571909027809024
NVDA,2026-09-09 14:21:00,224.0449981689453,0.00013390518906026416
NVDA,2026-09-09 14:22:00,224.0500030517578,2.2338489825074258e-05
NVDA,2026-09-09 14:23:00,224.19500732421875,0.0006469866888086013
NVDA,2026-09-09 14:24:00,224.1649932861328,-0.00013388365639174432
NVDA,2026-09-09 14:25:00,224.1499938964844,-6.691451360244908e-05
NVDA,2026-09-09 14:26:00,224.2100067138672,0.00026769924908325195
NVDA,2026-09-09 14:27:00,224.2550048828125,0.0002006763869319606
NVDA,2026-09-09 14:28:00,224.1199951171875,-0.0006022180973751578
NVDA,2026-09-09 14:29:00,224.19500732421875,0.0003346406313542359
NVDA,2026-09-09 14:30:00,224.13999938964844,-0.0002453876410388921
NVDA,2026-09-09 14:31:00,224.15499877929688,6.69174972520418e-05
NVDA,2026-09-09 14:32:00,224.14010620117188,-6.644095804319947e-05
NVDA,2026-09-09 14:33:00,224.1808013916016,0.00018154491504750417
NVDA,2026-09-09 14:34:00,224.1150054931641,-0.0002935378734285374
NVDA,2026-09-09 14:35:00,224.21499633789065,0.00044605913490561793
NVDA,2026-09-09 14:36:00,224.2010040283203,-6.24077176704304e-05
NVDA,2026-09-09 14:37:00,224.1649932861328,-0.00016063101341591977
NVDA,2026-09-09 14:38:00,224.2100067138672,0.00020078473548075762
NVDA,2026-09-09 14:39:00,224.16000366210935,-0.00022304369519814013
NVDA,2026-09-09 14:40:00,224.21319580078125,0.00023726725408723394
NVDA,2026-09-09 14:41:00,224.1499938964844,-0.0002819228079723424
NVDA,2026-09-09 14:42:00,224.125,-0.00011151144654778694
NVDA,2026-09-09 14:43:00,224.1649932861328,0.00017842596015033542
NVDA,2026-09-09 14:44:00,224.1569976806641,-3.566903087809878e-05
NVDA,2026-09-09 14:45:00,224.1750030517578,8.032159682544233e-05
NVDA,2026-09-09 14:46:00,224.1150054931641,-0.00026767296976655606
NVDA,2026-09-09 14:47:00,224.0500030517578,-0.0002900826285976598
NVDA,2026-09-09 14:48:00,224.0749969482422,0.00011154877103616169
NVDA,2026-09-09 14:49:00,223.8997039794922,-0.0007826021305833453
NVDA,2026-09-09 14:50:00,223.88900756835935,-4.777436705757703e-05
NVDA,2026-09-09 14:51:00,223.7400054931641,-0.0006657391560900669
NVDA,2026-09-09 14:52:00,223.72999572753903,-4.473938185544376e-05
NVDA,2026-09-09 14:53:00,223.75999450683597,0.000134075755867246
NVDA,2026-09-09 14:54:00,223.7700042724609,4.4733383924647106e-05
NVDA,2026-09-09 14:55:00,223.7449951171875,-0.0001117690148198742
NVDA,2026-09-09 14:56:00,223.7550048828125,4.4736382688957624e-05
NVDA,2026-09-09 14:57:00,223.66000366210935,-0.00042466712254398537
NVDA,2026-09-09 14:58:00,223.63499450683597,-0.00011182398820379024
NVDA,2026-09-09 14:59:00,223.6699981689453,0.0001565091503736459
NVDA,2026-09-09 15:00:00,223.65499877929688,-6.706260439895566e-05
NVDA,2026-09-09 15:01:00,223.625,-0.00013413870248495436
NVDA,2026-09-09 15:02:00,223.63499450683597,4.469215651029462e-05
NVDA,2026-09-09 15:03:00,223.52999877929688,-0.00046960621267353765
NVDA,2026-09-09 15:04:00,223.5885009765625,0.00026168542626364027
NVDA,2026-09-09 15:05:00,223.5500030517578,-0.00017219686765058842
NVDA,2026-09-09 15:06:00,223.82000732421875,0.0012070737822485144
NVDA,2026-09-09 15:07:00,224.1100006103516,0.00129481535736187
NVDA,2026-09-09 15:08:00,223.93499755859372,-0.0007811851995790256
NVDA,2026-09-09 15:09:00,223.97000122070312,0.00015629949331244562
NVDA,2026-09-09 15:10:00,223.94000244140625,-0.0001339500305706991
NVDA,2026-09-09 15:11:00,223.9199981689453,-8.933270417978929e-05
NVDA,2026-09-09 15:12:00,223.7100067138672,-0.0009382367946381073
NVDA,2026-09-09 15:13:00,223.8800048828125,0.0007596155978244045
NVDA,2026-09-09 15:14:00,223.6201019287109,-0.0011615773018536556
NVDA,2026-09-09 15:15:00,223.8950042724609,0.0012285725085862678
NVDA,2026-09-09 15:16:00,224.00999450683597,0.0005134581539156279
NVDA,2026-09-09 15:17:00,224.0050048828125,-2.2274361485570593e-05
NVDA,2026-09-09 15:18:00,224.1699981689453,0.0007362895853771711
NVDA,2026-09-09 15:19:00,224.2250061035156,0.0002453548069094726
NVDA,2026-09-09 15:20:00,224.1699981689453,-0.00024535480690958183
NVDA,2026-09-09 15:21:00,224.19500732421875,0.00011155712418660597
NVDA,2026-09-09 15:22:00,224.1699981689453,-0.00011155712418664979
NVDA,2026-09-09 15:23:00,224.30099487304688,0.0005841925558600313
NVDA,2026-09-09 15:24:00,224.22900390625,-0.0003210084837625796
NVDA,2026-09-09 15:25:00,224.3249969482422,0.00042801109019105726
NVDA,2026-09-09 15:26:00,224.2400054931641,-0.00037894822660076316
NVDA,2026-09-09 15:27:00,224.1699981689453,-0.00031224693568761064
NVDA,2026-09-09 15:28:00,224.22000122070312,0.0002230337520157524
NVDA,2026-09-09 15:29:00,224.13499450683597,-0.0003791937892775643
NVDA,2026-09-09 15:30:00,224.17999267578125,0.00020074354140678933
NVDA,2026-09-09 15:31:00,224.15499877929688,-0.00011149652374515875
NVDA,2026-09-09 15:32:00,223.9499969482422,-0.0009149723717036941
NVDA,2026-09-09 15:33:00,223.8979949951172,-0.0002322303741189863
NVDA,2026-09-09 15:34:00,223.8800048828125,-8.035281911693374e-05
NVDA,2026-09-09 15:35:00,223.81500244140625,-0.0002903871644739816
NVDA,2026-09-09 15:36:00,223.94500732421875,0.0005806900287217851
NVDA,2026-09-09 15:37:00,223.82000732421875,-0.0005583285837788706
NVDA,2026-09-09 15:38:00,223.85499572753903,0.00015631162407107318
NVDA,2026-09-09 15:39:00,223.8300018310547,-0.00011165840556024734
NVDA,2026-09-09 15:40:00,223.86900329589844,0.00017423074206452709
NVDA,2026-09-09 15:41:00,223.89010620117188,9.426008244828517e-05
NVDA,2026-09-09 15:42:00,223.8950042724609,2.187688324011462e-05
NVDA,2026-09-09 15:43:00,223.88999938964844,-2.235395456193146e-05
NVDA,2026-09-09 15:44:00,223.83680725097656,-0.00023760980192917655
NVDA,2026-09-09 15:45:00,223.7449951171875,-0.0004102585699018647
NVDA,2026-09-09 15:46:00,223.7924041748047,0.00021186635069840934
NVDA,2026-09-09 15:47:00,223.87399291992188,0.0003645069031316506
NVDA,2026-09-09 15:48:00,223.85499572753903,-8.486022962961976e-05
NVDA,2026-09-09 15:49:00,223.92100524902344,0.0002948327816525036
NVDA,2026-09-09 15:50:00,223.7371063232422,-0.0008216043957304679
NVDA,2026-09-09 15:51:00,223.6020050048828,-0.0006040219558081386
NVDA,2026-09-09 15:52:00,223.6499938964844,0.00021459442061136773
NVDA,2026-09-09 15:53:00,223.85499572753903,0.0009161991492747868
NVDA,2026-09-09 15:54:00,223.75999450683597,-0.0004244773933052363
NVDA,2026-09-09 15:55:00,223.69500732421875,-0.0002904747195057645
NVDA,2026-09-09 15:56:00,223.5500030517578,-0.0006484332935086977
NVDA,2026-09-09 15:57:00,223.5449981689453,-2.2388453456396482e-05
NVDA,2026-09-09 15:58:00,223.69500732421875,0.0006708217469650353
NVDA,2026-09-09 15:59:00,223.6999969482422,2.230522905264913e-05
NVDA,2026-09-10 09:30:00,220.5749969482422,-0.014068095581191448
NVDA,2026-09-10 09:31:00,220.2449951171875,-0.0014972183596055361
NVDA,2026-09-10 09:32:00,218.88999938964844,-0.0061712231764280085
NVDA,2026-09-10 09:33:00,218.8038024902344,-0.0003938684996595548
NVDA,2026-09-10 09:34:00,218.8000030517578,-1.736474147880478e-05
NVDA,2026-09-10 09:35:00,219.0,0.0009136453209700389
NVDA,2026-09-10 09:36:00,218.85899353027344,-0.0006440725287570147
NVDA,2026-09-10 09:37:00,218.7100067138672,-0.0006809752157057319
NVDA,2026-09-10 09:38:00,218.70989990234372,-4.883706564856482e-07
NVDA,2026-09-10 09:39:00,219.0281982421875,0.0014542869231247786
NVDA,2026-09-10 09:40:00,219.0749969482422,0.0002136423872113628
NVDA,2026-09-10 09:41:00,218.5198974609375,-0.0025370487276868085
NVDA,2026-09-10 09:42:00,218.4750061035156,-0.00020545483351702576
NVDA,2026-09-10 09:43:00,218.41000366210935,-0.00029757231506190426
NVDA,2026-09-10 09:44:00,218.30499267578125,-0.0004809131320543731
NVDA,2026-09-10 09:45:00,218.44700622558597,0.0006503166793368766
NVDA,2026-09-10 09:46:00,218.5800018310547,0.0006086379428388301
NVDA,2026-09-10 09:47:00,218.5,-0.00036607408992841577
NVDA,2026-09-10 09:48:00,218.2100067138672,-0.001328081904690755
NVDA,2026-09-10 09:49:00,218.6499938964844,0.0020143173134285746
NVDA,2026-09-10 09:50:00,218.1000061035156,-0.002518548751858907
NVDA,2026-09-10 09:51:00,217.8000030517578,-0.001376476681919995
NVDA,2026-09-10 09:52:00,217.8000030517578,0.0
NVDA,2026-09-10 09:53:00,217.71499633789065,-0.0003903733054696872
NVDA,2026-09-10 09:54:00,217.5699005126953,-0.0006666706408567791
NVDA,2026-09-10 09:55:00,217.22000122070312,-0.0016095100927247356
NVDA,2026-09-10 09:56:00,217.6150054931641,0.0018168012005174525
NVDA,2026-09-10 09:57:00,217.50999450683597,-0.0004826704435131218
NVDA,2026-09-10 09:58:00,217.3650054931641,-0.0006668077909473858
NVDA,2026-09-10 09:59:00,217.3769989013672,5.51748305196424e-05
NVDA,2026-09-10 10:00:00,217.5,0.0005656822606095116
NVDA,2026-09-10 10:01:00,217.9199981689453,0.0019291640299917883
NVDA,2026-09-10 10:02:00,218.3401031494141,0.0019259387189204682
NVDA,2026-09-10 10:03:00,218.2902984619141,-0.0002281320198144449
NVDA,2026-09-10 10:04:00,218.1999969482422,-0.00041376184492416575
NVDA,2026-09-10 10:05:00,217.97999572753903,-0.0010087635519901252
NVDA,2026-09-10 10:06:00,217.9499969482422,-0.00013763117862139695
NVDA,2026-09-10 10:07:00,217.7698974609375,-0.000826675577003242
NVDA,2026-09-10 10:08:00,218.0749969482422,0.001400037219909755
NVDA,2026-09-10 10:09:00,218.1999969482422,0.0005730330877048792
NVDA,2026-09-10 10:10:00,218.08999633789065,-0.0005042545755123113
NVDA,2026-09-10 10:11:00,218.1475982666016,0.0002640851213106507
NVDA,2026-09-10 10:12:00,218.15499877929688,3.3923761839148075e-05
NVDA,2026-09-10 10:13:00,218.13800048828125,-7.792144752613493e-05
NVDA,2026-09-10 10:14:00,217.9900054931641,-0.0006786768965440621
NVDA,2026-09-10 10:15:00,218.08009338378903,0.00041318078051493185
NVDA,2026-09-10 10:16:00,218.0850067138672,2.252968005584221e-05
NVDA,2026-09-10 10:17:00,217.92999267578125,-0.0007110491374566582
NVDA,2026-09-10 10:18:00,218.0,0.00032118608949515277
NVDA,2026-09-10 10:19:00,218.1898956298828,0.0008707017002565279
NVDA,2026-09-10 10:20:00,218.29730224609372,0.0004921409787110114
NVDA,2026-09-10 10:21:00,218.5249938964844,0.0010424910679807612
NVDA,2026-09-10 10:22:00,218.6201019287109,0.0004351325664429024
NVDA,2026-09-10 10:23:00,218.6699981689453,0.00022820658615326867
NVDA,2026-09-10 10:24:00,218.8204040527344,0.0006875848656378899
NVDA,2026-09-10 10:25:00,218.72999572753903,-0.000413247600858716
NVDA,2026-09-10 10:26:00,218.3300018310547,-0.0018303848917492602
NVDA,2026-09-10 10:27:00,218.2700042724609,-0.0002748399364759732
NVDA,2026-09-10 10:28:00,218.38499450683597,0.0005266869146338082
NVDA,2026-09-10 10:29:00,218.22999572753903,-0.0007100021267020534
NVDA,2026-09-10 10:30:00,218.30999755859372,0.0003665269307770634
NVDA,2026-09-10 10:31:00,218.2749938964844,-0.00016035210952922494
NVDA,2026-09-10 10:32:00,218.20339965820312,-0.00032805398837866626
NVDA,2026-09-10 10:33:00,218.05499267578125,-0.0006803627884502963
NVDA,2026-09-10 10:34:00,217.97999572753903,-0.0003439950966154502
NVDA,2026-09-10 10:35:00,218.31610107421875,0.0015407216137454023
NVDA,2026-09-10 10:36:00,218.3090057373047,-3.250081960010058e-05
NVDA,2026-09-10 10:37:00,218.41000366210935,0.0004625304803843849
NVDA,2026-09-10 10:38:00,218.38499450683597,-0.0001145120956308538
NVDA,2026-09-10 10:39:00,218.3300018310547,-0.00025184697815778504
NVDA,2026-09-10 10:40:00,218.38999938964844,0.00027476442023947146
NVDA,2026-09-10 10:41:00,218.34500122070312,-0.00020606623715371946
NVDA,2026-09-10 10:42:00,218.25999450683597,-0.00038939872778898446
NVDA,2026-09-10 10:43:00,218.2400054931641,-9.158769157314663e-05
NVDA,2026-09-10 10:44:00,218.3300018310547,0.0004122882362763253
NVDA,2026-09-10 10:45:00,218.3500061035156,9.161982280578705e-05
NVDA,2026-09-10 10:46:00,218.5200042724609,0.0007782551948548695
NVDA,2026-09-10 10:47:00,218.14990234375,-0.0016951111662346034
NVDA,2026-09-10 10:48:00,218.1750030517578,0.00011505512394592114
NVDA,2026-09-10 10:49:00,218.02999877929688,-0.0006648446358637073
NVDA,2026-09-10 10:50:00,217.93499755859372,-0.0004358204122114427
NVDA,2026-09-10 10:51:00,218.0500030517578,0.0005275662954942449
NVDA,2026-09-10 10:52:00,218.0050048828125,-0.00020638758086136537
NVDA,2026-09-10 10:53:00,217.97999572753903,-0.00011472484267068605
NVDA,2026-09-10 10:54:00,217.9850006103516,2.2960021354004702e-05
NVDA,2026-09-10 10:55:00,217.8249969482422,-0.0007342817750618228
NVDA,2026-09-10 10:56:00,217.9199981689453,0.00043604045151587455
NVDA,2026-09-10 10:57:00,218.04010009765625,0.000550976716570148
NVDA,2026-09-10 10:58:00,218.0399932861328,-4.898711271900541e-07
NVDA,2026-09-10 10:59:00,218.1450042724609,0.00048149747902693623
NVDA,2026-09-10 11:00:00,218.25,0.0004811958365110429
NVDA,2026-09-10 11:01:00,218.03990173339844,-0.0009631132052664694
NVDA,2026-09-10 11:02:00,218.1150054931641,0.0003443903038282048
NVDA,2026-09-10 11:03:00,218.14990234375,0.00015998009481613476
NVDA,2026-09-10 11:04:00,218.10499572753903,-0.00020587329365520958
NVDA,2026-09-10 11:05:00,218.44000244140625,0.001534809841071772
NVDA,2026-09-10 11:06:00,218.4499969482422,4.575296688714607e-05
NVDA,2026-09-10 11:07:00,218.4750061035156,0.00011447802312079495
NVDA,2026-09-10 11:08:00,218.5200042724609,0.0002059436288100537
NVDA,2026-09-10 11:09:00,218.2700042724609,-0.0011447149541366339
NVDA,2026-09-10 11:10:00,218.4949951171875,0.001030260505956918
NVDA,2026-09-10 11:11:00,218.38999938964844,-0.00048065614924139755
NVDA,2026-09-10 11:12:00,218.4199981689453,0.00013735390449720435
NVDA,2026-09-10 11:13:00,218.35499572753903,-0.0002976472682481082
NVDA,2026-09-10 11:14:00,218.32989501953125,-0.00011496027715767661
NVDA,2026-09-10 11:15:00,218.1699066162109,-0.0007330514693713229
NVDA,2026-09-10 11:16:00,218.02999877929688,-0.0006414849704513133
NVDA,2026-09-10 11:17:00,218.05499267578125,0.00011462855636624734
NVDA,2026-09-10 11:18:00,217.88999938964844,-0.0007569454725426562
NVDA,2026-09-10 11:19:00,218.0050048828125,0.0005276752185977662
NVDA,2026-09-10 11:20:00,218.0200042724609,6.880059326595315e-05
NVDA,2026-09-10 11:21:00,217.9250030517578,-0.00043584039551252106
NVDA,2026-09-10 11:22:00,218.1100006103516,0.0008485445807805863
NVDA,2026-09-10 11:23:00,218.0399932861328,-0.0003210240779533744
NVDA,2026-09-10 11:24:00,218.0749969482422,0.0001605249210338878
NVDA,2026-09-10 11:25:00,218.1499938964844,0.00034384526588389716
NVDA,2026-09-10 11:26:00,218.13999938964844,-4.5815888475626134e-05
NVDA,2026-09-10 11:27:00,218.4499969482422,0.0014200857247770797
NVDA,2026-09-10 11:28:00,218.3500061035156,-0.00045783354292401786
NVDA,2026-09-10 11:29:00,218.1499938964844,-0.00091643629337746
NVDA,2026-09-10 11:30:00,218.1699981689453,9.16954200526585e-05
NVDA,2026-09-10 11:31:00,218.1100006103516,-0.00027504152901723465
NVDA,2026-09-10 11:32:00,218.1199951171875,4.5822189833473156e-05
NVDA,2026-09-10 11:33:00,218.28509521484372,0.0007566369375172288
NVDA,2026-09-10 11:34:00,218.4199981689453,0.00061782177692211
NVDA,2026-09-10 11:35:00,218.4250030517578,2.2913769409023092e-05
NVDA,2026-09-10 11:36:00,218.4199981689453,-2.2913769408952e-05
NVDA,2026-09-10 11:37:00,218.79330444335935,0.0017076624288439972
NVDA,2026-09-10 11:38:00,218.5601043701172,-0.0010664148976234594
NVDA,2026-09-10 11:39:00,218.5850067138672,0.00011393170434964162
NVDA,2026-09-10 11:40:00,218.4199981689453,-0.0007551792355700358
NVDA,2026-09-10 11:41:00,218.6499938964844,0.0010524435579827868
NVDA,2026-09-10 11:42:00,218.656494140625,2.9728551114035898e-05
NVDA,2026-09-10 11:43:00,218.6750030517578,8.4644766099291e-05
NVDA,2026-09-10 11:44:00,218.7350006103516,0.00027433098679825
NVDA,2026-09-10 11:45:00,218.58999633789065,-0.0006631419598088278
NVDA,2026-09-10 11:46:00,218.6000061035156,4.5791374783439034e-05
NVDA,2026-09-10 11:47:00,218.63999938964844,0.00018293516486115436
NVDA,2026-09-10 11:48:00,218.72999572753903,0.0004115341251822796
NVDA,2026-09-10 11:49:00,218.86099243164065,0.0005987175767299104
NVDA,2026-09-10 11:50:00,218.7700042724609,-0.0004158213708628685
NVDA,2026-09-10 11:51:00,218.7749938964844,2.2807364017874993e-05
NVDA,2026-09-10 11:52:00,218.97999572753903,0.0009366054112454581
NVDA,2026-09-10 11:53:00,218.94000244140625,-0.00018265110710266326
NVDA,2026-09-10 11:54:00,218.7899932861328,-0.000685395849542178
NVDA,2026-09-10 11:55:00,218.72999572753903,-0.0002742620244853947
NVDA,2026-09-10 11:56:00,218.72000122070312,-4.569439665049744e-05
NVDA,2026-09-10 11:57:00,218.69000244140625,-0.00013716549275394932
NVDA,2026-09-10 11:58:00,218.83999633789065,0.0006856393974305557
NVDA,2026-09-10 11:59:00,218.77999877929688,-0.0002741993493859031
NVDA,2026-09-10 12:00:00,219.1000061035156,0.00146162134658167
NVDA,2026-09-10 12:01:00,218.91000366210935,-0.0008675712841608234
NVDA,2026-09-10 12:02:00,218.8209991455078,-0.00040666307507236443
NVDA,2026-09-10 12:03:00,219.0531005859375,0.001060128755319234
NVDA,2026-09-10 12:04:00,218.94500732421875,-0.0004935786797298096
NVDA,2026-09-10 12:05:00,218.9427032470703,-1.0523598140957428e-05
NVDA,2026-09-10 12:06:00,219.0399932861328,0.00044426431195918135
NVDA,2026-09-10 12:07:00,219.0498962402344,4.520969024874069e-05
NVDA,2026-09-10 12:08:00,218.94000244140625,-0.0005018097516175739
NVDA,2026-09-10 12:09:00,218.9250030517578,-6.851147941088367e-05
NVDA,2026-09-10 12:10:00,218.77940368652344,-0.0006652862907624527
NVDA,2026-09-10 12:11:00,218.6499938964844,-0.0005916831128840272
NVDA,2026-09-10 12:12:00,218.639892578125,-4.6199643182384776e-05
NVDA,2026-09-10 12:13:00,218.5294952392578,-0.0005050552224849719
NVDA,2026-09-10 12:14:00,218.32000732421875,-0.0009590851305439338
NVDA,2026-09-10 12:15:00,218.4272003173828,0.000490869745431399
NVDA,2026-09-10 12:16:00,218.40989685058597,-7.922159962186066e-05
NVDA,2026-09-10 12:17:00,218.2386016845703,-0.0007845906965327913
NVDA,2026-09-10 12:18:00,218.18499755859372,-0.00024565182239966545
NVDA,2026-09-10 12:19:00,218.22000122070312,0.00016041824581463908
NVDA,2026-09-10 12:20:00,218.38999938964844,0.0007787186610398433
NVDA,2026-09-10 12:21:00,218.25999450683597,-0.0005954649649426604
NVDA,2026-09-10 12:22:00,218.25,-4.579279724852874e-05
NVDA,2026-09-10 12:23:00,218.2899932861328,0.0001832285099180334
NVDA,2026-09-10 12:24:00,218.2250061035156,-0.00029775463930553826
NVDA,2026-09-10 12:25:00,218.125,-0.00045837563363242015
NVDA,2026-09-10 12:26:00,217.9900054931641,-0.0006190775802118099
NVDA,2026-09-10 12:27:00,217.9199981689453,-0.0003212008177492454
NVDA,2026-09-10 12:28:00,217.6100006103516,-0.0014235419457336684
NVDA,2026-09-10 12:29:00,217.75,0.0006431431196152604
NVDA,2026-09-10 12:30:00,218.00689697265625,0.001179084045270914
NVDA,2026-09-10 12:31:00,218.0294952392578,0.00010365312173670851
NVDA,2026-09-10 12:32:00,218.14990234375,0.0005520990134696531
NVDA,2026-09-10 12:33:00,218.1961975097656,0.0002121947060135842
NVDA,2026-09-10 12:34:00,217.88999938964844,-0.0014043011341077672
NVDA,2026-09-10 12:35:00,217.70599365234372,-0.0008448459177250164
NVDA,2026-09-10 12:36:00,217.8489990234375,0.0006566581884593487
NVDA,2026-09-10 12:37:00,217.875,0.00011934608445544523
NVDA,2026-09-10 12:38:00,217.9199981689453,0.00020651071854562464
NVDA,2026-09-10 12:39:00,217.96299743652344,0.0001972972937743429
NVDA,2026-09-10 12:40:00,218.1999969482422,0.0010867475604076074
NVDA,2026-09-10 12:41:00,218.25999450683597,0.0002749281040476994
NVDA,2026-09-10 12:42:00,218.2700042724609,4.586060822711522e-05
NVDA,2026-09-10 12:43:00,218.25999450683597,-4.5860608227106936e-05
NVDA,2026-09-10 12:44:00,218.42999267578125,0.0007785760265745661
NVDA,2026-09-10 12:45:00,218.6195068359375,0.0008672435147321931
NVDA,2026-09-10 12:46:00,218.8000030517578,0.000825277437264068
NVDA,2026-09-10 12:47:00,218.69500732421875,-0.00047998595213522146
NVDA,2026-09-10 12:48:00,218.6499938964844,-0.00020584859901289548
NVDA,2026-09-10 12:49:00,218.5399932861328,-0.0005032165232407347
NVDA,2026-09-10 12:50:00,218.5,-0.0001830188854971338
NVDA,2026-09-10 12:51:00,218.51499938964844,6.864473610862837e-05
NVDA,2026-09-10 12:52:00,218.53759765625,0.00010341211458049744
NVDA,2026-09-10 12:53:00,218.60499572753903,0.0003083573774010565
NVDA,2026-09-10 12:54:00,218.6898956298828,0.00038829588494379097
NVDA,2026-09-10 12:55:00,218.7400054931641,0.00022911037115571186
NVDA,2026-09-10 12:56:00,218.6999969482422,-0.00018292129119500683
NVDA,2026-09-10 12:57:00,218.6699981689453,-0.0001371780400064626
NVDA,2026-09-10 12:58:00,218.72000122070312,0.0002286428681288918
NVDA,2026-09-10 12:59:00,218.75,0.00013714668096173512
NVDA,2026-09-10 13:00:00,218.76499938964844,6.856628767114521e-05
NVDA,2026-09-10 13:01:00,218.75999450683597,-2.2878157282465216e-05
NVDA,2026-09-10 13:02:00,218.83999633789065,0.0003656390933261408
NVDA,2026-09-10 13:03:00,218.6999969482422,-0.0006399387327989178
NVDA,2026-09-10 13:04:00,218.7899932861328,0.00041142124925809163
NVDA,2026-09-10 13:05:00,218.9199066162109,0.000593604731909557
NVDA,2026-09-10 13:06:00,218.80999755859372,-0.000502177524901562
NVDA,2026-09-10 13:07:00,218.9250030517578,0.0005254571631231228
NVDA,2026-09-10 13:08:00,218.90499877929688,-9.137917635242705e-05
NVDA,2026-09-10 13:09:00,218.9149932861328,4.565578100039375e-05
NVDA,2026-09-10 13:10:00,219.0500030517578,0.0006165322390166088
NVDA,2026-09-10 13:11:00,218.9600067138672,-0.00041093279674231544
NVDA,2026-09-10 13:12:00,218.97000122070312,4.564431144976746e-05
NVDA,2026-09-10 13:13:00,218.87289428710935,-0.00044356976523895575
NVDA,2026-09-10 13:14:00,218.7400054931641,-0.0006073349213275756
NVDA,2026-09-10 13:15:00,218.80999755859372,0.0003199271650712307
NVDA,2026-09-10 13:16:00,218.7899932861328,-9.142720700801269e-05
NVDA,2026-09-10 13:17:00,218.71229553222656,-0.00035518787768147933
NVDA,2026-09-10 13:18:00,218.7100067138672,-1.0465028178270961e-05
NVDA,2026-09-10 13:19:00,218.7899932861328,0.00036565290585979576
NVDA,2026-09-10 13:20:00,218.7700042724609,-9.136581861839146e-05
NVDA,2026-09-10 13:21:00,218.73460388183597,-0.0001618286529668919
NVDA,2026-09-10 13:22:00,218.72000122070312,-6.676194955057449e-05
NVDA,2026-09-10 13:23:00,218.5800018310547,-0.0006402899311886884
NVDA,2026-09-10 13:24:00,218.6100006103516,0.0001372345166928317
NVDA,2026-09-10 13:25:00,218.47999572753903,-0.0005948655322037519
NVDA,2026-09-10 13:26:00,218.63999938964844,0.0007320812181678194
NVDA,2026-09-10 13:27:00,218.69500732421875,0.0002515597151654942
NVDA,2026-09-10 13:28:00,218.69009399414065,-2.2466837866612227e-05
NVDA,2026-09-10 13:29:00,218.69000244140625,-4.1864152092774466e-07
NVDA,2026-09-10 13:30:00,218.5399932861328,-0.0006861796428660534
NVDA,2026-09-10 13:31:00,218.53500366210935,-2.283188953166139e-05
NVDA,2026-09-10 13:32:00,218.6000061035156,0.00029740213175885323
NVDA,2026-09-10 13:33:00,218.50999450683597,-0.0004118487237824143
NVDA,2026-09-10 13:34:00,218.4900054931641,-9.148290016391707e-05
NVDA,2026-09-10 13:35:00,218.47000122070312,-9.156111391240566e-05
NVDA,2026-09-10 13:36:00,218.3600006103516,-0.0005036312167916127
NVDA,2026-09-10 13:37:00,218.3650054931641,2.292006522538246e-05
NVDA,2026-09-10 13:38:00,218.2949981689453,-0.0003206491285277831
NVDA,2026-09-10 13:39:00,218.1649932861328,-0.0005957241864201223
NVDA,2026-09-10 13:40:00,218.2200927734375,0.000252526905055517
NVDA,2026-09-10 13:41:00,218.2799072265625,0.0002740639335595581
NVDA,2026-09-10 13:42:00,218.28500366210935,2.3347893612028723e-05
NVDA,2026-09-10 13:43:00,218.35499572753903,0.0003205939269284036
NVDA,2026-09-10 13:44:00,218.3600006103516,2.292059056710181e-05
NVDA,2026-09-10 13:45:00,218.3404998779297,-8.930941188785291e-05
NVDA,2026-09-10 13:46:00,218.3500061035156,4.353758763797852e-05
NVDA,2026-09-10 13:47:00,218.33740234375,-5.772440205645459e-05
NVDA,2026-09-10 13:48:00,218.30499267578125,-0.00014844947901506697
NVDA,2026-09-10 13:49:00,218.35989379882807,0.000251456551862247
NVDA,2026-09-10 13:50:00,218.4199981689453,0.0002752158311402108
NVDA,2026-09-10 13:51:00,218.4750061035156,0.00025181306411401665
NVDA,2026-09-10 13:52:00,218.4499969482422,-0.00011447802312089808
NVDA,2026-09-10 13:53:00,218.5596923828125,0.0005020274815514035
NVDA,2026-09-10 13:54:00,218.6100006103516,0.0002301542333217665
NVDA,2026-09-10 13:55:00,218.4199981689453,-0.000869516755866061
NVDA,2026-09-10 13:56:00,218.52200317382807,0.00046690410362194775
NVDA,2026-09-10 13:57:00,218.4499969482422,-0.00032956906262880485
NVDA,2026-09-10 13:58:00,218.41000366210935,-0.00018309429194109103
NVDA,2026-09-10 13:59:00,218.3708953857422,-0.00017907503078506558
NVDA,2026-09-10 14:00:00,218.4900054931641,0.0005452999347561532
NVDA,2026-09-10 14:01:00,218.3199005126953,-0.0007788513343167136
NVDA,2026-09-10 14:02:00,218.2698974609375,-0.00022906193506368107
NVDA,2026-09-10 14:03:00,218.2449951171875,-0.00011409619328195613
NVDA,2026-09-10 14:04:00,218.22000122070312,-0.00011452875589748887
NVDA,2026-09-10 14:05:00,218.16000366210935,-0.0002749784971836159
NVDA,2026-09-10 14:06:00,218.23989868164065,0.00036615507929695535
NVDA,2026-09-10 14:07:00,218.33999633789065,0.0004585536766391623
NVDA,2026-09-10 14:08:00,218.3000030517578,-0.00018318654406642243
NVDA,2026-09-10 14:09:00,218.19000244140625,-0.0005040235116311592
NVDA,2026-09-10 14:10:00,218.08999633789065,-0.00045844918651777376
NVDA,2026-09-10 14:11:00,218.13499450683597,0.00020630715822941793
NVDA,2026-09-10 14:12:00,218.1999969482422,0.0002979474172829314
NVDA,2026-09-10 14:13:00,218.2100067138672,4.587321804145874e-05
NVDA,2026-09-10 14:14:00,218.18069458007807,-0.00013433894785697196
NVDA,2026-09-10 14:15:00,218.0449981689453,-0.0006221385753529017
NVDA,2026-09-10 14:16:00,218.07000732421875,0.00011469064345806435
NVDA,2026-09-10 14:17:00,218.08999633789065,9.165908619809434e-05
NVDA,2026-09-10 14:18:00,218.09500122070312,2.2948440871246514e-05
NVDA,2026-09-10 14:19:00,218.1699066162109,0.0003433940933514415
NVDA,2026-09-10 14:20:00,218.2100067138672,0.0001837852593312584
NVDA,2026-09-10 14:21:00,218.1999969482422,-4.5873218041566626e-05
NVDA,2026-09-10 14:22:00,218.2599029541016,0.00027450863755866116
NVDA,2026-09-10 14:23:00,218.1699981689453,-0.0004120010393268562
NVDA,2026-09-10 14:24:00,218.1699981689453,0.0
NVDA,2026-09-10 14:25:00,218.1199951171875,-0.00022921933918370428
NVDA,2026-09-10 14:26:00,218.0850067138672,-0.00016042183491011804
NVDA,2026-09-10 14:27:00,218.08999633789065,2.2879000349678706e-05
NVDA,2026-09-10 14:28:00,218.13999938964844,0.00022925086521568872
NVDA,2026-09-10 14:29:00,218.03500366210935,-0.00048143854568691107
NVDA,2026-09-10 14:30:00,217.97999572753903,-0.0002523212960065736
NVDA,2026-09-10 14:31:00,218.0,9.176692816657284e-05
NVDA,2026-09-10 14:32:00,217.9208068847656,-0.000363337169755969
NVDA,2026-09-10 14:33:00,217.82000732421875,-0.00046265834669573317
NVDA,2026-09-10 14:34:00,217.9039001464844,0.0003850733084134837
NVDA,2026-09-10 14:35:00,217.97000122070312,0.0003033036596967435
NVDA,2026-09-10 14:36:00,217.91000366210935,-0.0002752939263126598
NVDA,2026-09-10 14:37:00,217.9600067138672,0.00022944020367028832
NVDA,2026-09-10 14:38:00,218.02999877929688,0.00032107188306661975
NVDA,2026-09-10 14:39:00,218.06500244140625,0.00016053227891422512
NVDA,2026-09-10 14:40:00,218.02999877929688,-0.00016053227891432102
NVDA,2026-09-10 14:41:00,218.0,-0.0001375996120825744
NVDA,2026-09-10 14:42:00,217.96499633789065,-0.0001605801496844825
NVDA,2026-09-10 14:43:00,217.92010498046875,-0.00020597793980496203
NVDA,2026-09-10 14:44:00,217.9127960205078,-3.3540193706539674e-05
NVDA,2026-09-10 14:45:00,217.9499969482422,0.00017070017640783878
NVDA,2026-09-10 14:46:00,217.9600067138672,4.592583580404354e-05
NVDA,2026-09-10 14:47:00,217.9499969482422,-4.592583580405391e-05
NVDA,2026-09-10 14:48:00,217.8650054931641,-0.00039003455906487636
NVDA,2026-09-10 14:49:00,217.9302978515625,0.00029964691397915027
NVDA,2026-09-10 14:50:00,218.1000061035156,0.0007784241553085546
NVDA,2026-09-10 14:51:00,218.25,0.0006874935271876956
NVDA,2026-09-10 14:52:00,218.3500061035156,0.00045811316475754757
NVDA,2026-09-10 14:53:00,218.2899932861328,-0.00027488465483951907
NVDA,2026-09-10 14:54:00,218.17999267578125,-0.0005040466296351154
NVDA,2026-09-10 14:55:00,218.27349853515625,0.0004284802971613391
NVDA,2026-09-10 14:56:00,218.22000122070312,-0.00024512307629280766
NVDA,2026-09-10 14:57:00,218.2100982666016,-4.5381627503961584e-05
NVDA,2026-09-10 14:58:00,218.19500732421875,-6.916024673183682e-05
NVDA,2026-09-10 14:59:00,218.23080444335935,0.00016404675551113734
NVDA,2026-09-10 15:00:00,218.11639404296875,-0.0005244007680551205
NVDA,2026-09-10 15:01:00,218.09500122070312,-9.808465581159246e-05
NVDA,2026-09-10 15:02:00,218.05999755859372,-0.00016051019606567657
NVDA,2026-09-10 15:03:00,218.0449981689453,-6.878797446146885e-05
NVDA,2026-09-10 15:04:00,217.92999267578125,-0.0005275784081503624
NVDA,2026-09-10 15:05:00,217.8999938964844,-0.0001376627596469575
NVDA,2026-09-10 15:06:00,217.8699951171875,-0.00013768171329190925
NVDA,2026-09-10 15:07:00,217.83999633789065,-0.00013770067215609807
NVDA,2026-09-10 15:08:00,217.7400054931641,-0.0004591158733763458
NVDA,2026-09-10 15:09:00,217.9600982666016,0.0010102948806249357
NVDA,2026-09-10 15:10:00,217.8300018310547,-0.0005970600955941734
NVDA,2026-09-10 15:11:00,217.75,-0.0003673347335413487
NVDA,2026-09-10 15:12:00,217.9199981689453,0.0007803988261185182
NVDA,2026-09-10 15:13:00,217.88009643554688,-0.00018311943482318473
NVDA,2026-09-10 15:14:00,217.97000122070312,0.00041254911684007696
NVDA,2026-09-10 15:15:00,218.0399932861328,0.00032105716342605185
NVDA,2026-09-10 15:16:00,218.0749969482422,0.0001605249210338878
NVDA,2026-09-10 15:17:00,218.02999877929688,-0.00020636392403593708
NVDA,2026-09-10 15:18:00,218.1199951171875,0.00041268527078908065
NVDA,2026-09-10 15:19:00,218.13999938964844,9.170803065538399e-05
NVDA,2026-09-10 15:20:00,218.16000366210935,9.169962106353845e-05
NVDA,2026-09-10 15:21:00,218.1699981689453,4.58116874649695e-05
NVDA,2026-09-10 15:22:00,218.2449951171875,0.00034369556561625786
NVDA,2026-09-10 15:23:00,218.16900634765625,-0.00034824166980955423
NVDA,2026-09-10 15:24:00,218.2250061035156,0.0002566476833729882
NVDA,2026-09-10 15:25:00,218.3000030517578,0.0003436089452251771
NVDA,2026-09-10 15:26:00,218.3520050048828,0.00023818488137634532
NVDA,2026-09-10 15:27:00,218.3000030517578,-0.00023818488137626243
NVDA,2026-09-10 15:28:00,218.2899932861328,-4.585430591953211e-05
NVDA,2026-09-10 15:29:00,218.3000030517578,4.585430591968491e-05
NVDA,2026-09-10 15:30:00,218.32000732421875,9.163241262222256e-05
NVDA,2026-09-10 15:31:00,218.27999877929688,-0.00018327322251283936
NVDA,2026-09-10 15:32:00,218.2949981689453,6.87139197579871e-05
NVDA,2026-09-10 15:33:00,218.31500244140625,9.163451339622442e-05
NVDA,2026-09-10 15:34:00,218.5249938964844,0.0009614113772244776
NVDA,2026-09-10 15:35:00,218.3300018310547,-0.0008927084743739372
NVDA,2026-09-10 15:36:00,218.33999633789065,4.577601795241433e-05
NVDA,2026-09-10 15:37:00,218.27020263671875,-0.0003197071526514591
NVDA,2026-09-10 15:38:00,218.4053955078125,0.0006191913447309919
NVDA,2026-09-10 15:39:00,218.3500061035156,-0.0002536403872258854
NVDA,2026-09-10 15:40:00,218.4900054931641,0.0006409641549538581
NVDA,2026-09-10 15:41:00,218.6450042724609,0.0007091575020529156
NVDA,2026-09-10 15:42:00,218.7100067138672,0.0002972525305623685
NVDA,2026-09-10 15:43:00,218.72999572753903,9.139088137439098e-05
NVDA,2026-09-10 15:44:00,218.4600067138672,-0.001235110805308764
NVDA,2026-09-10 15:45:00,218.63999938964844,0.0008235766801264707
NVDA,2026-09-10 15:46:00,218.5749969482422,-0.0002973477233381302
NVDA,2026-09-10 15:47:00,218.6199951171875,0.0002058494260952838
NVDA,2026-09-10 15:48:00,218.5749969482422,-0.00020584942609533743
NVDA,2026-09-10 15:49:00,218.77999877929688,0.00093746200716076
NVDA,2026-09-10 15:50:00,218.5050048828125,-0.0012577331965756913
NVDA,2026-09-10 15:51:00,218.58999633789065,0.000388892373108583
NVDA,2026-09-10 15:52:00,218.55999755859372,-0.00013724707657720083
NVDA,2026-09-10 15:53:00,218.6100006103516,0.0002287579302576783
NVDA,2026-09-10 15:54:00,218.4600067138672,-0.0006863609941624258
NVDA,2026-09-10 15:55:00,218.51499938964844,0.0002516971236499711
NVDA,2026-09-10 15:56:00,218.4900054931641,-0.00011438723233064551
NVDA,2026-09-10 15:57:00,218.41000366210935,-0.00036622490397098916
NVDA,2026-09-10 15:58:00,218.4499969482422,0.00018309429194099394
NVDA,2026-09-10 15:59:00,218.3800048828125,-0.0003204544822254692
NVDA,2026-09-11 09:30:00,220.51499938964844,0.009729030071025766
NVDA,2026-09-11 09:31:00,219.397705078125,-0.005079629220083975
NVDA,2026-09-11 09:32:00,219.61819458007807,0.00100447168616697
NVDA,2026-09-11 09:33:00,219.9600067138672,0.001555182680464955
NVDA,2026-09-11 09:34:00,219.7998962402344,-0.0007281722577793367
NVDA,2026-09-11 09:35:00,219.69000244140625,-0.0005000970509135746
NVDA,2026-09-11 09:36:00,219.2178955078125,-0.0021512810221731835
NVDA,2026-09-11 09:37:00,219.5800018310547,0.0016504473136067055
NVDA,2026-09-11 09:38:00,219.53990173339844,-0.00018263848867803553
NVDA,2026-09-11 09:39:00,219.6000061035156,0.0002737367723580711
NVDA,2026-09-11 09:40:00,219.97999572753903,0.0017288762777655758
NVDA,2026-09-11 09:41:00,219.87989807128903,-0.0004551342797518323
NVDA,2026-09-11 09:42:00,219.94000244140625,0.0002733135559409441
NVDA,2026-09-11 09:43:00,220.01499938964844,0.000340930089015854
NVDA,2026-09-11 09:44:00,220.05999755859372,0.0002045022753583764
NVDA,2026-09-11 09:45:00,219.88999938964844,-0.0007728068125248918
NVDA,2026-09-11 09:46:00,219.75,-0.000636881969679682
NVDA,2026-09-11 09:47:00,219.72000122070312,-0.0001365225351452059
NVDA,2026-09-11 09:48:00,219.3650054931641,-0.0016169798533736566
NVDA,2026-09-11 09:49:00,219.80999755859372,0.002026491556321124
NVDA,2026-09-11 09:50:00,220.0,0.0008640206192728995
NVDA,2026-09-11 09:51:00,220.15499877929688,0.0007042918341662027
NVDA,2026-09-11 09:52:00,220.46499633789065,0.0014070973318355173
NVDA,2026-09-11 09:53:00,220.72000122070312,0.0011559999212179069
NVDA,2026-09-11 09:54:00,221.16000366210935,0.001991502588793208
NVDA,2026-09-11 09:55:00,221.3999938964844,0.0010845546783405011
NVDA,2026-09-11 09:56:00,220.7899932861328,-0.002758999592848489
NVDA,2026-09-11 09:57:00,220.9149932861328,0.0005659886446242941
NVDA,2026-09-11 09:58:00,221.28399658203125,0.001668947193478601
NVDA,2026-09-11 09:59:00,221.58999633789065,0.001381882022634019
NVDA,2026-09-11 10:00:00,221.38999938964844,-0.0009029615953764672
NVDA,2026-09-11 10:01:00,221.6499938964844,0.0011736842751077898
NVDA,2026-09-11 10:02:00,221.7100982666016,0.0002711311710178654
NVDA,2026-09-11 10:03:00,221.75999450683597,0.00022502640542392042
NVDA,2026-09-11 10:04:00,221.50999450683597,-0.0011279808365253319
NVDA,2026-09-11 10:05:00,221.375,-0.0006096142912538807
NVDA,2026-09-11 10:06:00,220.8820037841797,-0.0022294566996301063
NVDA,2026-09-11 10:07:00,221.22000122070312,0.001529047588791204
NVDA,2026-09-11 10:08:00,221.2350006103516,6.78007462550602e-05
NVDA,2026-09-11 10:09:00,221.3800048828125,0.0006552162753133921
NVDA,2026-09-11 10:10:00,221.4199981689453,0.00018063814799435088
NVDA,2026-09-11 10:11:00,221.6000061035156,0.0008126402543473312
NVDA,2026-09-11 10:12:00,221.4600067138672,-0.0006319658297195016
NVDA,2026-09-11 10:13:00,221.26499938964844,-0.0008809411446913292
NVDA,2026-09-11 10:14:00,221.1699981689453,-0.00042944713997489437
NVDA,2026-09-11 10:15:00,221.2250061035156,0.00024868244135908764
NVDA,2026-09-11 10:16:00,221.02999877929688,-0.0008818773544852227
NVDA,2026-09-11 10:17:00,220.9550018310547,-0.0003393642266520225
NVDA,2026-09-11 10:18:00,220.9683074951172,6.021707289807243e-05
NVDA,2026-09-11 10:19:00,221.2550048828125,0.0012966183366518974
NVDA,2026-09-11 10:20:00,221.32000732421875,0.0002937465517970048
NVDA,2026-09-11 10:21:00,221.5200042724609,0.0009032470264754104
NVDA,2026-09-11 10:22:00,221.6100006103516,0.0004061848131985935
NVDA,2026-09-11 10:23:00,221.4900054931641,-0.0005416164227848754
NVDA,2026-09-11 10:24:00,221.4499969482422,-0.00018064995173246916
NVDA,2026-09-11 10:25:00,221.6699981689453,0.000992964619984312
NVDA,2026-09-11 10:26:00,221.80999755859372,0.0006313673475590755
NVDA,2026-09-11 10:27:00,221.91000366210935,0.0004507622146121394
NVDA,2026-09-11 10:28:00,221.7998962402344,-0.0004963036621869294
NVDA,2026-09-11 10:29:00,221.6000061035156,-0.0009016246923085244
NVDA,2026-09-11 10:30:00,221.2899932861328,-0.001399954247971894
NVDA,2026-09-11 10:31:00,220.67999267578125,-0.0027603729531856295
NVDA,2026-09-11 10:32:00,220.5399932861328,-0.0006346013272339734
NVDA,2026-09-11 10:33:00,220.30999755859372,-0.0010434195448897597
NVDA,2026-09-11 10:34:00,220.15499877929688,-0.0007037961562597902
NVDA,2026-09-11 10:35:00,220.06900024414065,-0.00039070353475034785
NVDA,2026-09-11 10:36:00,220.0,-0.00031358829941585876
NVDA,2026-09-11 10:37:00,220.00999450683597,4.542854463513001e-05
NVDA,2026-09-11 10:38:00,219.94000244140625,-0.00031818191387988513
NVDA,2026-09-11 10:39:00,220.1000061035156,0.0007272232799466967
NVDA,2026-09-11 10:40:00,220.19000244140625,0.000408804821355964
NVDA,2026-09-11 10:41:00,220.19000244140625,0.0
NVDA,2026-09-11 10:42:00,220.07000732421875,-0.0005451102416624181
NVDA,2026-09-11 10:43:00,219.72999572753903,-0.0015462103777219981
NVDA,2026-09-11 10:44:00,219.78810119628903,0.0002644053543877616
NVDA,2026-09-11 10:45:00,219.85780334472656,0.0003170831266780681
NVDA,2026-09-11 10:46:00,219.9199981689453,0.0002828465848858913
NVDA,2026-09-11 10:47:00,219.8600006103516,-0.0002728526041770575
NVDA,2026-09-11 10:48:00,219.8699951171875,4.5457471333457976e-05
NVDA,2026-09-11 10:49:00,219.989501953125,0.0005433864207730344
NVDA,2026-09-11 10:50:00,219.8300018310547,-0.0007252981174784972
NVDA,2026-09-11 10:51:00,219.88999938964844,0.0002728898335281446
NVDA,2026-09-11 10:52:00,219.7400054931641,-0.0006823642637601771
NVDA,2026-09-11 10:53:00,219.67999267578125,-0.00027314559194411284
NVDA,2026-09-11 10:54:00,219.625,-0.0002503621720005201
NVDA,2026-09-11 10:55:00,219.3950042724609,-0.0010477688776910374
NVDA,2026-09-11 10:56:00,219.6100006103516,0.000979471088883666
NVDA,2026-09-11 10:57:00,219.62240600585935,5.648670418756939e-05
NVDA,2026-09-11 10:58:00,219.5570068359375,-0.0002978243901828791
NVDA,2026-09-11 10:59:00,219.47000122070312,-0.0003963565556412458
NVDA,2026-09-11 11:00:00,219.56539916992188,0.0004345797657102392
NVDA,2026-09-11 11:01:00,219.82000732421875,0.001158928717390728
NVDA,2026-09-11 11:02:00,220.0500030517578,0.001045744165656456
NVDA,2026-09-11 11:03:00,220.12130737304688,0.0003239844134500787
NVDA,2026-09-11 11:04:00,220.0800018310547,-0.00018766660275547668
NVDA,2026-09-11 11:05:00,220.2550048828125,0.0007948632668468783
NVDA,2026-09-11 11:06:00,220.08999633789065,-0.0007494512356805184
NVDA,2026-09-11 11:07:00,220.1649932861328,0.000340697780763945
NVDA,2026-09-11 11:08:00,220.1999969482422,0.00015897568135216547
NVDA,2026-09-11 11:09:00,220.13999938964844,-0.00027250560686747764
NVDA,2026-09-11 11:10:00,220.1300048828125,-4.5401715950091646e-05
NVDA,2026-09-11 11:11:00,220.0800018310547,-0.00022717817046519835
NVDA,2026-09-11 11:12:00,219.9199066162109,-0.0007277057055474993
NVDA,2026-09-11 11:13:00,219.7749938964844,-0.0006591512651356877
NVDA,2026-09-11 11:14:00,219.7805938720703,2.548017016294205e-05
NVDA,2026-09-11 11:15:00,220.3800048828125,0.002723603080213668
NVDA,2026-09-11 11:16:00,220.4199981689453,0.00018145774031604942
NVDA,2026-09-11 11:17:00,220.44009399414065,9.116645197182351e-05
NVDA,2026-09-11 11:18:00,220.38999938964844,-0.00022727397906673567
NVDA,2026-09-11 11:19:00,220.16000366210935,-0.0010441300503512667
NVDA,2026-09-11 11:20:00,220.25,0.00040869343745588734
NVDA,2026-09-11 11:21:00,220.17999267578125,-0.00031790443871918455
NVDA,2026-09-11 11:22:00,220.2100067138672,0.00013630662900607804
NVDA,2026-09-11 11:23:00,219.9199981689453,-0.0013178314755890545
NVDA,2026-09-11 11:24:00,220.1669006347656,0.001122062449012351
NVDA,2026-09-11 11:25:00,220.2017059326172,0.00015807347483455235
NVDA,2026-09-11 11:26:00,220.1999969482422,-7.761025281319478e-06
NVDA,2026-09-11 11:27:00,220.2400054931641,0.0001816753465179066
NVDA,2026-09-11 11:28:00,220.2100067138672,-0.00013621876949432098
NVDA,2026-09-11 11:29:00,220.1800994873047,-0.0001358215190911463
NVDA,2026-09-11 11:30:00,220.22999572753903,0.00022658990331952386
NVDA,2026-09-11 11:31:00,220.1699981689453,-0.0002724684822725067
NVDA,2026-09-11 11:32:00,220.1000061035156,-0.00031795064546820173
NVDA,2026-09-11 11:33:00,219.8249969482422,-0.0012502548806672537
NVDA,2026-09-11 11:34:00,219.8300018310547,2.276731904157672e-05
NVDA,2026-09-11 11:35:00,219.94000244140625,0.0005002642816789891
NVDA,2026-09-11 11:36:00,219.92999267578125,-4.5512382012201366e-05
NVDA,2026-09-11 11:37:00,219.68499755859372,-0.001114589574937979
NVDA,2026-09-11 11:38:00,219.80999755859372,0.000568834706921877
NVDA,2026-09-11 11:39:00,219.75,-0.00027298916780214437
NVDA,2026-09-11 11:40:00,219.75999450683597,4.5480225535633035e-05
NVDA,2026-09-11 11:41:00,219.44009399414065,-0.0014567418251613723
NVDA,2026-09-11 11:42:00,219.5,0.0002729575495651926
NVDA,2026-09-11 11:43:00,219.7100067138672,0.0009562930109113649
NVDA,2026-09-11 11:44:00,219.57000732421875,-0.0006374038877910702
NVDA,2026-09-11 11:45:00,219.55999755859372,-4.558907619817211e-05
NVDA,2026-09-11 11:46:00,219.6699981689453,0.0005008793284673348
NVDA,2026-09-11 11:47:00,219.55990600585935,-0.0005012963113169421
NVDA,2026-09-11 11:48:00,219.6100006103516,0.00022813313915560627
NVDA,2026-09-11 11:49:00,219.72999572753903,0.0005462517465810639
NVDA,2026-09-11 11:50:00,219.8000030517578,0.00031855538873438685
NVDA,2026-09-11 11:51:00,219.75,-0.00022751928848299251
NVDA,2026-09-11 11:52:00,219.7120056152344,-0.00017291317281035944
NVDA,2026-09-11 11:53:00,219.6100006103516,-0.0004643746740221478
NVDA,2026-09-11 11:54:00,219.5977935791016,-5.558658755441952e-05
NVDA,2026-09-11 11:55:00,219.6000061035156,1.0075298262435553e-05
NVDA,2026-09-11 11:56:00,219.6300048828125,0.00013659712949110446
NVDA,2026-09-11 11:57:00,219.6100006103516,-9.108584019930309e-05
NVDA,2026-09-11 11:58:00,219.75,0.0006372878468324942
NVDA,2026-09-11 11:59:00,219.68499755859372,-0.00029584553911972465
NVDA,2026-09-11 12:00:00,219.67999267578125,-2.278234690484489e-05
NVDA,2026-09-11 12:01:00,219.8350067138672,0.0007053868228784848
NVDA,2026-09-11 12:02:00,219.91000366210935,0.00034109289338002245
NVDA,2026-09-11 12:03:00,219.7100982666016,-0.0009094461714060375
NVDA,2026-09-11 12:04:00,219.92999267578125,0.001000338376990296
NVDA,2026-09-11 12:05:00,219.91000366210935,-9.089220558426743e-05
NVDA,2026-09-11 12:06:00,219.83990478515625,-0.0003188124713628783
NVDA,2026-09-11 12:07:00,219.77999877929688,-0.0002725354595843195
NVDA,2026-09-11 12:08:00,219.75999450683597,-9.102367375115959e-05
NVDA,2026-09-11 12:09:00,219.875,0.0005231862669000474
NVDA,2026-09-11 12:10:00,219.75360107421875,-0.000552279485776421
NVDA,2026-09-11 12:11:00,219.8450927734375,0.00041625101175346877
NVDA,2026-09-11 12:12:00,219.7801055908203,-0.0002956481263237866
NVDA,2026-09-11 12:13:00,219.63999938964844,-0.0006376868255761446
NVDA,2026-09-11 12:14:00,219.5800018310547,-0.00027320048631743486
NVDA,2026-09-11 12:15:00,219.42999267578125,-0.0006833974760880392
NVDA,2026-09-11 12:16:00,219.3999938964844,-0.0001367216473873759
NVDA,2026-09-11 12:17:00,219.4600067138672,0.0002734941333154239
NVDA,2026-09-11 12:18:00,219.3000030517578,-0.0007293448155751421
NVDA,2026-09-11 12:19:00,219.25999450683597,-0.00018245414655031873
NVDA,2026-09-11 12:20:00,219.26370239257807,1.6910765682260738e-05
NVDA,2026-09-11 12:21:00,219.25,-6.249470658624007e-05
NVDA,2026-09-11 12:22:00,219.1735992431641,-0.0003485248410038671
NVDA,2026-09-11 12:23:00,219.2698974609375,0.0004392731106552223
NVDA,2026-09-11 12:24:00,219.20620727539065,-0.00029050698684284637
NVDA,2026-09-11 12:25:00,219.16009521484372,-0.00021038141141351457
NVDA,2026-09-11 12:26:00,219.13999938964844,-9.169893165316831e-05
NVDA,2026-09-11 12:27:00,219.1699066162109,0.0001364661222530966
NVDA,2026-09-11 12:28:00,219.30799865722656,0.000629870029574407
NVDA,2026-09-11 12:29:00,219.16000366210935,-0.0006750549638946818
NVDA,2026-09-11 12:30:00,219.1999969482422,0.0001824677716403484
NVDA,2026-09-11 12:31:00,219.0664978027344,-0.0006092144904326689
NVDA,2026-09-11 12:32:00,218.9850006103516,-0.00037208955393749346
NVDA,2026-09-11 12:33:00,219.17999267578125,0.000890039511552481
NVDA,2026-09-11 12:34:00,219.1450042724609,-0.0001596459414281329
NVDA,2026-09-11 12:35:00,219.0800018310547,-0.0002966624039140115
NVDA,2026-09-11 12:36:00,219.07000732421875,-4.562139280540298e-05
NVDA,2026-09-11 12:37:00,219.0175018310547,-0.00023970322055837074
NVDA,2026-09-11 12:38:00,218.9199066162109,-0.0004457039502765019
NVDA,2026-09-11 12:39:00,218.7550048828125,-0.000753535269528923
NVDA,2026-09-11 12:40:00,218.93499755859372,0.0008224665170489107
NVDA,2026-09-11 12:41:00,218.94000244140625,2.2859870112359367e-05
NVDA,2026-09-11 12:42:00,218.91000366210935,-0.00013702765296640508
NVDA,2026-09-11 12:43:00,218.9501037597656,0.00018316396990117716
NVDA,2026-09-11 12:44:00,219.11990356445312,0.0007752177065410816
NVDA,2026-09-11 12:45:00,219.1501007080078,0.00013780155296087195
NVDA,2026-09-11 12:46:00,219.1499938964844,-4.873899171836787e-07
NVDA,2026-09-11 12:47:00,219.18499755859372,0.00015971192291781744
NVDA,2026-09-11 12:48:00,219.052001953125,-0.0006069574668493691
NVDA,2026-09-11 12:49:00,218.96969604492188,-0.00037580745222433884
NVDA,2026-09-11 12:50:00,219.17999267578125,0.000959930600986265
NVDA,2026-09-11 12:51:00,219.1300048828125,-0.00022809332875778002
NVDA,2026-09-11 12:52:00,219.1199951171875,-4.5680618946894696e-05
NVDA,2026-09-11 12:53:00,219.02999877929688,-0.0004108015082046216
NVDA,2026-09-11 12:54:00,219.0249938964844,-2.2850477206626523e-05
NVDA,2026-09-11 12:55:00,219.00999450683597,-6.848489299441079e-05
NVDA,2026-09-11 12:56:00,219.05999755859372,0.00022828795800042647
NVDA,2026-09-11 12:57:00,219.1100006103516,0.0002282358545034697
NVDA,2026-09-11 12:58:00,219.11099243164065,4.5265804459645724e-06
NVDA,2026-09-11 12:59:00,219.10499572753903,-2.73687143510367e-05
NVDA,2026-09-11 13:00:00,219.15499877929688,0.000228188986453455
NVDA,2026-09-11 13:01:00,219.09500122070312,-0.00027380517498496295
NVDA,2026-09-11 13:02:00,219.09500122070312,0.0
NVDA,2026-09-11 13:03:00,219.1199951171875,0.00011407138833840238
NVDA,2026-09-11 13:04:00,219.0576019287109,-0.0002847849334101743
NVDA,2026-09-11 13:05:00,219.10499572753903,0.0002163297336033503
NVDA,2026-09-11 13:06:00,219.21499633789065,0.0005019192126856323
NVDA,2026-09-11 13:07:00,219.15370178222656,-0.00027964841616839246
NVDA,2026-09-11 13:08:00,219.13999938964844,-6.252607576134863e-05
NVDA,2026-09-11 13:09:00,219.1199951171875,-9.128952094908738e-05
NVDA,2026-09-11 13:10:00,219.1000061035156,-9.122821245075633e-05
NVDA,2026-09-11 13:11:00,219.01499938964844,-0.0003880566237999972
NVDA,2026-09-11 13:12:00,219.0249938964844,4.5632850839671734e-05
NVDA,2026-09-11 13:13:00,218.91140747070312,-0.0005187348116015297
NVDA,2026-09-11 13:14:00,218.9850006103516,0.0003361212331647743
NVDA,2026-09-11 13:15:00,219.0,6.849270926338748e-05
NVDA,2026-09-11 13:16:00,219.0449981689453,0.0002054499847808552
NVDA,2026-09-11 13:17:00,219.25079345703125,0.0009390704046960572
NVDA,2026-09-11 13:18:00,219.27999877929688,0.00013319622168306302
NVDA,2026-09-11 13:19:00,219.3179931640625,0.00017325380215407277
NVDA,2026-09-11 13:20:00,219.2949981689453,-0.0001048532332267152
NVDA,2026-09-11 13:21:00,219.22999572753903,-0.000296459462001437
NVDA,2026-09-11 13:22:00,219.30499267578125,0.0003420340495357059
NVDA,2026-09-11 13:23:00,219.40499877929688,0.0004559098593407041
NVDA,2026-09-11 13:24:00,219.32000732421875,-0.0003874475124916626
NVDA,2026-09-11 13:25:00,219.3600006103516,0.00018233466545220043
NVDA,2026-09-11 13:26:00,219.27999877929688,-0.0003647721687630784
NVDA,2026-09-11 13:27:00,219.21730041503903,-0.0002859692171437699
NVDA,2026-09-11 13:28:00,219.13499450683597,-0.00037552402541863824
NVDA,2026-09-11 13:29:00,219.25,0.0005246780671939014
NVDA,2026-09-11 13:30:00,219.3000030517578,0.00022803808745439422
NVDA,2026-09-11 13:31:00,219.26499938964844,-0.00015962815997098073
NVDA,2026-09-11 13:32:00,219.2100067138672,-0.00025083608098108495
NVDA,2026-09-11 13:33:00,219.2449951171875,0.00015959860532306655
NVDA,2026-09-11 13:34:00,219.2100067138672,-0.00015959860532309324
NVDA,2026-09-11 13:35:00,219.17999267578125,-0.00013692848000466191
NVDA,2026-09-11 13:36:00,219.2700958251953,0.00041100756070334835
NVDA,2026-09-11 13:37:00,219.3950042724609,0.0005694934500769071
NVDA,2026-09-11 13:38:00,219.13999938964844,-0.001162985437535917
NVDA,2026-09-11 13:39:00,219.05999755859372,-0.0003651384413543123
NVDA,2026-09-11 13:40:00,219.16009521484372,0.0004568373730076387
NVDA,2026-09-11 13:41:00,219.25,0.0004101401286048633
NVDA,2026-09-11 13:42:00,219.2350006103516,-6.84146077214494e-05
NVDA,2026-09-11 13:43:00,219.2799072265625,0.00020481226779442245
NVDA,2026-09-11 13:44:00,219.2899932861328,4.599522019315478e-05
NVDA,2026-09-11 13:45:00,219.3350067138672,0.00020524789007638912
NVDA,2026-09-11 13:46:00,219.3650054931641,0.00013676215413240683
NVDA,2026-09-11 13:47:00,219.3600006103516,-2.2815580343464678e-05
NVDA,2026-09-11 13:48:00,219.30499267578125,-0.0002507970123013358
NVDA,2026-09-11 13:49:00,219.2801055908203,-0.0001134880555040049
NVDA,2026-09-11 13:50:00,219.2700042724609,-4.606688327746541e-05
NVDA,2026-09-11 13:51:00,219.28500366210935,6.840368657491437e-05
NVDA,2026-09-11 13:52:00,219.31500244140625,0.00013679333755690275
NVDA,2026-09-11 13:53:00,219.31500244140625,0.0
NVDA,2026-09-11 13:54:00,219.2550048828125,-0.00027360539009079024
NVDA,2026-09-11 13:55:00,219.2550048828125,0.0
NVDA,2026-09-11 13:56:00,219.22000122070312,-0.00015966092341176732
NVDA,2026-09-11 13:57:00,219.16000366210935,-0.00027372397600306094
NVDA,2026-09-11 13:58:00,219.1199951171875,-0.00018257070888203208
NVDA,2026-09-11 13:59:00,219.1450042724609,0.00011412800627644763
NVDA,2026-09-11 14:00:00,219.06500244140625,-0.00036513010071779887
NVDA,2026-09-11 14:01:00,219.16000366210935,0.00043357280332319
NVDA,2026-09-11 14:02:00,219.1999969482422,0.0001824677716403484
NVDA,2026-09-11 14:03:00,219.1649932861328,-0.00015970099329807002
NVDA,2026-09-11 14:04:00,219.139892578125,-0.00011453537865890997
NVDA,2026-09-11 14:05:00,219.08999633789065,-0.0002277171946138691
NVDA,2026-09-11 14:06:00,219.12969970703125,0.00018120303403777147
NVDA,2026-09-11 14:07:00,219.1199951171875,-4.428794798921916e-05
NVDA,2026-09-11 14:08:00,219.13999938964844,9.128952094911523e-05
NVDA,2026-09-11 14:09:00,219.19500732421875,0.0002509858168593391
NVDA,2026-09-11 14:10:00,219.21499633789065,9.118867507033478e-05
NVDA,2026-09-11 14:11:00,219.1300048828125,-0.0003877833939318323
NVDA,2026-09-11 14:12:00,219.1199951171875,-4.5680618946894696e-05
NVDA,2026-09-11 14:13:00,219.17999267578125,0.0002737739477046091
NVDA,2026-09-11 14:14:00,219.1999969482422,9.126453281765556e-05
NVDA,2026-09-11 14:15:00,219.22000122070312,9.125620436287472e-05
NVDA,2026-09-11 14:16:00,219.2550048828125,0.0001596609234118486
NVDA,2026-09-11 14:17:00,219.31500244140625,0.0002736053900908851
NVDA,2026-09-11 14:18:00,219.34500122070312,0.00013677462769889329
NVDA,2026-09-11 14:19:00,219.25999450683597,-0.00038762310397548715
NVDA,2026-09-11 14:20:00,219.2200927734375,-0.00018200020783654803
NVDA,2026-09-11 14:21:00,219.2100067138672,-4.6009886565262555e-05
NVDA,2026-09-11 14:22:00,219.22999572753903,9.118243579220928e-05
NVDA,2026-09-11 14:23:00,219.30499267578125,0.0003420340495357059
NVDA,2026-09-11 14:24:00,219.36990356445312,0.00029594075112098037
NVDA,2026-09-11 14:25:00,219.3500061035156,-9.070689755676408e-05
NVDA,2026-09-11 14:26:00,219.35499572753903,2.274705783077432e-05
NVDA,2026-09-11 14:27:00,219.4499969482422,0.0004329997323327855
NVDA,2026-09-11 14:28:00,219.50999450683597,0.00027336231153327143
NVDA,2026-09-11 14:29:00,219.50999450683597,0.0
NVDA,2026-09-11 14:30:00,219.55999755859372,0.00022776802276416026
NVDA,2026-09-11 14:31:00,219.52999877929688,-0.00013664068684656172
NVDA,2026-09-11 14:32:00,219.6199951171875,0.0004098660612607793
NVDA,2026-09-11 14:33:00,219.8300018310547,0.0009557707648755745
NVDA,2026-09-11 14:34:00,219.9149932861328,0.0003865488275257064
NVDA,2026-09-11 14:35:00,219.97000122070312,0.000250101438075626
NVDA,2026-09-11 14:36:00,219.9850006103516,6.818601716918037e-05
NVDA,2026-09-11 14:37:00,219.7790985107422,-0.000936420754067623
NVDA,2026-09-11 14:38:00,219.5800018310547,-0.000906305084659017
NVDA,2026-09-11 14:39:00,219.71499633789065,0.0006145961672584417
NVDA,2026-09-11 14:40:00,219.797607421875,0.0003759213467397479
NVDA,2026-09-11 14:41:00,219.75,-0.00021662009419363463
NVDA,2026-09-11 14:42:00,219.6999969482422,-0.00022757106529003548
NVDA,2026-09-11 14:43:00,219.6699981689453,-0.00013655360938108843
NVDA,2026-09-11 14:44:00,219.6499938964844,-9.106925628716478e-05
NVDA,2026-09-11 14:45:00,219.6100006103516,-0.0001820939158742425
NVDA,2026-09-11 14:46:00,219.5995941162109,-4.7387371622009545e-05
NVDA,2026-09-11 14:47:00,219.5800018310547,-8.922220135004076e-05
NVDA,2026-09-11 14:48:00,219.4700927734375,-0.0005006675149999841
NVDA,2026-09-11 14:49:00,219.4600067138672,-4.595747515999392e-05
NVDA,2026-09-11 14:50:00,219.3168029785156,-0.0006527406976524852
NVDA,2026-09-11 14:51:00,219.3249969482422,3.736064245996794e-05
NVDA,2026-09-11 14:52:00,219.2899932861328,-0.00015960996757078297
NVDA,2026-09-11 14:53:00,219.27999877929688,-4.557770489763678e-05
NVDA,2026-09-11 14:54:00,219.27999877929688,0.0
NVDA,2026-09-11 14:55:00,219.38800048828125,0.0004924075216197036
NVDA,2026-09-11 14:56:00,219.5,0.0005103785659453744
NVDA,2026-09-11 14:57:00,219.3699951171875,-0.0005924528359722371
NVDA,2026-09-11 14:58:00,219.42930603027344,0.0002703327616614753
NVDA,2026-09-11 14:59:00,219.3500061035156,-0.0003614570032282501
NVDA,2026-09-11 15:00:00,219.4149932861328,0.0002962277446142458
NVDA,2026-09-11 15:01:00,219.41000366210935,-2.2740837729743362e-05
NVDA,2026-09-11 15:02:00,219.3950042724609,-6.836471500117971e-05
NVDA,2026-09-11 15:03:00,219.3000030517578,-0.0004331082898235239
NVDA,2026-09-11 15:04:00,219.22000122070312,-0.0003648719837763131
NVDA,2026-09-11 15:05:00,219.16949462890625,-0.0002304188056442686
NVDA,2026-09-11 15:06:00,219.1300048828125,-0.00018019526029391567
NVDA,2026-09-11 15:07:00,219.01499938964844,-0.0005249654551977542
NVDA,2026-09-11 15:08:00,219.04139709472656,0.00012052194795892817
NVDA,2026-09-11 15:09:00,218.85009765625,-0.0008737299214055385
NVDA,2026-09-11 15:10:00,218.8999938964844,0.000227966784762912
NVDA,2026-09-11 15:11:00,218.97999572753903,0.00036540528839183663
NVDA,2026-09-11 15:12:00,218.93499755859372,-0.00020551097721510647
NVDA,2026-09-11 15:13:00,219.1100006103516,0.0007990186478557514
NVDA,2026-09-11 15:14:00,219.1100006103516,0.0
NVDA,2026-09-11 15:15:00,219.1699981689453,0.00027378643394918034
NVDA,2026-09-11 15:16:00,219.0249938964844,-0.0006618253534585141
NVDA,2026-09-11 15:17:00,219.1199951171875,0.00043365198541127044
NVDA,2026-09-11 15:18:00,219.0500030517578,-0.0003194744793915273
NVDA,2026-09-11 15:19:00,218.99020385742188,-0.0002730306203139089
NVDA,2026-09-11 15:20:00,219.0,4.473224512102393e-05
NVDA,2026-09-11 15:21:00,219.0,0.0
NVDA,2026-09-11 15:22:00,218.94500732421875,-0.0002511396415101839
NVDA,2026-09-11 15:23:00,218.92010498046875,-0.00011374436134347103
NVDA,2026-09-11 15:24:00,219.0399932861328,0.0005474850751617631
NVDA,2026-09-11 15:25:00,219.0249938964844,-6.8480203134824e-05
NVDA,2026-09-11 15:26:00,219.0335998535156,3.9291351226104136e-05
NVDA,2026-09-11 15:27:00,218.8800048828125,-0.0007014852945435233
NVDA,2026-09-11 15:28:00,218.66000366210935,-0.0010056279880560437
NVDA,2026-09-11 15:29:00,218.41000366210935,-0.0011439816188485734
NVDA,2026-09-11 15:30:00,218.28500366210935,-0.0005724819442284522
NVDA,2026-09-11 15:31:00,218.4019927978516,0.000535803170185691
NVDA,2026-09-11 15:32:00,218.3600006103516,-0.00019228865269026895
NVDA,2026-09-11 15:33:00,218.2700958251953,-0.00041181213645507907
NVDA,2026-09-11 15:34:00,218.47000122070312,0.0009154433532467413
NVDA,2026-09-11 15:35:00,218.4501037597656,-9.108054641790717e-05
NVDA,2026-09-11 15:36:00,218.52999877929688,0.00036566891699336995
NVDA,2026-09-11 15:37:00,218.47799682617188,-0.00023799085551467661
NVDA,2026-09-11 15:38:00,218.47999572753903,9.149169490982269e-06
NVDA,2026-09-11 15:39:00,218.4700927734375,-4.532762145533396e-05
NVDA,2026-09-11 15:40:00,218.72999572753903,0.0011889429648054384
NVDA,2026-09-11 15:41:00,218.7350006103516,2.288129498206313e-05
NVDA,2026-09-11 15:42:00,218.7899932861328,0.0002513807295033241
NVDA,2026-09-11 15:43:00,218.7100067138672,-0.00036565290585975033
NVDA,2026-09-11 15:44:00,218.7657928466797,0.00025503643022492994
NVDA,2026-09-11 15:45:00,218.80999755859372,0.00020204368264281454
NVDA,2026-09-11 15:46:00,218.7250061035156,-0.00038850128760327336
NVDA,2026-09-11 15:47:00,218.7400054931641,6.857412253221892e-05
NVDA,2026-09-11 15:48:00,218.6499938964844,-0.00041158507545197096
NVDA,2026-09-11 15:49:00,218.75999450683597,0.0005029634237297679
NVDA,2026-09-11 15:50:00,218.6000061035156,-0.0007316097047434289
NVDA,2026-09-11 15:51:00,218.6100006103516,4.571947889697292e-05
NVDA,2026-09-11 15:52:00,218.58999633789065,-9.151085368034025e-05
NVDA,2026-09-11 15:53:00,218.5800018310547,-4.5723663012385644e-05
NVDA,2026-09-11 15:54:00,218.72000122070312,0.0006402899311887917
NVDA,2026-09-11 15:55:00,218.75,0.00013714668096173512
NVDA,2026-09-11 15:56:00,218.6649932861328,-0.00038867764590659723
NVDA,2026-09-11 15:57:00,218.59500122070312,-0.0003201393537335863
NVDA,2026-09-11 15:58:00,218.3800048828125,-0.000984021292916043
NVDA,2026-09-11 15:59:00,218.1999969482422,-0.0008246275322550359
SOL,2026-09-08 09:30:00,102.87999725341795,
SOL,2026-09-08 09:31:00,102.66999816894533,-0.002043290315856452
SOL,2026-09-08 09:32:00,102.5199966430664,-0.0014620747248168082
SOL,2026-09-08 09:33:00,102.45999908447266,-0.0005853991760921423
SOL,2026-09-08 09:34:00,102.47000122070312,9.761514881679247e-05
SOL,2026-09-08 09:35:00,102.4499969482422,-0.0001952398272810508
SOL,2026-09-08 09:36:00,102.4000015258789,-0.00048811739056242733
SOL,2026-09-08 09:37:00,102.33999633789062,-0.0005861599133772914
SOL,2026-09-08 09:38:00,102.2300033569336,-0.0010753579871997457
SOL,2026-09-08 09:39:00,101.9499969482422,-0.0027427425193952554
SOL,2026-09-08 09:40:00,101.9499969482422,0.0
SOL,2026-09-08 09:41:00,101.8000030517578,-0.0014723329921998071
SOL,2026-09-08 09:42:00,101.73999786376952,-0.0005896156967353502
SOL,2026-09-08 09:43:00,101.8000030517578,0.000589615696735441
SOL,2026-09-08 09:44:00,102.04000091552734,0.0023547681514540044
SOL,2026-09-08 09:45:00,101.9800033569336,-0.0005881537012730879
SOL,2026-09-08 09:46:00,101.91999816894533,-0.0005885746863312144
SOL,2026-09-08 09:47:00,102.1500015258789,0.00225416234301502
SOL,2026-09-08 09:48:00,102.13999938964844,-9.792095740014961e-05
SOL,2026-09-08 09:49:00,102.2699966430664,0.0012719267498339335
SOL,2026-09-08 09:50:00,102.13999938964844,-0.0012719267498339847
SOL,2026-09-08 09:51:00,102.0999984741211,-0.00039170501818628587
SOL,2026-09-08 09:52:00,102.05999755859376,-0.00039185851113335843
SOL,2026-09-08 09:53:00,102.06999969482422,9.799771099836725e-05
SOL,2026-09-08 09:54:00,102.26000213623048,0.0018597611165000942
SOL,2026-09-08 09:55:00,102.58000183105467,0.0031243892690989124
SOL,2026-09-08 09:56:00,102.68000030517578,0.000974359163906415
SOL,2026-09-08 09:57:00,102.83999633789062,0.0015569878128668892
SOL,2026-09-08 09:58:00,102.5999984741211,-0.0023364289233570126
SOL,2026-09-08 09:59:00,102.66999816894533,0.0006820256119491586
SOL,2026-09-08 10:00:00,102.68000030517578,9.741549854085465e-05
SOL,2026-09-08 10:01:00,102.5199966430664,-0.0015594902233577086
SOL,2026-09-08 10:02:00,102.52999877929688,9.755802449837118e-05
SOL,2026-09-08 10:03:00,102.48999786376952,-0.00039021477602083115
SOL,2026-09-08 10:04:00,102.62000274658205,0.0012676602782416865
SOL,2026-09-08 10:05:00,102.76000213623048,0.001363320751817166
SOL,2026-09-08 10:06:00,102.79000091552734,0.00029188790138139347
SOL,2026-09-08 10:07:00,102.7699966430664,-0.0001946319591523399
SOL,2026-09-08 10:08:00,102.87000274658205,0.0009726328700291061
SOL,2026-09-08 10:09:00,102.83999633789062,-0.00029173505456992686
SOL,2026-09-08 10:10:00,102.83000183105467,-9.718974019352538e-05
SOL,2026-09-08 10:11:00,102.87000274658205,0.0003889247947634547
SOL,2026-09-08 10:12:00,102.88999938964844,0.00019436861315837156
SOL,2026-09-08 10:13:00,102.98999786376952,0.0009714249399543762
SOL,2026-09-08 10:14:00,102.9800033569336,-9.704817968178476e-05
SOL,2026-09-08 10:15:00,103.16999816894533,0.00184326814843456
SOL,2026-09-08 10:16:00,103.08000183105467,-0.0008726918167501199
SOL,2026-09-08 10:17:00,103.0199966430664,-0.0005822919954195389
SOL,2026-09-08 10:18:00,103.05999755859376,0.00038820765872661135
SOL,2026-09-08 10:19:00,103.0199966430664,-0.00038820765872669136
SOL,2026-09-08 10:20:00,103.05999755859376,0.00038820765872661135
SOL,2026-09-08 10:21:00,103.0500030517578,-9.698226009609756e-05
SOL,2026-09-08 10:22:00,103.02999877929688,-0.00019414084186734356
SOL,2026-09-08 10:23:00,103.0,-0.0002912078793051005
SOL,2026-09-08 10:24:00,102.9499969482422,-0.0004855843989441148
SOL,2026-09-08 10:25:00,102.91999816894533,-0.00029143420819656234
SOL,2026-09-08 10:26:00,102.77999877929688,-0.0013611999352663136
SOL,2026-09-08 10:27:00,102.77999877929688,0.0
SOL,2026-09-08 10:28:00,102.8499984741211,0.0006808315757730892
SOL,2026-09-08 10:29:00,102.88999938964844,0.00038884919263837333
SOL,2026-09-08 10:30:00,102.8499984741211,-0.0003888491926383306
SOL,2026-09-08 10:31:00,102.81999969482422,-0.0002917176037019693
SOL,2026-09-08 10:32:00,102.80999755859376,-9.728285145104734e-05
SOL,2026-09-08 10:33:00,102.9000015258789,0.0008750568609099488
SOL,2026-09-08 10:34:00,103.0,0.0009713305608768039
SOL,2026-09-08 10:35:00,102.94000244140624,-0.0005826702882388669
SOL,2026-09-08 10:36:00,102.91999816894533,-0.00019434831890183992
SOL,2026-09-08 10:37:00,102.93000030517578,9.717888085962282e-05
SOL,2026-09-08 10:38:00,103.0999984741211,0.0016502277195700368
SOL,2026-09-08 10:39:00,103.0199966430664,-0.0007762646707471494
SOL,2026-09-08 10:40:00,103.0,-0.00019412332254178883
SOL,2026-09-08 10:41:00,103.05999755859376,0.0005823309812685667
SOL,2026-09-08 10:42:00,103.04000091552734,-0.0001940479696964191
SOL,2026-09-08 10:43:00,103.05999755859376,0.0001940479696962952
SOL,2026-09-08 10:44:00,103.0500030517578,-9.698226009609756e-05
SOL,2026-09-08 10:45:00,103.06999969482422,0.00019402913703373963
SOL,2026-09-08 10:46:00,103.1999969482422,0.0012604573883234333
SOL,2026-09-08 10:47:00,103.20999908447266,9.691523114703233e-05
SOL,2026-09-08 10:48:00,103.4000015258789,0.0018392381240655144
SOL,2026-09-08 10:49:00,103.30999755859376,-0.0008708236018724103
SOL,2026-09-08 10:50:00,103.37000274658205,0.0005806579212855822
SOL,2026-09-08 10:51:00,103.3000030517578,-0.0006774054825287638
SOL,2026-09-08 10:52:00,103.26000213623048,-0.0003873055288795636
SOL,2026-09-08 10:53:00,103.30999755859376,0.00048405309012277277
SOL,2026-09-08 10:54:00,103.3000030517578,-9.674756124324502e-05
SOL,2026-09-08 10:55:00,103.2300033569336,-0.0006778646717909899
SOL,2026-09-08 10:56:00,103.30999755859376,0.0007746122330341983
SOL,2026-09-08 10:57:00,103.31999969482422,9.681204443892943e-05
SOL,2026-09-08 10:58:00,103.27999877929688,-0.0003872305549140183
SOL,2026-09-08 10:59:00,103.31999969482422,0.00038723055491400967
SOL,2026-09-08 11:00:00,103.30999755859376,-9.681204443905546e-05
SOL,2026-09-08 11:01:00,103.27999877929688,-0.00029041851047492527
SOL,2026-09-08 11:02:00,103.37999725341795,0.0009677584810344665
SOL,2026-09-08 11:03:00,103.51000213623048,0.0012567538335075486
SOL,2026-09-08 11:04:00,103.3000030517578,-0.0020308413653103833
SOL,2026-09-08 11:05:00,103.23999786376952,-0.0005810515097371248
SOL,2026-09-08 11:06:00,103.25,9.687768261682021e-05
SOL,2026-09-08 11:07:00,103.29000091552734,0.00038734304105893995
SOL,2026-09-08 11:08:00,103.3499984741211,0.0005806964813873035
SOL,2026-09-08 11:09:00,103.45999908447266,0.0010637843626858942
SOL,2026-09-08 11:10:00,103.4800033569336,0.0001933340319633624
SOL,2026-09-08 11:11:00,103.5,0.00019322294718620133
SOL,2026-09-08 11:12:00,103.56999969482422,0.0006760969487981926
SOL,2026-09-08 11:13:00,103.61000061035156,0.0003861465002940879
SOL,2026-09-08 11:14:00,103.62000274658205,9.653173841834584e-05
SOL,2026-09-08 11:15:00,103.6999969482422,0.0007716979138312702
SOL,2026-09-08 11:16:00,103.73999786376952,0.00038566252433009464
SOL,2026-09-08 11:17:00,103.69000244140624,-0.00048204621566635047
SOL,2026-09-08 11:18:00,103.63999938964844,-0.0004823523106707151
SOL,2026-09-08 11:19:00,103.63999938964844,0.0
SOL,2026-09-08 11:20:00,103.55999755859376,-0.0007722184962215228
SOL,2026-09-08 11:21:00,103.5,-0.0005795186031133828
SOL,2026-09-08 11:22:00,103.41999816894533,-0.0007732634423830347
SOL,2026-09-08 11:23:00,103.4499969482422,0.00029002542867722497
SOL,2026-09-08 11:24:00,103.5,0.0004832380137059167
SOL,2026-09-08 11:25:00,103.5199966430664,0.00019318561929135714
SOL,2026-09-08 11:26:00,103.44000244140624,-0.0007730402589649942
SOL,2026-09-08 11:27:00,103.4000015258789,-0.00038678123437223125
SOL,2026-09-08 11:28:00,103.44000244140624,0.000386781234372156
SOL,2026-09-08 11:29:00,103.41000366210938,-0.00029005345537350694
SOL,2026-09-08 11:30:00,103.47000122070312,0.0005800228041351677
SOL,2026-09-08 11:31:00,103.54000091552734,0.0006762929015009756
SOL,2026-09-08 11:32:00,103.45999908447266,-0.0007729645897385555
SOL,2026-09-08 11:33:00,103.45999908447266,0.0
SOL,2026-09-08 11:34:00,103.5199966430664,0.0005797425984409779
SOL,2026-09-08 11:35:00,103.51000213623048,-9.655129114253509e-05
SOL,2026-09-08 11:36:00,103.58999633789062,0.0007725176844788481
SOL,2026-09-08 11:37:00,103.5999984741211,9.655037877007782e-05
SOL,2026-09-08 11:38:00,103.76000213623048,0.0015432454995555147
SOL,2026-09-08 11:39:00,103.72000122070312,-0.00038558815669714866
SOL,2026-09-08 11:40:00,103.68000030517578,-0.00038573689227611223
SOL,2026-09-08 11:41:00,103.75,0.000674923563403911
SOL,2026-09-08 11:42:00,103.83000183105467,0.0007708048396764001
SOL,2026-09-08 11:43:00,103.86000061035156,0.00028888034236491304
SOL,2026-09-08 11:44:00,103.8499984741211,-9.630866383215981e-05
SOL,2026-09-08 11:45:00,103.8000030517578,-0.0004815354968647152
SOL,2026-09-08 11:46:00,103.81999969482422,0.00019262732746102345
SOL,2026-09-08 11:47:00,103.80999755859376,-9.634577248468208e-05
SOL,2026-09-08 11:48:00,103.8000030517578,-9.628155497614277e-05
SOL,2026-09-08 11:49:00,103.8499984741211,0.00048153549686476553
SOL,2026-09-08 11:50:00,103.8499984741211,0.0
SOL,2026-09-08 11:51:00,103.98999786376952,0.0013471845004715277
SOL,2026-09-08 11:52:00,103.94000244140624,-0.0004808870605816061
SOL,2026-09-08 11:53:00,103.9499969482422,9.615187717544255e-05
SOL,2026-09-08 11:54:00,103.98999786376952,0.0003847351834061952
SOL,2026-09-08 11:55:00,104.0,9.61790118845102e-05
SOL,2026-09-08 11:56:00,104.01000213623048,9.616976237167517e-05
SOL,2026-09-08 11:57:00,104.18000030517578,0.0016331063426135233
SOL,2026-09-08 11:58:00,104.1500015258789,-0.0002879928885954877
SOL,2026-09-08 11:59:00,104.27999877929688,0.0012473950015245018
SOL,2026-09-08 12:00:00,104.16999816894533,-0.0010554149404922164
SOL,2026-09-08 12:01:00,104.12000274658205,-0.0004800559134252201
SOL,2026-09-08 12:02:00,104.12999725341795,9.598565996238418e-05
SOL,2026-09-08 12:03:00,104.13999938964844,9.604970854558757e-05
SOL,2026-09-08 12:04:00,104.19000244140624,0.0004800369824654195
SOL,2026-09-08 12:05:00,104.0999984741211,-0.0008642178932385716
SOL,2026-09-08 12:06:00,104.12000274658205,0.00019214554226506647
SOL,2026-09-08 12:07:00,104.05999755859376,-0.0005764741047370374
SOL,2026-09-08 12:08:00,104.04000091552734,-0.000192183020418963
SOL,2026-09-08 12:09:00,103.95999908447266,-0.0007692484134589346
SOL,2026-09-08 12:10:00,103.88999938964844,-0.0006735597592934828
SOL,2026-09-08 12:11:00,103.83000183105467,-0.0005776772569773729
SOL,2026-09-08 12:12:00,103.66999816894533,-0.0015422042778023197
SOL,2026-09-08 12:13:00,103.6999969482422,0.00028932613408399414
SOL,2026-09-08 12:14:00,103.75,0.0004820733040419383
SOL,2026-09-08 12:15:00,103.63999938964844,-0.0010608093060490628
SOL,2026-09-08 12:16:00,103.62000274658205,-0.00019296191182412625
SOL,2026-09-08 12:17:00,103.58999633789062,-0.00028962317488293477
SOL,2026-09-08 12:18:00,103.70999908447266,0.0011577690558278555
SOL,2026-09-08 12:19:00,103.69000244140624,-0.0001928316584500205
SOL,2026-09-08 12:20:00,103.66000366210938,-0.00028935402578373503
SOL,2026-09-08 12:21:00,103.8000030517578,0.001349652042506274
SOL,2026-09-08 12:22:00,103.8000030517578,0.0
SOL,2026-09-08 12:23:00,103.73999786376952,-0.0005782518010561675
SOL,2026-09-08 12:24:00,103.7300033569336,-9.634652513474935e-05
SOL,2026-09-08 12:25:00,103.87999725341795,0.0014449585486359467
SOL,2026-09-08 12:26:00,103.94000244140624,0.0005774727143095898
SOL,2026-09-08 12:27:00,103.81999969482422,-0.0011552056092937416
SOL,2026-09-08 12:28:00,103.86000061035156,0.0003852168332358712
SOL,2026-09-08 12:29:00,103.79000091552734,-0.0006742084946921309
SOL,2026-09-08 12:30:00,103.83999633789062,0.0004815818907757204
SOL,2026-09-08 12:31:00,103.91999816894533,0.0007701370535628861
SOL,2026-09-08 12:32:00,103.9800033569336,0.0005772504974900297
SOL,2026-09-08 12:33:00,104.05999755859376,0.000769027160647311
SOL,2026-09-08 12:34:00,104.01000213623048,-0.0004805634968882865
SOL,2026-09-08 12:35:00,104.0500030517578,0.00038451326562281905
SOL,2026-09-08 12:36:00,104.05999755859376,9.605023126564943e-05
SOL,2026-09-08 12:37:00,104.3000030517578,0.0023037588655163872
SOL,2026-09-08 12:38:00,104.3499984741211,0.00047922763435897777
SOL,2026-09-08 12:39:00,104.61000061035156,0.002488536289704589
SOL,2026-09-08 12:40:00,104.76000213623048,0.0014328848409599611
SOL,2026-09-08 12:41:00,104.6500015258789,-0.001050576558381318
SOL,2026-09-08 12:42:00,104.5199966430664,-0.001243054937999657
SOL,2026-09-08 12:43:00,104.36000061035156,-0.0015319424177439123
SOL,2026-09-08 12:44:00,104.2699966430664,-0.0008628095101719651
SOL,2026-09-08 12:45:00,104.22000122070312,-0.0004795954130542284
SOL,2026-09-08 12:46:00,104.20999908447266,-9.597597489322894e-05
SOL,2026-09-08 12:47:00,104.3000030517578,0.000863306047220847
SOL,2026-09-08 12:48:00,104.31999969482422,0.0001917039868124421
SOL,2026-09-08 12:49:00,104.27999877929688,-0.0003835178936744607
SOL,2026-09-08 12:50:00,104.33999633789062,0.0005751851371117316
SOL,2026-09-08 12:51:00,104.3499984741211,9.585640410923108e-05
SOL,2026-09-08 12:52:00,104.22000122070312,-0.001246557706686552
SOL,2026-09-08 12:53:00,104.1999969482422,-0.0001919611620582674
SOL,2026-09-08 12:54:00,104.26000213623048,0.000575699797650413
SOL,2026-09-08 12:55:00,104.19000244140624,-0.0006716209730706667
SOL,2026-09-08 12:56:00,104.12000274658205,-0.0006720723509734428
SOL,2026-09-08 12:57:00,104.1500015258789,0.00028807585239271354
SOL,2026-09-08 12:58:00,104.18000030517578,0.00028799288859542184
SOL,2026-09-08 12:59:00,104.19000244140624,9.60036099850632e-05
SOL,2026-09-08 13:00:00,104.30999755859376,0.0011510324262420657
SOL,2026-09-08 13:01:00,104.30999755859376,0.0
SOL,2026-09-08 13:02:00,104.38999938964844,0.0007666682907823714
SOL,2026-09-08 13:03:00,104.30999755859376,-0.000766668290782374
SOL,2026-09-08 13:04:00,104.20999908447266,-0.0009591260636570234
SOL,2026-09-08 13:05:00,104.08000183105467,-0.0012482334219166091
SOL,2026-09-08 13:06:00,104.20999908447266,0.0012482334219165675
SOL,2026-09-08 13:07:00,104.12000274658205,-0.0008639787135585487
SOL,2026-09-08 13:08:00,104.0199966430664,-0.0009609504324453197
SOL,2026-09-08 13:09:00,103.9800033569336,-0.0003845508329390713
SOL,2026-09-08 13:10:00,103.94000244140624,-0.00038477217107875703
SOL,2026-09-08 13:11:00,103.97000122070312,0.0002885746618890271
SOL,2026-09-08 13:12:00,103.9800033569336,9.61975091896875e-05
SOL,2026-09-08 13:13:00,103.9499969482422,-0.0002886202939032133
SOL,2026-09-08 13:14:00,103.9800033569336,0.0002886202939032516
SOL,2026-09-08 13:15:00,103.98999786376952,9.611488950283884e-05
SOL,2026-09-08 13:16:00,104.02999877929688,0.00038458721917036164
SOL,2026-09-08 13:17:00,104.0199966430664,-9.615127573421211e-05
SOL,2026-09-08 13:18:00,104.0,-0.00019225693155170475
SOL,2026-09-08 13:19:00,103.94000244140624,-0.000577066072466078
SOL,2026-09-08 13:20:00,103.9000015258789,-0.00038492027769128725
SOL,2026-09-08 13:21:00,103.86000061035156,-0.00038506849836658115
SOL,2026-09-08 13:22:00,103.80999755859376,-0.00048156260572063846
SOL,2026-09-08 13:23:00,103.80999755859376,0.0
SOL,2026-09-08 13:24:00,103.83999633789062,0.0002889360018043156
SOL,2026-09-08 13:25:00,103.73999786376952,-0.0009634693578365729
SOL,2026-09-08 13:26:00,103.73999786376952,0.0
SOL,2026-09-08 13:27:00,103.7300033569336,-9.634652513474935e-05
SOL,2026-09-08 13:28:00,103.81999969482422,0.0008672256536517729
SOL,2026-09-08 13:29:00,103.80999755859376,-9.634577248468208e-05
SOL,2026-09-08 13:30:00,103.86000061035156,0.0004815626057205379
SOL,2026-09-08 13:31:00,103.8000030517578,-0.0005778441606967809
SOL,2026-09-08 13:32:00,103.7699966430664,-0.00028912086471585136
SOL,2026-09-08 13:33:00,103.83999633789062,0.0006743384214962474
SOL,2026-09-08 13:34:00,103.87999725341795,0.0003851426656646587
SOL,2026-09-08 13:35:00,103.91000366210938,0.00028881475304680994
SOL,2026-09-08 13:36:00,103.93000030517578,0.0001924234290454525
SOL,2026-09-08 13:37:00,104.0,0.0006733006046835383
SOL,2026-09-08 13:38:00,103.9499969482422,-0.00048091419529059406
SOL,2026-09-08 13:39:00,103.86000061035156,-0.0008661406532333584
SOL,2026-09-08 13:40:00,103.8000030517578,-0.0005778441606967809
SOL,2026-09-08 13:41:00,103.87000274658205,0.0006741435500636715
SOL,2026-09-08 13:42:00,103.79000091552734,-0.0007705078840589282
SOL,2026-09-08 13:43:00,103.80999755859376,0.00019264588897140975
SOL,2026-09-08 13:44:00,103.66000366210938,-0.0014459335974825053
SOL,2026-09-08 13:45:00,103.77999877929688,0.0011569140875357068
SOL,2026-09-08 13:46:00,103.8000030517578,0.00019273795497062486
SOL,2026-09-08 13:47:00,103.81999969482422,0.00019262732746102345
SOL,2026-09-08 13:48:00,103.73999786376952,-0.0007708791285171293
SOL,2026-09-08 13:49:00,103.79000091552734,0.0004818874670609467
SOL,2026-09-08 13:50:00,103.77999877929688,-9.63736209752405e-05
SOL,2026-09-08 13:51:00,103.87000274658205,0.0008668815050340993
SOL,2026-09-08 13:52:00,103.91000366210938,0.00038503142542822117
SOL,2026-09-08 13:53:00,103.98999786376952,0.0007695450218444151
SOL,2026-09-08 13:54:00,103.86000061035156,-0.0012508758366394602
SOL,2026-09-08 13:55:00,103.83999633789062,-0.00019262660391643937
SOL,2026-09-08 13:56:00,103.8000030517578,-0.000385217556780417
SOL,2026-09-08 13:57:00,103.80999755859376,9.628155497618653e-05
SOL,2026-09-08 13:58:00,103.7300033569336,-0.00077087988116707
SOL,2026-09-08 13:59:00,103.69000244140624,-0.00038569969053165826
SOL,2026-09-08 14:00:00,103.81999969482422,0.0012529253441834222
SOL,2026-09-08 14:01:00,103.9000015258789,0.0007702853316023892
SOL,2026-09-08 14:02:00,103.88999938964844,-9.627158375402251e-05
SOL,2026-09-08 14:03:00,103.8000030517578,-0.0008666410753093733
SOL,2026-09-08 14:04:00,103.79000091552734,-9.636433399529481e-05
SOL,2026-09-08 14:05:00,103.87000274658205,0.000770507884058822
SOL,2026-09-08 14:06:00,103.95999908447266,0.0008660572845393068
SOL,2026-09-08 14:07:00,104.11000061035156,0.001441837382470941
SOL,2026-09-08 14:08:00,103.98999786376952,-0.0011533182197374996
SOL,2026-09-08 14:09:00,104.02999877929688,0.00038458721917036164
SOL,2026-09-08 14:10:00,104.06999969482422,0.0003844393687007145
SOL,2026-09-08 14:11:00,104.0199966430664,-0.00048059064443484043
SOL,2026-09-08 14:12:00,104.04000091552734,0.00019229330728941132
SOL,2026-09-08 14:13:00,104.05999755859376,0.00019218302041900846
SOL,2026-09-08 14:14:00,104.08999633789062,0.00028824194459967843
SOL,2026-09-08 14:15:00,104.12999725341795,0.00038421782009964494
SOL,2026-09-08 14:16:00,104.20999908447266,0.0007679930535962295
SOL,2026-09-08 14:17:00,104.27999877929688,0.0006714921403587048
SOL,2026-09-08 14:18:00,104.25,-0.0002877166803761856
SOL,2026-09-08 14:19:00,104.3000030517578,0.000479530587238353
SOL,2026-09-08 14:20:00,104.37000274658205,0.0006709128816299244
SOL,2026-09-08 14:21:00,104.30999755859376,-0.0005750928651938621
SOL,2026-09-08 14:22:00,104.36000061035156,0.0004792548344626266
SOL,2026-09-08 14:23:00,104.37999725341795,0.0001915937849209306
SOL,2026-09-08 14:24:00,104.36000061035156,-0.00019159378492096635
SOL,2026-09-08 14:25:00,104.2699966430664,-0.0008628095101719651
SOL,2026-09-08 14:26:00,104.20999908447266,-0.0005755713879475547
SOL,2026-09-08 14:27:00,104.20999908447266,0.0
SOL,2026-09-08 14:28:00,104.2300033569336,0.00019194273928268096
SOL,2026-09-08 14:29:00,104.22000122070312,-9.596676438948218e-05
SOL,2026-09-08 14:30:00,104.25,0.0002877994850893497
SOL,2026-09-08 14:31:00,104.3000030517578,0.000479530587238353
SOL,2026-09-08 14:32:00,104.33999633789062,0.0003833712302496195
SOL,2026-09-08 14:33:00,104.29000091552734,-0.00047927358460881855
SOL,2026-09-08 14:34:00,104.27999877929688,-9.591155250301022e-05
SOL,2026-09-08 14:35:00,104.08000183105467,-0.0019197255622753202
SOL,2026-09-08 14:36:00,104.0500030517578,-0.00028826962764451125
SOL,2026-09-08 14:37:00,104.0,-0.0004806830279945366
SOL,2026-09-08 14:38:00,104.01000213623048,9.616976237167517e-05
SOL,2026-09-08 14:39:00,103.97000122070312,-0.000384661172948744
SOL,2026-09-08 14:40:00,103.9800033569336,9.61975091896875e-05
SOL,2026-09-08 14:41:00,103.94000244140624,-0.00038477217107875703
SOL,2026-09-08 14:42:00,104.0199966430664,0.0007693230040179083
SOL,2026-09-08 14:43:00,104.08999633789062,0.000672718272307919
SOL,2026-09-08 14:44:00,104.12999725341795,0.00038421782009964494
SOL,2026-09-08 14:45:00,104.1500015258789,0.00019209019243046033
SOL,2026-09-08 14:46:00,104.16000366210938,9.603126099620235e-05
SOL,2026-09-08 14:47:00,103.9800033569336,-0.0017296083787732553
SOL,2026-09-08 14:48:00,103.66000366210938,-0.00308225715033969
SOL,2026-09-08 14:49:00,103.4000015258789,-0.002511371258267664
SOL,2026-09-08 14:50:00,103.5999984741211,0.0019323382654436645
SOL,2026-09-08 14:51:00,103.54000091552734,-0.0005792947808089631
SOL,2026-09-08 14:52:00,103.25,-0.0028047884748706392
SOL,2026-09-08 14:53:00,103.5,0.0024183808642816527
SOL,2026-09-08 14:54:00,103.41999816894533,-0.0007732634423830347
SOL,2026-09-08 14:55:00,103.55999755859376,0.0013527820454963095
SOL,2026-09-08 14:56:00,103.26000213623048,-0.002901031169154362
SOL,2026-09-08 14:57:00,103.30999755859376,0.00048405309012277277
SOL,2026-09-08 14:58:00,103.36000061035156,0.0004838927098902548
SOL,2026-09-08 14:59:00,103.36000061035156,0.0
SOL,2026-09-08 15:00:00,103.33000183105467,-0.0002902779926768333
SOL,2026-09-08 15:01:00,103.37000274658205,0.0003870432040721051
SOL,2026-09-08 15:02:00,103.5,0.0012568015546327127
SOL,2026-09-08 15:03:00,103.56999969482422,0.0006760969487981926
SOL,2026-09-08 15:04:00,103.56999969482422,0.0
SOL,2026-09-08 15:05:00,103.51000213623048,-0.0005794626206494166
SOL,2026-09-08 15:06:00,103.45999908447266,-0.00048319130729841865
SOL,2026-09-08 15:07:00,103.4800033569336,0.0001933340319633624
SOL,2026-09-08 15:08:00,103.44000244140624,-0.0003866316924873622
SOL,2026-09-08 15:09:00,103.37999725341795,-0.0005802648656852326
SOL,2026-09-08 15:10:00,103.4000015258789,0.00019348363131293446
SOL,2026-09-08 15:11:00,103.37000274658205,-0.0002901656805869992
SOL,2026-09-08 15:12:00,103.41000366210938,0.00038689345958568735
SOL,2026-09-08 15:13:00,103.47000122070312,0.0005800228041351677
SOL,2026-09-08 15:14:00,103.37999725341795,-0.0008702342144468829
SOL,2026-09-08 15:15:00,103.48999786376952,0.0010634758381139096
SOL,2026-09-08 15:16:00,103.52999877929688,0.00038644494902716805
SOL,2026-09-08 15:17:00,103.27999877929688,-0.002417679268175628
SOL,2026-09-08 15:18:00,103.36000061035156,0.000774311220365268
SOL,2026-09-08 15:19:00,103.31999969482422,-0.00038708066545122937
SOL,2026-09-08 15:20:00,103.31999969482422,0.0
SOL,2026-09-08 15:21:00,103.29000091552734,-0.0002903903917435429
SOL,2026-09-08 15:22:00,103.23999786376952,-0.0004842207236758116
SOL,2026-09-08 15:23:00,103.33000183105467,0.0008714137881937158
SOL,2026-09-08 15:24:00,103.19000244140624,-0.0013557951597665341
SOL,2026-09-08 15:25:00,103.16999816894533,-0.00019387742260516764
SOL,2026-09-08 15:26:00,103.1999969482422,0.0002907281118182804
SOL,2026-09-08 15:27:00,103.23999786376952,0.00038753068235980866
SOL,2026-09-08 15:28:00,103.26000213623048,0.0001937459808576025
SOL,2026-09-08 15:29:00,103.27999877929688,0.00019363457964780646
SOL,2026-09-08 15:30:00,103.30999755859376,0.00029041851047487187
SOL,2026-09-08 15:31:00,103.25,-0.0005809213883634177
SOL,2026-09-08 15:32:00,103.26000213623048,9.686829824074117e-05
SOL,2026-09-08 15:33:00,103.12999725341795,-0.0012597984436370673
SOL,2026-09-08 15:34:00,103.3000030517578,0.0016471039725167367
SOL,2026-09-08 15:35:00,103.23999786376952,-0.0005810515097371248
SOL,2026-09-08 15:36:00,103.18000030517578,-0.0005813153843184875
SOL,2026-09-08 15:37:00,103.30999755859376,0.0012591144552988104
SOL,2026-09-08 15:38:00,103.33999633789062,0.0002903341920505155
SOL,2026-09-08 15:39:00,103.3000030517578,-0.00038708175329371745
SOL,2026-09-08 15:40:00,103.26000213623048,-0.0003873055288795636
SOL,2026-09-08 15:41:00,103.22000122070312,-0.00038745559257502544
SOL,2026-09-08 15:42:00,103.22000122070312,0.0
SOL,2026-09-08 15:43:00,103.1500015258789,-0.0006783902367316407
SOL,2026-09-08 15:44:00,103.13999938964844,-9.697160496313199e-05
SOL,2026-09-08 15:45:00,103.1500015258789,9.697160496316262e-05
SOL,2026-09-08 15:46:00,103.0,-0.0014552660804403245
SOL,2026-09-08 15:47:00,103.0199966430664,0.00019412332254178916
SOL,2026-09-08 15:48:00,103.08000183105467,0.0005822919954195902
SOL,2026-09-08 15:49:00,103.12999725341795,0.0004848981481484432
SOL,2026-09-08 15:50:00,103.02999877929688,-0.0009701055868048836
SOL,2026-09-08 15:51:00,102.9800033569336,-0.00048536889302807983
SOL,2026-09-08 15:52:00,102.91999816894533,-0.0005828575934176501
SOL,2026-09-08 15:53:00,102.97000122070312,0.00048572590110368955
SOL,2026-09-08 15:54:00,102.95999908447266,-9.714112779598012e-05
SOL,2026-09-08 15:55:00,102.93000030517578,-0.00029140589244830856
SOL,2026-09-08 15:56:00,102.95999908447266,0.0002914058924482256
SOL,2026-09-08 15:57:00,102.93000030517578,-0.00029140589244830856
SOL,2026-09-08 15:58:00,102.97000122070312,0.0003885470202443501
SOL,2026-09-08 15:59:00,103.2300033569336,0.0025218454728723107
SOL,2026-09-09 09:30:00,104.47000122070312,0.011940419537669401
SOL,2026-09-09 09:31:00,104.44000244140624,-0.00028719332705194053
SOL,2026-09-09 09:32:00,104.5199966430664,0.0007656413277029445
SOL,2026-09-09 09:33:00,104.54000091552734,0.00019137350765910822
SOL,2026-09-09 09:34:00,104.5199966430664,-0.00019137350765901007
SOL,2026-09-09 09:35:00,104.22000122070312,-0.002874347340970086
SOL,2026-09-09 09:36:00,103.94000244140624,-0.002690228124914949
SOL,2026-09-09 09:37:00,103.95999908447266,0.0001923678978482373
SOL,2026-09-09 09:38:00,104.0,0.00038469817461796754
SOL,2026-09-09 09:39:00,104.04000091552734,0.0003845502388411541
SOL,2026-09-09 09:40:00,104.1999969482422,0.00153665065154943
SOL,2026-09-09 09:41:00,104.06999969482422,-0.0012483533144040364
SOL,2026-09-09 09:42:00,103.87999725341795,-0.0018273863627622604
SOL,2026-09-09 09:43:00,103.62999725341795,-0.002409523662206153
SOL,2026-09-09 09:44:00,103.7699966430664,0.0013500425750453634
SOL,2026-09-09 09:45:00,103.76000213623048,-9.631867105898649e-05
SOL,2026-09-09 09:46:00,103.9499969482422,0.0018294243497050055
SOL,2026-09-09 09:47:00,103.95999908447266,9.621602067270483e-05
SOL,2026-09-09 09:48:00,104.02999877929688,0.0006731063819037796
SOL,2026-09-09 09:49:00,103.97000122070312,-0.0005768996178629808
SOL,2026-09-09 09:50:00,104.04000091552734,0.0006730416494181363
SOL,2026-09-09 09:51:00,104.04000091552734,0.0
SOL,2026-09-09 09:52:00,104.05999755859376,0.00019218302041900846
SOL,2026-09-09 09:53:00,104.0,-0.0005767332592600884
SOL,2026-09-09 09:54:00,103.83999633789062,-0.0015396814524402365
SOL,2026-09-09 09:55:00,103.91999816894533,0.0007701370535628861
SOL,2026-09-09 09:56:00,103.87999725341795,-0.0003849943878982966
SOL,2026-09-09 09:57:00,103.95999908447266,0.0007698406121579242
SOL,2026-09-09 09:58:00,103.8499984741211,-0.001058665337738139
SOL,2026-09-09 09:59:00,103.7699966430664,-0.0007706563615805225
SOL,2026-09-09 10:00:00,103.81999969482422,0.00048174819217674836
SOL,2026-09-09 10:01:00,103.55999755859376,-0.002507496151075777
SOL,2026-09-09 10:02:00,103.61000061035156,0.00048272484597892485
SOL,2026-09-09 10:03:00,103.58999633789062,-0.0001930914364645456
SOL,2026-09-09 10:04:00,103.7699966430664,0.0017361145493845712
SOL,2026-09-09 10:05:00,103.83999633789062,0.0006743384214962474
SOL,2026-09-09 10:06:00,103.66999816894533,-0.0016384580162507982
SOL,2026-09-09 10:07:00,103.6500015258789,-0.00019290606943727227
SOL,2026-09-09 10:08:00,103.63999938964844,-9.65037984857104e-05
SOL,2026-09-09 10:09:00,103.55999755859376,-0.0007722184962215228
SOL,2026-09-09 10:10:00,103.52999877929688,-0.0002897173213308596
SOL,2026-09-09 10:11:00,103.47000122070312,-0.0005796865726943208
SOL,2026-09-09 10:12:00,103.4800033569336,9.666234372568259e-05
SOL,2026-09-09 10:13:00,103.6500015258789,0.0016414638450069437
SOL,2026-09-09 10:14:00,103.72000122070312,0.0006751188364355789
SOL,2026-09-09 10:15:00,103.63999938964844,-0.0007716226349213235
SOL,2026-09-09 10:16:00,103.5500030517578,-0.0008687324918207229
SOL,2026-09-09 10:17:00,103.58999633789062,0.00038614740511367794
SOL,2026-09-09 10:18:00,103.48999786376952,-0.0009657956798725458
SOL,2026-09-09 10:19:00,103.44000244140624,-0.0004832109724287933
SOL,2026-09-09 10:20:00,103.41000366210938,-0.00029005345537350694
SOL,2026-09-09 10:21:00,103.51000213623048,0.0009665424231959848
SOL,2026-09-09 10:22:00,103.4499969482422,-0.0005798723418547654
SOL,2026-09-09 10:23:00,103.41999816894533,-0.0002900254286771509
SOL,2026-09-09 10:24:00,103.4499969482422,0.00029002542867722497
SOL,2026-09-09 10:25:00,103.58000183105467,0.001255903981712892
SOL,2026-09-09 10:26:00,103.79000091552734,0.0020253571247258596
SOL,2026-09-09 10:27:00,103.80999755859376,0.00019264588897140975
SOL,2026-09-09 10:28:00,103.9499969482422,0.0013477032589539859
SOL,2026-09-09 10:29:00,104.0500030517578,0.0009615972232849574
SOL,2026-09-09 10:30:00,103.98999786376952,-0.0005768620398789316
SOL,2026-09-09 10:31:00,104.01000213623048,0.00019234877425607316
SOL,2026-09-09 10:32:00,104.06999969482422,0.000576677813614831
SOL,2026-09-09 10:33:00,104.1500015258789,0.00076843564040319
SOL,2026-09-09 10:34:00,103.98999786376952,-0.0015374622282742702
SOL,2026-09-09 10:35:00,104.08999633789062,0.0009611542157441897
SOL,2026-09-09 10:36:00,103.9800033569336,-0.001057269105246996
SOL,2026-09-09 10:37:00,103.91000366210938,-0.0006734301323416831
SOL,2026-09-09 10:38:00,103.86000061035156,-0.00048133081479493164
SOL,2026-09-09 10:39:00,104.0199966430664,0.0015393117800755318
SOL,2026-09-09 10:40:00,103.95999908447266,-0.0005769551061695756
SOL,2026-09-09 10:41:00,103.81999969482422,-0.0013475735071419024
SOL,2026-09-09 10:42:00,103.8499984741211,0.0002889081694038105
SOL,2026-09-09 10:43:00,103.70999908447266,-0.0013490018551372183
SOL,2026-09-09 10:44:00,103.51000213623048,-0.0019302867403067608
SOL,2026-09-09 10:45:00,103.6500015258789,0.0013516065696716672
SOL,2026-09-09 10:46:00,103.70999908447266,0.000578680170635053
SOL,2026-09-09 10:47:00,103.62000274658205,-0.0008681458809449011
SOL,2026-09-09 10:48:00,103.56999969482422,-0.00048267823871247384
SOL,2026-09-09 10:49:00,103.83000183105467,0.0025072542962618865
SOL,2026-09-09 10:50:00,103.73999786376952,-0.0008672156193882064
SOL,2026-09-09 10:51:00,103.70999908447266,-0.0002892145572164295
SOL,2026-09-09 10:52:00,103.58999633789062,-0.001157769055827801
SOL,2026-09-09 10:53:00,103.61000061035156,0.00019309143646446114
SOL,2026-09-09 10:54:00,103.54000091552734,-0.0006758358385033853
SOL,2026-09-09 10:55:00,103.52999877929688,-9.660632880653963e-05
SOL,2026-09-09 10:56:00,103.5,-0.0002898012817824838
SOL,2026-09-09 10:57:00,103.4000015258789,-0.0009666358740457591
SOL,2026-09-09 10:58:00,103.45999908447266,0.0005800788948962386
SOL,2026-09-09 10:59:00,103.4800033569336,0.0001933340319633624
SOL,2026-09-09 11:00:00,104.0999984741211,0.005973571204867084
SOL,2026-09-09 11:01:00,103.23999786376952,-0.008295606804579398
SOL,2026-09-09 11:02:00,103.29000091552734,0.00048422072367585985
SOL,2026-09-09 11:03:00,103.31999969482422,0.00029039039174349644
SOL,2026-09-09 11:04:00,103.27999877929688,-0.0003872305549140183
SOL,2026-09-09 11:05:00,103.13999938964844,-0.0013564520139175704
SOL,2026-09-09 11:06:00,103.0,-0.0013582944754772907
SOL,2026-09-09 11:07:00,102.8499984741211,-0.0014573869666338404
SOL,2026-09-09 11:08:00,102.9800033569336,0.0012632259529108771
SOL,2026-09-09 11:09:00,102.9800033569336,0.0
SOL,2026-09-09 11:10:00,102.9499969482422,-0.0002914233852210789
SOL,2026-09-09 11:11:00,102.58999633789062,-0.0035029774276239467
SOL,2026-09-09 11:12:00,102.63999938964844,0.0004872879577860217
SOL,2026-09-09 11:13:00,102.81999969482422,0.001752169298446421
SOL,2026-09-09 11:14:00,102.8499984741211,0.0002917176037019965
SOL,2026-09-09 11:15:00,102.97000122070312,0.0011660942605969079
SOL,2026-09-09 11:16:00,102.98999786376952,0.00019417987199567055
SOL,2026-09-09 11:17:00,102.94000244140624,-0.00048555745419758575
SOL,2026-09-09 11:18:00,102.80999755859376,-0.0012637171335479844
SOL,2026-09-09 11:19:00,102.86000061035156,0.00048624547272986275
SOL,2026-09-09 11:20:00,102.8000030517578,-0.0005834635731546675
SOL,2026-09-09 11:21:00,102.5199966430664,-0.0027275139557369
SOL,2026-09-09 11:22:00,102.23999786376952,-0.0027348990167359822
SOL,2026-09-09 11:23:00,102.20999908447266,-0.0002934583512832713
SOL,2026-09-09 11:24:00,102.0999984741211,-0.0010768011579935439
SOL,2026-09-09 11:25:00,102.25,0.0014680846972366533
SOL,2026-09-09 11:26:00,102.38999938964844,0.0013682507027676296
SOL,2026-09-09 11:27:00,102.43000030517578,0.0003905958021238094
SOL,2026-09-09 11:28:00,102.61000061035156,0.0017557583945809908
SOL,2026-09-09 11:29:00,102.66999816894533,0.000584543654120411
SOL,2026-09-09 11:30:00,102.76000213623048,0.0008762495537195545
SOL,2026-09-09 11:31:00,102.68000030517578,-0.0007788340551786746
SOL,2026-09-09 11:32:00,102.73999786376952,0.0005841452714885109
SOL,2026-09-09 11:33:00,102.91000366210938,0.001653351187020079
SOL,2026-09-09 11:34:00,103.04000091552734,0.001262415807654145
SOL,2026-09-09 11:35:00,103.0500030517578,9.706570960026012e-05
SOL,2026-09-09 11:36:00,103.12999725341795,0.0007759647449374044
SOL,2026-09-09 11:37:00,103.08000183105467,-0.0004848981481485218
SOL,2026-09-09 11:38:00,103.0199966430664,-0.0005822919954195389
SOL,2026-09-09 11:39:00,103.26000213623048,0.0023269885872053077
SOL,2026-09-09 11:40:00,103.12999725341795,-0.0012597984436370673
SOL,2026-09-09 11:41:00,103.12000274658205,-9.691642999985418e-05
SOL,2026-09-09 11:42:00,103.0500030517578,-0.0006790483149376648
SOL,2026-09-09 11:43:00,103.12000274658205,0.000679048314937582
SOL,2026-09-09 11:44:00,103.08999633789062,-0.0002910276808731909
SOL,2026-09-09 11:45:00,103.0,-0.0008733693552368601
SOL,2026-09-09 11:46:00,103.08999633789062,0.0008733693552368296
SOL,2026-09-09 11:47:00,103.06999969482422,-0.0001939914970306963
SOL,2026-09-09 11:48:00,103.05999755859376,-9.704687693768242e-05
SOL,2026-09-09 11:49:00,103.19000244140624,0.001260653576048102
SOL,2026-09-09 11:50:00,103.1999969482422,9.685068921288717e-05
SOL,2026-09-09 11:51:00,103.13999938964844,-0.000581540771052423
SOL,2026-09-09 11:52:00,103.1999969482422,0.0005815407710523135
SOL,2026-09-09 11:53:00,103.19000244140624,-9.685068921294133e-05
SOL,2026-09-09 11:54:00,103.25,0.000581259054189759
SOL,2026-09-09 11:55:00,103.11000061035156,-0.0013568463918683293
SOL,2026-09-09 11:56:00,103.12000274658205,9.699981647207911e-05
SOL,2026-09-09 11:57:00,103.16000366210938,0.00038783124671298646
SOL,2026-09-09 11:58:00,103.12000274658205,-0.00038783124671291696
SOL,2026-09-09 11:59:00,103.0500030517578,-0.0006790483149376648
SOL,2026-09-09 12:00:00,103.11000061035156,0.0005820484984657031
SOL,2026-09-09 12:01:00,103.13999938964844,0.00029089725583911495
SOL,2026-09-09 12:02:00,103.26000213623048,0.0011628174342698356
SOL,2026-09-09 12:03:00,103.3000030517578,0.0003873055288796161
SOL,2026-09-09 12:04:00,103.29000091552734,-9.683078606115258e-05
SOL,2026-09-09 12:05:00,103.30999755859376,0.00019357834730440005
SOL,2026-09-09 12:06:00,103.2699966430664,-0.00038726805257085253
SOL,2026-09-09 12:07:00,103.1500015258789,-0.0011626308668585415
SOL,2026-09-09 12:08:00,102.9499969482422,-0.0019408504793844367
SOL,2026-09-09 12:09:00,102.87000274658205,-0.0007773219882098116
SOL,2026-09-09 12:10:00,102.88999938964844,0.00019436861315837156
SOL,2026-09-09 12:11:00,102.83000183105467,-0.0005832934079218139
SOL,2026-09-09 12:12:00,103.04000091552734,0.002040114193489334
SOL,2026-09-09 12:13:00,103.02999877929688,-9.707513226708761e-05
SOL,2026-09-09 12:14:00,103.08999633789062,0.0005821614759319058
SOL,2026-09-09 12:15:00,102.88999938964844,-0.0019419071292323888
SOL,2026-09-09 12:16:00,102.86000061035156,-0.0002916041750614887
SOL,2026-09-09 12:17:00,102.75,-0.0010699929042347883
SOL,2026-09-09 12:18:00,102.79000091552734,0.0003892275552609548
SOL,2026-09-09 12:19:00,102.86000061035156,0.0006807653489737992
SOL,2026-09-09 12:20:00,102.97000122070312,0.0010688492430201743
SOL,2026-09-09 12:21:00,103.01000213623048,0.00038839611009123837
SOL,2026-09-09 12:22:00,102.8000030517578,-0.002040708926266036
SOL,2026-09-09 12:23:00,102.8000030517578,0.0
SOL,2026-09-09 12:24:00,102.79000091552734,-9.730177581914311e-05
SOL,2026-09-09 12:25:00,102.91000366210938,0.0011667745019488022
SOL,2026-09-09 12:26:00,102.93000030517578,0.00019429306980082157
SOL,2026-09-09 12:27:00,103.0,0.0006798397262811198
SOL,2026-09-09 12:28:00,102.9800033569336,-0.00019416101372299953
SOL,2026-09-09 12:29:00,103.0199966430664,0.0003882843362649184
SOL,2026-09-09 12:30:00,103.16999816894533,0.001454983812169773
SOL,2026-09-09 12:31:00,103.29000091552734,0.0011624795178539233
SOL,2026-09-09 12:32:00,103.25,-0.00038734304105899985
SOL,2026-09-09 12:33:00,103.30999755859376,0.0005809213883634564
SOL,2026-09-09 12:34:00,103.43000030517578,0.0011609051107604926
SOL,2026-09-09 12:35:00,103.41999816894533,-9.670907722531409e-05
SOL,2026-09-09 12:36:00,103.45999908447266,0.00038670646323354837
SOL,2026-09-09 12:37:00,103.3499984741211,-0.0010637843626857984
SOL,2026-09-09 12:38:00,103.31999969482422,-0.0002903060896438075
SOL,2026-09-09 12:39:00,103.38999938964844,0.0006772744212664054
SOL,2026-09-09 12:40:00,103.3000030517578,-0.0008708340269487542
SOL,2026-09-09 12:41:00,103.33000183105467,0.00029036227845672524
SOL,2026-09-09 12:42:00,103.30999755859376,-0.0001936147172133657
SOL,2026-09-09 12:43:00,103.33000183105467,0.00019361471721341512
SOL,2026-09-09 12:44:00,103.36000061035156,0.00029027799267691335
SOL,2026-09-09 12:45:00,103.37000274658205,9.676521139534886e-05
SOL,2026-09-09 12:46:00,103.33999633789062,-0.0002903237292349841
SOL,2026-09-09 12:47:00,103.3499984741211,9.678394203242521e-05
SOL,2026-09-09 12:48:00,103.33000183105467,-0.00019350341686942077
SOL,2026-09-09 12:49:00,103.3000030517578,-0.0002903622784566228
SOL,2026-09-09 12:50:00,103.3499984741211,0.00048386569532618784
SOL,2026-09-09 12:51:00,103.31999969482422,-0.0002903060896438075
SOL,2026-09-09 12:52:00,103.33999633789062,0.00019352214761138656
SOL,2026-09-09 12:53:00,103.30999755859376,-0.0002903341920504672
SOL,2026-09-09 12:54:00,103.26000213623048,-0.00048405309012281077
SOL,2026-09-09 12:55:00,103.2699966430664,9.678503755198103e-05
SOL,2026-09-09 12:56:00,103.3000030517578,0.0002905204913276388
SOL,2026-09-09 12:57:00,103.33999633789062,0.00038708175329369235
SOL,2026-09-09 12:58:00,103.41000366210938,0.0006772171888206448
SOL,2026-09-09 12:59:00,103.38999938964844,-0.00019346491516566557
SOL,2026-09-09 13:00:00,103.2699966430664,-0.0011613545182763306
SOL,2026-09-09 13:01:00,103.20999908447266,-0.000581146469622271
SOL,2026-09-09 13:02:00,103.41000366210938,0.0019359659030642378
SOL,2026-09-09 13:03:00,103.26000213623048,-0.0014516044709938895
SOL,2026-09-09 13:04:00,103.23999786376952,-0.00019374598085760312
SOL,2026-09-09 13:05:00,103.4000015258789,0.0015486226728527468
SOL,2026-09-09 13:06:00,103.38999938964844,-9.673713616702733e-05
SOL,2026-09-09 13:07:00,103.26000213623048,-0.0012581395558282865
SOL,2026-09-09 13:08:00,103.41000366210938,0.001451604470993874
SOL,2026-09-09 13:09:00,103.4499969482422,0.0003866700813411436
SOL,2026-09-09 13:10:00,103.4499969482422,0.0
SOL,2026-09-09 13:11:00,103.51000213623048,0.0005798723418547852
SOL,2026-09-09 13:12:00,103.52999877929688,0.0001931669536335553
SOL,2026-09-09 13:13:00,103.5,-0.0002898012817824838
SOL,2026-09-09 13:14:00,103.44000244140624,-0.0005798546396735183
SOL,2026-09-09 13:15:00,103.45999908447266,0.00019329766052409326
SOL,2026-09-09 13:16:00,103.43000030517578,-0.00028999738600816695
SOL,2026-09-09 13:17:00,103.37999725341795,-0.0004835651402010267
SOL,2026-09-09 13:18:00,103.4800033569336,0.0009668965581724076
SOL,2026-09-09 13:19:00,103.54000091552734,0.0005796305577752776
SOL,2026-09-09 13:20:00,103.5199966430664,-0.00019322199129765603
SOL,2026-09-09 13:21:00,103.55999755859376,0.0003863329838220414
SOL,2026-09-09 13:22:00,103.54000091552734,-0.00019311099252438297
SOL,2026-09-09 13:23:00,103.61000061035156,0.0006758358385032717
SOL,2026-09-09 13:24:00,103.61000061035156,0.0
SOL,2026-09-09 13:25:00,103.68000030517578,0.0006753793928877232
SOL,2026-09-09 13:26:00,103.73999786376952,0.0005785127836919824
SOL,2026-09-09 13:27:00,103.66999816894533,-0.0006749886584141315
SOL,2026-09-09 13:28:00,103.70999908447266,0.0003857741011976425
SOL,2026-09-09 13:29:00,103.68000030517578,-0.0002892982264755642
SOL,2026-09-09 13:30:00,103.63999938964844,-0.0003858857426451519
SOL,2026-09-09 13:31:00,103.54000091552734,-0.0009653294887459283
SOL,2026-09-09 13:32:00,103.5500030517578,9.659699692528569e-05
SOL,2026-09-09 13:33:00,103.52999877929688,-0.00019320332573171447
SOL,2026-09-09 13:34:00,103.5199966430664,-9.661566249100144e-05
SOL,2026-09-09 13:35:00,103.5199966430664,0.0
SOL,2026-09-09 13:36:00,103.5500030517578,0.00028981898822272675
SOL,2026-09-09 13:37:00,103.5199966430664,-0.00028981898822277543
SOL,2026-09-09 13:38:00,103.44000244140624,-0.0007730402589649942
SOL,2026-09-09 13:39:00,103.41000366210938,-0.00029005345537350694
SOL,2026-09-09 13:40:00,103.41999816894533,9.664465266397606e-05
SOL,2026-09-09 13:41:00,103.3499984741211,-0.0006770778994523299
SOL,2026-09-09 13:42:00,103.36000061035156,9.677457580741049e-05
SOL,2026-09-09 13:43:00,103.36000061035156,0.0
SOL,2026-09-09 13:44:00,103.36000061035156,0.0
SOL,2026-09-09 13:45:00,103.37999725341795,0.00019344726066921036
SOL,2026-09-09 13:46:00,103.33999633789062,-0.0003870057785089708
SOL,2026-09-09 13:47:00,103.4000015258789,0.000580489409821915
SOL,2026-09-09 13:48:00,103.43000030517578,0.0002900815088880676
SOL,2026-09-09 13:49:00,103.5,0.000676554365157709
SOL,2026-09-09 13:50:00,103.4499969482422,-0.00048323801370586715
SOL,2026-09-09 13:51:00,103.37000274658205,-0.0007735635409268365
SOL,2026-09-09 13:52:00,103.44000244140624,0.0006769469149591107
SOL,2026-09-09 13:53:00,103.5199966430664,0.0007730402589649433
SOL,2026-09-09 13:54:00,103.5500030517578,0.00028981898822272675
SOL,2026-09-09 13:55:00,103.5500030517578,0.0
SOL,2026-09-09 13:56:00,103.51000213623048,-0.00038637027936527915
SOL,2026-09-09 13:57:00,103.56999969482422,0.0005794626206494341
SOL,2026-09-09 13:58:00,103.58000183105467,9.656901920871745e-05
SOL,2026-09-09 13:59:00,103.5199966430664,-0.0005794803487156908
SOL,2026-09-09 14:00:00,103.51000213623048,-9.655129114253509e-05
SOL,2026-09-09 14:01:00,103.58999633789062,0.0007725176844788481
SOL,2026-09-09 14:02:00,103.58999633789062,0.0
SOL,2026-09-09 14:03:00,103.5999984741211,9.655037877007782e-05
SOL,2026-09-09 14:04:00,103.58999633789062,-9.655037877008985e-05
SOL,2026-09-09 14:05:00,103.62000274658205,0.00028962317488293124
SOL,2026-09-09 14:06:00,103.52999877929688,-0.0008689739057283386
SOL,2026-09-09 14:07:00,103.47000122070312,-0.0005796865726943208
SOL,2026-09-09 14:08:00,103.43000030517578,-0.00038666907424582105
SOL,2026-09-09 14:09:00,103.48999786376952,0.0005799106979129589
SOL,2026-09-09 14:10:00,103.45999908447266,-0.0002899133119047883
SOL,2026-09-09 14:11:00,103.4000015258789,-0.0005800788948962304
SOL,2026-09-09 14:12:00,103.41000366210938,9.672777899869191e-05
SOL,2026-09-09 14:13:00,103.43000030517578,0.0001933537298894309
SOL,2026-09-09 14:14:00,103.43000030517578,0.0
SOL,2026-09-09 14:15:00,103.45999908447266,0.0002899973860080846
SOL,2026-09-09 14:16:00,103.45999908447266,0.0
SOL,2026-09-09 14:17:00,103.48999786376952,0.0002899133119047345
SOL,2026-09-09 14:18:00,103.51000213623048,0.00019327799539367439
SOL,2026-09-09 14:19:00,103.4499969482422,-0.0005798723418547654
SOL,2026-09-09 14:20:00,103.51000213623048,0.0005798723418547852
SOL,2026-09-09 14:21:00,103.61000061035156,0.0009656091209435618
SOL,2026-09-09 14:22:00,103.52999877929688,-0.0007724421673099114
SOL,2026-09-09 14:23:00,103.45999908447266,-0.0006763582609320323
SOL,2026-09-09 14:24:00,103.54000091552734,0.000772964589738641
SOL,2026-09-09 14:25:00,103.5500030517578,9.659699692528569e-05
SOL,2026-09-09 14:26:00,103.54000091552734,-9.659699692523027e-05
SOL,2026-09-09 14:27:00,103.58999633789062,0.0004827444020388101
SOL,2026-09-09 14:28:00,103.61000061035156,0.00019309143646446114
SOL,2026-09-09 14:29:00,103.62999725341795,0.00019298053787476067
SOL,2026-09-09 14:30:00,103.61000061035156,-0.00019298053787464807
SOL,2026-09-09 14:31:00,103.63999938964844,0.00028949365024252523
SOL,2026-09-09 14:32:00,103.62999725341795,-9.651311236780884e-05
SOL,2026-09-09 14:33:00,103.69000244140624,0.0005788654230385937
SOL,2026-09-09 14:34:00,103.5999984741211,-0.0008683870186076861
SOL,2026-09-09 14:35:00,103.54000091552734,-0.0005792947808089631
SOL,2026-09-09 14:36:00,103.55999755859376,0.00019311099252443685
SOL,2026-09-09 14:37:00,103.56999969482422,9.657834568485269e-05
SOL,2026-09-09 14:38:00,103.62999725341795,0.0005791270381686948
SOL,2026-09-09 14:39:00,103.58999633789062,-0.000386071974339221
SOL,2026-09-09 14:40:00,103.6500015258789,0.0005790888851929083
SOL,2026-09-09 14:41:00,103.62000274658205,-0.00028946571030991894
SOL,2026-09-09 14:42:00,103.58999633789062,-0.00028962317488293477
SOL,2026-09-09 14:43:00,103.66000366210938,0.0006755833715941428
SOL,2026-09-09 14:44:00,103.69000244140624,0.00028935402578379987
SOL,2026-09-09 14:45:00,103.5500030517578,-0.0013510848024914362
SOL,2026-09-09 14:46:00,103.56999969482422,0.00019309234128403268
SOL,2026-09-09 14:47:00,103.54000091552734,-0.00028968933820925984
SOL,2026-09-09 14:48:00,103.48999786376952,-0.00048305127783374935
SOL,2026-09-09 14:49:00,103.5500030517578,0.0005796482747589462
SOL,2026-09-09 14:50:00,103.58000183105467,0.00028966136049276615
SOL,2026-09-09 14:51:00,103.4499969482422,-0.0012559039817129005
SOL,2026-09-09 14:52:00,103.41000366210938,-0.00038667008134121077
SOL,2026-09-09 14:53:00,103.33999633789062,-0.0006772171888206516
SOL,2026-09-09 14:54:00,103.31999969482422,-0.0001935221476114535
SOL,2026-09-09 14:55:00,103.37000274658205,0.0004838458768463873
SOL,2026-09-09 14:56:00,103.3000030517578,-0.0006774054825287638
SOL,2026-09-09 14:57:00,103.30999755859376,9.67475612432227e-05
SOL,2026-09-09 14:58:00,103.29000091552734,-0.00019357834730446491
SOL,2026-09-09 14:59:00,103.2699966430664,-0.00019368970526638848
SOL,2026-09-09 15:00:00,103.36000061035156,0.0008711607624610563
SOL,2026-09-09 15:01:00,103.37000274658205,9.676521139534886e-05
SOL,2026-09-09 15:02:00,103.27999877929688,-0.0008710764317604999
SOL,2026-09-09 15:03:00,103.16999816894533,-0.0010656393546834243
SOL,2026-09-09 15:04:00,103.2300033569336,0.0005814456321241279
SOL,2026-09-09 15:05:00,103.13999938964844,-0.000872258291358304
SOL,2026-09-09 15:06:00,103.12999725341795,-9.698100936729928e-05
SOL,2026-09-09 15:07:00,103.12000274658205,-9.691642999985418e-05
SOL,2026-09-09 15:08:00,103.06999969482422,-0.0004850191779038774
SOL,2026-09-09 15:09:00,103.06999969482422,0.0
SOL,2026-09-09 15:10:00,103.11000061035156,0.00038801936143178806
SOL,2026-09-09 15:11:00,103.12000274658205,9.699981647207911e-05
SOL,2026-09-09 15:12:00,103.16999816894533,0.0004847100986014181
SOL,2026-09-09 15:13:00,103.16000366210938,-9.687885188848731e-05
SOL,2026-09-09 15:14:00,103.16000366210938,0.0
SOL,2026-09-09 15:15:00,103.2300033569336,0.0006783244840124262
SOL,2026-09-09 15:16:00,103.25,0.0001936908446709045
SOL,2026-09-09 15:17:00,103.22000122070312,-0.0002905872943343321
SOL,2026-09-09 15:18:00,103.26000213623048,0.00038745559257511244
SOL,2026-09-09 15:19:00,103.25,-9.686829824061606e-05
SOL,2026-09-09 15:20:00,103.2300033569336,-0.000193690844670806
SOL,2026-09-09 15:21:00,103.23999786376952,9.681316205397226e-05
SOL,2026-09-09 15:22:00,103.2300033569336,-9.681316205400323e-05
SOL,2026-09-09 15:23:00,103.29000091552734,0.0005810338857298054
SOL,2026-09-09 15:24:00,103.26000213623048,-0.000290474742818337
SOL,2026-09-09 15:25:00,103.22000122070312,-0.00038745559257502544
SOL,2026-09-09 15:26:00,103.20999908447266,-9.690583949527185e-05
SOL,2026-09-09 15:27:00,103.16000366210938,-0.0004845221948536204
SOL,2026-09-09 15:28:00,103.12000274658205,-0.00038783124671291696
SOL,2026-09-09 15:29:00,103.16000366210938,0.00038783124671298646
SOL,2026-09-09 15:30:00,103.16999816894533,9.687885188857095e-05
SOL,2026-09-09 15:31:00,103.13999938964844,-0.00029081265923418807
SOL,2026-09-09 15:32:00,103.18000030517578,0.00038775606909368347
SOL,2026-09-09 15:33:00,103.12999725341795,-0.00048473707846098934
SOL,2026-09-09 15:34:00,103.16999816894533,0.00038779366860166496
SOL,2026-09-09 15:35:00,103.02999877929688,-0.0013578992554063984
SOL,2026-09-09 15:36:00,102.9499969482422,-0.0007767922782492105
SOL,2026-09-09 15:37:00,102.87000274658205,-0.0007773219882098116
SOL,2026-09-09 15:38:00,102.83999633789062,-0.00029173505456992686
SOL,2026-09-09 15:39:00,102.81999969482422,-0.0001944631286119264
SOL,2026-09-09 15:40:00,102.88999938964844,0.0006805667963403223
SOL,2026-09-09 15:41:00,102.88999938964844,0.0
SOL,2026-09-09 15:42:00,102.91000366210938,0.00019440497791351944
SOL,2026-09-09 15:43:00,102.93000030517578,0.00019429306980082157
SOL,2026-09-09 15:44:00,102.81999969482422,-0.0010692648440546327
SOL,2026-09-09 15:45:00,102.86000061035156,0.00038896262127880154
SOL,2026-09-09 15:46:00,102.83999633789062,-0.00019449949266679164
SOL,2026-09-09 15:47:00,102.86000061035156,0.0001944994926668928
SOL,2026-09-09 15:48:00,102.8499984741211,-9.724501757682232e-05
SOL,2026-09-09 15:49:00,102.87999725341795,0.00029163252935862914
SOL,2026-09-09 15:50:00,102.58000183105467,-0.0029202339812220575
SOL,2026-09-09 15:51:00,102.66999816894533,0.0008769436653656636
SOL,2026-09-09 15:52:00,102.54000091552734,-0.0012669681924598422
SOL,2026-09-09 15:53:00,102.2300033569336,-0.0030277656780527975
SOL,2026-09-09 15:54:00,102.3000030517578,0.0006844931830433557
SOL,2026-09-09 15:55:00,102.23999786376952,-0.0005867330540835644
SOL,2026-09-09 15:56:00,102.19000244140624,-0.0004891202199813067
SOL,2026-09-09 15:57:00,102.29000091552734,0.0009780759042571816
SOL,2026-09-09 15:58:00,102.30999755859376,0.00019547060879000587
SOL,2026-09-09 15:59:00,102.33000183105467,0.00019550696427182818
SOL,2026-09-10 09:30:00,99.30999755859376,-0.02995665666071205
SOL,2026-09-10 09:31:00,99.22000122070312,-0.0009066271556797082
SOL,2026-09-10 09:32:00,99.27999877929688,0.000604509424895118
SOL,2026-09-10 09:33:00,99.3000030517578,0.00020147318304094397
SOL,2026-09-10 09:34:00,99.27999877929688,-0.00020147318304091516
SOL,2026-09-10 09:35:00,99.27999877929688,0.0
SOL,2026-09-10 09:36:00,99.5199966430664,0.002414466658830514
SOL,2026-09-10 09:37:00,99.5,-0.00020095109507571913
SOL,2026-09-10 09:38:00,99.4000015258789,-0.0010055151511243917
SOL,2026-09-10 09:39:00,99.48999786376952,0.0009049861160343237
SOL,2026-09-10 09:40:00,99.5199966430664,0.00030148013016579044
SOL,2026-09-10 09:41:00,99.5199966430664,0.0
SOL,2026-09-10 09:42:00,99.4800033569336,-0.00040194257961049233
SOL,2026-09-10 09:43:00,99.5500030517578,0.0007034084857204689
SOL,2026-09-10 09:44:00,99.47000122070312,-0.0008039577293369577
SOL,2026-09-10 09:45:00,99.5199966430664,0.0005024918232270207
SOL,2026-09-10 09:46:00,99.66000366210938,0.0014058343396652776
SOL,2026-09-10 09:47:00,99.72000122070312,0.0006018412973759449
SOL,2026-09-10 09:48:00,99.54000091552734,-0.0018066882686735728
SOL,2026-09-10 09:49:00,99.68000030517578,0.0014054754727073932
SOL,2026-09-10 09:50:00,99.51000213623048,-0.0017068950061317537
SOL,2026-09-10 09:51:00,99.44000244140624,-0.0007036913405596869
SOL,2026-09-10 09:52:00,99.66000366210938,0.0022099578452817272
SOL,2026-09-10 09:53:00,99.72000122070312,0.0006018412973759449
SOL,2026-09-10 09:54:00,99.66999816894533,-0.0005015602884709235
SOL,2026-09-10 09:55:00,99.7300033569336,0.0006018574658015379
SOL,2026-09-10 09:56:00,99.70999908447266,-0.00020060441519395613
SOL,2026-09-10 09:57:00,99.7699966430664,0.000601539619891277
SOL,2026-09-10 09:58:00,99.75,-0.00020044750871897656
SOL,2026-09-10 09:59:00,99.72000122070312,-0.0003007848733088233
SOL,2026-09-10 10:00:00,99.87000274658205,0.0015030968599513157
SOL,2026-09-10 10:01:00,99.93000030517578,0.0006005761709781892
SOL,2026-09-10 10:02:00,99.9499969482422,0.00020008648597060285
SOL,2026-09-10 10:03:00,99.87999725341795,-0.0007005925008111887
SOL,2026-09-10 10:04:00,99.83000183105467,-0.0005006802226916767
SOL,2026-09-10 10:05:00,99.6999969482422,-0.001303111331675371
SOL,2026-09-10 10:06:00,99.68000030517578,-0.000200588257688219
SOL,2026-09-10 10:07:00,99.4800033569336,-0.002008405420685552
SOL,2026-09-10 10:08:00,99.48999786376952,0.00010046244944483782
SOL,2026-09-10 10:09:00,99.54000091552734,0.0005024674985333872
SOL,2026-09-10 10:10:00,99.5,-0.0004019384634433068
SOL,2026-09-10 10:11:00,99.58999633789062,0.0009040770071419455
SOL,2026-09-10 10:12:00,99.58999633789062,0.0
SOL,2026-09-10 10:13:00,99.55999755859376,-0.00030126819425709575
SOL,2026-09-10 10:14:00,99.4499969482422,-0.0011054783638041405
SOL,2026-09-10 10:15:00,99.41999816894533,-0.0003016923644688958
SOL,2026-09-10 10:16:00,99.33000183105467,-0.0009056235878396084
SOL,2026-09-10 10:17:00,99.2699966430664,-0.0006042818758835167
SOL,2026-09-10 10:18:00,99.3000030517578,0.00030222499839756945
SOL,2026-09-10 10:19:00,99.38999938964844,0.0009058970551052365
SOL,2026-09-10 10:20:00,99.56999969482422,0.0018094124961172977
SOL,2026-09-10 10:21:00,99.61000061035156,0.0004016559494309407
SOL,2026-09-10 10:22:00,99.76000213623048,0.0015047555009916895
SOL,2026-09-10 10:23:00,99.8000030517578,0.00040089111067485216
SOL,2026-09-10 10:24:00,99.95999908447266,0.0016018829116612508
SOL,2026-09-10 10:25:00,100.12000274658205,0.0015993971886594642
SOL,2026-09-10 10:26:00,100.0199966430664,-0.0009993615683404227
SOL,2026-09-10 10:27:00,100.05999755859376,0.0003998492325024271
SOL,2026-09-10 10:28:00,100.26000213623048,0.0019968514816281146
SOL,2026-09-10 10:29:00,100.04000091552734,-0.002196717981232923
SOL,2026-09-10 10:30:00,100.05999755859376,0.00019986649960495123
SOL,2026-09-10 10:31:00,100.06999969482422,9.995639210562536e-05
SOL,2026-09-10 10:32:00,100.0500030517578,-0.00019984652067284522
SOL,2026-09-10 10:33:00,100.0999984741211,0.0004995795455605785
SOL,2026-09-10 10:34:00,100.08000183105467,-0.00019978662306372713
SOL,2026-09-10 10:35:00,100.18000030517578,0.0009986865211798128
SOL,2026-09-10 10:36:00,100.19000244140624,9.983666318973423e-05
SOL,2026-09-10 10:37:00,100.22000122070312,0.00029937407287827225
SOL,2026-09-10 10:38:00,100.12999725341795,-0.0008984674222634565
SOL,2026-09-10 10:39:00,100.0999984741211,-0.0002996432119204901
SOL,2026-09-10 10:40:00,100.16000366210938,0.0005992728367520173
SOL,2026-09-10 10:41:00,100.16999816894533,9.97804298197812e-05
SOL,2026-09-10 10:42:00,100.12000274658205,-0.0004992303477269721
SOL,2026-09-10 10:43:00,100.11000061035156,-9.990646827260667e-05
SOL,2026-09-10 10:44:00,100.12999725341795,0.00019972676134834267
SOL,2026-09-10 10:45:00,100.1999969482422,0.0006988439045495133
SOL,2026-09-10 10:46:00,100.29000091552734,0.0008978400348175719
SOL,2026-09-10 10:47:00,100.16000366210938,-0.0012970543145354708
SOL,2026-09-10 10:48:00,100.0999984741211,-0.0005992728367520283
SOL,2026-09-10 10:49:00,100.0500030517578,-0.0004995795455604494
SOL,2026-09-10 10:50:00,99.9800033569336,-0.0006998919705938513
SOL,2026-09-10 10:51:00,99.9800033569336,0.0
SOL,2026-09-10 10:52:00,100.06999969482422,0.0008997384912667845
SOL,2026-09-10 10:53:00,100.0999984741211,0.0002997330248875761
SOL,2026-09-10 10:54:00,100.12000274658205,0.00019982291884472836
SOL,2026-09-10 10:55:00,100.0999984741211,-0.00019982291884480962
SOL,2026-09-10 10:56:00,100.16000366210938,0.0005992728367520173
SOL,2026-09-10 10:57:00,100.12000274658205,-0.0003994499179073143
SOL,2026-09-10 10:58:00,100.11000061035156,-9.990646827260667e-05
SOL,2026-09-10 10:59:00,100.16999816894533,0.0005991368159995094
SOL,2026-09-10 11:00:00,100.02999877929688,-0.0013985955504819871
SOL,2026-09-10 11:01:00,99.86000061035156,-0.0017009176091833163
SOL,2026-09-10 11:02:00,99.7300033569336,-0.0013026431105412023
SOL,2026-09-10 11:03:00,99.87000274658205,0.0014027996826207637
SOL,2026-09-10 11:04:00,99.80999755859376,-0.0006010135186579935
SOL,2026-09-10 11:05:00,100.0500030517578,0.0024017372941113548
SOL,2026-09-10 11:06:00,99.95999908447266,-0.000899994724254204
SOL,2026-09-10 11:07:00,100.0500030517578,0.0008999947242542485
SOL,2026-09-10 11:08:00,100.0500030517578,0.0
SOL,2026-09-10 11:09:00,100.0,-0.0004999055439773519
SOL,2026-09-10 11:10:00,100.13999938964844,0.0013990148187246732
SOL,2026-09-10 11:11:00,100.0500030517578,-0.0008991092747472364
SOL,2026-09-10 11:12:00,100.01000213623048,-0.0003998891834755227
SOL,2026-09-10 11:13:00,100.0199966430664,9.993007954038562e-05
SOL,2026-09-10 11:14:00,100.0199966430664,0.0
SOL,2026-09-10 11:15:00,100.11000061035156,0.0008994551000677066
SOL,2026-09-10 11:16:00,100.08000183105467,-0.0002997030736359052
SOL,2026-09-10 11:17:00,99.98999786376952,-0.0008997248312490098
SOL,2026-09-10 11:18:00,99.8499984741211,-0.0014011150432040606
SOL,2026-09-10 11:19:00,99.80999755859376,-0.00040069034215506187
SOL,2026-09-10 11:20:00,99.76000213623048,-0.0005010314524788339
SOL,2026-09-10 11:21:00,99.81999969482422,0.0006012381987237181
SOL,2026-09-10 11:22:00,99.86000061035156,0.0004006502003333467
SOL,2026-09-10 11:23:00,99.77999877929688,-0.0008014609855903966
SOL,2026-09-10 11:24:00,99.80999755859376,0.00030060403901206804
SOL,2026-09-10 11:25:00,99.70999908447266,-0.0010023905791568123
SOL,2026-09-10 11:26:00,99.68000030517578,-0.00030090555810277994
SOL,2026-09-10 11:27:00,99.6999969482422,0.0002005882576882185
SOL,2026-09-10 11:28:00,99.68000030517578,-0.000200588257688219
SOL,2026-09-10 11:29:00,99.5999984741211,-0.0008029088302146573
SOL,2026-09-10 11:30:00,99.72000122070312,0.0012041216261809372
SOL,2026-09-10 11:31:00,99.72000122070312,0.0
SOL,2026-09-10 11:32:00,99.75,0.0003007848733089443
SOL,2026-09-10 11:33:00,99.86000061035156,0.0011021554145628346
SOL,2026-09-10 11:34:00,99.76000213623048,-0.0010018883990572985
SOL,2026-09-10 11:35:00,99.8499984741211,0.0009017217946338908
SOL,2026-09-10 11:36:00,100.02999877929688,0.0018010842136065312
SOL,2026-09-10 11:37:00,100.08999633789062,0.000599615849043422
SOL,2026-09-10 11:38:00,100.05999755859376,-0.0002997629821264088
SOL,2026-09-10 11:39:00,99.95999908447266,-0.0009998848528214527
SOL,2026-09-10 11:40:00,99.6500015258789,-0.0031060348366285786
SOL,2026-09-10 11:41:00,99.58000183105467,-0.000702702369374118
SOL,2026-09-10 11:42:00,99.66000366210938,0.0008030699974761767
SOL,2026-09-10 11:43:00,99.6999969482422,0.0004012167590978131
SOL,2026-09-10 11:44:00,99.5999984741211,-0.001003497087902844
SOL,2026-09-10 11:45:00,99.69000244140624,0.0009032462541104147
SOL,2026-09-10 11:46:00,99.56999969482422,-0.001204484189537751
SOL,2026-09-10 11:47:00,99.51000213623048,-0.0006027482404898675
SOL,2026-09-10 11:48:00,99.47000122070312,-0.00040205965817034463
SOL,2026-09-10 11:49:00,99.58999633789062,0.0012056177352933735
SOL,2026-09-10 11:50:00,99.56999969482422,-0.0002008098366332013
SOL,2026-09-10 11:51:00,99.54000091552734,-0.00030132870706544446
SOL,2026-09-10 11:52:00,99.63999938964844,0.0010041016404216967
SOL,2026-09-10 11:53:00,99.5500030517578,-0.0009036231026793014
SOL,2026-09-10 11:54:00,99.48999786376952,-0.0006029460362756601
SOL,2026-09-10 11:55:00,99.47000122070312,-0.000201011693061267
SOL,2026-09-10 11:56:00,99.5199966430664,0.0005024918232270207
SOL,2026-09-10 11:57:00,99.5500030517578,0.0003014659061098813
SOL,2026-09-10 11:58:00,99.62000274658205,0.0007029140499928493
SOL,2026-09-10 11:59:00,99.6999969482422,0.0008026711426604176
SOL,2026-09-10 12:00:00,99.79000091552734,0.0009023407123751503
SOL,2026-09-10 12:01:00,99.80999755859376,0.00020036716719636685
SOL,2026-09-10 12:02:00,99.62000274658205,-0.001905379022231734
SOL,2026-09-10 12:03:00,99.48999786376952,-0.0013058600862686145
SOL,2026-09-10 12:04:00,99.45999908447266,-0.0003015710478449047
SOL,2026-09-10 12:05:00,99.5500030517578,0.0009045170841204662
SOL,2026-09-10 12:06:00,99.4800033569336,-0.0007034084857203856
SOL,2026-09-10 12:07:00,99.30999755859376,-0.0017104063484352442
SOL,2026-09-10 12:08:00,99.23999786376952,-0.0007051090338787673
SOL,2026-09-10 12:09:00,99.18000030517578,-0.0006047531597214276
SOL,2026-09-10 12:10:00,99.31999969482422,0.0014105734293371715
SOL,2026-09-10 12:11:00,99.25,-0.0007050380000142612
SOL,2026-09-10 12:12:00,99.3499984741211,0.0010070340719059016
SOL,2026-09-10 12:13:00,99.38999938964844,0.00040254519973296295
SOL,2026-09-10 12:14:00,99.37999725341795,-0.00010064030193537493
SOL,2026-09-10 12:15:00,99.38999938964844,0.00010064030193527745
SOL,2026-09-10 12:16:00,99.2699966430664,-0.0012081220535027888
SOL,2026-09-10 12:17:00,99.1500015258789,-0.0012095064300302627
SOL,2026-09-10 12:18:00,99.0199966430664,-0.0013120543237004738
SOL,2026-09-10 12:19:00,99.0500030517578,0.0003029879231300363
SOL,2026-09-10 12:20:00,99.26000213623048,0.0021178877260237586
SOL,2026-09-10 12:21:00,99.3000030517578,0.00040291010297434387
SOL,2026-09-10 12:22:00,99.19000244140624,-0.001108374412500125
SOL,2026-09-10 12:23:00,99.1999969482422,0.00010075615580601923
SOL,2026-09-10 12:24:00,99.1999969482422,0.0
SOL,2026-09-10 12:25:00,99.18000030517578,-0.00020159938916225172
SOL,2026-09-10 12:26:00,99.12000274658205,-0.0006051191074247504
SOL,2026-09-10 12:27:00,99.12000274658205,0.0
SOL,2026-09-10 12:28:00,99.19000244140624,0.0007059623407811494
SOL,2026-09-10 12:29:00,99.12000274658205,-0.0007059623407811245
SOL,2026-09-10 12:30:00,99.06999969482422,-0.0005045971260188799
SOL,2026-09-10 12:31:00,99.11000061035156,0.00040368267240840976
SOL,2026-09-10 12:32:00,99.01000213623048,-0.0010094738666124523
SOL,2026-09-10 12:33:00,99.02999877929688,0.00020194549628253328
SOL,2026-09-10 12:34:00,98.93000030517578,-0.0010102897867160137
SOL,2026-09-10 12:35:00,98.86000061035156,-0.0007078183671847001
SOL,2026-09-10 12:36:00,99.12000274658205,0.0026265509778407702
SOL,2026-09-10 12:37:00,99.2699966430664,0.0015121117548836157
SOL,2026-09-10 12:38:00,99.2699966430664,0.0
SOL,2026-09-10 12:39:00,99.30999755859376,0.0004028695461414191
SOL,2026-09-10 12:40:00,99.2699966430664,-0.00040286954614125926
SOL,2026-09-10 12:41:00,99.27999877929688,0.0001007518153565977
SOL,2026-09-10 12:42:00,99.3000030517578,0.00020147318304094397
SOL,2026-09-10 12:43:00,99.23999786376952,-0.0006044644861349763
SOL,2026-09-10 12:44:00,99.4000015258789,0.0016109917157242292
SOL,2026-09-10 12:45:00,99.54000091552734,0.0014074536145676825
SOL,2026-09-10 12:46:00,99.7300033569336,0.0019069854460042387
SOL,2026-09-10 12:47:00,99.75,0.00020048769597830088
SOL,2026-09-10 12:48:00,99.63999938964844,-0.0011033715015609043
SOL,2026-09-10 12:49:00,99.58000183105467,-0.0006023246666000878
SOL,2026-09-10 12:50:00,99.55999755859376,-0.00020090662437989785
SOL,2026-09-10 12:51:00,99.54000091552734,-0.00020087034944153058
SOL,2026-09-10 12:52:00,99.43000030517578,-0.001105700566755628
SOL,2026-09-10 12:53:00,99.48999786376952,0.0006032330682222414
SOL,2026-09-10 12:54:00,99.45999908447266,-0.0003015710478449047
SOL,2026-09-10 12:55:00,99.47000122070312,0.0001005593547836004
SOL,2026-09-10 12:56:00,99.5199966430664,0.0005024918232270207
SOL,2026-09-10 12:57:00,99.52999877929688,0.00010049873367416507
SOL,2026-09-10 12:58:00,99.62999725341795,0.0010042024956461928
SOL,2026-09-10 12:59:00,99.62999725341795,0.0
SOL,2026-09-10 13:00:00,99.63999938964844,0.00010038777946886265
SOL,2026-09-10 13:01:00,99.58000183105467,-0.0006023246666000878
SOL,2026-09-10 13:02:00,99.66000366210938,0.0008030699974761767
SOL,2026-09-10 13:03:00,99.54000091552734,-0.001204846971297662
SOL,2026-09-10 13:04:00,99.62000274658205,0.0008033925877353121
SOL,2026-09-10 13:05:00,99.72000122070312,0.001003295680938289
SOL,2026-09-10 13:06:00,99.66000366210938,-0.0006018412973759226
SOL,2026-09-10 13:07:00,99.70999908447266,0.0005015340595125405
SOL,2026-09-10 13:08:00,99.6999969482422,-0.00010031730041459882
SOL,2026-09-10 13:09:00,99.66000366210938,-0.0004012167590978912
SOL,2026-09-10 13:10:00,99.75,0.0009026261706847339
SOL,2026-09-10 13:11:00,99.79000091552734,0.0004009313007881899
SOL,2026-09-10 13:12:00,99.79000091552734,0.0
SOL,2026-09-10 13:13:00,99.7699966430664,-0.00020048379206928825
SOL,2026-09-10 13:14:00,99.80999755859376,0.00040085095926562924
SOL,2026-09-10 13:15:00,99.76000213623048,-0.0005010314524788339
SOL,2026-09-10 13:16:00,99.7699966430664,0.00010018049321323045
SOL,2026-09-10 13:17:00,99.7699966430664,0.0
SOL,2026-09-10 13:18:00,99.6999969482422,-0.0007018569203057971
SOL,2026-09-10 13:19:00,99.7300033569336,0.0003009217156085154
SOL,2026-09-10 13:20:00,99.87000274658205,0.0014027996826207637
SOL,2026-09-10 13:21:00,99.87000274658205,0.0
SOL,2026-09-10 13:22:00,99.86000061035156,-0.00010015657207962892
SOL,2026-09-10 13:23:00,99.87999725341795,0.00020022672821740707
SOL,2026-09-10 13:24:00,99.91000366210938,0.00030037948625583245
SOL,2026-09-10 13:25:00,99.75,-0.001602761629036131
SOL,2026-09-10 13:26:00,99.83999633789062,0.0009018121713625958
SOL,2026-09-10 13:27:00,99.93000030517578,0.0009010759862581567
SOL,2026-09-10 13:28:00,100.01000213623048,0.0008002584209997117
SOL,2026-09-10 13:29:00,99.98999786376952,-0.00020004272527669847
SOL,2026-09-10 13:30:00,100.13999938964844,0.0014990411834995665
SOL,2026-09-10 13:31:00,100.19000244140624,0.0004992068321188775
SOL,2026-09-10 13:32:00,100.31999969482422,0.0012966662036523924
SOL,2026-09-10 13:33:00,100.25,-0.000698007655908623
SOL,2026-09-10 13:34:00,100.38999938964844,0.0013955284369521262
SOL,2026-09-10 13:35:00,100.36000061035156,-0.000298867043787522
SOL,2026-09-10 13:36:00,100.30999755859376,-0.0004983610230624587
SOL,2026-09-10 13:37:00,100.16000366210938,-0.0014964226423995043
SOL,2026-09-10 13:38:00,100.06999969482422,-0.0008990058616397103
SOL,2026-09-10 13:39:00,100.01000213623048,-0.000599735704148384
SOL,2026-09-10 13:40:00,99.98999786376952,-0.00020004272527669847
SOL,2026-09-10 13:41:00,100.06999969482422,0.0007997784294251555
SOL,2026-09-10 13:42:00,100.0,-0.0006997520646502766
SOL,2026-09-10 13:43:00,100.0199966430664,0.00019994644004222854
SOL,2026-09-10 13:44:00,100.08999633789062,0.0006996122146286888
SOL,2026-09-10 13:45:00,100.11000061035156,0.00019984288543908863
SOL,2026-09-10 13:46:00,99.91000366210938,-0.00199977012919242
SOL,2026-09-10 13:47:00,99.91999816894533,0.0001000300931061731
SOL,2026-09-10 13:48:00,100.08000183105467,0.001600036962450402
SOL,2026-09-10 13:49:00,100.12999725341795,0.0004994298349842911
SOL,2026-09-10 13:50:00,100.08999633789062,-0.00039956964678746225
SOL,2026-09-10 13:51:00,100.1500015258789,0.0005993327049999294
SOL,2026-09-10 13:52:00,100.13999938964844,-9.987654094626199e-05
SOL,2026-09-10 13:53:00,100.08999633789062,-0.0004994561640536085
SOL,2026-09-10 13:54:00,100.12000274658205,0.00029974935371168736
SOL,2026-09-10 13:55:00,100.0199966430664,-0.0009993615683404227
SOL,2026-09-10 13:56:00,100.02999877929688,9.999636558546217e-05
SOL,2026-09-10 13:57:00,100.0199966430664,-9.999636558541357e-05
SOL,2026-09-10 13:58:00,100.0,-0.00019994644004224445
SOL,2026-09-10 13:59:00,99.93000030517578,-0.0007002420604978573
SOL,2026-09-10 14:00:00,99.9499969482422,0.00020008648597060285
SOL,2026-09-10 14:01:00,99.81999969482422,-0.0013014694293618507
SOL,2026-09-10 14:02:00,99.73999786376952,-0.000801782284217659
SOL,2026-09-10 14:03:00,99.63999938964844,-0.001003094431572664
SOL,2026-09-10 14:04:00,99.58000183105467,-0.0006023246666000878
SOL,2026-09-10 14:05:00,99.56999969482422,-0.00010044826675599244
SOL,2026-09-10 14:06:00,99.58999633789062,0.00020080983663313274
SOL,2026-09-10 14:07:00,99.52999877929688,-0.0006026271783921851
SOL,2026-09-10 14:08:00,99.45999908447266,-0.0007035499116847853
SOL,2026-09-10 14:09:00,99.30999755859376,-0.0015092977500350945
SOL,2026-09-10 14:10:00,99.30999755859376,0.0
SOL,2026-09-10 14:11:00,99.3000030517578,-0.00010064454774370859
SOL,2026-09-10 14:12:00,99.31999969482422,0.00020135578348058524
SOL,2026-09-10 14:13:00,99.33999633789062,0.0002013152474909276
SOL,2026-09-10 14:14:00,99.30999755859376,-0.00030202648322789617
SOL,2026-09-10 14:15:00,99.31999969482422,0.00010071123573694486
SOL,2026-09-10 14:16:00,99.30999755859376,-0.00010071123573698627
SOL,2026-09-10 14:17:00,99.25,-0.0006043267642772667
SOL,2026-09-10 14:18:00,99.26000213623048,0.00010077211355913497
SOL,2026-09-10 14:19:00,99.23999786376952,-0.0002015543831605924
SOL,2026-09-10 14:20:00,99.33000183105467,0.0009065213636210316
SOL,2026-09-10 14:21:00,99.37999725341795,0.0005031998756838183
SOL,2026-09-10 14:22:00,99.4499969482422,0.0007041160766245787
SOL,2026-09-10 14:23:00,99.37000274658205,-0.0008046897304040503
SOL,2026-09-10 14:24:00,99.3499984741211,-0.00020133124401811584
SOL,2026-09-10 14:25:00,99.33000183105467,-0.00020129497788628798
SOL,2026-09-10 14:26:00,99.3000030517578,-0.0003020568774859621
SOL,2026-09-10 14:27:00,99.33999633789062,0.0004026710309716484
SOL,2026-09-10 14:28:00,99.41000366210938,0.000704476247688565
SOL,2026-09-10 14:29:00,99.36000061035156,-0.0005031247344953009
SOL,2026-09-10 14:30:00,99.3000030517578,-0.0006040225441649483
SOL,2026-09-10 14:31:00,99.3000030517578,0.0
SOL,2026-09-10 14:32:00,99.33999633789062,0.0004026710309716484
SOL,2026-09-10 14:33:00,99.2300033569336,-0.0011078510588298563
SOL,2026-09-10 14:34:00,99.30999755859376,0.0008058245756018599
SOL,2026-09-10 14:35:00,99.2699966430664,-0.00040286954614125926
SOL,2026-09-10 14:36:00,99.37000274658205,0.0010069080977880263
SOL,2026-09-10 14:37:00,99.37000274658205,0.0
SOL,2026-09-10 14:38:00,99.43000030517578,0.0006035971780111043
SOL,2026-09-10 14:39:00,99.4800033569336,0.0005027706187776403
SOL,2026-09-10 14:40:00,99.45999908447266,-0.00020110859840022488
SOL,2026-09-10 14:41:00,99.51000213623048,0.0005026190129540104
SOL,2026-09-10 14:42:00,99.45999908447266,-0.0005026190129539612
SOL,2026-09-10 14:43:00,99.44000244140624,-0.00020107232760571236
SOL,2026-09-10 14:44:00,99.5,0.00060317241054078
SOL,2026-09-10 14:45:00,99.48999786376952,-0.00010052903509006518
SOL,2026-09-10 14:46:00,99.4800033569336,-0.00010046244944481095
SOL,2026-09-10 14:47:00,99.4800033569336,0.0
SOL,2026-09-10 14:48:00,99.41000366210938,-0.0007039036175187015
SOL,2026-09-10 14:49:00,99.51000213623048,0.0010054140320723604
SOL,2026-09-10 14:50:00,99.4800033569336,-0.0003015104145537987
SOL,2026-09-10 14:51:00,99.70999908447266,0.0023093109787881917
SOL,2026-09-10 14:52:00,99.70999908447266,0.0
SOL,2026-09-10 14:53:00,99.76000213623048,0.0005013591266779794
SOL,2026-09-10 14:54:00,99.80999755859376,0.000501031452478868
SOL,2026-09-10 14:55:00,99.86000061035156,0.0005008569465782565
SOL,2026-09-10 14:56:00,99.9000015258789,0.00040048974403515013
SOL,2026-09-10 14:57:00,99.83000183105467,-0.0007009432385095565
SOL,2026-09-10 14:58:00,99.81999969482422,-0.000100196705859077
SOL,2026-09-10 14:59:00,99.88999938964844,0.0007010134496191796
SOL,2026-09-10 15:00:00,99.75,-0.001402518663848647
SOL,2026-09-10 15:01:00,99.7699966430664,0.0002004475087189433
SOL,2026-09-10 15:02:00,99.73999786376952,-0.000300724578707182
SOL,2026-09-10 15:03:00,99.83000183105467,0.0009019789900767725
SOL,2026-09-10 15:04:00,99.80999755859376,-0.00020040345210392996
SOL,2026-09-10 15:05:00,99.75,-0.0006012984679845177
SOL,2026-09-10 15:06:00,99.72000122070312,-0.0003007848733088233
SOL,2026-09-10 15:07:00,99.73999786376952,0.00020050780332076342
SOL,2026-09-10 15:08:00,99.73999786376952,0.0
SOL,2026-09-10 15:09:00,99.81999969482422,0.0008017822842176086
SOL,2026-09-10 15:10:00,99.7300033569336,-0.0009019929102077684
SOL,2026-09-10 15:11:00,99.69000244140624,-0.0004011725494008885
SOL,2026-09-10 15:12:00,99.72000122070312,0.00030087537207035487
SOL,2026-09-10 15:13:00,99.77999877929688,0.0006014793022812618
SOL,2026-09-10 15:14:00,99.8000030517578,0.00020046369720794243
SOL,2026-09-10 15:15:00,99.80999755859376,0.00010014034180403341
SOL,2026-09-10 15:16:00,99.7699966430664,-0.0004008509592655478
SOL,2026-09-10 15:17:00,99.79000091552734,0.0002004837920693763
SOL,2026-09-10 15:18:00,99.77999877929688,-0.0001002368718157367
SOL,2026-09-10 15:19:00,99.7699966430664,-0.0001002469202535149
SOL,2026-09-10 15:20:00,99.72000122070312,-0.000501232382027898
SOL,2026-09-10 15:21:00,99.80999755859376,0.0009020833412934847
SOL,2026-09-10 15:22:00,99.8000030517578,-0.0001001403418040718
SOL,2026-09-10 15:23:00,99.70999908447266,-0.0009022502373526612
SOL,2026-09-10 15:24:00,99.94000244140624,0.002304066685977592
SOL,2026-09-10 15:25:00,99.9499969482422,0.0001000000687859136
SOL,2026-09-10 15:26:00,99.9499969482422,0.0
SOL,2026-09-10 15:27:00,99.97000122070312,0.00020012277621947032
SOL,2026-09-10 15:28:00,100.01000213623048,0.0004000491588096042
SOL,2026-09-10 15:29:00,99.88999938964844,-0.0012006279147718504
SOL,2026-09-10 15:30:00,99.66999816894533,-0.002204863825628313
SOL,2026-09-10 15:31:00,99.69000244140624,0.00020068491640051829
SOL,2026-09-10 15:32:00,99.76000213623048,0.0007019272608849538
SOL,2026-09-10 15:33:00,99.7300033569336,-0.00030075471148390616
SOL,2026-09-10 15:34:00,99.73999786376952,0.00010021062599021158
SOL,2026-09-10 15:35:00,99.87000274658205,0.0013025890566307036
SOL,2026-09-10 15:36:00,99.91000366210938,0.0004004496423935886
SOL,2026-09-10 15:37:00,99.83000183105467,-0.0008010597089476629
SOL,2026-09-10 15:38:00,99.8499984741211,0.00020028689005114928
SOL,2026-09-10 15:39:00,99.86000061035156,0.00010016660442336207
SOL,2026-09-10 15:40:00,100.01000213623048,0.0015009911640576049
SOL,2026-09-10 15:41:00,100.02999877929688,0.00019992644512581623
SOL,2026-09-10 15:42:00,100.04000091552734,9.998636731206595e-05
SOL,2026-09-10 15:43:00,100.06999969482422,0.00029982289171054177
SOL,2026-09-10 15:44:00,100.02999877929688,-0.0003998092590225664
SOL,2026-09-10 15:45:00,99.93000030517578,-0.0010001848661255442
SOL,2026-09-10 15:46:00,99.80999755859376,-0.0012015896896361037
SOL,2026-09-10 15:47:00,99.83000183105467,0.0002004034521039377
SOL,2026-09-10 15:48:00,99.79000091552734,-0.0004007706193002196
SOL,2026-09-10 15:49:00,99.70999908447266,-0.0008020234119605586
SOL,2026-09-10 15:50:00,99.5999984741211,-0.001103814388317474
SOL,2026-09-10 15:51:00,99.75,0.0015049064994896637
SOL,2026-09-10 15:52:00,99.6500015258789,-0.0010029937987867843
SOL,2026-09-10 15:53:00,99.66000366210938,0.0001003676281020883
SOL,2026-09-10 15:54:00,99.69000244140624,0.00030096592530558155
SOL,2026-09-10 15:55:00,99.76000213623048,0.0007019272608849538
SOL,2026-09-10 15:56:00,99.6500015258789,-0.0011032608142924347
SOL,2026-09-10 15:57:00,99.69000244140624,0.00040133355340759143
SOL,2026-09-10 15:58:00,99.75,0.0006016602453791354
SOL,2026-09-10 15:59:00,99.62999725341795,-0.0012037592810297223
SOL,2026-09-11 09:30:00,101.33000183105467,0.01691923904149577
SOL,2026-09-11 09:31:00,101.01000213623048,-0.0031629925406433997
SOL,2026-09-11 09:32:00,100.87999725341795,-0.0012878785593613564
SOL,2026-09-11 09:33:00,100.83000183105467,-0.0004957158654900691
SOL,2026-09-11 09:34:00,101.01000213623048,0.001783594424851373
SOL,2026-09-11 09:35:00,100.9800033569336,-0.00029703231547730126
SOL,2026-09-11 09:36:00,100.6500015258789,-0.0032733434282704067
SOL,2026-09-11 09:37:00,100.97000122070312,0.0031742878599423643
SOL,2026-09-11 09:38:00,101.0199966430664,0.0004950287035297176
SOL,2026-09-11 09:39:00,101.16000366210938,0.0013849741934039799
SOL,2026-09-11 09:40:00,101.16000366210938,0.0
SOL,2026-09-11 09:41:00,101.5500030517578,0.0038478600752446766
SOL,2026-09-11 09:42:00,101.7699966430664,0.0021640141401782207
SOL,2026-09-11 09:43:00,101.70999908447266,-0.0005897145821924762
SOL,2026-09-11 09:44:00,101.7300033569336,0.00019666016796456023
SOL,2026-09-11 09:45:00,101.77999877929688,0.0004913313630213914
SOL,2026-09-11 09:46:00,101.87999725341795,0.0009820139851241347
SOL,2026-09-11 09:47:00,102.11000061035156,0.0022550463925746804
SOL,2026-09-11 09:48:00,102.52999877929688,0.004104757231346346
SOL,2026-09-11 09:49:00,103.08999633789062,0.005446930808686971
SOL,2026-09-11 09:50:00,102.97000122070312,-0.0011646620612737676
SOL,2026-09-11 09:51:00,103.12999725341795,0.001552606172146777
SOL,2026-09-11 09:52:00,103.62999725341795,0.004836534996645242
SOL,2026-09-11 09:53:00,103.76000213623048,0.001253723903986256
SOL,2026-09-11 09:54:00,103.62999725341795,-0.0012537239039863669
SOL,2026-09-11 09:55:00,104.16999816894533,0.005197325726404035
SOL,2026-09-11 09:56:00,104.04000091552734,-0.0012487130385811672
SOL,2026-09-11 09:57:00,104.13999938964844,0.0009606924936639119
SOL,2026-09-11 09:58:00,104.44000244140624,0.0028766253332109725
SOL,2026-09-11 09:59:00,104.79000091552734,0.003345589016543262
SOL,2026-09-11 10:00:00,104.95999908447266,0.0016209602495161693
SOL,2026-09-11 10:01:00,105.25,0.0027591560893428613
SOL,2026-09-11 10:02:00,105.52999877929688,0.002656788553151436
SOL,2026-09-11 10:03:00,104.9499969482422,-0.0055112439272075224
SOL,2026-09-11 10:04:00,105.3000030517578,0.003329430933050198
SOL,2026-09-11 10:05:00,104.81999969482422,-0.004568857658891736
SOL,2026-09-11 10:06:00,104.51000213623048,-0.0029618094157401057
SOL,2026-09-11 10:07:00,104.12999725341795,-0.0036426888815210144
SOL,2026-09-11 10:08:00,103.88999938964844,-0.0023074509578707605
SOL,2026-09-11 10:09:00,104.02999877929688,0.0013466661411972104
SOL,2026-09-11 10:10:00,103.8499984741211,-0.001731771719641969
SOL,2026-09-11 10:11:00,103.7300033569336,-0.001156133823055546
SOL,2026-09-11 10:12:00,103.91999816894533,0.001829952936534094
SOL,2026-09-11 10:13:00,104.08000183105467,0.0015384970545164172
SOL,2026-09-11 10:14:00,103.95999908447266,-0.0011536508302569118
SOL,2026-09-11 10:15:00,103.93000030517578,-0.00028860243006560693
SOL,2026-09-11 10:16:00,103.81999969482422,-0.001058971077076301
SOL,2026-09-11 10:17:00,103.9000015258789,0.0007702853316023892
SOL,2026-09-11 10:18:00,103.87000274658205,-0.00028876910899974914
SOL,2026-09-11 10:19:00,103.88999938964844,0.00019249752524570158
SOL,2026-09-11 10:20:00,103.8000030517578,-0.0008666410753093733
SOL,2026-09-11 10:21:00,103.7699966430664,-0.00028912086471585136
SOL,2026-09-11 10:22:00,103.70999908447266,-0.0005783454935567256
SOL,2026-09-11 10:23:00,103.7699966430664,0.0005783454935567005
SOL,2026-09-11 10:24:00,103.7300033569336,-0.0003854774614750589
SOL,2026-09-11 10:25:00,103.83999633789062,0.001059815882971368
SOL,2026-09-11 10:26:00,103.6500015258789,-0.0018313640856879817
SOL,2026-09-11 10:27:00,103.66000366210938,9.649448640123253e-05
SOL,2026-09-11 10:28:00,103.7300033569336,0.0006750537163153354
SOL,2026-09-11 10:29:00,103.87999725341795,0.0014449585486359467
SOL,2026-09-11 10:30:00,103.80999755859376,-0.0006740786674688108
SOL,2026-09-11 10:31:00,103.55999755859376,-0.002411150378591081
SOL,2026-09-11 10:32:00,103.6500015258789,0.0008687222947071967
SOL,2026-09-11 10:33:00,103.45999908447266,-0.0018347978769701792
SOL,2026-09-11 10:34:00,103.3000030517578,-0.0015476500580119028
SOL,2026-09-11 10:35:00,103.1999969482422,-0.0009685821920968612
SOL,2026-09-11 10:36:00,102.91000366210938,-0.002813968042611583
SOL,2026-09-11 10:37:00,103.2300033569336,0.003104685562917487
SOL,2026-09-11 10:38:00,103.22000122070312,-9.68964496635683e-05
SOL,2026-09-11 10:39:00,103.29000091552734,0.0006779303353932998
SOL,2026-09-11 10:40:00,103.33999633789062,0.00048391253935501765
SOL,2026-09-11 10:41:00,103.23999786376952,-0.0009681332630308508
SOL,2026-09-11 10:42:00,103.18000030517578,-0.0005813153843184875
SOL,2026-09-11 10:43:00,103.04000091552734,-0.0013577675329988447
SOL,2026-09-11 10:44:00,103.16000366210938,0.0011639452712509648
SOL,2026-09-11 10:45:00,103.25,0.0008720153286832791
SOL,2026-09-11 10:46:00,103.26000213623048,9.686829824074117e-05
SOL,2026-09-11 10:47:00,103.1999969482422,-0.0005812766632173922
SOL,2026-09-11 10:48:00,102.91000366210938,-0.002813968042611583
SOL,2026-09-11 10:49:00,103.11000061035156,0.001941530015720034
SOL,2026-09-11 10:50:00,102.8000030517578,-0.003011002741849571
SOL,2026-09-11 10:51:00,103.05999755859376,0.0025259365034800752
SOL,2026-09-11 10:52:00,103.2300033569336,0.0016482217855669338
SOL,2026-09-11 10:53:00,103.41999816894533,0.0018388082665694225
SOL,2026-09-11 10:54:00,103.3499984741211,-0.0006770778994523299
SOL,2026-09-11 10:55:00,103.3000030517578,-0.0004838656953260725
SOL,2026-09-11 10:56:00,103.31999969482422,0.00019355960568230685
SOL,2026-09-11 10:57:00,103.33999633789062,0.00019352214761138656
SOL,2026-09-11 10:58:00,103.30999755859376,-0.0002903341920504672
SOL,2026-09-11 10:59:00,103.2699966430664,-0.00038726805257085253
SOL,2026-09-11 11:00:00,103.33000183105467,0.0005808827697843132
SOL,2026-09-11 11:01:00,103.02999877929688,-0.0029075718377780994
SOL,2026-09-11 11:02:00,103.2699966430664,0.002326689067993953
SOL,2026-09-11 11:03:00,103.1999969482422,-0.0006780617007692838
SOL,2026-09-11 11:04:00,103.12999725341795,-0.0006785217804197304
SOL,2026-09-11 11:05:00,103.1999969482422,0.0006785217804197827
SOL,2026-09-11 11:06:00,103.3000030517578,0.0009685821920967928
SOL,2026-09-11 11:07:00,103.08000183105467,-0.0021320021206651233
SOL,2026-09-11 11:08:00,103.13999938964844,0.0005818791575158404
SOL,2026-09-11 11:09:00,103.01000213623048,-0.001261191071422821
SOL,2026-09-11 11:10:00,102.91000366210938,-0.0009712362001363896
SOL,2026-09-11 11:11:00,102.9499969482422,0.00038854839713787294
SOL,2026-09-11 11:12:00,102.9800033569336,0.00029142338522098474
SOL,2026-09-11 11:13:00,102.91999816894533,-0.0005828575934176501
SOL,2026-09-11 11:14:00,102.79000091552734,-0.0012638886908901395
SOL,2026-09-11 11:15:00,103.0,0.002040907298030713
SOL,2026-09-11 11:16:00,103.0,0.0
SOL,2026-09-11 11:17:00,102.9800033569336,-0.00019416101372299953
SOL,2026-09-11 11:18:00,102.98999786376952,9.704817968180945e-05
SOL,2026-09-11 11:19:00,103.0999984741211,0.0010675008273302498
SOL,2026-09-11 11:20:00,103.12999725341795,0.0002909254728210195
SOL,2026-09-11 11:21:00,103.1999969482422,0.0006785217804197827
SOL,2026-09-11 11:22:00,103.1500015258789,-0.00048456916608936347
SOL,2026-09-11 11:23:00,103.37999725341795,0.0022272388899888572
SOL,2026-09-11 11:24:00,103.4000015258789,0.00019348363131293446
SOL,2026-09-11 11:25:00,103.33999633789062,-0.0005804894098219832
SOL,2026-09-11 11:26:00,103.37999725341795,0.0003870057785089026
SOL,2026-09-11 11:27:00,103.44000244140624,0.0005802648656852366
SOL,2026-09-11 11:28:00,103.44000244140624,0.0
SOL,2026-09-11 11:29:00,103.3499984741211,-0.0008704867021618238
SOL,2026-09-11 11:30:00,103.26000213623048,-0.0008711712242056418
SOL,2026-09-11 11:31:00,103.4499969482422,0.0018382745523350182
SOL,2026-09-11 11:32:00,103.44000244140624,-9.661662596767948e-05
SOL,2026-09-11 11:33:00,103.54000091552734,0.0009662622502624728
SOL,2026-09-11 11:34:00,103.58000183105467,0.0003862583574181414
SOL,2026-09-11 11:35:00,103.51000213623048,-0.0006760316398581476
SOL,2026-09-11 11:36:00,103.41000366210938,-0.0009665424231959885
SOL,2026-09-11 11:37:00,103.36000061035156,-0.00048365867098087317
SOL,2026-09-11 11:38:00,103.43000030517578,0.0006770124008702463
SOL,2026-09-11 11:39:00,103.47000122070312,0.0003866690742458697
SOL,2026-09-11 11:40:00,103.41000366210938,-0.0005800228041352283
SOL,2026-09-11 11:41:00,103.30999755859376,-0.0009675513808710516
SOL,2026-09-11 11:42:00,103.26000213623048,-0.00048405309012281077
SOL,2026-09-11 11:43:00,103.20999908447266,-0.0004843614320703435
SOL,2026-09-11 11:44:00,103.16999816894533,-0.00038764334296525235
SOL,2026-09-11 11:45:00,103.12000274658205,-0.00048471009860135675
SOL,2026-09-11 11:46:00,103.41000366210938,0.0028083193446308973
SOL,2026-09-11 11:47:00,103.29000091552734,-0.0011611297281755482
SOL,2026-09-11 11:48:00,103.13999938964844,-0.001453292177088071
SOL,2026-09-11 11:49:00,103.12999725341795,-9.698100936729928e-05
SOL,2026-09-11 11:50:00,103.05999755859376,-0.0006789824848414034
SOL,2026-09-11 11:51:00,102.48999786376952,-0.005546107210739419
SOL,2026-09-11 11:52:00,102.47000122070312,-0.0001951272757529857
SOL,2026-09-11 11:53:00,102.08000183105467,-0.0038132471904845523
SOL,2026-09-11 11:54:00,101.62999725341795,-0.0044180974095606495
SOL,2026-09-11 11:55:00,101.23999786376952,-0.0038448255481003503
SOL,2026-09-11 11:56:00,101.66000366210938,0.004140033465599525
SOL,2026-09-11 11:57:00,101.75,0.0008848762808383995
SOL,2026-09-11 11:58:00,101.5,-0.0024600258408623114
SOL,2026-09-11 11:59:00,101.58000183105467,0.0007878849169967825
SOL,2026-09-11 12:00:00,102.0,0.004126129885432177
SOL,2026-09-11 12:01:00,102.08000183105467,0.0007840242496563701
SOL,2026-09-11 12:02:00,102.0500030517578,-0.0002939183735390719
SOL,2026-09-11 12:03:00,101.94000244140624,-0.0010784902990498293
SOL,2026-09-11 12:04:00,101.94000244140624,0.0
SOL,2026-09-11 12:05:00,102.16000366210938,0.0021558187097474456
SOL,2026-09-11 12:06:00,102.3000030517578,0.001369455217948911
SOL,2026-09-11 12:07:00,102.12999725341795,-0.001663218092027246
SOL,2026-09-11 12:08:00,102.13999938964844,9.793054685316229e-05
SOL,2026-09-11 12:09:00,102.2699966430664,0.0012719267498339335
SOL,2026-09-11 12:10:00,102.12000274658205,-0.0014677227247791226
SOL,2026-09-11 12:11:00,102.16999816894533,0.0004894554127693034
SOL,2026-09-11 12:12:00,102.13999938964844,-0.0002936594378243149
SOL,2026-09-11 12:13:00,102.04000091552734,-0.0009795129980104933
SOL,2026-09-11 12:14:00,101.94000244140624,-0.0009804733845118546
SOL,2026-09-11 12:15:00,101.91999816894533,-0.0001962550030925558
SOL,2026-09-11 12:16:00,102.0500030517578,0.001274745302142411
SOL,2026-09-11 12:17:00,101.9800033569336,-0.000686170615811092
SOL,2026-09-11 12:18:00,101.68000030517578,-0.0029461186620432364
SOL,2026-09-11 12:19:00,101.6500015258789,-0.00029507479707269245
SOL,2026-09-11 12:20:00,101.43000030517578,-0.002166646688824102
SOL,2026-09-11 12:21:00,101.4000015258789,-0.00029580219143908617
SOL,2026-09-11 12:22:00,101.58000183105467,0.0017735771936407366
SOL,2026-09-11 12:23:00,101.4800033569336,-0.0009849155880026646
SOL,2026-09-11 12:24:00,101.4499969482422,-0.0002957316204105497
SOL,2026-09-11 12:25:00,101.5999984741211,0.001477483935462672
SOL,2026-09-11 12:26:00,101.6500015258789,0.0004920349595730881
SOL,2026-09-11 12:27:00,101.75,0.0009832692372429295
SOL,2026-09-11 12:28:00,101.8499984741211,0.000982303368481507
SOL,2026-09-11 12:29:00,101.70999908447266,-0.0013755100550312796
SOL,2026-09-11 12:30:00,101.6999969482422,-9.834458909190802e-05
SOL,2026-09-11 12:31:00,101.63999938964844,-0.0005901206001322183
SOL,2026-09-11 12:32:00,101.5199966430664,-0.001181362107520287
SOL,2026-09-11 12:33:00,101.7699966430664,0.0024595418789370065
SOL,2026-09-11 12:34:00,101.9499969482422,0.0017671348682492202
SOL,2026-09-11 12:35:00,101.87999725341795,-0.0006868439343316457
SOL,2026-09-11 12:36:00,101.77999877929688,-0.0009820139851241041
SOL,2026-09-11 12:37:00,101.79000091552734,9.826729138399033e-05
SOL,2026-09-11 12:38:00,101.7699966430664,-0.00019654424017741704
SOL,2026-09-11 12:39:00,101.6999969482422,-0.0006880591712844114
SOL,2026-09-11 12:40:00,101.81999969482422,0.0011792724299188979
SOL,2026-09-11 12:41:00,101.80999755859376,-9.823833790119246e-05
SOL,2026-09-11 12:42:00,101.86000061035156,0.000491020309441604
SOL,2026-09-11 12:43:00,101.91000366210938,0.0004907793268199869
SOL,2026-09-11 12:44:00,101.9499969482422,0.0003923603112543426
SOL,2026-09-11 12:45:00,102.08999633789062,0.0013722742229453115
SOL,2026-09-11 12:46:00,102.16999816894533,0.000783333372143601
SOL,2026-09-11 12:47:00,102.3000030517578,0.0012716281073498084
SOL,2026-09-11 12:48:00,102.33999633789062,0.0003908648041563601
SOL,2026-09-11 12:49:00,102.25,-0.0008797726702800903
SOL,2026-09-11 12:50:00,102.23999786376952,-9.78251879598167e-05
SOL,2026-09-11 12:51:00,102.31999969482422,0.0007821845530735737
SOL,2026-09-11 12:52:00,102.20999908447266,-0.0010756429043567385
SOL,2026-09-11 12:53:00,102.1999969482422,-9.786347470832057e-05
SOL,2026-09-11 12:54:00,102.20999908447266,9.786347470839397e-05
SOL,2026-09-11 12:55:00,102.26000213623048,0.0004890991583715097
SOL,2026-09-11 12:56:00,102.26000213623048,0.0
SOL,2026-09-11 12:57:00,102.26000213623048,0.0
SOL,2026-09-11 12:58:00,102.38999938964844,0.0012704350836390901
SOL,2026-09-11 12:59:00,102.31999969482422,-0.0006838913376538662
SOL,2026-09-11 13:00:00,102.33999633789062,0.0001954133051664127
SOL,2026-09-11 13:01:00,102.41000366210938,0.0006838322534491303
SOL,2026-09-11 13:02:00,102.3499984741211,-0.00058610264778264
SOL,2026-09-11 13:03:00,102.27999877929688,-0.0006841587107871242
SOL,2026-09-11 13:04:00,102.33000183105467,0.0004887645042184456
SOL,2026-09-11 13:05:00,102.2699966430664,-0.0005865609985943074
SOL,2026-09-11 13:06:00,102.2699966430664,0.0
SOL,2026-09-11 13:07:00,102.33000183105467,0.0005865609985942535
SOL,2026-09-11 13:08:00,102.33999633789062,9.766460090195891e-05
SOL,2026-09-11 13:09:00,102.22000122070312,-0.0011732023111370997
SOL,2026-09-11 13:10:00,102.19000244140624,-0.00029351576708396216
SOL,2026-09-11 13:11:00,102.20999908447266,0.00019566186869791113
SOL,2026-09-11 13:12:00,102.29000091552734,0.0007824140355591463
SOL,2026-09-11 13:13:00,102.25,-0.00039113049631619106
SOL,2026-09-11 13:14:00,102.0500030517578,-0.001957875762522812
SOL,2026-09-11 13:15:00,102.0500030517578,0.0
SOL,2026-09-11 13:16:00,102.16000366210938,0.0010773284106976135
SOL,2026-09-11 13:17:00,102.12000274658205,-0.00039162830217027105
SOL,2026-09-11 13:18:00,102.13999938964844,0.00019579597494509058
SOL,2026-09-11 13:19:00,102.26000213623048,0.0011741952981786847
SOL,2026-09-11 13:20:00,102.18000030517578,-0.0007826436527388533
SOL,2026-09-11 13:21:00,102.0199966430664,-0.0015671272991826415
SOL,2026-09-11 13:22:00,102.12000274658205,0.0009797796787976087
SOL,2026-09-11 13:23:00,102.33000183105467,0.002054283723373485
SOL,2026-09-11 13:24:00,102.3000030517578,-0.0002932002032542631
SOL,2026-09-11 13:25:00,102.30999755859376,9.769323898237709e-05
SOL,2026-09-11 13:26:00,102.4000015258789,0.0008793314785511988
SOL,2026-09-11 13:27:00,102.38999938964844,-9.768188088975719e-05
SOL,2026-09-11 13:28:00,102.3499984741211,-0.00039074842682106445
SOL,2026-09-11 13:29:00,102.29000091552734,-0.0005863717796304844
SOL,2026-09-11 13:30:00,102.37000274658205,0.000781802342402329
SOL,2026-09-11 13:31:00,102.33999633789062,-0.0002931601684384965
SOL,2026-09-11 13:32:00,102.27999877929688,-0.0005864291051205598
SOL,2026-09-11 13:33:00,102.33000183105467,0.0004887645042184456
SOL,2026-09-11 13:34:00,102.41999816894533,0.0008790851642133139
SOL,2026-09-11 13:35:00,102.27999877929688,-0.0013678496684320063
SOL,2026-09-11 13:36:00,102.16000366210938,-0.0011738909169845537
SOL,2026-09-11 13:37:00,102.13999938964844,-0.00019583232722516803
SOL,2026-09-11 13:38:00,102.08999633789062,-0.0004896739343192805
SOL,2026-09-11 13:39:00,102.0199966430664,-0.0006859017194233725
SOL,2026-09-11 13:40:00,102.0500030517578,0.0002940795702701876
SOL,2026-09-11 13:41:00,102.0,-0.0004901058761172709
SOL,2026-09-11 13:42:00,102.01000213623048,9.805535153916396e-05
SOL,2026-09-11 13:43:00,102.12000274658205,0.001077750633105317
SOL,2026-09-11 13:44:00,102.01000213623048,-0.001077750633105401
SOL,2026-09-11 13:45:00,102.02999877929688,0.00019600708724459514
SOL,2026-09-11 13:46:00,102.0199966430664,-9.8036132936685e-05
SOL,2026-09-11 13:47:00,102.0199966430664,0.0
SOL,2026-09-11 13:48:00,102.0999984741211,0.0007838706355563392
SOL,2026-09-11 13:49:00,102.06999969482422,-0.00029386080013509035
SOL,2026-09-11 13:50:00,101.9800033569336,-0.0008821008809622989
SOL,2026-09-11 13:51:00,101.9499969482422,-0.00029428145798105875
SOL,2026-09-11 13:52:00,101.95999908447266,9.810344203894357e-05
SOL,2026-09-11 13:53:00,101.98999786376952,0.00029417778830179457
SOL,2026-09-11 13:54:00,101.87999725341795,-0.0010791251646724404
SOL,2026-09-11 13:55:00,101.87999725341795,0.0
SOL,2026-09-11 13:56:00,101.9800033569336,0.000981125392312825
SOL,2026-09-11 13:57:00,102.01000213623048,0.0002941200912331664
SOL,2026-09-11 13:58:00,101.91000366210938,-0.0009807618604685462
SOL,2026-09-11 13:59:00,101.94000244140624,0.0002943220859966721
SOL,2026-09-11 14:00:00,101.91999816894533,-0.0001962550030925558
SOL,2026-09-11 14:01:00,101.80999755859376,-0.0010798667191658387
SOL,2026-09-11 14:02:00,101.7300033569336,-0.0007860293349612209
SOL,2026-09-11 14:03:00,101.4800033569336,-0.0024605099932828237
SOL,2026-09-11 14:04:00,101.25,-0.0022690618241875656
SOL,2026-09-11 14:05:00,100.6999969482422,-0.005446936567572304
SOL,2026-09-11 14:06:00,100.88999938964844,0.0018850389515380976
SOL,2026-09-11 14:07:00,101.0500030517578,0.0015846656794881607
SOL,2026-09-11 14:08:00,100.98999786376952,-0.0005939931645284498
SOL,2026-09-11 14:09:00,100.8499984741211,-0.0013872316155360124
SOL,2026-09-11 14:10:00,101.05999755859376,0.0020801264357363197
SOL,2026-09-11 14:11:00,101.04000091552734,-0.0001978886025002372
SOL,2026-09-11 14:12:00,100.88999938964844,-0.0014856787326598395
SOL,2026-09-11 14:13:00,100.93000030517578,0.0003964019037916289
SOL,2026-09-11 14:14:00,100.98999786376952,0.0005942706111679211
SOL,2026-09-11 14:15:00,101.12999725341795,0.0013853098695799692
SOL,2026-09-11 14:16:00,101.1999969482422,0.0006919359425011033
SOL,2026-09-11 14:17:00,101.38999938964844,0.001875734246993348
SOL,2026-09-11 14:18:00,101.45999908447266,0.0006901621703655254
SOL,2026-09-11 14:19:00,101.55999755859376,0.000985109682410285
SOL,2026-09-11 14:20:00,101.4000015258789,-0.0015766265922261117
SOL,2026-09-11 14:21:00,101.38999938964844,-9.864526054959285e-05
SOL,2026-09-11 14:22:00,101.36000061035156,-0.00029591891014342574
SOL,2026-09-11 14:23:00,101.3000030517578,-0.000592100653927207
SOL,2026-09-11 14:24:00,101.3000030517578,0.0
SOL,2026-09-11 14:25:00,101.22000122070312,-0.0007900635347457039
SOL,2026-09-11 14:26:00,101.33000183105467,0.0010861576846067013
SOL,2026-09-11 14:27:00,101.23999786376952,-0.0008886209541725256
SOL,2026-09-11 14:28:00,101.36000061035156,0.0011846274582387423
SOL,2026-09-11 14:29:00,101.41999816894533,0.0005917502781902986
SOL,2026-09-11 14:30:00,101.33999633789062,-0.0007891284017922252
SOL,2026-09-11 14:31:00,101.33000183105467,-9.862838046434897e-05
SOL,2026-09-11 14:32:00,101.31999969482422,-9.871340896383647e-05
SOL,2026-09-11 14:33:00,101.38999938964844,0.0006906388231735708
SOL,2026-09-11 14:34:00,101.44000244140624,0.0004930538117575454
SOL,2026-09-11 14:35:00,101.37999725341795,-0.0005917088041545523
SOL,2026-09-11 14:36:00,101.38999938964844,9.86549923971608e-05
SOL,2026-09-11 14:37:00,101.33999633789062,-0.000493297033745292
SOL,2026-09-11 14:38:00,101.27999877929688,-0.0005922175677931644
SOL,2026-09-11 14:39:00,101.4499969482422,0.0016770898473155603
SOL,2026-09-11 14:40:00,101.48999786376952,0.00039421422162147875
SOL,2026-09-11 14:41:00,101.3499984741211,-0.0013803925695774237
SOL,2026-09-11 14:42:00,101.41000366210938,0.0005918838933503791
SOL,2026-09-11 14:43:00,101.29000091552734,-0.0011840429984397306
SOL,2026-09-11 14:44:00,101.41999816894533,0.0012825935753152035
SOL,2026-09-11 14:45:00,101.44000244140624,0.00019722244371060004
SOL,2026-09-11 14:46:00,101.3499984741211,-0.0008876569139363988
SOL,2026-09-11 14:47:00,101.29000091552734,-0.0005921591050893406
SOL,2026-09-11 14:48:00,101.2300033569336,-0.000592509965270396
SOL,2026-09-11 14:49:00,101.2300033569336,0.0
SOL,2026-09-11 14:50:00,101.0999984741211,-0.0012850778384528919
SOL,2026-09-11 14:51:00,101.01000213623048,-0.000890567943861464
SOL,2026-09-11 14:52:00,101.0,-9.90261485361053e-05
SOL,2026-09-11 14:53:00,100.95999908447266,-0.00039612711657499914
SOL,2026-09-11 14:54:00,100.83999633789062,-0.0011893237210050028
SOL,2026-09-11 14:55:00,100.81999969482422,-0.00019832037613154595
SOL,2026-09-11 14:56:00,100.9800033569336,0.0015857650467705033
SOL,2026-09-11 14:57:00,101.02999877929688,0.0004949796827418728
SOL,2026-09-11 14:58:00,101.02999877929688,0.0
SOL,2026-09-11 14:59:00,101.02999877929688,0.0
SOL,2026-09-11 15:00:00,101.08999633789062,0.0005936825826775189
SOL,2026-09-11 15:01:00,100.87999725341795,-0.0020795085093035935
SOL,2026-09-11 15:02:00,101.0199966430664,0.0013868193790859175
SOL,2026-09-11 15:03:00,101.08999633789062,0.0006926891302177598
SOL,2026-09-11 15:04:00,101.2300033569336,0.0013840158323721037
SOL,2026-09-11 15:05:00,101.25,0.00019751721453852743
SOL,2026-09-11 15:06:00,101.26000213623048,9.878165160341352e-05
SOL,2026-09-11 15:07:00,101.1500015258789,-0.0010869089391895906
SOL,2026-09-11 15:08:00,101.33000183105467,0.0017779568313765375
SOL,2026-09-11 15:09:00,101.19000244140624,-0.0013825736618190445
SOL,2026-09-11 15:10:00,101.0999984741211,-0.0008898509349629017
SOL,2026-09-11 15:11:00,101.18000030517578,0.000791000946300079
SOL,2026-09-11 15:12:00,101.25,0.0006915941066914226
SOL,2026-09-11 15:13:00,101.25,0.0
SOL,2026-09-11 15:14:00,101.20999908447266,-0.00039514883165771725
SOL,2026-09-11 15:15:00,101.0,-0.0020770403137313057
SOL,2026-09-11 15:16:00,100.94000244140624,-0.0005942117424360613
SOL,2026-09-11 15:17:00,101.08999633789062,0.00148486784091446
SOL,2026-09-11 15:18:00,101.16000366210938,0.0006922850631863839
SOL,2026-09-11 15:19:00,101.05999755859376,-0.0009890822971495403
SOL,2026-09-11 15:20:00,101.0199966430664,-0.0003958918962545725
SOL,2026-09-11 15:21:00,101.1500015258789,0.0012860948895423276
SOL,2026-09-11 15:22:00,101.23999786376952,0.0008893358772040596
SOL,2026-09-11 15:23:00,101.2699966430664,0.0002962696195748027
SOL,2026-09-11 15:24:00,101.33999633789062,0.0006909797150621034
SOL,2026-09-11 15:25:00,101.44000244140624,0.0009863508455026713
SOL,2026-09-11 15:26:00,101.5199966430664,0.0007882755830039975
SOL,2026-09-11 15:27:00,101.48999786376952,-0.00029553992736284243
SOL,2026-09-11 15:28:00,101.55999755859376,0.0006894823853772885
SOL,2026-09-11 15:29:00,101.5199966430664,-0.00039394245801438064
SOL,2026-09-11 15:30:00,101.5199966430664,0.0
SOL,2026-09-11 15:31:00,101.5,-0.00019699185756793107
SOL,2026-09-11 15:32:00,101.55999755859376,0.0005909343155823544
SOL,2026-09-11 15:33:00,101.54000091552734,-0.00019691426175548186
SOL,2026-09-11 15:34:00,101.5999984741211,0.0005907015902194532
SOL,2026-09-11 15:35:00,101.62999725341795,0.0002952199984785645
SOL,2026-09-11 15:36:00,101.66000366210938,0.0002952079174990902
SOL,2026-09-11 15:37:00,101.70999908447266,0.0004916695942885726
SOL,2026-09-11 15:38:00,101.47000122070312,-0.002362417314975478
SOL,2026-09-11 15:39:00,101.5500030517578,0.0007881177569898193
SOL,2026-09-11 15:40:00,101.5999984741211,0.0004922020477194335
SOL,2026-09-11 15:41:00,101.61000061035156,9.844137870776482e-05
SOL,2026-09-11 15:42:00,101.66000366210938,0.0004919865372699164
SOL,2026-09-11 15:43:00,101.63999938964844,-0.0001967955949356889
SOL,2026-09-11 15:44:00,101.6999969482422,0.0005901206001323821
SOL,2026-09-11 15:45:00,101.66999816894533,-0.0002950167697764032
SOL,2026-09-11 15:46:00,101.6500015258789,-0.00019670119182478224
SOL,2026-09-11 15:47:00,101.62000274658205,-0.0002951618919085291
SOL,2026-09-11 15:48:00,101.69000244140624,0.000688600617814759
SOL,2026-09-11 15:49:00,101.76000213623048,0.0006881267732753817
SOL,2026-09-11 15:50:00,101.8000030517578,0.0003930135097535415
SOL,2026-09-11 15:51:00,101.91000366210938,0.0010799726809454235
SOL,2026-09-11 15:52:00,101.91000366210938,0.0
SOL,2026-09-11 15:53:00,101.86000061035156,-0.0004907793268199922
SOL,2026-09-11 15:54:00,101.97000122070312,0.0010793368988111084
SOL,2026-09-11 15:55:00,101.94000244140624,-0.00029423548599436547
SOL,2026-09-11 15:56:00,102.08000183105467,0.0013724086725888862
SOL,2026-09-11 15:57:00,102.06999969482422,-9.798810838793614e-05
SOL,2026-09-11 15:58:00,102.01000213623048,-0.0005879807897290787
SOL,2026-09-11 15:59:00,102.0,-9.80553515392225e-05
